"","geneID","flL1L2-ERR1466827","flL1L2-ERR1466828","FLF-ERR1466829","FLF-ERR1466830","FLM-ERR1466831","FLM-ERR1466832","iL3-ERR1466833","iL3-ERR1466834","PF-ERR1466835","pL1L2-ERR1466836","Location","Description","InterPro","GO_term","UniProtKB","GS1_homologID","GS1_percent_homology","GS2_homologID","GS2_percent_homology","GS3_homologID","GS3_percent_homology","GS4_homologID","GS4_percent_homology"
"1","SPAL_0000000200",0,0.0554230594680588,0,0,0.0335578744857032,0.0554099624503443,0,0,0,0,"SPAL_contig0002041","Peptidase A1 domain-containing protein",NA,NA,"A0A0N5B1P6","SSTP_0001018100",23,"SRAE_2000420700 | WBGene00264436",20,"SVE_0884900",71,"",NA
"2","SPAL_0000000500",0,0,0,0,0,0,0,0,0,0,"SPAL_contig0002193","BRCT domain-containing protein",NA,NA,"A0A0N5B1P9","",NA,"",NA,"SVE_0764700",22.0974,"",NA
"3","SPAL_0000000650",0.0973816506570287,0.0555260079770055,0,0,0,0,0.0643945753686676,0.0750770434940809,0.0405910693261624,0.0659390152906737,"SPAL_contig0000429","Ovule protein",NA,NA,"A0A0N5B1Q1","",NA,"",NA,"",NA,"",NA
"4","SPAL_0000000800",0.0973483000904499,0.0542117896717107,0,0.0535259306408608,0.0337471466900523,0.168020768267489,0,0.154749896735587,0,0.0669157308733557,"SPAL_contig0000429","DDE-1 domain-containing protein",NA,NA,"A0A0N5B1Q3","",NA,"",NA,"SVE_0760600",52.6012,"",NA
"5","SPAL_0000000900",0,0.0449586931260315,0,0,0,0,0.0432752239498698,0.00857240033529042,0,0,"SPAL_contig0000986","",NA,NA,"A0A0N5CFM3","",NA,"",NA,"",NA,"",NA
"6","SPAL_0000001000",0,0,0.0403351618839718,0.0265951235460408,0,0,0,0,0,0,"SPAL_contig0002265","Thymidylate kinase",NA,NA,"A0A0N5B1Q5","",NA,"",NA,"SVE_1454200",88.9764,"",NA
"7","SPAL_0000001100",0,0.0809705257304646,0.0397911912060783,0.0539058132826045,0.0675853001220194,0.028176517459557,0,0,0.0410012696637276,0,"SPAL_contig0002265","ING domain-containing protein",NA,NA,"A0A0N5B1Q6","",NA,"",NA,"SVE_1453400",39.0511,"",NA
"8","SPAL_0000001200",0,0.0279940259131956,0,0,0,0.0272080733627547,0,0,0,0,"SPAL_contig0003159","RNase H domain-containing protein",NA,NA,"A0A0N5B1Q7","",NA,"",NA,"",NA,"",NA
"9","SPAL_0000001300",0,0.222965681068965,0.079690114639947,0.0623243774828819,0.0337314034301378,0,0.19489655297008,0.0492387979225756,0,0,"SPAL_contig0002880","RGS domain-containing protein",NA,NA,"A0A0N5B1Q8","SSTP_0000702700",40.7407,"",NA,"SVE_1474200",32.4074,"",NA
"10","SPAL_0000001400",0.0981452493319062,0.109685190409661,0.0402757939142299,0.0263713897629644,0.0668688577018238,0.0551167503282083,0.130656076356885,0.0254092062487914,0.0409869154641848,0.201190952010822,"SPAL_contig0000313","Ovule protein",NA,NA,"A0A0N5B1R0","",NA,"",NA,"",NA,"",NA
"11","SPAL_0000001500",0,0.107762268105893,0.0397137359448019,0.0538437018931016,0.0337422293453134,0.0281424595849881,0.0647925615659195,0,0,0.066417375585558,"SPAL_contig0000313","FACT complex subunit",NA,NA,"A0A0N5B1R1","SSTP_0000421300",19.9301,"",NA,"SVE_0686800",19.5804,"",NA
"12","SPAL_0000001600",0,0.0817001400260438,0.0402053600447341,0.026546943872797,0.0673179124753441,0.0555294368706093,0.130769810518196,0,0.0410487412091314,0,"SPAL_contig0000313","",NA,"membrane","A0A0N5B1R2","",NA,"",NA,"",NA,"",NA
"13","SPAL_0000002200",0,0,0,0,0,0,0,0,0,0,"SPAL_scaffold0000041","HTH_48 domain-containing protein","Mos1_HTH",NA,"A0A0N5B1R8","SSTP_0000843600",50.6849,"SRAE_X000162100 | WBGene00267194",39.726,"SVE_0684900",50.6849,"",NA
"14","SPAL_0000002300",0.097101299740288,0.054004740429027,0.119685414474277,0,0,0.0277822944181659,0.0649848392551675,0.0512196678488154,0.0408600981559499,0,"SPAL_scaffold0000041","RING-type domain-containing protein","SH2, Znf_RING, Znf_RING/FYVE/PHD","metal ion binding","A0A0N5B1R9","",NA,"",NA,"SVE_0637000",39.3548,"",NA
"15","SPAL_0000004500",0,0.0851546934877266,0.0808762877524482,0.133990820660361,0.0658079221494711,0,0.129187480039394,0.0502865215475715,0.0814778906733616,0,"SPAL_scaffold0000041","TPP_enzyme_C domain-containing protein",NA,NA,"A0A0N5B1U4","",NA,"",NA,"",NA,"",NA
"16","SPAL_0000004800",0,0,0,0,0,0,0,0,0,0,"SPAL_contig0000486","DDE_3 domain-containing protein","RNaseH_sf","nucleic acid binding","A0A0N5B1U7","SSTP_0001270000",56.7164,"",NA,"",NA,"",NA
"17","SPAL_0000007700",0,0.155972816615411,0.0405734168055934,0.0529390820807598,0,0.0829620283690913,0.262279197096287,0.207754691973652,0,0,"SPAL_contig0000874","RNase H domain-containing protein","RNaseH_domain, RNaseH-like_sf, RNaseH_sf","RNA-DNA hybrid ribonuclease activity, nucleic acid binding, RNA phosphodiester bond hydrolysis, endonucleolytic","A0A0N5B1X6","SSTP_0001074500",70.7071,"",NA,"",NA,"",NA
"18","SPAL_0000008000",0,0.0542880206807971,0,0.0269256830553688,0.033873569650971,0,0,0.0259202986786619,0,0,"SPAL_contig0000874","N-acetyllactosaminide beta-1,3-N-acetylglucosaminyltransferase",NA,NA,"A0A0N5B1X9","",NA,"SRAE_X000177100 | WBGene00267348",31.8408,"",NA,"",NA
"19","SPAL_0000008200",0,0,0,0,0,0,0.130747126368772,0.0767295211204718,0.0410376485015569,0,"SPAL_contig0001456","Acidic leucine-rich nuclear phosphoprotein 32-related protein 2-like",NA,NA,"A0A0N5B1Y0","",NA,"",NA,"",NA,"",NA
"20","SPAL_0000008400",0,0.0807422357303758,0,0.134970694508796,0,0,0.0647081052498832,0,0,0,"SPAL_contig0001470","","Peptidase_aspartic_dom_sf",NA,"A0A0N5B1Y2","SSTP_0000876550",0,"",NA,"",NA,"",NA
"21","SPAL_0000008500",0,0.0618528233374272,0,0.0893099093023232,0.0676484618391421,0.0283100718272816,0,0,0,0.0911486579022436,"SPAL_contig0001470","Peptidase_M23 domain-containing protein",NA,NA,"A0A0N5B1Y3","",NA,"",NA,"",NA,"",NA
"22","SPAL_0000011200",0,0,0,0,0,0,0,0,0,0,"SPAL_contig0002499","Histone-lysine N-methyltransferase SETMAR","RNaseH_sf","nucleic acid binding","A0A0N5B209","",NA,"",NA,"SVE_1851800",66.6667,"",NA
"23","SPAL_0000011300",0,0,0,0,0,0.0245657953415978,0.0419398053853633,0,0.128983943363889,0,"SPAL_contig0002499","MADF domain-containing protein",NA,NA,"A0A0N5B210","",NA,"",NA,"",NA,"",NA
"24","SPAL_0000012000",0,0,0.0614375244888812,0.0420732503987415,0.0164021831554257,0,0.192329308963116,0.441382849928118,0,0,"SPAL_contig0000499","Reverse transcriptase domain-containing protein",NA,NA,"A0A0N5B217","",NA,"",NA,"",NA,"",NA
"25","SPAL_0000012200",0,0.109240817604102,0,0.0265747663915391,0.0337023293189473,0,0,0.0256373317537983,0.0411236399049913,0.134525401263668,"SPAL_contig0000499","Transposase",NA,NA,"A0A0N5B219","",NA,"",NA,"SVE_1317600",65.3543,"",NA
"26","SPAL_0000012300",0,0.0286055854895703,0,0.0270064341797774,0,0,0.063731062754487,0.0248724175124284,0,0,"SPAL_contig0000499","",NA,NA,"A0A0N5B220","",NA,"",NA,"SVE_1246100",8.69565,"",NA
"27","SPAL_0000014600",0.097912584407379,0.218475641642028,0,0.0267550691831502,0,0.0568754440729675,0,0.025809570058934,0,0,"SPAL_contig0000469","Prohibitin",NA,NA,"A0A0N5B243","",NA,"",NA,"",NA,"",NA
"28","SPAL_0000014800",0,0,0,0,0,0,0,0.0773678391084514,0.0825208612011402,0,"SPAL_contig0000416","",NA,NA,"A0A0N5B245","",NA,"",NA,"",NA,"",NA
"29","SPAL_0000014900",0,0.02690783479562,0.0396230559512221,0.0541379394246906,0.0676270953972301,0.0565629915578142,0.194020426191381,0.259669391879982,0,0,"SPAL_contig0000416","Reverse transcriptase domain-containing protein","Peptidase_aspartic_dom_sf, Rev_trsase/Diguanyl_cyclase, DNA/RNA_pol_sf",NA,"A0A0N5B246","",NA,"",NA,"SVE_0761000",3.81818,"",NA
"30","SPAL_0000015200",0,0.0449586931260315,0,0,0,0,0.0432752239498698,0.00857240033529042,0,0,"SPAL_contig0000652","",NA,NA,"A0A0N5CFM3","",NA,"",NA,"",NA,"",NA
"31","SPAL_0000015400",0,0.0274782787320318,0,0.0266151181678913,0,0,0,0.109219100780697,0.0413003191291403,0,"SPAL_scaffold0000048","HTH_48 domain-containing protein","HTH_11, WH-like_DNA-bd_sf, Mos1_HTH",NA,"A0A0N5B251","",NA,"",NA,"SVE_2015500",29.4118,"",NA
"32","SPAL_0000015500",0,0.0548464294657489,0,0,0,0,0,0.0917380398920128,0,0.0666625178852773,"SPAL_scaffold0000048","Histone-lysine N-methyltransferase SETMAR","RNaseH_sf","nucleic acid binding","A0A0N5B252","SSTP_0000004800",55.5556,"",NA,"",NA,"",NA
"33","SPAL_0000017775",0.0482720917571674,0.242581573351221,0,0,0.0674482446597698,0.0281017894000513,0,0.284260514488516,0.0409337450136628,0.06647050500582,"SPAL_contig0000236","7TM_GPCR_Srx domain-containing protein",NA,"membrane","A0A0N5B275","",NA,"",NA,"",NA,"",NA
"34","SPAL_0000018600",0,0.0264461442784298,0.0398206056059364,0.0797938917722513,0,0,0.0618812803637753,0.177572551186119,0,0.0729801737534923,"SPAL_contig0000086","PLAT domain-containing protein","PLAT/LH2_dom","protein binding","A0A0N5B284","",NA,"",NA,"",NA,"",NA
"35","SPAL_0000021300",0.048125799684036,0.107666939649284,0.0793092532412369,0.0809999125200856,0.16888076041377,0.0564315605797942,0,0,0.0409323516195846,0,"SPAL_contig0000086","F-box domain-containing protein",NA,NA,"A0A0N5B2B1","",NA,"SRAE_1000329000 | WBGene00259907",31.8653,"SVE_0806700",29.7927,"",NA
"36","SPAL_0000021400",0,0.0271375879228729,0.0400879100819445,0.0532369542204915,0.0336663143616743,0,0.130592678927671,0.0256772740624121,0,0,"SPAL_contig0000086","",NA,NA,"A0A0N5B2B2","",NA,"SRAE_1000329000 | WBGene00259907",38.7755,"SVE_0518500",24.4898,"",NA
"37","SPAL_0000021900",0,0,0,0,0,0,0,0.0260164397930099,0,0,"SPAL_contig0002417","Integrase_H2C2 domain-containing protein","Integrase_H2C2, Rev_trsase/Diguanyl_cyclase, DNA/RNA_pol_sf",NA,"A0A0N5B2B3","SSTP_0000688850",37.4233,"",NA,"SVE_1450500",3.68098,"",NA
"38","SPAL_0000022000",0,0.0647821138180463,0,0.0327381225178817,0,0.0684284214921448,0.234063911242463,0.0790957211995954,0.174097864702759,0,"SPAL_contig0002417","Integrase catalytic domain-containing protein","Integrase_cat-core, RNaseH-like_sf, RNaseH_sf, Integrase_H2C2","DNA integration, nucleic acid binding","A0A0N5B2B4","",NA,"",NA,"SVE_1317600",53.3708,"",NA
"39","SPAL_0000023100",0,0.107717016801779,0,0,0.033806945967334,0.0565046274292961,0,0,0.737271632452205,0,"SPAL_contig0001160","Metalloendopeptidase","Peptidase_M12A, Peptidase_Metallo, MetalloPept_cat_dom_sf","metalloendopeptidase activity, metallopeptidase activity, proteolysis, zinc ion binding, hydrolase activity, metal ion binding, peptidase activity","A0A0N5B2C4","",NA,"SRAE_X000144200 | WBGene00267011",44.5755,"SVE_0060600",66.7453,"",NA
"40","SPAL_0000023300",0,0.16831473712347,0,0.0266289935748121,0.0669943567452908,0.110818024019496,0,0,0.0826143602773928,0,"SPAL_contig0001758","RNA-dependent RNA polymerase",NA,NA,"A0A0N5B2C6","",NA,"SRAE_1000311500 | WBGene00259732",28.0899,"SVE_1009400",0,"",NA
"41","SPAL_0000023800",0,0.107960660194426,0.0398052531777209,0.0269008060102814,0.0337605797934093,0.196877063593503,0.0649241159285357,0,0,0,"SPAL_contig0003957","Integrase_H2C2 domain-containing protein",NA,NA,"A0A0N5B2D1","SSTP_0001071400",17.8862,"SRAE_0000058800 | WBGene00256334",5.28455,"",NA,"",NA
"42","SPAL_0000023900",0,0.0268858214896314,0,0,0,0,0.0646305091952535,0.145876939232382,0.0442426474657971,0,"SPAL_contig0003546","Zinc metalloproteinase","Peptidase_M12A, Peptidase_Metallo, Metallopeptidase_nem, MetalloPept_cat_dom_sf, Astacin-like_dom","molting cycle, collagen and cuticulin-based cuticle, metalloendopeptidase activity, metallopeptidase activity, proteolysis, zinc ion binding, hydrolase activity, metal ion binding, peptidase activity, extracellular region","A0A0N5B2D2","SSTP_0000274400",47.2036,"SRAE_X000066100 | WBGene00266220",43.1767,"SVE_0645600",70.0224,"",NA
"43","SPAL_0000024000",0,0,0,0,0,0,0.368704010943872,0.505959283363633,0,0,"SPAL_contig0003473","Beta-1,3-galactosyl-O-glycosyl-glycoprotein beta-1,6-N-acetylglucosaminyltransferase 3","Glyco_trans_14","glycosyltransferase activity, membrane, transferase activity, Golgi membrane","A0A0N5B2D3","SSTP_0000941300",65,"SRAE_2000511600 | WBGene00265370",69.0476,"SVE_1217600",85,"T14B4.9 | WBGene00020503",24.7619
"44","SPAL_0000024100",0.0486865093541302,0,0.240242452352234,0.134101774375739,0,0.0280591180457542,0,0.0258369092137499,0,0,"SPAL_contig0001099","",NA,NA,"A0A0N5B2D4","",NA,"",NA,"SVE_1277200",22.0994,"",NA
"45","SPAL_0000031700",0,0.134604262330315,0.158642589693126,0.162024606760094,0.0675625362056748,0.0282202287821678,0.0647238859874939,0.0259238625773808,0.163754777685861,0.066334448023044,"SPAL_scaffold0000021","BTB domain-containing protein","BTB/POZ_dom, TRAF-like, SKP1/BTB/POZ_sf","protein binding","A0A0N5B2L1","",NA,"",NA,"",NA,"",NA
"46","SPAL_0000031800",0,0.108373998145371,0,0.0531008077427767,0,0,0,0,0.204745284375316,0.0668897393063884,"SPAL_scaffold0000021","Mediator of RNA polymerase II transcription subunit 7",NA,NA,"A0A0N5B2L2","",NA,"",NA,"SVE_0477600",56.9444,"",NA
"47","SPAL_0000034200",0,0,0,0,0,0,0,0.0364796665600597,0,0,"SPAL_contig0001432","Histone-lysine N-methyltransferase SETMAR","RNaseH_sf","nucleic acid binding","A0A0N5B2N7","SSTP_0000004800",56.3025,"",NA,"",NA,"",NA
"48","SPAL_0000034300",0,0,0,0,0,0.0283645296364127,0,0,0,0,"SPAL_contig0001432","CLASP_N domain-containing protein",NA,NA,"A0A0N5B2N8","",NA,"",NA,"SVE_0677600",28.3019,"",NA
"49","SPAL_0000034400",0,0,0,0.0267654836434383,0.0339314563633142,0,0,0,0.0827641194634448,0,"SPAL_contig0001432","",NA,NA,"A0A0N5B2N9","",NA,"",NA,"SVE_0603400",87.8788,"",NA
"50","SPAL_0000034500",0,0,0,0,0,0,0,0.025906652526441,0.0410730484655895,0,"SPAL_contig0001432","Reverse transcriptase domain-containing protein","RT_dom, Rev_trsase/Diguanyl_cyclase, DNA/RNA_pol_sf",NA,"A0A0N5B2P0","",NA,"SRAE_0000063600 | WBGene00256384",25.3219,"SVE_0666900",25.7511,"",NA
"51","SPAL_0000034525",0,0.0268882707641712,0,0,0,0,0,0,0.116330850834703,0,"SPAL_contig0001432","Integrase catalytic domain-containing protein","Integrase_cat-core, RNaseH-like_sf, RNaseH_sf","DNA integration, nucleic acid binding","A0A0N5B2P1","",NA,"",NA,"SVE_0264000",32.1285,"",NA
"52","SPAL_0000034600",0,0.0277709890558815,0,0,0,0,0,0.0519479588726658,0,0,"SPAL_contig0001074","ATP-dependent DNA helicase","DNA_helicase_pif1-like, P-loop_NTPase","telomere maintenance, DNA helicase activity, DNA repair, hydrolase activity, nucleotide binding, ATP binding, cellular response to DNA damage stimulus, DNA recombination, DNA duplex unwinding, helicase activity, ATP hydrolysis activity","A0A0N5B2P2","",NA,"",NA,"SVE_0800800",44.4915,"",NA
"53","SPAL_0000034700",0.0486040583320502,0.108777499578181,0,0,0,0,0.129242555025422,0.0251341181382636,0,0.132746462503981,"SPAL_contig0001074","",NA,NA,"A0A0N5B2P3","",NA,"",NA,"",NA,"",NA
"54","SPAL_0000034800",0,0.082595236874581,0.0404120761845338,0.0528042660375736,0.100205852702527,0,0.196051414595532,0.076209462123574,0.123210710959244,0,"SPAL_contig0001074","ING domain-containing protein",NA,NA,"A0A0N5B2P4","",NA,"",NA,"",NA,"",NA
"55","SPAL_0000034900",0.0963990821843067,0.115445704815516,0.198535514914417,0.0269848584736484,0.033784754027677,0.056407154801642,0,0.129581007629587,0.204804999591464,0,"SPAL_contig0001074","RNA helicase","Helicase_C, DEAD/DEAH_box_helicase_dom, Helicase_ATP-bd, P-loop_NTPase","nucleic acid binding, ATP binding, nucleotide binding","A0A0N5B2P5","",NA,"",NA,"SVE_0216900",26.9461,"",NA
"56","SPAL_0000035000",0,0,0,0,0.0338300556741901,0,0,0,0,0,"SPAL_contig0000851","Peptidase A2 domain-containing protein","Peptidase_aspartic_dom_sf",NA,"A0A0N5B2P6","",NA,"",NA,"SVE_0603400",78.3715,"",NA
"57","SPAL_0000036200",0,0.0186983163260599,0,0.0268758701333472,0,0,0,0,0,0,"SPAL_contig0003962","SCP domain-containing protein","CRISP-related, CAP_domain, CAP_sf",NA,"A0A0N5B2Q8","",NA,"SRAE_2000076500 | WBGene00260965",29.1667,"",NA,"",NA
"58","SPAL_0000036400",0.0482354507239012,0.0538000251740359,0,0,0,0,0,0.0257050345432814,0.144401868725148,0.141755505654893,"SPAL_contig0001358","glucuronosyltransferase","UDP_glucos_trans","UDP-glycosyltransferase activity, membrane, glycosyltransferase activity, transferase activity, glucuronosyltransferase activity","A0A0N5B2R0","SSTP_0000161500",67.3077,"SRAE_2000493400 | WBGene00265181",62.5,"SVE_0334000",78.8462,"",NA
"59","SPAL_0000036575",0,0,0,0,0,0,0.0644801227222979,0,0,0,"SPAL_contig0000805","",NA,NA,"A0A0N5B2R2","",NA,"",NA,"SVE_0797500",38.6792,"",NA
"60","SPAL_0000039100",0,0,0,0,0,0,0,0,0,0,"SPAL_contig0004404","RT_RNaseH_2 domain-containing protein","RT_RNaseH_2, Rev_trsase/Diguanyl_cyclase, DNA/RNA_pol_sf",NA,"A0A0N5B2T8","",NA,"",NA,"SVE_1702000",0.507614,"",NA
"61","SPAL_0000039200",0,0.108048220592808,0.0796855496468389,0.0537996862500189,0.0337741416010915,0.0843811444046994,0.0649767264565052,0.103482135349371,0.0410099932830247,0,"SPAL_contig0002611","RanBD1 domain-containing protein",NA,NA,"A0A0N5B2T9","",NA,"",NA,"SVE_0234500",28.3898,"",NA
"62","SPAL_0000039300",0,0,0.159857122679944,0.0269555811067654,0,0.0281860794581083,0,0.0520925949870528,0.0411215876175528,0,"SPAL_contig0002611","","AT_hook_DNA-bd_motif","DNA binding","A0A0N5B2U0","",NA,"",NA,"",NA,"",NA
"63","SPAL_0000040600",0.0489183696232471,0.109882335674837,0.0805617346286709,0.0525483837811568,0.0761755033972058,0,0.0650825085102414,0.21094644497232,0.0408608162981591,0.21837657329382,"SPAL_contig0002708","Protein-tyrosine-phosphatase","RNaseH_sf","nucleic acid binding","A0A0N5B2V3","",NA,"",NA,"",NA,"",NA
"64","SPAL_0000040700",0,0.189473072391663,0.0401763286004185,0.0266420396665016,0,0.0278692814796487,0.0654271527616575,0.123033527300185,0.123305411686823,0,"SPAL_contig0001184","USP domain-containing protein","Peptidase_C19_UCH, USP_dom, Papain-like_cys_pep_sf","protein deubiquitination, cysteine-type deubiquitinase activity","A0A0N5B2V4","",NA,"",NA,"SVE_0780400",75.5245,"",NA
"65","SPAL_0000040800",0,0.0270425023491241,0,0.0533894334224945,0,0,0.195256656881167,0.0514544092607097,0.122888086811835,0.066756561382623,"SPAL_contig0001184","DUF1768 domain-containing protein","NADAR, YbiA-like_sf",NA,"A0A0N5B2V5","",NA,"",NA,"SVE_0292300",62.2093,"",NA
"66","SPAL_0000041000",0,0.0884860974416504,0.0519118506241462,0.0274337293045806,0,0.0277942116124266,0.0629167929060533,0.263741756603,0,0,"SPAL_contig0001447","Glycosyltransferase family 2 protein",NA,NA,"A0A0N5B2V7","",NA,"",NA,"",NA,"",NA
"67","SPAL_0000041200",0,0,0,0,0,0,0,0,0,0,"SPAL_contig0001447","Mut7-C domain-containing protein",NA,NA,"A0A0N5B2V9","",NA,"",NA,"",NA,"",NA
"68","SPAL_0000041500",0,0.0270182470943526,0,0.0270341266473387,0,0,0,0.051938538991009,0,0,"SPAL_contig0000060","Reverse transcriptase domain-containing protein","RT_dom, RT_RNaseH_2, Rev_trsase/Diguanyl_cyclase, DNA/RNA_pol_sf",NA,"A0A0N5B2W3","",NA,"SRAE_0000072000 | WBGene00256477",82.7476,"SVE_0603500",89.7764,"",NA
"69","SPAL_0000041600",0,0,0,0.0265932505886973,0,0,0,0,0,0.0674814869252415,"SPAL_contig0000060","","DNA/RNA_pol_sf",NA,"A0A0N5B2W4","",NA,"",NA,"SVE_0603400",50,"",NA
"70","SPAL_0000041700",0.096237387414067,0.10768682285801,0.0396544587484395,0.108147635194078,0.169011582961858,0.0565035309251345,0,0.0259475324387243,0,0,"SPAL_contig0000060","",NA,NA,"A0A0N5B2W5","",NA,"",NA,"SVE_0603400",68.7215,"",NA
"71","SPAL_0000043100",0,0,0,0,0,0,0.0651258338707851,0.0257589779811156,0,0,"SPAL_contig0000744","RT_RNaseH_2 domain-containing protein","RT_RNaseH_2, DNA/RNA_pol_sf",NA,"A0A0N5B2Y0","SSTP_0000289666",34.6591,"",NA,"SVE_0092600",63.6364,"",NA
"72","SPAL_0000043200",0,0,0,0,0,0,0,0,0.0408999350953133,0,"SPAL_contig0000744","Integrase catalytic domain-containing protein","Integrase_cat-core, RNaseH-like_sf, RNaseH_sf, Integrase_H2C2","DNA integration, nucleic acid binding","A0A0N5B2Y1","SSTP_0000642000",29.5775,"SRAE_X000232700 | WBGene00267911",38.0282,"SVE_1780600",9.15493,"",NA
"73","SPAL_0000043300",0,0,0,0,0.0676597789397628,0,0,0,0,0,"SPAL_contig0000744","RNA-binding protein",NA,NA,"A0A0N5B2Y2","SSTP_0000066000",45.2381,"",NA,"SVE_0611200",80.9524,"",NA
"74","SPAL_0000043700",0,0,0,0.0271608193419723,0,0,0,0,0,0,"SPAL_contig0001716","Methylmalonyl Co-A mutase-associated GTPase MeaB",NA,NA,"A0A0N5B2Y6","",NA,"SRAE_0000061300 | WBGene00256360",70.6897,"SVE_1665500",96.5517,"",NA
"75","SPAL_0000044000",0,0.0268691486644837,0.0395610091914248,0,0,0,0,0.0259456930112702,0,0,"SPAL_contig0002917","Reverse transcriptase domain-containing protein","RT_dom",NA,"A0A0N5B2Y9","",NA,"",NA,"SVE_1925700",0.789889,"",NA
"76","SPAL_0000045200",0,0.54576879200817,0.0403049034904177,0.0535022425107429,0.101530908234084,0.195883065681545,0,0.0258050165857123,0,0,"SPAL_scaffold0000083","",NA,"membrane","A0A0N5B301","",NA,"",NA,"SVE_1916900",39.3103,"",NA
"77","SPAL_0000045300",0,0.108481973984736,0.12020891676748,0.0958379445898995,0.101025559855383,0.02787675659803,0,0,0.0820512695096854,0.133949531002194,"SPAL_scaffold0000083","",NA,"membrane","A0A0N5B302","",NA,"",NA,"SVE_1916900",20.3947,"",NA
"78","SPAL_0000046300",0,0,0,0,0,0,0,0,0,0,"SPAL_contig0002838","CUB domain-containing protein","Dynein_C_barrel",NA,"A0A0N5B312","",NA,"",NA,"",NA,"",NA
"79","SPAL_0000046400",0,2.0133454431263e-05,1.16816132150041e-09,5.51626871041374e-09,0,8.63113314145247e-09,0,0,0,0,"SPAL_contig0002838","C2 NT-type domain-containing protein",NA,NA,"A0A0N5B313","",NA,"",NA,"",NA,"",NA
"80","SPAL_0000046700",0,0.0271607797457527,0,0,0,0,0,0.0763092453617227,0,0.0667886495057996,"SPAL_contig0000973","HUN domain-containing protein",NA,NA,"A0A0N5B316","",NA,"",NA,"SVE_1099400",1.63934,"",NA
"81","SPAL_0000047100",0,0.0538250799449932,0.0794564281102924,0,0,0,0,0,0.378928842680144,0,"SPAL_contig0001027","","Galactose-bd-like_sf",NA,"A0A0N5B320","SSTP_0000199400",70,"SRAE_2000082500 | WBGene00261025",68.4615,"SVE_0647800",72.3077,"Y105E8B.9 | WBGene00013693",52.3077
"82","SPAL_0000047400",0,0.135654470011713,0.0400648209112633,0.0529551373216266,0,0,0,0,0.0468350616571983,0,"SPAL_contig0002983","HTH_48 domain-containing protein","WH-like_DNA-bd_sf, Mos1_HTH",NA,"A0A0N5B323","",NA,"",NA,"SVE_2015500",23.8806,"",NA
"83","SPAL_0000047500",0,0.0536866513840251,0,0,0,0,0,0,0,0,"SPAL_contig0004221","GTPase ObgE",NA,NA,"A0A0N5B324","",NA,"",NA,"",NA,"",NA
"84","SPAL_0000048100",0,0,0,0,0,0,0,0.0118877362252781,0,0,"SPAL_contig0003171","DDE_Tnp_1_7 domain-containing protein","PGBD",NA,"A0A0N5B330","",NA,"",NA,"SVE_1995900",24.0838,"",NA
"85","SPAL_0000048200",0,0.0272208141474757,0,0,0,0,0,0.0256564588978121,0,0,"SPAL_contig0003734","Conserved domain protein",NA,NA,"A0A0N5B331","",NA,"",NA,"",NA,"",NA
"86","SPAL_0000049300",0,0.107841093106371,0,0.0539608970564248,0.0337912618564892,0,0.0648323345928257,0.18141656929437,0.122930703102113,0,"SPAL_contig0000112","","Sulfotransferase, Chst-1","positive regulation of response to oxidative stress, chondroitin sulfate biosynthetic process, chondroitin 4-sulfotransferase activity, sulfotransferase activity, membrane","A0A0N5B342","SSTP_0000934200",69.9367,"SRAE_2000506600 | WBGene00265318",72.1519,"SVE_0590400",92.4051,"K07H8.8 | WBGene00019508",25
"87","SPAL_0000049400",0.0959015496990191,0.107451719254453,0.039538569632024,0.081310832437722,0.101420563962997,0.0566224168252964,0,0,0.327231840178602,0.0661391092581804,"SPAL_contig0000112","Guanylate cyclase","Prot_kinase_dom, A/G_cyclase, ANF_lig-bd_rcpt, Kinase-like_dom_sf, A/G_cyclase_CS, Peripla_BP_I, Nucleotide_cyclase","phosphorus-oxygen lyase activity, cyclic nucleotide biosynthetic process, protein kinase activity, intracellular signal transduction, protein phosphorylation, ATP binding, membrane, guanylate cyclase activity, cGMP biosynthetic process, lyase activity","A0A0N5B343","",NA,"",NA,"SVE_0573200",94.0678,"gcy-14 | WBGene00001540",35.2166
"88","SPAL_0000050900",0,0.09055689018232,0,0,0,0,0,0.0280636407746851,0.0409349995790205,0,"SPAL_contig0003548","CCHC-type domain-containing protein","RT_dom, Znf_CCHC, Znf_CCHC_sf, Rev_trsase/Diguanyl_cyclase, DNA/RNA_pol_sf","nucleic acid binding, zinc ion binding, cytoplasm, enzyme binding","A0A0N5B358","",NA,"",NA,"SVE_0217800",16.6234,"",NA
"89","SPAL_0000051300",0,0,0,0,0,0,0,0,0,0,"SPAL_contig0003103","Reverse transcriptase domain-containing protein","RT_dom, Aspartic_peptidase_AS, Rev_trsase/Diguanyl_cyclase, DNA/RNA_pol_sf","aspartic-type endopeptidase activity, proteolysis","A0A0N5B361","",NA,"",NA,"",NA,"",NA
"90","SPAL_0000051400",0,0,0,0.0271607737052942,0,0,0,0,0,0,"SPAL_contig0003103","",NA,NA,"A0A0N5B362","",NA,"",NA,"",NA,"",NA
"91","SPAL_0000051500",0,0,0,0,0,0,0,0.0260163090491739,0,0,"SPAL_contig0002115","DUF2958 domain-containing protein","PAZ_dom_sf","protein binding","A0A0N5B363","",NA,"",NA,"",NA,"",NA
"92","SPAL_0000051700",0,0,0,0,0,0.0281403985820937,0.0650669043033588,0.0258880066650213,0.0629288343875604,0,"SPAL_contig0003449","Integrase",NA,NA,"A0A0N5B365","SSTP_0000444000",46.2555,"",NA,"SVE_0597700",65.6388,"",NA
"93","SPAL_0000052000",0,0.0685631795203575,0.10104588063178,0.0565881560868094,0.0168375243573056,0.0277268036631068,0.0327955503788725,0.0400932308641122,0.226485428386617,0,"SPAL_contig0000664","",NA,"membrane","A0A0N5BN27","",NA,"",NA,"",NA,"",NA
"94","SPAL_0000052300",0,0.124692947866929,0,0.104693495459601,0,0,0.104693435676378,0.152417449079365,0.0409230614571791,0.0663111622565723,"SPAL_contig0002116","Integrase catalytic domain-containing protein","Integrase_cat-core, RNaseH-like_sf, RNaseH_sf","DNA integration, nucleic acid binding","A0A0N5B372","SSTP_0000841800",8.87729,"",NA,"SVE_1186400",32.376,"",NA
"95","SPAL_0000054600",0,0,0,0,0,0,0,0,0,0,"SPAL_contig0002907","",NA,NA,"A0A0N5B394","",NA,"",NA,"",NA,"",NA
"96","SPAL_0000057900",0,0.0864799686527227,0.161452783362431,0.0272252417162303,0.0325350256410303,0,0,0.0249753080261048,0.242236751829519,0,"SPAL_contig0001223","",NA,NA,"A0A0N5B3C7","",NA,"",NA,"",NA,"",NA
"97","SPAL_0000058000",0,0.108411656867674,0.0800550124653592,0.133595973033963,0,0,0,0.0257576007069888,0.164164357538194,0,"SPAL_contig0001223","REPA_OB_2 domain-containing protein","NA-bd_OB-fold, REPA_OB_2",NA,"A0A0N5B3C8","",NA,"",NA,"",NA,"",NA
"98","SPAL_0000058025",0.0484500230264362,0,0,0,0.0336738056379515,0.027983860116065,0.389850250768872,0.334874668967902,0,0.133282707706477,"SPAL_contig0001223","Wsv289",NA,NA,"A0A0N5B3C9","",NA,"",NA,"",NA,"",NA
"99","SPAL_0000061100",0,0.150430081451234,0,0,0,0.0280108643776653,0.0649640195620619,0.103123965611769,0,0.115503435327753,"SPAL_scaffold0000037","Peptidase A1 domain-containing protein","Aspartic_peptidase_A1, Peptidase_aspartic_dom_sf, PEPTIDASE_A1, Pepsin-like_dom","aspartic-type endopeptidase activity, proteolysis, hydrolase activity","A0A0N5B3G0","SSTP_0000681200",55,"SRAE_2000447800 | WBGene00264710",55.5,"SVE_0247500",73,"",NA
"100","SPAL_0000063150",0,0.0268832668904376,0.0394328159651422,0,0,0,0,0,0,0,"SPAL_contig0000573","","RNaseH_sf","nucleic acid binding","A0A0N5B3H8","",NA,"",NA,"",NA,"",NA
"101","SPAL_0000063200",0,0,0,0,0,0,0,0.0260163129767923,0,0,"SPAL_contig0000573","",NA,NA,"A0A0N5B3H9","",NA,"",NA,"SVE_1924000",5.45455,"",NA
"102","SPAL_0000063500",0,0.0561454545674401,0,0,0.166285169467178,0.248417288244235,0,0,0,0,"SPAL_contig0001910","DNA-directed RNA polymerase",NA,NA,"A0A0N5B3I2","",NA,"",NA,"SVE_0065500",49.4118,"",NA
"103","SPAL_0000063600",0.0483183112498046,0.080582303196983,0,0,0,0,0,0,0.405011587495001,0,"SPAL_contig0001883","Flavodoxin family protein",NA,NA,"A0A0N5B3I3","",NA,"",NA,"SVE_1410800",11.3636,"",NA
"104","SPAL_0000063700",0,0.0268431791746383,0,0,0,0,0,0,0,0,"SPAL_contig0001156","",NA,NA,"A0A0N5B3I4","",NA,"",NA,"",NA,"",NA
"105","SPAL_0000063900",0,0.0280466113208417,0,0.0265712403000488,0.0165533026777712,0,0,0,0.040911144801187,0,"SPAL_contig0001903","",NA,NA,"A0A0N5B3I6","",NA,"",NA,"",NA,"",NA
"106","SPAL_0000064000",0,0,0,0,0,0,0,0,0,0,"SPAL_contig0000274","Non-specific serine/threonine protein kinase",NA,NA,"A0A0N5B3I7","",NA,"",NA,"",NA,"",NA
"107","SPAL_0000064100",0,0,0,0,0,0,0,0,0,0,"SPAL_contig0000274","",NA,NA,"A0A0N5B3I8","",NA,"",NA,"",NA,"",NA
"108","SPAL_0000064200",0,0,0,0,0,0,0,0,0,0,"SPAL_contig0000274","P-loop containing nucleoside triphosphate hydrolase protein","Helicase_C, DEAD/DEAH_box_helicase_dom, Helicase_ATP-bd, P-loop_NTPase","nucleic acid binding, ATP binding, nucleotide binding","A0A0N5B3I9","SSTP_0000019600",16.0998,"",NA,"",NA,"rcq-5 | WBGene00004322",16.3265
"109","SPAL_0000064300",0,0.16113496670763,0.079036373644881,0.108556538412601,0,0.0283447741118208,0,0.156024470387224,0.0409075800034082,0.0661074930243978,"SPAL_contig0000274","Reverse transcriptase","RT_dom, Integrase_cat-core, RNaseH-like_sf, AT_hook_DNA-bd_motif, Peptidase_aspartic_dom_sf, RNaseH_sf, RT_RNaseH_2, Integrase_H2C2, Rev_trsase/Diguanyl_cyclase, DNA/RNA_pol_sf","DNA integration, nucleic acid binding, DNA binding, DNA biosynthetic process, DNA-directed DNA polymerase activity, DNA polymerase complex","A0A0N5B3J0","",NA,"",NA,"SVE_1851300",8.01213,"",NA
"110","SPAL_0000064500",0,0.0505624146321936,0,0.135488736497813,0.0338163881639326,0,0.193808994013149,0.149894505285678,0.0961201305063569,0,"SPAL_contig0000274","CCHC-type domain-containing protein","RT_dom, Znf_CCHC, Peptidase_aspartic_dom_sf, Znf_CCHC_sf, Rev_trsase/Diguanyl_cyclase, DNA/RNA_pol_sf","nucleic acid binding, zinc ion binding, cytoplasm, enzyme binding","A0A0N5B3J2","",NA,"SRAE_0000071800 | WBGene00256475",13.591,"SVE_1317800",36.2843,"",NA
"111","SPAL_0000065300",0,0,0,0,0,0.0189200873698679,0,0.0260019772236374,0,0,"SPAL_contig0001481","Skp1_POZ domain-containing protein",NA,NA,"A0A0N5B3J9","",NA,"",NA,"",NA,"",NA
"112","SPAL_0000065400",0,0,0,0,0,0.0189200873698679,0,0.0260019772236374,0,0,"SPAL_contig0001481","Skp1_POZ domain-containing protein",NA,NA,"A0A0N5B3J9","",NA,"",NA,"",NA,"",NA
"113","SPAL_0000065600",0,0.0551688228423336,0,0,0.00507490459325709,0,0.0757512192697751,0.0779271963467928,0.0409065833531373,0,"SPAL_contig0001740","ATP-dependent DNA helicase","DNA_helicase_pif1-like, Helitron_helicase-like, P-loop_NTPase","telomere maintenance, DNA helicase activity, DNA repair, hydrolase activity, nucleotide binding, ATP binding, cellular response to DNA damage stimulus, DNA recombination, DNA duplex unwinding, helicase activity, ATP hydrolysis activity","A0A0N5B3K2","",NA,"",NA,"",NA,"",NA
"114","SPAL_0000065700",0,0,0.0354463013446939,0,0.0333110975652754,0,0.0574974918853565,0,0,0,"SPAL_contig0001740","DUF5641 domain-containing protein",NA,NA,"A0A0N5B3K3","",NA,"",NA,"",NA,"",NA
"115","SPAL_0000065800",0,0.0540294655901162,0.0784823530237316,0,0,0,0,0,0,0,"SPAL_contig0003420","t-SNARE coiled-coil homology domain-containing protein","T_SNARE_dom, SNARE","vesicle-mediated transport, membrane","A0A0N5B3K4","",NA,"",NA,"",NA,"",NA
"116","SPAL_0000068200",0,0.0269766575040005,0.0795906820695184,0,0.404608445703351,0.169193186254293,0,0,0.0409492764374743,0,"SPAL_contig0000135","","Peptidase_S1_PA",NA,"A0A0N5B3M9","SSTP_0000508900",50.4386,"",NA,"SVE_0259000",75.4386,"",NA
"117","SPAL_0000068300",0,0,0,0,0,0,0,0,0,0,"SPAL_contig0004025","HTH_48 domain-containing protein","Mos1_HTH",NA,"A0A0N5B3N0","SSTP_0000843600",35.3659,"SRAE_X000162100 | WBGene00267194",40.2439,"SVE_1972200",67.0732,"",NA
"118","SPAL_0000068400",0,0,0,0,0,0,0,0,0,0,"SPAL_contig0004025","HTH_48 domain-containing protein","WH-like_DNA-bd_sf, Mos1_HTH",NA,"A0A0N5B3N1","SSTP_0000843600",33.7209,"SRAE_X000162100 | WBGene00267194",40.6977,"SVE_1972200",67.4419,"",NA
"119","SPAL_0000068600",0,0,0,0.0536059999862217,0,0,0.0654964714988274,0,0,0,"SPAL_scaffold0000101","Biogenesis of lysosome-related organelles complex 1 subunit BLS1",NA,NA,"A0A0N5B3N3","",NA,"",NA,"SVE_0477600",55.9211,"",NA
"120","SPAL_0000068800",0,0,0,0.0269016527620732,0,0.0280267713930724,0,0.026053912791372,0,0.136217438880427,"SPAL_contig0000025","IS4 family transposase",NA,NA,"A0A0N5B3N5","",NA,"",NA,"",NA,"",NA
"121","SPAL_0000072700",0,0,0,0,0,0,0,0,0.0817995389493748,0,"SPAL_contig0000025","Pre-mRNA-splicing factor SYF2",NA,NA,"A0A0N5B3S4","",NA,"",NA,"",NA,"",NA
"122","SPAL_0000072900",0.146732755157533,0.163197088831707,0.0803036909548316,0.159002606308596,0,0.0277185106198495,0,0.255717352268572,0,0.067040811098375,"SPAL_contig0001176","RNA-dependent RNA polymerase",NA,NA,"A0A0N5B3S6","",NA,"",NA,"",NA,"",NA
"123","SPAL_0000073075",0,0,0.0627517122949687,0,0.0126291199866353,0,0,0,0.0324246446417177,0,"SPAL_contig0001557","",NA,NA,"A0A0N5B3S8","",NA,"SRAE_2000076500 | WBGene00260965",9.80392,"SVE_0672300",53.5948,"",NA
"124","SPAL_0000073100",0,0,0,0,0,0,0,0,0.477948094323218,0.0662871760821419,"SPAL_contig0001557","SCP domain-containing protein","CRISP-related, CAP_domain, CAP_sf",NA,"A0A0N5B3S9","",NA,"SRAE_2000076500 | WBGene00260965",29.1866,"",NA,"",NA
"125","SPAL_0000074525",0,0,0,0,0,0,0,0,0,0,"SPAL_contig0000125","BH4_AAA_HYDROXYL_2 domain-containing protein","Aromatic-AA_hydroxylase_C, Aro-AA_hydroxylase_C_sf, ArAA_hydroxylase_sf","oxidoreductase activity, acting on paired donors, with incorporation or reduction of molecular oxygen, reduced pteridine as one donor, and incorporation of one atom of oxygen, aromatic amino acid family metabolic process, iron ion binding, monooxygenase activity","A0A0N5B3U4","",NA,"",NA,"",NA,"",NA
"126","SPAL_0000074900",0.0488465698327947,0,0.177561450136704,0.220048405258489,0,0.0226874958885942,0,0.0458647398119996,0.0411091436116247,0,"SPAL_contig0000613","Mss4-like protein",NA,NA,"A0A0N5B3U9","SSTP_0001082100",65.1613,"SRAE_1000048000 | WBGene00257076",65.8064,"SVE_0086200",78.7097,"",NA
"127","SPAL_0000075100",0.338004428068322,0.125445085405331,0,0.0273250008322783,0.0653733301811929,0.0278250566181419,0,0.106677468597427,0,0.0814009179109253,"SPAL_contig0003587","",NA,NA,"A0A0N5B3V1","",NA,"",NA,"",NA,"",NA
"128","SPAL_0000075200",0,0.0272307611746688,0,0,0,0,0,0.0512938680465126,0,0,"SPAL_contig0003229","",NA,NA,"A0A0N5B3V2","",NA,"",NA,"",NA,"",NA
"129","SPAL_0000075500",0.0487021549873086,0.0828490515268369,0.0402015903418891,0,0.131905768281534,0.0818213661716286,0,0,0,0.0662342188376829,"SPAL_contig0002314","",NA,NA,"A0A0N5B3V5","",NA,"",NA,"",NA,"",NA
"130","SPAL_0000075600",0,0.0276795010434671,0.0401290825871947,0,0,0.0276963428286851,0,0,0.0410216659155986,0,"SPAL_contig0002297","ZIP family metal transporter","ZIP","metal ion transport, metal ion transmembrane transporter activity, membrane, transmembrane transport","A0A0N5B3V6","SSTP_0000800900",88.0342,"SRAE_2000110400 | WBGene00261306",89.7436,"SVE_0520300",89.7436,"zipt-2.4 | WBGene00018897",52.1368
"131","SPAL_0000075700",0.145115551218274,0.161343818044276,0.119123655023574,0,0.033245965705391,0,0,0,0,0,"SPAL_contig0002297","Movement protein",NA,NA,"A0A0N5B3V7","",NA,"",NA,"",NA,"",NA
"132","SPAL_0000075800",0.0965022719876382,0.0808855199596528,0.0794834084732113,0.026957197942133,0.0337776662440268,0.0281781890035675,0,0.077701031595527,0.122912823407121,0,"SPAL_contig0002297","",NA,NA,"A0A0N5B3V8","",NA,"",NA,"",NA,"",NA
"133","SPAL_0000076200",0.152733172514342,0,0,0,0,0,0.216821059828191,0.0862763764045437,0,0,"SPAL_contig0002170","Reverse transcriptase domain-containing protein","RT_dom, DNA/RNA_pol_sf",NA,"A0A0N5B3W2","",NA,"",NA,"SVE_1682100",51.6421,"",NA
"134","SPAL_0000076300",0,0.0808483105495031,0.079459240282702,0,0.0674912777897433,0.0281400895446107,0.0648168377045535,0.0258688788927292,0.0409415809426654,0,"SPAL_contig0000875","Serpentine receptor class gamma","7TM_GPCR_serpentine_rcpt_Srg","transmembrane signaling receptor activity, sensory perception of chemical stimulus, membrane","A0A0N5B3W3","",NA,"",NA,"",NA,"",NA
"135","SPAL_0000076400",0,0.0268829276678808,0,0,0,0,0.0646211094627063,0.0518426436105655,0,0,"SPAL_contig0000437","NARG2_C domain-containing protein",NA,NA,"A0A0N5B3W4","SSTP_0001105700",48.7234,"SRAE_2000170300 | WBGene00261909",47.234,"SVE_0633700",13.617,"",NA
"136","SPAL_0000076500",0,0,0,0.162173229236722,0,0,0,0.051919548947025,0,0.13306537447068,"SPAL_contig0000437","N-acetylgalactosaminide beta-1,3-galactosyltransferase","Fringe-like","glycosyltransferase activity, membrane, protein glycosylation, glycoprotein-N-acetylgalactosamine 3-beta-galactosyltransferase activity","A0A0N5B3W5","",NA,"SRAE_2000430800 | WBGene00264538",57.7508,"SVE_0379300",76.2918,"",NA
"137","SPAL_0000076600",0.0482555459619188,0,0.119194815233162,0.0537088227098966,0,0,0.0648061315662781,0.154924367310764,0,0,"SPAL_contig0000437","CCHC-type domain-containing protein","Znf_CCHC_sf","nucleic acid binding, zinc ion binding","A0A0N5B3W6","",NA,"",NA,"SVE_0738000",29.9595,"",NA
"138","SPAL_0000076700",0,0.107585812947732,0.0792143015969476,0.0270542640739297,0.0337972955835101,0,0,0,0,0,"SPAL_contig0000437","WAPL domain-containing protein",NA,NA,"A0A0N5B3W7","",NA,"",NA,"",NA,"",NA
"139","SPAL_0000076800",0,0,0,0,0,0,0,0,0.327199029190193,0,"SPAL_contig0000719","Hyaluronidase","Aldolase_TIM, Glycoside_hydrolase_SF, Hyaluronidase","hyalurononglucosaminidase activity, carbohydrate metabolic process, hydrolase activity, metabolic process, hydrolase activity, acting on glycosyl bonds","A0A0N5B3W8","SSTP_0000638200",61.7089,"SRAE_X000016500 | WBGene00265721",51.5823,"",NA,"chhy-1 | WBGene00011923",31.6456
"140","SPAL_0000077000",0,0,0,0,0,0,0,0,0,0.0660649045196216,"SPAL_contig0000547","",NA,NA,"A0A0N5B3X0","",NA,"",NA,"SVE_0610400",79.3578,"",NA
"141","SPAL_0000077900",0.048119506243929,0.177158461757528,0,0.0810050944843505,0.101327134784603,0,0.129414022498207,0.182480684076621,0,0,"SPAL_contig0002241","Integrase catalytic domain-containing protein","Integrase_cat-core, RNaseH-like_sf, RNaseH_sf, Integrase_H2C2","DNA integration, nucleic acid binding","A0A0N5B3X7","",NA,"",NA,"SVE_1418500",26.2755,"",NA
"142","SPAL_0000078700",0,0.0269015755373245,0.0793826985899745,0,0,0,0.258868780431083,0.437505354886937,0,0,"SPAL_contig0004157","",NA,NA,"A0A0N5B3Y5","",NA,"",NA,"",NA,"",NA
"143","SPAL_0000079700",0,0,0,0,0,0,0,0,0,0,"SPAL_contig0001638","",NA,NA,NA,"",NA,"",NA,"",NA,"",NA
"144","SPAL_0000079800",0.04834756223221,0.0600653118185376,0.0397796067015485,0,0.0547640858967842,0.0558903126958446,0.324244247357395,0.257221275022456,0.040874748184396,0.0665066772869137,"SPAL_contig0001638","Zf-RVT domain-containing protein",NA,NA,"A0A0N5B3Z6","",NA,"",NA,"",NA,"",NA
"145","SPAL_0000079900",0,0,0,0,0,0.0283645780320326,0,0,0,0,"SPAL_contig0003660","",NA,NA,NA,"",NA,"",NA,"",NA,"",NA
"146","SPAL_0000080000",0,0.0263907991789543,0,0,0,0,0,0,0,0,"SPAL_contig0003660","DDE Tnp4 domain-containing protein",NA,NA,"A0A0N5B3X6, A0A0N5B3Z7","",NA,"",NA,"",NA,"",NA
"147","SPAL_0000080100",0,0.143607240370077,0,0,0,0.0283075185737249,0.21218765941417,0.12989215228466,0.0486125916057259,0.0661494825723151,"SPAL_contig0000895","Helitron_like_N domain-containing protein","Helitron_helicase-like, Papain-like_cys_pep_sf",NA,"A0A0N5B3Z8","",NA,"SRAE_0000047900 | WBGene00256223",3.6961,"SVE_1923900",51.1294,"",NA
"148","SPAL_0000082400",0.0481360475109386,0.0269193980848335,0.0396610067933442,0.0269923554941705,0.0675460344723949,0.0282085424693586,0,0.103660420514266,0.040932912867731,0.0663345899003629,"SPAL_contig0001015","CCHC-type domain-containing protein","Znf_CCHC, Znf_CCHC_sf","nucleic acid binding, zinc ion binding, cytoplasm, enzyme binding","A0A0N5B421","",NA,"SRAE_0000054000 | WBGene00256286",0.80429,"SVE_0612300",0,"",NA
"149","SPAL_0000082600",0,0.0539277242896051,0.0796613120734489,0,0,0,0.389291572351603,0.204183540933619,0,0,"SPAL_contig0001387","",NA,NA,"A0A0N5B423","",NA,"",NA,"",NA,"",NA
"150","SPAL_0000082700",0,0.108215300914258,0,0.026995762268044,0.033859264854334,0,0,0.0259495813580652,0,0,"SPAL_contig0001387","Macro domain-containing protein",NA,NA,"A0A0N5B424","",NA,"",NA,"SVE_1117600",24.8092,"",NA
"151","SPAL_0000083200",0,0.0268431823866175,0,0,0,0,0,0,0,0,"SPAL_contig0001996","BED-type domain-containing protein",NA,NA,"A0A0N5B429","",NA,"",NA,"",NA,"",NA
"152","SPAL_0000083300",0,0.0250834305753522,0.0358695793379578,0,0,0,0,0,0,0,"SPAL_contig0001996","RNase H domain-containing protein","RNaseH_domain, RNaseH-like_sf, RNaseH_sf","RNA-DNA hybrid ribonuclease activity, nucleic acid binding, RNA phosphodiester bond hydrolysis, endonucleolytic","A0A0N5B430","",NA,"",NA,"SVE_0673200",16.5049,"",NA
"153","SPAL_0000084700",0.0638401160598681,0.194994654792755,0,0.0430242063602546,0,0.0453994845679815,0,0.0721478273814641,0.0640523137063521,0,"SPAL_contig0003690","Col_cuticle_N domain-containing protein","Col_cuticle_N","structural constituent of cuticle, membrane, anatomical structure development","A0A0N5B445","",NA,"",NA,"",NA,"",NA
"154","SPAL_0000085700",0,0,0,0,0.0338736516288002,0,0,0.0259826733117986,0,0,"SPAL_contig0003778","",NA,NA,"A0A0N5B455","SSTP_0001281000",22.0183,"",NA,"SVE_0768900",32.7217,"",NA
"155","SPAL_0000086000",0.144956617694594,0.0269586077811063,0.159096529574537,0.080431556534372,0,0.0280364548914199,0.0648531597085083,0.154765470615335,0.163671042835591,0.0665060604585539,"SPAL_contig0002010","DDE_3 domain-containing protein","RNaseH-like_sf, RNaseH_sf, Tc1-like_DDE_dom","nucleic acid binding","A0A0N5B458","",NA,"",NA,"SVE_1410800",22.973,"",NA
"156","SPAL_0000086100",0,0,0,0,0,0,0.0645605254008477,0,0.0815548407578149,0.0661811421851733,"SPAL_contig0002010","Zinc finger protein",NA,NA,"A0A0N5B459","",NA,"",NA,"",NA,"",NA
"157","SPAL_0000086200",0,0,0,0,0,0.0280251657531029,0,0.0258171813836512,0.0201719650612468,0.134052979946082,"SPAL_contig0004314","Phage_integrase domain-containing protein","Integrase_catalytic, DNA_brk_join_enz, Integrase-like_cat_sf","DNA integration, DNA recombination, DNA binding","A0A0N5B460","",NA,"",NA,"SVE_1099100",60.355,"",NA
"158","SPAL_0000086300",0,0.0275982001352164,0,0,0,0,0,0.103228386695382,0,0,"SPAL_contig0002358","BPI1 domain-containing protein","Lipid-bd_serum_glycop_N, Bactericidal_perm-incr_a/b_dom, BPI/LBP/Plunc","lipid binding","A0A0N5B461","",NA,"",NA,"SVE_0059900",25.8929,"",NA
"159","SPAL_0000087100",0,0.134497905631115,0.0396422939734367,0,0.0337199181929901,0,0,0.0775914684223075,0.204436191786101,0.0663004917593293,"SPAL_contig0000168","Sulfotransfer_1 domain-containing protein","Sulfotransferase, Chst-1","positive regulation of response to oxidative stress, chondroitin sulfate biosynthetic process, chondroitin 4-sulfotransferase activity, sulfotransferase activity, membrane","A0A0N5B469","SSTP_0000948300",62.2291,"SRAE_2000463050 | WBGene00264863",60.0619,"",NA,"K07H8.8 | WBGene00019508",18.5759
"160","SPAL_0000087900",0,0,0,0,0.0337304218760232,0,0.131108804333105,0.0513346255466611,0,0,"SPAL_contig0000168","HTH_48 domain-containing protein","Homeobox-like_sf, WH-like_DNA-bd_sf, Mos1_HTH",NA,"A0A0N5B477","SSTP_0001073400",45.7364,"",NA,"SVE_1923700",48.062,"",NA
"161","SPAL_0000088800",0,0.0269804259031617,0,0,0,0,0,0.0517684762462187,0,0,"SPAL_contig0000626","DUF4806 domain-containing protein",NA,NA,"A0A0N5B485","",NA,"SRAE_X000237700 | WBGene00267962",24.4361,"",NA,"",NA
"162","SPAL_0000088825",0,0.0577319421786276,0,0,0,0.0277519294605497,0,0.0250093505563736,0,0.0654151891660294,"SPAL_contig0000626","Gag-pol polyprotein",NA,NA,"A0A0N5B486","",NA,"",NA,"",NA,"",NA
"163","SPAL_0000090100",0,0.0977676616866886,0,0.0481080222325456,0.0836033543600463,0.106715852852863,0,0.103862167624789,0.0340292156489925,0,"SPAL_contig0001921","Alpha/beta hydrolase",NA,NA,"A0A0N5B499","",NA,"",NA,"",NA,"",NA
"164","SPAL_0000090400",0,0.161778452489313,0,0.0540030917206453,0.0338062434785184,0,0,0,0.040987415125061,0,"SPAL_contig0001709","DUF4817 domain-containing protein","DUF4817, RNaseH_sf","nucleic acid binding","A0A0N5B4A2","SSTP_0000872800",25.5255,"",NA,"",NA,"",NA
"165","SPAL_0000090600",0,0.134668930548684,0.039747040303283,0,0.100892901889513,0.0839213367680837,0.0648016339649373,0,0.0408670349185393,0.0664557487829829,"SPAL_contig0004361","Reverse transcriptase domain-containing protein",NA,NA,"A0A0N5B4A4","",NA,"",NA,"SVE_0826600",32.8571,"",NA
"166","SPAL_0000090900",0,0.0859289001369619,0,0,0,0,0.0972687806242437,0.0367728852058122,0,0.0661002295987718,"SPAL_contig0000827","RNA-directed DNA polymerase","RT_dom, Integrase_cat-core, Znf_CCHC, Aspartic_peptidase_AS, RNaseH-like_sf, Peptidase_aspartic_dom_sf, RNaseH_sf, Znf_CCHC_sf, RT_RNaseH, Integrase_H2C2, Rev_trsase/Diguanyl_cyclase, DNA/RNA_pol_sf","DNA integration, aspartic-type endopeptidase activity, nucleic acid binding, proteolysis, zinc ion binding, transferase activity, cytoplasm, nucleotidyltransferase activity, RNA-templated DNA biosynthetic process, RNA-directed DNA polymerase activity, DNA biosynthetic process, DNA-directed DNA polymerase activity, DNA polymerase complex, enzyme binding","A0A0N5B4A7","SSTP_0000639400",19.6575,"",NA,"SVE_1105500",48.9726,"",NA
"167","SPAL_0000091600",0,0,0.0197459018871382,0,0,0,0,0,0,0,"SPAL_contig0001336","Helicase C-terminal domain-containing protein","Helicase_C, P-loop_NTPase",NA,"A0A0N5BJZ7","",NA,"",NA,"",NA,"",NA
"168","SPAL_0000091700",0,0.0268829662837622,0.0792654565234369,0,0,0,0,0.0258016033166171,0,0.0662809530178197,"SPAL_scaffold0000036","Serpentine receptor class gamma","7TM_GPCR_serpentine_rcpt_Srg, GPCR_Rhodpsn_7TM","transmembrane signaling receptor activity, sensory perception of chemical stimulus, membrane","A0A0N5B4B5","",NA,"",NA,"",NA,"",NA
"169","SPAL_0000096900",0,0,0,0,0,0,0.0645440030479008,0,0.0408594102549376,0,"SPAL_contig0003545","CCHC-type domain-containing protein","Znf_CCHC, Peptidase_aspartic_dom_sf, Znf_CCHC_sf, Rev_trsase/Diguanyl_cyclase, DNA/RNA_pol_sf","nucleic acid binding, zinc ion binding, cytoplasm, enzyme binding","A0A0N5B4G7","",NA,"",NA,"SVE_1250800",39.4687,"",NA
"170","SPAL_0000097100",0,0,0,0,0,0,0,0,0,0,"SPAL_contig0002178","Arrestin_C domain-containing protein",NA,NA,"A0A0N5B4G9","",NA,"",NA,"",NA,"",NA
"171","SPAL_0000097300",0,0.026990365986567,0.0397944899335113,0,0.0129245446051436,0.0281648197808268,0,0.0517895487115188,0,0,"SPAL_contig0002361","RT_RNaseH_2 domain-containing protein","RT_RNaseH_2, Rev_trsase/Diguanyl_cyclase, DNA/RNA_pol_sf",NA,"A0A0N5B4H1","",NA,"",NA,"SVE_1266600",31.0861,"",NA
"172","SPAL_0000097400",0,0,0.0394917132102189,0,0,0,0,0,0,0,"SPAL_contig0002361","Integrase catalytic domain-containing protein","Integrase_cat-core, RNaseH-like_sf, RNaseH_sf","DNA integration, nucleic acid binding","A0A0N5B4H2","",NA,"",NA,"SVE_1266700",55,"",NA
"173","SPAL_0000098450",0.0483989017934181,0.0850828861397224,0.040089397019958,0,0,0,0,0.0496720783999922,0.0804417419545667,0.0650243616617709,"SPAL_contig0000175","DUF4817 domain-containing protein",NA,NA,"A0A0N5B4I3","",NA,"",NA,"SVE_0270400",59.1549,"",NA
"174","SPAL_0000098500",0,0.0278250740796536,0,0,0.0655967422493303,0,0.128691793286424,0,0,0.0659049922193782,"SPAL_contig0000175","Transposase","Rev_trsase/Diguanyl_cyclase, DNA/RNA_pol_sf",NA,"A0A0N5B4I4","",NA,"",NA,"",NA,"",NA
"175","SPAL_0000098900",0,0.0752258894904533,0,0.0270927631702479,0,0,0.106704440904958,0,0.190142169717392,0,"SPAL_contig0001545","Reverse transcriptase domain-containing protein","RT_dom, Integrase_cat-core, RNaseH-like_sf, RNaseH_sf, RT_RNaseH, Integrase_H2C2, Rev_trsase/Diguanyl_cyclase, DNA/RNA_pol_sf","DNA integration, nucleic acid binding, DNA biosynthetic process, DNA-directed DNA polymerase activity, DNA polymerase complex","A0A0N5B4I8","SSTP_0000639400",32.9909,"",NA,"SVE_1105500",54.4521,"",NA
"176","SPAL_0000099000",0,0,0,0,0,0,0,0,0,0,"SPAL_contig0001545","M20_dimer domain-containing protein",NA,NA,"A0A0N5B4I9","",NA,"",NA,"SVE_1674000",63.7931,"",NA
"177","SPAL_0000099100",0,0,0,0,0,0,0,0,0,0,"SPAL_contig0001545","CCHC-type domain-containing protein","Znf_CCHC, Aspartic_peptidase_AS, Znf_CCHC_sf","aspartic-type endopeptidase activity, nucleic acid binding, proteolysis, zinc ion binding, cytoplasm, enzyme binding","A0A0N5B4J0","",NA,"",NA,"SVE_1674100",43.6533,"",NA
"178","SPAL_0000099500",0,0,0,0,0,0,0,0,0,0,"SPAL_contig0001373","",NA,NA,"A0A0N5B4J4","",NA,"",NA,"SVE_0880700",85.7143,"",NA
"179","SPAL_0000099600",0,0,0,0,0,0,0,0.020683435528432,0,0,"SPAL_contig0003593","DUF1889 family protein",NA,NA,"A0A0N5B4J5","",NA,"",NA,"",NA,"",NA
"180","SPAL_0000099800",0,0.0404224811903481,0,0,0.0167512091426867,0,0.0324289209729695,0,0,0,"SPAL_contig0003832","",NA,NA,"A0A0N5BBZ9","",NA,"",NA,"",NA,"",NA
"181","SPAL_0000100200",0,0,0,0,0,0,0,0,0.693989711755675,0.0661895798431349,"SPAL_contig0001397","Glycosyltransferase family 8 protein","DUF273, Nucleotide-diphossugar_trans",NA,"A0A0N5B4K1","SSTP_0001117200",51.2121,"SRAE_2000448800 | WBGene00264720",45.7576,"",NA,"F25H2.7 | WBGene00009121",24.8485
"182","SPAL_0000100300",0,0.0249154048758675,0,0.00800715211880113,0,0,0.0454523827717023,0,0,0,"SPAL_contig0001397","DEK_C domain-containing protein",NA,NA,"A0A0N5B4K2","",NA,"",NA,"SVE_0760900",45.3846,"",NA
"183","SPAL_0000100400",0,0,0,0,0.033721472852883,0,0,0.0527632596168403,0.0819774522407817,0.0666782004017675,"SPAL_contig0003654","",NA,NA,NA,"",NA,"",NA,"",NA,"",NA
"184","SPAL_0000100500",0,0,0,0,0,0,0,0,0,0,"SPAL_contig0002220","",NA,NA,"A0A0N5B4K3","",NA,"",NA,"",NA,"",NA
"185","SPAL_0000101100",0,0.0807837783502354,0,0.0541463026384436,0.0338288685507246,0,0,0.0519497361210975,0.122911206819648,0,"SPAL_contig0000364","Dimer_Tnp_hAT domain-containing protein","HATC_C_dom, RNaseH-like_sf","protein dimerization activity","A0A0N5B4L0","",NA,"",NA,"",NA,"",NA
"186","SPAL_0000101500",0,0.0269269525400369,0,0,0.067363939345649,0,0.323860617907573,0.464510313086841,0.040888625299663,0.0664079992693296,"SPAL_contig0002053","TIL domain-containing protein","TIL_dom, Ser_inhib-like_sf","negative regulation of peptidase activity, peptidase inhibitor activity, serine-type endopeptidase inhibitor activity, extracellular region","A0A0N5B4L4","SSTP_0000648000",24.7967,"SRAE_2000522600 | WBGene00265486",28.0488,"SVE_0703100",64.2276,"",NA
"187","SPAL_0000101800",0,0.0270362929878759,0,0.0540685859892483,0.101617682303929,0.0282586662350622,0,0,0,0,"SPAL_contig0000279","",NA,NA,"A0A0N5B4L7","",NA,"",NA,"SVE_0738000",26.1745,"",NA
"188","SPAL_0000101900",0,0.107465681969759,0,0.0814364914485923,0.0676700796058579,0.0850550904760991,0,0,0,0,"SPAL_contig0000279","ATP-dependent DNA helicase","DNA_helicase_pif1-like, Helitron_helicase-like, P-loop_NTPase, DUF6570","telomere maintenance, DNA helicase activity, DNA repair, hydrolase activity, nucleotide binding, ATP binding, cellular response to DNA damage stimulus, DNA recombination, DNA duplex unwinding, helicase activity, ATP hydrolysis activity","A0A0N5B4L8","",NA,"",NA,"",NA,"pif-1 | WBGene00004028",7.44526
"189","SPAL_0000102000",0,0.0268596680422119,0,0,0,0,0,0,0.122624705386035,0,"SPAL_contig0000279","Telo_bind domain-containing protein","NA-bd_OB-fold",NA,"A0A0N5B4L9","",NA,"",NA,"",NA,"",NA
"190","SPAL_0000102100",0,0.0537035142230572,0.0792028993698329,0,0,0,0,0,0.0815472128921074,0,"SPAL_contig0000279","RPA_C domain-containing protein",NA,NA,"A0A0N5B4M0","",NA,"",NA,"",NA,"",NA
"191","SPAL_0000102200",0,0.026834383769035,0.0395046219903644,0,0,0,0,0,0,0,"SPAL_contig0000279","AAA_12 domain-containing protein","P-loop_NTPase, DNA2/NAM7-like_C, DNA2/NAM7-like, SF1_C_Upf1",NA,"A0A0N5B4M1","SSTP_0000423400",14.3048,"SRAE_2000481500 | WBGene00265061",14.1711,"SVE_0348800",14.1711,"C05C10.2 | WBGene00007329",12.8342
"192","SPAL_0000102300",0.0478770858731392,0,0,0,0,0,0,0,0,0,"SPAL_contig0000279","AAA_12 domain-containing protein","P-loop_NTPase, DNA2/NAM7-like_C, DNA2/NAM7-like, SF1_C_Upf1",NA,"A0A0N5B4M2","SSTP_0000423400",16.0162,"SRAE_2000481500 | WBGene00265061",15.3432,"SVE_0348800",16.2853,"C05C10.2 | WBGene00007329",15.747
"193","SPAL_0000102400",0,0,0,0,0,0,0,0.0260163902602506,0,0,"SPAL_contig0000279","Transposase",NA,NA,"A0A0N5B4M3","",NA,"",NA,"",NA,"",NA
"194","SPAL_0000102500",0,0,0.039608175407672,0,0,0.0565912569784333,0,0.129880738076158,0.0409425292297054,0,"SPAL_contig0000279","MULE domain-containing protein","MULE_transposase_dom, P-loop_NTPase",NA,"A0A0N5B4M4","",NA,"",NA,"SVE_2016400",2.06022,"",NA
"195","SPAL_0000105300",0,0,0,0.0431595317483001,0,0,0,0,0.160069357661239,0,"SPAL_contig0002334","BPTI/Kunitz inhibitor domain-containing protein",NA,NA,"A0A0N5B4Q2","",NA,"SRAE_2000076500 | WBGene00260965",17.0543,"SVE_0673400",65.8915,"",NA
"196","SPAL_0000105400",0,0.10812154112206,0,0.0375861321194649,0.0677595428338202,0.0282749959109698,0,0.0779543367535596,0,0,"SPAL_contig0002334","SCP domain-containing protein","CRISP-related, CAP_domain, CAP_sf",NA,"A0A0N5B4Q3","",NA,"SRAE_2000076500 | WBGene00260965",22.7129,"SVE_0673400",60.8833,"",NA
"197","SPAL_0000105500",0,0.134870425100389,0,0,0,0,0,0.051780514131369,0,0,"SPAL_contig0000440","Integrase core domain containing protein",NA,NA,"A0A0N5B4Q4","",NA,"",NA,"",NA,"",NA
"198","SPAL_0000105600",0,0,0,0,0,0,0,0,0,0,"SPAL_contig0000440","MSP domain-containing protein",NA,NA,"A0A0N5B4Q5","",NA,"",NA,"SVE_1153100",29.3706,"",NA
"199","SPAL_0000105800",0,0.0268091760486571,0.0395418341633371,0,0,0,0,0,0,0,"SPAL_contig0000983","BTB domain-containing protein","BTB/POZ_dom, SKP1/BTB/POZ_sf","protein binding","A0A0N5B4Q8","",NA,"",NA,"",NA,"",NA
"200","SPAL_0000105900",0.0480504344782533,0,0.0791971089014794,0,0.0675128262452208,0,0,0.0862812834759273,0.25258797629397,0,"SPAL_contig0000983","Ribonuclease H","Integrase_cat-core, RNaseH_domain, RNaseH-like_sf, RNaseH_sf","DNA integration, RNA-DNA hybrid ribonuclease activity, nucleic acid binding, RNA phosphodiester bond hydrolysis, endonucleolytic","A0A0N5B4Q9","",NA,"",NA,"SVE_1335100",24.6606,"",NA
"201","SPAL_0000105975",0.0947657135981174,0.0879281737234964,0,0.0573962785346074,0,0.0293247643677284,0.240565370846888,0.408903317451204,0,0.0655930910458602,"SPAL_scaffold0000013","",NA,NA,"A0A0N5B4R0","",NA,"",NA,"",NA,"",NA
"202","SPAL_0000106100",0.196502240606688,0.168806805894903,0,0.0266488316636069,0,0.055091097992543,0,0.151527306465591,0,0.199551946409995,"SPAL_scaffold0000013","DDE_3 domain-containing protein","RNaseH_sf","nucleic acid binding","A0A0N5B4R2","SSTP_0001270000",44.4444,"",NA,"SVE_0194900",82.716,"",NA
"203","SPAL_0000107000",0.0978587941797302,0.13894765067868,0.0403665609022382,0.158113660612404,0.0330718356573441,0,0.0648386210690778,0.075511892241122,0.0408143837887857,0.0664834173443184,"SPAL_scaffold0000013","DUF2357 domain-containing protein",NA,NA,"A0A0N5B4S1","",NA,"",NA,"",NA,"",NA
"204","SPAL_0000113100",0.0480603443216166,0.134408471624467,0.0396016971253261,0.0269704431086423,0.134942662318613,0,0.0646283249289798,0,0.0817618250103586,0,"SPAL_contig0001127","Metalloendopeptidase","EGF-like_dom, Peptidase_M12A, Peptidase_Metallo, MetalloPept_cat_dom_sf, Sperma_CUB_dom_sf","metalloendopeptidase activity, metallopeptidase activity, proteolysis, zinc ion binding, hydrolase activity, metal ion binding, peptidase activity","A0A0N5B4Y2","SSTP_0000871700",52.0305,"SRAE_X000009610 | WBGene00265651",43.401,"SVE_1567800",82.4873,"",NA
"205","SPAL_0000113200",0.192757433400797,0.0538458058741593,0.0396880042248006,0.0269028520723274,0.0337192361874162,0,0,0.0258519428121761,0.0409063830576882,0.0663743406858198,"SPAL_contig0000804","DUF4806 domain-containing protein",NA,NA,"A0A0N5B4Y3","SSTP_0000455500",21.4035,"",NA,"",NA,"",NA
"206","SPAL_0000113400",0,0,0,0,0,0.028214101771877,0.0647498051148702,0,0.0409469834042973,0,"SPAL_contig0002252","OB domain-containing protein",NA,NA,"A0A0N5B4Y5","",NA,"",NA,"",NA,"",NA
"207","SPAL_0000113500",0,0,0,0,0,0,0,0,0,0,"SPAL_contig0003569","DUF148 domain-containing protein",NA,NA,"A0A0N5B4Y6","",NA,"SRAE_0000047800 | WBGene00256222",53.5714,"SVE_0723700",74.1071,"",NA
"208","SPAL_0000114033",0,0,0,0,0.0335772588046501,0,0.0649934292538729,0,0.0408829349267821,0,"SPAL_contig0000170","DDE_Tnp_1_7 domain-containing protein","RNaseH-like_sf",NA,"A0A0N5B4Z2","",NA,"",NA,"",NA,"",NA
"209","SPAL_0000114066",0,0.0809855016351571,0,0,0,0,0,0.0258251387330549,0.0409712637631574,0,"SPAL_contig0000170","TH1 domain-containing protein",NA,NA,"A0A0N5B4Z3","",NA,"",NA,"",NA,"",NA
"210","SPAL_0000114100",0,0.0267959681357239,0.0395596152875292,0,0,0,0.064483195259531,0,0,0,"SPAL_contig0000170","",NA,NA,NA,"",NA,"",NA,"",NA,"",NA
"211","SPAL_0000114200",0,0,0,0,0,0,0,0.0260163370357951,0,0,"SPAL_contig0000170","",NA,NA,"A0A0N5B4Z4","",NA,"",NA,"",NA,"",NA
"212","SPAL_0000114533",0,0,0,0,0,0,0,0,0.0817996499940674,0,"SPAL_contig0000170","Integrase_H2C2 domain-containing protein",NA,NA,"A0A0N5B4Z8","",NA,"",NA,"",NA,"",NA
"213","SPAL_0000114566",0,0.0822644988230975,0.0403829731921673,0.0529976789050289,0.0336283061151842,0,0,0.0510910236187098,0.0411406924126583,0,"SPAL_contig0000170","",NA,NA,"A0A0N5B4Z9","SSTP_0000492500",46.4912,"",NA,"",NA,"",NA
"214","SPAL_0000115300",0,0,0,0,0,0,0,0,0,0,"SPAL_contig0002279","",NA,NA,NA,"",NA,"",NA,"",NA,"",NA
"215","SPAL_0000116200",0,0,0,0,0,0,0,0.0260163558842302,0,0,"SPAL_contig0000833","ATP-dependent DNA helicase","DNA_helicase_dom, DNA_helicase_pif1-like, P-loop_NTPase","telomere maintenance, helicase activity, DNA helicase activity, DNA repair, ATP binding, hydrolase activity, nucleotide binding, cellular response to DNA damage stimulus, DNA recombination, DNA duplex unwinding, ATP hydrolysis activity","A0A0N5B516","",NA,"",NA,"SVE_0800800",40.1198,"",NA
"216","SPAL_0000123500",0.0483191709420319,0,0.119383273855126,0.0269714668267138,0,0.0281947037170298,0,0.0780544381175114,0,0,"SPAL_scaffold0000024","OCRE domain-containing protein",NA,NA,"A0A0N5B588","SSTP_0000969900",59.364,"SRAE_2000269700 | WBGene00262908",59.7173,"SVE_0458600",85.5124,"",NA
"217","SPAL_0000123625",0.0494218686982388,0,0.040740018569777,0.0796894554936254,0.268504702240344,0.0554464370492867,0,0.332002360266088,0.0413076219255319,0,"SPAL_scaffold0000024","ABC transporter substrate-binding protein",NA,NA,"A0A0N5B590","",NA,"",NA,"",NA,"",NA
"218","SPAL_0000124000",0,0.142618500479448,0.0811495400449204,0,0.0329659878424487,0.0552742380133216,0,0.100793723787333,0.0408193474833253,0,"SPAL_contig0003280","",NA,NA,"A0A0N5B594","",NA,"",NA,"",NA,"",NA
"219","SPAL_0000124100",0,0,0,0,0,0,0,0.0260162360614508,0,0,"SPAL_contig0002143","Carboxylic ester hydrolase","CarbesteraseB, Carboxylesterase_B_AS, AB_hydrolase","hydrolase activity, carboxylic ester hydrolase activity","A0A0N5B595","SSTP_0000805000",50,"SRAE_2000070700 | WBGene00260905",48.9189,"",NA,"",NA
"220","SPAL_0000129300",0,0.0543153144359906,0.361130592550058,0.0801872251721084,0.236268122559022,0.0839109464857223,0,0,0.123314488928801,0,"SPAL_contig0000707","GGDEF domain-containing protein",NA,NA,"A0A0N5B5F0","",NA,"SRAE_0000061300 | WBGene00256360",58.125,"SVE_1665500",53.125,"",NA
"221","SPAL_0000129425",0,0,0,0,0,0,0,0,0,0,"SPAL_contig0000707","",NA,NA,"A0A0N5B5F2","",NA,"",NA,"SVE_1160800",66.2338,"",NA
"222","SPAL_0000130000",0,0.0806071549869359,0.0396964440921985,0,0,0,0,0,0.0406499077920977,0,"SPAL_contig0001620","",NA,NA,"A0A0N5B5F8","",NA,"",NA,"",NA,"",NA
"223","SPAL_0000130100",0,0,0,0,0,0,0,0,0,0,"SPAL_contig0000620","Nucleolar protein 16",NA,NA,"A0A0N5B5F9","",NA,"",NA,"",NA,"",NA
"224","SPAL_0000130200",0,0.0547478297815833,0.0414752480938829,0.0571662682818073,0,0,0.328996430390276,0.19210997199392,0,0,"SPAL_contig0000620","HTH_48 domain-containing protein","Transposase_1, RNaseH-like_sf, RNaseH_sf, Mos1_HTH","nucleic acid binding","A0A0N5B5G0","",NA,"",NA,"",NA,"",NA
"225","SPAL_0000130300",0,0.0537802852339295,0.0411895786028325,0.108039262694178,0.0337654493341442,0,0,0,0.126698970607224,0.0662464533758919,"SPAL_contig0000620","NR LBD domain-containing protein",NA,NA,"A0A0N5B5G1","",NA,"",NA,"",NA,"",NA
"226","SPAL_0000130400",0,0,0,0.054321619066051,0,0,0,0,0,0,"SPAL_contig0000620","Phage protein",NA,NA,"A0A0N5B5G2","",NA,"",NA,"",NA,"",NA
"227","SPAL_0000130700",0,0.105549382602267,0.053226560544909,0.0751885470298626,0.0108946447522217,0,0.0735439268793029,0.459676406785881,0.0409361380280937,0.0667331773336493,"SPAL_contig0000958","Reverse transcriptase domain-containing protein","RT_dom, Rev_trsase/Diguanyl_cyclase, DNA/RNA_pol_sf",NA,"A0A0N5B5G5","SSTP_0000067500",52.6946,"",NA,"",NA,"",NA
"228","SPAL_0000131800",0,0.0578438129395234,0.0791011055317351,0.0363533687779954,0,0,0.133148530960065,0.351004814863409,0,0.198472643370122,"SPAL_contig0002775","Reverse transcriptase domain-containing protein","RT_dom, DNA/RNA_pol_sf",NA,"A0A0N5B5H5","",NA,"",NA,"",NA,"",NA
"229","SPAL_0000131900",0,0,0,0,0,0,0,0,0,0,"SPAL_contig0002695","Reverse transcriptase domain-containing protein","RT_dom, DNA/RNA_pol_sf",NA,"A0A0N5B5H6","SSTP_0000704600",15.3589,"",NA,"",NA,"",NA
"230","SPAL_0000132075",0.0488294453628658,0,0,5.41763763736026e-08,0,0,0,0,0,0,"SPAL_contig0001229","",NA,NA,"A0A0N5B5H8","",NA,"",NA,"SVE_1153700",46.1538,"",NA
"231","SPAL_0000132100",0,0,0,0,0,0,0,0,0,0,"SPAL_contig0001229","Reverse transcriptase domain-containing protein",NA,NA,"A0A0N5B5H9","SSTP_0001073000",55.8442,"",NA,"SVE_1276700",0,"",NA
"232","SPAL_0000132200",0,0,0,0,0,0,0.194054466682891,0.129201754479698,0,0.0663052403720997,"SPAL_contig0001229","Major sperm protein",NA,NA,"A0A0N5B5I0","",NA,"",NA,"",NA,"",NA
"233","SPAL_0000132300",0.1043280980665,0.076188305404401,0.0403736449510855,0.0595168496699179,0.138194174196897,0.088034631347973,0,0.057241651315696,0,0.392972929304657,"SPAL_contig0000913","Movement protein",NA,NA,"A0A0N5B5I1","",NA,"",NA,"",NA,"",NA
"234","SPAL_0000132500",0.0959191985756236,0.0537292299890909,0.0790872981633735,0.0270934649631271,0.101405020032586,0,0.0645533775892383,0.0463619282105992,0,0,"SPAL_contig0001835","Reverse transcriptase domain-containing protein","RT_dom, Aspartic_peptidase_AS, Peptidase_A2_cat, Peptidase_aspartic_dom_sf, RT_RNaseH_2, Rev_trsase/Diguanyl_cyclase, DNA/RNA_pol_sf","aspartic-type endopeptidase activity, proteolysis, hydrolase activity","A0A0N5B5I3","SSTP_0000843200",0,"SRAE_0000073700 | WBGene00256494",28.4177,"SVE_0831000",8.28848,"",NA
"235","SPAL_0000132600",0,0,0,0.0243643880496118,0.0191888622645052,0,0.13122211723179,0,0,0,"SPAL_contig0001835","",NA,NA,"A0A0N5B5I4","SSTP_0000843200",14.0845,"SRAE_0000073700 | WBGene00256494",35.9155,"SVE_0271400",82.3944,"",NA
"236","SPAL_0000133000",0,0,0,0.219678072965292,0,0.0284910157756625,0,0,0,0,"SPAL_contig0000363","",NA,NA,NA,"",NA,"",NA,"",NA,"",NA
"237","SPAL_0000133100",0,0,0,0,0,0,0,0,0,0,"SPAL_contig0000363","KID domain-containing protein",NA,NA,"A0A0N5B5I8","",NA,"",NA,"",NA,"",NA
"238","SPAL_0000133125",0,0.0269333982772693,0.0397368935049351,0,0.0336543418114793,0,0,0.0515402167366413,0.0408795383787767,0.0664438693840028,"SPAL_contig0000363","Disease resistance protein",NA,NA,"A0A0N5B5I9","",NA,"",NA,"",NA,"",NA
"239","SPAL_0000133200",0,0.108726951814947,0.039742678439196,0,0.0680339052079951,0.112512599379211,0.25933478649808,0.129305606315611,0.040944014212718,0,"SPAL_contig0000513","C2H2-type domain-containing protein",NA,NA,"A0A0N5B5J0","",NA,"",NA,"",NA,"",NA
"240","SPAL_0000135100",0,0.0544435212414898,0,0.0267842337439659,0,0,0,0,0,0,"SPAL_contig0003663","",NA,NA,"A0A0N5B5K7","",NA,"",NA,"SVE_2019300",29.1139,"",NA
"241","SPAL_0000135400",0,0.0850911053992923,0,0.0268531300332856,0.199470242139908,0.0554700325080608,0,0.0254109005014576,0.0412495234844931,0.200760584535575,"SPAL_contig0002320","Ribonuclease P",NA,NA,"A0A0N5B5L0","",NA,"",NA,"SVE_0033700",45,"",NA
"242","SPAL_0000136000",0,0.0273636507163842,0,0.026807955596852,0,0,0,0.724068882614225,0,0,"SPAL_contig0001707","Histone-lysine N-methyltransferase SETMAR","RNaseH_sf","nucleic acid binding","A0A0N5B5L6","SSTP_0000841400",41.958,"",NA,"",NA,"",NA
"243","SPAL_0000136100",0.047944691953124,0.161165203438518,0,0.0271062131699356,0.0676143417633331,0,0.0645401585021769,0.0259818296100657,0,0.13226522285602,"SPAL_contig0001775","Reverse transcriptase domain-containing protein","RT_dom, Integrase_cat-core, RNaseH-like_sf, Peptidase_aspartic_dom_sf, RNaseH_sf, RT_RNaseH_2, Rev_trsase/Diguanyl_cyclase, DNA/RNA_pol_sf","DNA integration, nucleic acid binding, DNA biosynthetic process, DNA-directed DNA polymerase activity, DNA polymerase complex","A0A0N5B5L7","",NA,"",NA,"SVE_0368100",56.3443,"",NA
"244","SPAL_0000136200",0,0.214934516096006,0.0790874004581851,0.054218177336355,0.202875634650556,0,0.112124505162242,0.0978630017449401,0.122731112728774,0,"SPAL_contig0001636","RNA-directed DNA polymerase","RT_dom, Integrase_cat-core, Znf_CCHC, RNaseH-like_sf, Peptidase_aspartic_dom_sf, RNaseH_sf, Znf_CCHC_sf, RT_RNaseH, Rev_trsase/Diguanyl_cyclase, DNA/RNA_pol_sf","DNA integration, nucleic acid binding, zinc ion binding, cytoplasm, DNA biosynthetic process, DNA-directed DNA polymerase activity, DNA polymerase complex, enzyme binding","A0A0N5B5L8","",NA,"",NA,"",NA,"",NA
"245","SPAL_0000137300",0.0969554506610056,0.0810490899612944,0,0.0267621673198982,0.03368881779311,0,0.0650099728043426,0.0515400238087007,0.0819315687582291,0,"SPAL_contig0000142","CCDC50_N domain-containing protein",NA,NA,"A0A0N5B5M8","",NA,"",NA,"",NA,"",NA
"246","SPAL_0000137400",0.0487630857044523,0,0.0402778621294001,0,0,0,0.257831592916054,0.0751932217802745,0,0,"SPAL_contig0000142","Chitin-binding type-2 domain-containing protein",NA,NA,"A0A0N5B5M9","",NA,"",NA,"",NA,"",NA
"247","SPAL_0000137500",0.0964905613253659,0.107719667509826,0.0397199711075124,0.053650242667782,0,0,0.0647825189378918,0.0515938728631147,0.0817754608891851,0,"SPAL_contig0000142","",NA,NA,"A0A0N5B5N0","SSTP_0000641700",23.8494,"",NA,"",NA,"",NA
"248","SPAL_0000138200",0,0.0269797360242914,0.0398400081984361,0,0,0,0,0.0256756458213548,0.0817489109147522,0,"SPAL_scaffold0000057","",NA,NA,"A0A0N5B5N7","SSTP_0000544600",63.2184,"SRAE_1000230600 | WBGene00258920",60.9195,"SVE_0149600",82.1839,"",NA
"249","SPAL_0000138300",0,0.0272347517551722,0,0.0266631227506433,0,0,0.131009663045263,0.0257172046543683,0,0,"SPAL_scaffold0000057","",NA,NA,"A0A0N5B5N8","SSTP_0001216200",53.9007,"SRAE_1000297800 | WBGene00259595",53.1915,"SVE_0219900",91.4894,"",NA
"250","SPAL_0000140600",0,0.161532401930816,0.19834964245523,0.026972955428163,0,0,0.194204870598205,0.025901947980386,0,0,"SPAL_contig0000149","",NA,"membrane","A0A0N5B5R0","",NA,"",NA,"",NA,"",NA
"251","SPAL_0000140700",0,0.188452780551953,0.0396658116706956,0.0269891907530816,0.13509021311182,0,0.194190004932151,0.114263706641736,0.0409345565511596,0,"SPAL_contig0000149","",NA,NA,"A0A0N5B5R1","",NA,"",NA,"",NA,"",NA
"252","SPAL_0000140800",0,0,0,0,0,0,0,0.0259293066278255,0.0410372173642469,0,"SPAL_contig0000149","Serpentine receptor class gamma","7TM_GPCR_serpentine_rcpt_Srg, GPCR_Rhodpsn_7TM","transmembrane signaling receptor activity, sensory perception of chemical stimulus, membrane","A0A0N5B5R2","",NA,"",NA,"",NA,"",NA
"253","SPAL_0000141500",0,0.0932723657614786,0.0398679295573874,0.0535208412696827,0,0,0,0.0257679070584244,0,0.0666577312910365,"SPAL_contig0003000","HTH_Tnp_Tc3_2 domain-containing protein","Transposase_Tc1-like, Homeobox-like_sf, Tc3_transposase_DNA-bd_dom, WH-like_DNA-bd_sf, RNaseH_sf","transposition, DNA-mediated, DNA integration, nucleic acid binding, DNA binding","A0A0N5B5R9","",NA,"",NA,"SVE_1012800",32.6425,"W08F4.1 | WBGene00021091",0
"254","SPAL_0000141625",0,0,0,0,0,0,0,0,0.0408998883395493,0,"SPAL_contig0001604","DUF615 domain-containing protein",NA,NA,"A0A0N5B5S1","",NA,"",NA,"SVE_1100200",53.8462,"",NA
"255","SPAL_0000142600",0,0.0282468763119729,0,0,0,0,0,0.024736178528825,0,0,"SPAL_contig0004468","Cytochrome P450","DUF229",NA,"A0A0N5B5T1","",NA,"",NA,"",NA,"",NA
"256","SPAL_0000143900",0,0.0813245348631228,0,0,0,0.0843088842280751,0,0.0258684391635007,0.0411126676498652,0,"SPAL_contig0004138","AMP-binding domain-containing protein","AMP-dep_Synth/Lig_com, AMP-binding_CS, ANL_N_sf",NA,"A0A0N5B5U5","",NA,"",NA,"",NA,"acs-17 | WBGene00016716",31.6327
"257","SPAL_0000144500",0,0.10840294643071,0.156003642544578,0.0871670209616753,0.0612262828495784,0.0295094431911674,0,0,0,0,"SPAL_contig0000751","",NA,NA,"A0A0N5B5V1","",NA,"",NA,"",NA,"",NA
"258","SPAL_0000145000",0.0478772757441947,0,0,0,0,0,0,0,0,0,"SPAL_contig0002284","Translocon at the inner envelope membrane of chloroplasts 214","AT_hook_DNA-bd_motif","DNA binding","A0A0N5B5V7","SSTP_0000811400",44.7005,"SRAE_0000052200 | WBGene00256268",37.3272,"",NA,"",NA
"259","SPAL_0000145025",0.0482598398272746,0.401737122254374,0.0402115046171903,0.0811989265550437,0.129518256720516,0.05510009053126,0.0636094035962909,0,0,0,"SPAL_contig0002284","Envelope stress response membrane protein PspB",NA,"membrane","A0A0N5B5V8","",NA,"",NA,"",NA,"",NA
"260","SPAL_0000146100",0,0.0268432020630884,0,0,0,0,0,0,0,0,"SPAL_contig0002140","CCHC-type domain-containing protein","Znf_CCHC, Znf_CCHC_sf, Rev_trsase/Diguanyl_cyclase, DNA/RNA_pol_sf","nucleic acid binding, zinc ion binding, cytoplasm, enzyme binding","A0A0N5B5W9","SSTP_0000277400",24.3363,"",NA,"SVE_0914400",13.4956,"",NA
"261","SPAL_0000146200",0,0,0,0,0,0,0,0,0.0408998186075116,0,"SPAL_contig0002140","Integrase_H2C2 domain-containing protein","Integrase_H2C2, Rev_trsase/Diguanyl_cyclase, DNA/RNA_pol_sf",NA,"A0A0N5B5X0","",NA,"",NA,"",NA,"",NA
"262","SPAL_0000146400",0.0478772031625158,0,0,0,0,0,0,0,0,0,"SPAL_contig0003433","Craniofacial development protein 2-like","Swc5/CFDP1/2, Endo/exonu/phosph_ase_sf",NA,"A0A0N5B5X2","",NA,"",NA,"SVE_0277800",56.1947,"",NA
"263","SPAL_0000146500",0,0.0273483787023041,0,0.0523765474687947,0,0,0,0.0258671505458008,0,0,"SPAL_contig0000335","SWIM-type domain-containing protein","Znf_SWIM","zinc ion binding","A0A0N5B5X3","",NA,"",NA,"",NA,"",NA
"264","SPAL_0000146600",0,0,0,0,0,0,0,0,0,0,"SPAL_contig0000335","",NA,NA,"A0A0N5B5X4","",NA,"",NA,"",NA,"",NA
"265","SPAL_0000146700",0.144310096917794,0,0.309789630242178,0.185094019907164,0,0.0846209959265032,0,0,0,0.0662945314261609,"SPAL_contig0000335","Astacin domain-containing protein","EGF-like_dom, Peptidase_M12A, MetalloPept_cat_dom_sf","metalloendopeptidase activity, metallopeptidase activity, proteolysis","A0A0N5B5X5","",NA,"",NA,"",NA,"",NA
"266","SPAL_0000146900",0.0975840906124982,0.135597339945534,0.120167828134045,0.0265068370268328,0.0671556662179355,0.11093149113601,0.195574543944559,0,0.163735288837516,0,"SPAL_contig0003438","Oxidored_molyb domain-containing protein","Transthyretin-like, Transthyretin-like_sf","cell surface, extracellular region","A0A0N5B5X7","SSTP_0001212500",20.438,"SRAE_2000506900 | WBGene00265321",18.9781,"SVE_1575100",62.0438,"",NA
"267","SPAL_0000147100",0,0,0,0,0,0,0,0,0,0,"SPAL_contig0000971","Peptide-methionine (S)-S-oxide reductase",NA,NA,"A0A0N5B5X9","",NA,"",NA,"",NA,"",NA
"268","SPAL_0000147125",0,0,0,0,0,0,0,0,0,0,"SPAL_contig0000971","",NA,NA,"A0A0N5B5Y0","",NA,"",NA,"",NA,"",NA
"269","SPAL_0000147275",0,0.0293115969446421,0,0,0,0,0,0.0649798483585813,0.0421705459119294,9.0180267156302e-08,"SPAL_contig0000286","Capsid and scaffold protein",NA,NA,"A0A0N5C280, A0A0N5B5Y2","",NA,"",NA,"",NA,"",NA
"270","SPAL_0000147900",0.0963462686267042,0,0.0883713823114589,0.0538818998591663,0.0337438632660249,0,0,0.0692360771754541,0.293476378102493,0.199096172488882,"SPAL_contig0000843","CCHC-type domain-containing protein",NA,NA,"A0A0N5B5Y8","SSTP_0000001000",1.59744,"SRAE_0000048300 | WBGene00256227",6.70927,"SVE_0615100",14.377,"",NA
"271","SPAL_0000148000",0.0796448060341821,0.0335320238326296,0,0.115159994819139,0.0587346593146245,0,0.0646157456815303,0.0477713520832821,0.120864110456825,0.162679267663703,"SPAL_contig0000843","Reverse transcriptase domain-containing protein","Rev_trsase/Diguanyl_cyclase, DNA/RNA_pol_sf",NA,"A0A0N5B5Y9","",NA,"SRAE_0000048600 | WBGene00256230",17.6471,"",NA,"",NA
"272","SPAL_0000148500",0,0,0,0,0,0,0,0.0335640417643546,0,0,"SPAL_contig0003042","PARP alpha-helical domain-containing protein","Poly(ADP-ribose)pol_reg_dom, Poly(ADP-ribose)pol_reg_dom_sf, WGR_dom_sf","NAD+ ADP-ribosyltransferase activity","A0A0N5B5Z4","",NA,"SRAE_1000065100 | WBGene00257248",24.2788,"",NA,"",NA
"273","SPAL_0000148700",0,0.0540736739540083,0.079752625438106,0,0.0332657575708338,0,0,0,0,0,"SPAL_contig0001719","Transposase",NA,NA,"A0A0N5B5Z6","",NA,"",NA,"",NA,"",NA
"274","SPAL_0000148800",0,0,0,0,0,0,0,0,0.122699602562633,0,"SPAL_contig0001719","PAZ domain-containing protein","DUF229",NA,"A0A0N5B5Z7","",NA,"",NA,"",NA,"",NA
"275","SPAL_0000148900",0.0247444189595481,0,0,0.0133946506371896,0,0.0280148063275845,0,0.0258443367777198,0,0,"SPAL_contig0004052","HTH_48 domain-containing protein","WH-like_DNA-bd_sf, WH_DNA-bd_sf, Mos1_HTH",NA,"A0A0N5B5Z8","",NA,"",NA,"SVE_2015500",25.9843,"",NA
"276","SPAL_0000161650",0,0.141161230318879,0,0,0.0333829598809582,0.0554210357634301,0,0.0508973845685518,0.0825543122892517,0,"SPAL_scaffold0000006","",NA,NA,"A0A0N5B6C7","",NA,"",NA,"",NA,"",NA
"277","SPAL_0000174100",0,0.0288082897638726,0.0403375911930238,0.0816237181450865,0,0.0276965398106022,0,0.0499189725222264,0.121041832810201,0.0652846279942628,"SPAL_scaffold0000006","",NA,NA,"A0A0N5B6Q4","",NA,"",NA,"",NA,"",NA
"278","SPAL_0000174600",0.0892526841392627,0.133915680913049,0,0,0,0,0,0,0,0,"SPAL_scaffold0000006","Product",NA,NA,"A0A0N5B6Q9","SSTP_0001272100",2.1097,"",NA,"",NA,"",NA
"279","SPAL_0000176300",0,0,0,0,0,0,0,0,0,0,"SPAL_contig0004060","",NA,"membrane","A0A0N5B6S7","",NA,"",NA,"",NA,"",NA
"280","SPAL_0000180200",0,0.0278651362511596,0,0,0,0,0,0.0250692205976914,0,0,"SPAL_contig0000450","HTH_Tnp_Tc3_1 domain-containing protein",NA,NA,"A0A0N5B6W6","",NA,"",NA,"",NA,"",NA
"281","SPAL_0000180400",0,0.837032447497909,0,0.0270464827842447,0,0,0,0.0519476751917972,0,0,"SPAL_contig0002137","AAA_11 domain-containing protein","P-loop_NTPase, DNA2/NAM7_AAA_11","helicase activity","A0A0N5B6W8","",NA,"",NA,"",NA,"",NA
"282","SPAL_0000180500",0,0.177145067077402,0,0,0.0287296045853429,0,0.0953850397624105,0.158886168172535,0.182321396030582,0,"SPAL_contig0002218","",NA,NA,NA,"",NA,"",NA,"",NA,"",NA
"283","SPAL_0000180600",0,0,0,0,0,0,0,0,0,0,"SPAL_contig0000667","Ribosomal_L2 domain-containing protein","Ribosomal_L2, NA-bd_OB-fold, Rbsml_prot_L2_RNA-bd_dom","ribosome, translation, structural constituent of ribosome, ribonucleoprotein complex","A0A0N5B6W9","SSTP_0000028900",72.0183,"SRAE_1000339700 | WBGene00260014",72.0183,"SVE_1938000",79.3578,"mrpl-2 | WBGene00018932",55.5046
"284","SPAL_0000180900",0,0.027054861408617,0.119641908974953,0,0.0332401045468112,0,0,0,0,0,"SPAL_contig0002624","Cytochrome P450","Cyt_P450, Cyt_P450_sf","oxidoreductase activity, acting on paired donors, with incorporation or reduction of molecular oxygen, iron ion binding, heme binding, monooxygenase activity","A0A0N5B6X2","",NA,"",NA,"",NA,"",NA
"285","SPAL_0000181000",0,0,0,0,0.0403258043535427,0,0,0.165365835387364,0,0,"SPAL_contig0004127","",NA,"membrane","A0A0N5B6X3","",NA,"",NA,"",NA,"",NA
"286","SPAL_0000181100",0,0.10756262258836,0.197983747616476,0.297622095178264,0,0.028268099717801,0.0646309652541383,0,0.12276215646474,0,"SPAL_contig0003386","Helitron_like_N domain-containing protein","Helitron_helicase-like",NA,"A0A0N5B6X4","",NA,"SRAE_0000079200 | WBGene00256551",14.1093,"SVE_1470300",48.3245,"",NA
"287","SPAL_0000181300",0.184480426297986,0.180062067229693,0,0.0431437364552049,0.000798182904770892,0,0,7.54872075558544e-05,0,0.071434701794102,"SPAL_contig0001259","WD_REPEATS_REGION domain-containing protein","WD40_repeat, WD40/YVTN_repeat-like_dom_sf, WD40_repeat_CS, G-protein_beta_WD-40_rep, WD40_repeat_dom_sf","protein binding","A0A0N5B6X6","SSTP_0001120700",71.1712,"SRAE_X000253100 | WBGene00268118",77.9279,"SVE_0619000",75.2252,"wdr-48 | WBGene00009441",40.0901
"288","SPAL_0000181500",0,0,0,0,0.0113074117209589,0.00942910748885915,0,0,0,0,"SPAL_contig0000039","Serpentine receptor class gamma","7TM_GPCR_serpentine_rcpt_Srg, GPCR_Rhodpsn_7TM","transmembrane signaling receptor activity, sensory perception of chemical stimulus, membrane","A0A0N5B6X9","",NA,"",NA,"SVE_2019500",47.1223,"",NA
"289","SPAL_0000181600",0,0,0,0,0.0113074117209589,0.00942910748885915,0,0,0,0,"SPAL_contig0000039","Serpentine receptor class gamma","7TM_GPCR_serpentine_rcpt_Srg, GPCR_Rhodpsn_7TM","transmembrane signaling receptor activity, sensory perception of chemical stimulus, membrane","A0A0N5B6X9","",NA,"",NA,"SVE_2019500",47.1223,"",NA
"290","SPAL_0000185175",0.0490974218961563,0.0548392375193032,0,0,0,0.0276005265145616,0,0.0685030738266662,0.0633708471766043,0,"SPAL_contig0002040","",NA,NA,"A0A0N5B721","",NA,"",NA,"SVE_1927700",42.7273,"",NA
"291","SPAL_0000185450",0,0.0269333663194899,0,0,0,0,0,0,0.375898299304383,0.0331818325559446,"SPAL_scaffold0000077","Cystatin domain-containing protein","Cystatin_dom, Cystatin_sf","cysteine-type endopeptidase inhibitor activity, membrane","A0A0N5B726","",NA,"",NA,"SVE_1960700",69.7674,"",NA
"292","SPAL_0000186200",0,0,0,0,0.0338509481918271,0,0,0.884514519363085,0,0,"SPAL_contig0002462","Reverse transcriptase domain-containing protein","RT_dom, Aspartic_peptidase_AS, Peptidase_aspartic_dom_sf, Rev_trsase/Diguanyl_cyclase, DNA/RNA_pol_sf","aspartic-type endopeptidase activity, proteolysis","A0A0N5B734","SSTP_0000004700",47.343,"SRAE_X000108300 | WBGene00266647",54.1063,"",NA,"",NA
"293","SPAL_0000188200",0.0978350789070522,0.217525848649108,0.160607316714134,0.132642538565313,0.100886390850547,0.111017439169322,0,0.051199806915637,0.0410109006966657,0.0670529843587875,"SPAL_contig0000164","CUB domain-containing protein",NA,NA,"A0A0N5B754","",NA,"",NA,"",NA,"",NA
"294","SPAL_0000188300",0,0.136640181879816,0.0410972875583821,0.11116131154757,0,0,0,0.133358165332093,0.0853087141803971,0,"SPAL_contig0003459","GPI ethanolamine phosphate transferase 1",NA,"membrane","A0A0N5B755","",NA,"",NA,"",NA,"",NA
"295","SPAL_0000188400",0.0484279946558803,0.107964230657568,0.0796818536688222,0.121233681846289,0,0,0,0.0772585003267743,0,0,"SPAL_contig0003459","ABC transporter domain-containing protein","ABC_transporter-like_ATP-bd, P-loop_NTPase","ATP binding","A0A0N5B756","",NA,"",NA,"",NA,"",NA
"296","SPAL_0000188500",0.0242442187385747,0.0404645626154194,0.0597865352422726,0,0.167636361025356,0,0,0.0384053346449145,0.142907124016078,0,"SPAL_contig0001898","Biogenesis of lysosome-related organelles complex 1 subunit 2",NA,NA,"A0A0N5C636","",NA,"",NA,"SVE_0611000",25.1572,"",NA
"297","SPAL_0000189550",0,0,0,0,0,0,0,0,0,0,"SPAL_contig0000192","",NA,"membrane","A0A0N5B768","",NA,"",NA,"",NA,"",NA
"298","SPAL_0000190900",0,0,0,0,0,0,0,0,0,0,"SPAL_contig0002610","CD45",NA,NA,"A0A0N5B781","",NA,"",NA,"",NA,"",NA
"299","SPAL_0000191000",0,0.0537401307751845,0,0,0.0337961022387361,0,0,0,0,0,"SPAL_contig0000585","Reverse transcriptase domain-containing protein","RNaseH-like_sf, RNaseH_sf, Rev_trsase/Diguanyl_cyclase, DNA/RNA_pol_sf","nucleic acid binding, DNA biosynthetic process, DNA-directed DNA polymerase activity, DNA polymerase complex","A0A0N5B782","",NA,"",NA,"SVE_0647300",19.2458,"",NA
"300","SPAL_0000191100",0,0.135178999628267,0.0399144745201623,0,0.134770045742934,0.0279798972844358,0,0,0,0,"SPAL_contig0003817","",NA,NA,"A0A0N5B783","",NA,"",NA,"",NA,"",NA
"301","SPAL_0000191400",0,0.054080152411842,0,0.0540183178728108,0.225728144253638,0.254111710105349,0,0.0302250095454105,0.123237950175174,0,"SPAL_scaffold0000068","Serpentine receptor class gamma","7TM_GPCR_serpentine_rcpt_Srg, GPCR_Rhodpsn_7TM","transmembrane signaling receptor activity, sensory perception of chemical stimulus, membrane","A0A0N5B786","",NA,"",NA,"",NA,"",NA
"302","SPAL_0000191850",0,0,0,0,0,0,0,0.0260162965998868,0,0,"SPAL_scaffold0000068","",NA,NA,"A0A0N5B791","",NA,"",NA,"",NA,"",NA
"303","SPAL_0000192400",0,0,0,0,0.0765135858188488,0.179386646519418,0.105877748482809,0.15905484919873,0,0,"SPAL_contig0003905","ShKT domain-containing protein","ShKT_dom",NA,"A0A0N5B797","SSTP_0000047800",44.7368,"",NA,"",NA,"",NA
"304","SPAL_0000192500",0,0,0,0,0,0,0,0,0,0,"SPAL_scaffold0000012","DDE_3 domain-containing protein",NA,NA,"A0A0N5B798","",NA,"",NA,"",NA,"",NA
"305","SPAL_0000192600",0,0.0275164111253402,0,0,0,0.0279354102920738,0,0.0257731388784911,0,0,"SPAL_scaffold0000012","CPXV020 protein",NA,"membrane","A0A0N5B799","",NA,"",NA,"",NA,"",NA
"306","SPAL_0000195700",0,0.0275180977625822,0.0401678571120745,0.0261593710533906,0,0,0,0,0.0406334412674246,0.0662565678867721,"SPAL_scaffold0000012","Lyase_8 domain-containing protein","Peptidase_S28, AB_hydrolase","proteolysis, serine-type peptidase activity, hydrolase activity","A0A0N5B7D1","",NA,"",NA,"",NA,"",NA
"307","SPAL_0000197400",0,0.0811051456914723,0.0399134612793744,0,0.101074968423978,0.1398964412797,0,0.0515252130475209,0,0.133457362952005,"SPAL_scaffold0000012","Restriction endonuclease",NA,NA,"A0A0N5B7E8","tgh-5 | SSTP_0000450500",49.1803,"SRAE_X000075600 | WBGene00266317",49.1803,"SVE_0043600",83.0601,"",NA
"308","SPAL_0000197500",0,0.108565280810387,0.12029180186524,0.0801551702387299,0.0674759005446369,0.139797318329824,0.065324668989195,0.0257636089805442,0.041082879908804,0,"SPAL_scaffold0000012","TGF_BETA_2 domain-containing protein","TGF-b_C, Cystine-knot_cytokine","growth factor activity, signal transduction","A0A0N5B7E9","tgh-5 | SSTP_0000450500",54.375,"SRAE_X000075600 | WBGene00266317",56.875,"SVE_0043600",91.875,"",NA
"309","SPAL_0000204800",0.0486903829909753,0.108322393390395,0,0.0266327783536546,0.0336424177042793,0,0.13033843987188,0.0256886966668461,0.122939447886173,0,"SPAL_contig0001985","DDE_Tnp_1_7 domain-containing protein","PGBD",NA,"A0A0N5B7M3","",NA,"",NA,"",NA,"",NA
"310","SPAL_0000204900",0,0.0811372921162012,0,0.026985793652515,0,0.028212682286037,0,0,0.0410778348149866,0,"SPAL_contig0001985","DDE_Tnp_1_7 domain-containing protein","PGBD",NA,"A0A0N5B7M4","",NA,"",NA,"",NA,"",NA
"311","SPAL_0000206600",0,0,0,0,0,0,0,0,0.0408998687415585,0,"SPAL_contig0001385","Endo/exonuclease/phosphatase domain-containing protein","Swc5/CFDP1/2, Endo/exonu/phosph_ase_sf",NA,"A0A0N5B7P2","",NA,"",NA,"SVE_0277800",53.527,"",NA
"312","SPAL_0000206800",9.45499732954418e-06,0.0764210324361816,0.0490555389372383,0.0269287752505354,0,0,0.21696923616926,0.610597967710446,0,0,"SPAL_contig0000899","TF_AP-2 domain-containing protein",NA,NA,"A0A0N5B7P4","",NA,"",NA,"SVE_0743400",11.4551,"",NA
"313","SPAL_0000207100",0,0.0554882903626987,0,0,0,0,0,0,0,0,"SPAL_contig0000213","glucuronosyltransferase","UDP_glucos_trans","UDP-glycosyltransferase activity, membrane, glycosyltransferase activity, transferase activity, glucuronosyltransferase activity","A0A0N5B7P7","SSTP_0000722300",71.2,"SRAE_2000096700 | WBGene00261167",72,"SVE_0448600",86.4,"",NA
"314","SPAL_0000210200",0.0961039323450917,0.0537824954333364,0.0396037860064513,0.0540617329011079,0.0675589886259047,0.0282434912276594,0.193916648805211,0.121053683413342,0.0470879620875087,0.132485208771218,"SPAL_contig0003535","Integrase catalytic domain-containing protein","Integrase_cat-core, RNaseH-like_sf, RNaseH_sf, RT_RNaseH_2, DNA/RNA_pol_sf","DNA integration, nucleic acid binding, DNA biosynthetic process, DNA-directed DNA polymerase activity, DNA polymerase complex","A0A0N5B7S7","",NA,"",NA,"SVE_0264000",33.7398,"",NA
"315","SPAL_0000210700",0,0,0,0.0416212664645167,0,0.028315564330494,0,0.0743796509964402,0,0,"SPAL_contig0000560","HTH_48 domain-containing protein","RNaseH_sf, Mos1_HTH","nucleic acid binding","A0A0N5B7T2","",NA,"",NA,"",NA,"",NA
"316","SPAL_0000210800",0,0.111857890434709,0.0796783383388252,0,0,0,0,0.0247708357362677,0,0,"SPAL_contig0002944","",NA,"membrane","A0A0N5B7T3","",NA,"",NA,"SVE_1107300",64.4737,"",NA
"317","SPAL_0000210900",0,0,0,0.0814825378766441,0,0,0,0,0,0,"SPAL_contig0002944","DDE_Tnp_1_7 domain-containing protein",NA,NA,"A0A0N5B7T4","",NA,"",NA,"SVE_1463800",42.4837,"",NA
"318","SPAL_0000211100",0.388552922038496,0.0269955975708061,0.0797458214206361,0,0.100273082876607,0,0,0.025453027780429,0.244480728062913,0.133250953053087,"SPAL_contig0001568","Reverse transcriptase domain-containing protein",NA,NA,"A0A0N5B7T6","SSTP_0000004900",69.3431,"SRAE_0000075800 | WBGene00256517",59.854,"SVE_0081300",45.2555,"",NA
"319","SPAL_0000212550",0,0.108094935172505,0.0399062968133167,0.0266705140981116,0.0672733139876957,0,0.0650401520071552,0.128526380002334,0.0409323319342931,0.200129795205721,"SPAL_scaffold0000004","",NA,NA,"A0A0N5B7V1","",NA,"",NA,"",NA,"",NA
"320","SPAL_0000233000",0.0484774940799873,0.161920018228979,0,0,0.0332454064599341,0,0.129308833677328,0,0.0405936075706703,0.0663718164641041,"SPAL_scaffold0000004","SERPIN domain-containing protein","Serpin_fam, Serpin_CS, Serpin_dom, Serpin_sf, Serpin_sf_1, Serpin_sf_2","serine-type endopeptidase inhibitor activity, extracellular space, negative regulation of peptidase activity, peptidase inhibitor activity","A0A0N5B8F7","",NA,"",NA,"",NA,"",NA
"321","SPAL_0000246500",0,0.0270148097954734,0.0398943342959556,0,0,0.0278908765414574,0,0,0.654664213233485,0,"SPAL_contig0000045","EGF-like domain-containing protein",NA,NA,"A0A0N5B8U2","SSTP_0001150110",47.0588,"",NA,"SVE_1329900",37.0588,"",NA
"322","SPAL_0000246700",0,0.10818141552761,0,0.107722360745776,0,0.0281593195221134,0.0650574015211805,0.113957199620935,0.290187260140137,0,"SPAL_contig0000045","RNA-dependent RNA polymerase","Capsid_Phlebovir/Tenuivir","RNA binding","A0A0N5B8U4","SSTP_0001109100",23.8298,"",NA,"",NA,"",NA
"323","SPAL_0000247100",0.0481062526164255,0.0268721694583519,0,0,0,0,0,0.128955568478047,0,0.132508666086579,"SPAL_contig0000214","Serpentine receptor class gamma","7TM_GPCR_serpentine_rcpt_Srg","transmembrane signaling receptor activity, sensory perception of chemical stimulus, membrane","A0A0N5B8U8","",NA,"",NA,"",NA,"",NA
"324","SPAL_0000248000",0,0.36167318814242,0,0.0844498176152833,0.170452030244438,0,0,0.035850228358322,0.156602015876164,0.0665546952821431,"SPAL_contig0003990","BAH domain-containing protein",NA,NA,"A0A0N5B8V7","",NA,"",NA,"",NA,"",NA
"325","SPAL_0000252200",0,0,0,0,0,0,0,0,0,0,"SPAL_contig0001116","MADF domain-containing protein",NA,NA,"A0A0N5B900","",NA,"",NA,"",NA,"",NA
"326","SPAL_0000252500",0,0.107372740769807,0,0,0,0,0,0,0,0,"SPAL_contig0000706","DDE-1 domain-containing protein","DDE_SF_endonuclease_dom","nucleic acid binding","A0A0N5B903","",NA,"",NA,"",NA,"",NA
"327","SPAL_0000252800",0,0.0134844878525771,0,0,0.0168360394421467,0,0,0,0,0,"SPAL_contig0004067","FoP_duplication domain-containing protein",NA,NA,"A0A0N5BM35","",NA,"",NA,"",NA,"",NA
"328","SPAL_0000252900",0,0,0,0,0,0,0,0.0128583859697772,0.806860588710041,0,"SPAL_contig0002439","SUEL-type lectin domain-containing protein",NA,NA,"A0A0N5B907","",NA,"",NA,"SVE_0113500",52.9915,"",NA
"329","SPAL_0000253200",0.240435299879032,0.13453658602318,0,0.0270340929761126,0,0,0,0.0524512507542281,0.0409328242962606,0,"SPAL_contig0002773","Piwi domain-containing protein",NA,NA,"A0A0N5B910","",NA,"",NA,"SVE_0743200",64.0693,"",NA
"330","SPAL_0000253600",0,0,0,0,0,0,0,0,0,0.0519851236142113,"SPAL_contig0001849","Dynamin_M domain-containing protein",NA,NA,"A0A0N5B914","",NA,"",NA,"SVE_1410800",4.08163,"",NA
"331","SPAL_0000255020",0,0.0269532470254217,0,0.026969771628197,0,0,0,0.0518146731477305,0.0409648978250638,0.0664365636652505,"SPAL_contig0000063","Serpentine receptor class gamma","7TM_GPCR_serpentine_rcpt_Srg, GPCR_Rhodpsn_7TM","transmembrane signaling receptor activity, sensory perception of chemical stimulus, membrane","A0A0N5B929","",NA,"",NA,"SVE_1992600",76.3578,"",NA
"332","SPAL_0000255060",0,0.0268426371454593,0,0,0,0,0.12911980291137,0,0.0407793308457268,0.0661800124594705,"SPAL_contig0000063","Serpentine receptor class gamma","7TM_GPCR_serpentine_rcpt_Srg","transmembrane signaling receptor activity, sensory perception of chemical stimulus, membrane","A0A0N5B931","",NA,"",NA,"SVE_0001071900",69.0648,"",NA
"333","SPAL_0000255080",0,0,0,0,0,0,0,0,0,0,"SPAL_contig0000063","Serpentine receptor class gamma","7TM_GPCR_serpentine_rcpt_Srg, GPCR_Rhodpsn_7TM","transmembrane signaling receptor activity, sensory perception of chemical stimulus, membrane","A0A0N5B932","",NA,"",NA,"SVE_0001071900",68.3594,"",NA
"334","SPAL_0000256175",0,0,0,0,0.0340295667607122,0.056660996740707,0,0,0,0,"SPAL_contig0001809","TLDc domain-containing protein",NA,NA,"A0A0N5B945","",NA,"",NA,"SVE_1089400",0,"",NA
"335","SPAL_0000256200",0,0,0,0,0,0,0,0,0,0,"SPAL_contig0001809","PIR Superfamily Protein",NA,NA,"A0A0N5B946","",NA,"",NA,"",NA,"",NA
"336","SPAL_0000256400",0,0,0.0792905192426308,0,0,0,0,0,0.0515139254274612,0,"SPAL_contig0002476","Retrotrans_gag domain-containing protein",NA,NA,"A0A0N5B948","",NA,"",NA,"SVE_0094500",95.9799,"",NA
"337","SPAL_0000256600",0.0478772070438768,0,0,0,0,0,0,0,0,0,"SPAL_contig0001286","Ferritin",NA,NA,"A0A0N5B950","",NA,"",NA,"",NA,"",NA
"338","SPAL_0000256700",0.0980123833270587,0,0.121254091880457,0.0264287776443798,0.0661069867001378,0,0.129711805426717,0,0.08171443106192,0,"SPAL_contig0001286","Hva1_TUDOR domain-containing protein",NA,NA,"A0A0N5B951","",NA,"",NA,"SVE_1889300",49.4118,"",NA
"339","SPAL_0000257000",0,0.0453898796079581,0,0,0.0337883809517999,0,0,0.0259253925104206,0.0409541425469077,0,"SPAL_contig0000923","CCHC-type domain-containing protein","Znf_CCHC, Znf_CCHC_sf","nucleic acid binding, zinc ion binding, cytoplasm, enzyme binding","A0A0N5B954","",NA,"SRAE_0000071800 | WBGene00256475",29.3151,"SVE_1317800",77.8082,"",NA
"340","SPAL_0000257100",0.294845328400217,0,0,0,0.0333453105110202,0,0.130776072370484,0.116653967209707,0,0,"SPAL_contig0000041","SH3 domain-containing protein",NA,NA,"A0A0N5B955","",NA,"",NA,"SVE_0051000",77.0833,"",NA
"341","SPAL_0000263000",0,0,0,0,0,0,0,0,0,0,"SPAL_contig0000004","",NA,"membrane","A0A0N5B9B4","SSTP_0000478400",33.758,"SRAE_2000422600 | WBGene00264455",29.2994,"SVE_1947000",77.707,"",NA
"342","SPAL_0000269200",0.145607340818938,0.0874824917899852,0.0398526137300601,0.0657313920588821,0,0,0,0,0,0.0664661493614197,"SPAL_contig0000004","DUF4817 domain-containing protein","DUF4817",NA,"A0A0N5B9H6","",NA,"",NA,"SVE_0386600",40.6504,"",NA
"343","SPAL_0000278700",0,0.0811525848609229,0.0798632821616801,0.133938712374767,0.033726370983693,0.0280219455520762,0,0,0,0.0667589858533862,"SPAL_contig0001132","",NA,NA,"A0A0N5B9S1","",NA,"",NA,"SVE_1495600",88.3598,"",NA
"344","SPAL_0000279300",0,0,0,0,0.0364286764027933,0.030959375986872,0,0.0704195932206452,0.151839268612583,0,"SPAL_contig0003759","Integrase catalytic domain-containing protein","Integrase_cat-core, RNaseH-like_sf, RNaseH_sf, Integrase_H2C2","DNA integration, nucleic acid binding","A0A0N5B9S3","",NA,"",NA,"SVE_1317600",56.5598,"",NA
"345","SPAL_0000279500",0,0.0537178060224557,0.158117979388921,0.0542263135404268,0,0.0283199660365578,0.129066330466843,0,0.163609539547938,0.0661247368981295,"SPAL_contig0001022","RNA-directed DNA polymerase","RT_dom, Integrase_cat-core, Znf_CCHC, RNaseH-like_sf, Peptidase_aspartic_dom_sf, RNaseH_sf, Znf_CCHC_sf, RT_RNaseH, Integrase_H2C2, Rev_trsase/Diguanyl_cyclase, DNA/RNA_pol_sf","DNA integration, nucleic acid binding, zinc ion binding, cytoplasm, DNA biosynthetic process, DNA-directed DNA polymerase activity, DNA polymerase complex, enzyme binding","A0A0N5B9S5","",NA,"",NA,"SVE_0733400",28.8958,"",NA
"346","SPAL_0000279800",0.0960154312927222,0.10743434673587,0,0,0,0,0.0645672252178947,0.129419735240211,0.0408533506944315,0.198514715567171,"SPAL_contig0000303","N-acetyllactosaminide beta-1,3-N-acetylglucosaminyltransferase","Nucleotide-diphossugar_trans",NA,"A0A0N5B9S8","",NA,"SRAE_1000063100 | WBGene00257228",66.5893,"SVE_0269100",88.8631,"",NA
"347","SPAL_0000281400",0,0.114848157156997,0.0405826295070675,0.040376170689422,0.190753265282737,0.0414879973096752,0,0.14177426998804,0.0400189076450424,0.0755636381004536,"SPAL_contig0002718","Ovule protein",NA,NA,"A0A0N5B9U4","",NA,"",NA,"",NA,"",NA
"348","SPAL_0000295200",0,0,0,0.342559128961145,0,0,0,0,0,0,"SPAL_scaffold0000002","Secreted protein",NA,NA,"A0A0N5BA83","",NA,"",NA,"",NA,"",NA
"349","SPAL_0000308500",0,0.0543688224753973,0.0401570779401862,0.0799932142469039,0.033724402370117,0.0557940127130203,0,0.0515518578531875,0.082208712221379,0.067120728668108,"SPAL_scaffold0000002","Glyco_transf_7C domain-containing protein","Nucleotide-diphossugar_trans",NA,"A0A0N5BAL8","SSTP_0000734400",80.2721,"SRAE_0000017900 | WBGene00255918",82.9932,"SVE_0757200",86.3946,"gly-4 | WBGene00001629",65.3061
"350","SPAL_0000308600",0.0490593151054873,0.10947299800598,0,0.0528555638095067,0,0.027616077628409,0.130751067313263,0.101909337712705,0.0410394834388652,0.06709056767364,"SPAL_scaffold0000002","",NA,NA,"A0A0N5BAL9","",NA,"",NA,"",NA,"",NA
"351","SPAL_0000321200",0.0483130600704161,0.134663937247526,0.0397526558946616,0.0534147622807,0,0,0.194418766549489,0.12856156016674,0.122554811409685,0.0664621882482814,"SPAL_scaffold0000002","",NA,NA,"A0A0N5BAZ8","SSTP_0000641700",26.7677,"",NA,"SVE_0065800",3.0303,"",NA
"352","SPAL_0000323000",0.0966535468245267,0.0269686329654621,0.039783456357522,0,0.067414681657538,0.0280615294115061,0,0.0516290666289616,0.573118494373383,0,"SPAL_scaffold0000002","",NA,NA,"A0A0N5BB16","",NA,"",NA,"",NA,"",NA
"353","SPAL_0000323350",0,0,0,0,0,0,0,0,0.736197523499673,0,"SPAL_scaffold0000002","",NA,NA,"A0A0N5BB20","",NA,"",NA,"",NA,"",NA
"354","SPAL_0000325300",0,0,0,0,0,0,0,0,0,0,"SPAL_contig0003197","Ovule protein",NA,NA,"A0A0N5BB41","",NA,"",NA,"",NA,"",NA
"355","SPAL_0000325600",0,0,0,0,0,0,0,0,0,0,"SPAL_contig0003488","Histone-lysine N-methyltransferase SETMAR","RNaseH_sf","nucleic acid binding","A0A0N5BB46","",NA,"",NA,"",NA,"",NA
"356","SPAL_0000325700",0,0,0,0,0,0,0,0.116600423461245,0,0,"SPAL_contig0001926","CUB domain-containing protein",NA,NA,"A0A0N5BB47","",NA,"",NA,"SVE_0675200",42.5,"",NA
"357","SPAL_0000326100",0,0,0,0,0,0,0,0,0,0,"SPAL_contig0001169","",NA,NA,"A0A0N5BB51","",NA,"",NA,"",NA,"",NA
"358","SPAL_0000326200",0.0480455132528658,0.080648613610474,0.0395955056012101,0.0270049512434336,0,0,0.129245742465042,0.0259151285171509,0.368047118912317,0,"SPAL_contig0001169","SP-RING-type domain-containing protein","Znf_RING/FYVE/PHD",NA,"A0A0N5BB52","",NA,"",NA,"",NA,"",NA
"359","SPAL_0000326400",0,0.10832495348335,0,0,0,0.0281278838541795,0,0.0258846341690477,0.0410909830029069,0,"SPAL_contig0001633","Reverse transcriptase domain-containing protein","Rev_trsase/Diguanyl_cyclase, DNA/RNA_pol_sf","membrane","A0A0N5BB54","",NA,"SRAE_0000050300 | WBGene00256247",1.42857,"SVE_0324800",28.0952,"",NA
"360","SPAL_0000326500",0,0.117307663600752,0.0400173012247763,0,0.133958896023592,0,0.13015066887357,0.260536498969024,0.0408475520641275,0,"SPAL_contig0001633","",NA,NA,NA,"",NA,"",NA,"",NA,"",NA
"361","SPAL_0000326575",0,0.0270425930330663,0.039941390029644,0,0,0,0,0.0255357532048767,0,0,"SPAL_contig0002948","C2H2-type domain-containing protein","Znf_C2H2_type",NA,"A0A0N5BB55","",NA,"",NA,"",NA,"",NA
"362","SPAL_0000326600",0,0.0270509345931111,0,0,0.0335656882783149,0,0,0,0.0409059933801083,0,"SPAL_contig0002948","C2H2-type domain-containing protein","Znf_C2H2_type, Znf_C2H2_sf",NA,"A0A0N5BB56","",NA,"",NA,"",NA,"",NA
"363","SPAL_0000326700",0,0,0,0,0,0,0,0,0,0,"SPAL_contig0003731","Transposase",NA,NA,"A0A0N5BB57","",NA,"",NA,"SVE_1418200",62.2222,"",NA
"364","SPAL_0000327000",0.135762860134105,0.00302011621932502,0.0976297572191249,0.00714945734320866,0.00157492295651808,0,0,0,0.0624412074764207,0.235506678946373,"SPAL_contig0001577","Glucuronosyltransferase",NA,"membrane","A0A0N5BB60","",NA,"",NA,"SVE_0335800",56.1983,"",NA
"365","SPAL_0000328132",0,0.027308325137657,0,0.0268644552880125,0.101787849623171,0.0843275824329547,0,0,0,0,"SPAL_contig0000435","Pep_M12B_propep domain-containing protein",NA,NA,"A0A0N5BB71","",NA,"",NA,"",NA,"",NA
"366","SPAL_0000328300",0,0.0843578912795846,0,0,0.0330724718157479,0,0.064944879911934,0.0345552243818553,0,0,"SPAL_contig0000724","Histone-lysine N-methyltransferase SETMAR","RNaseH_sf","nucleic acid binding","A0A0N5BB73","",NA,"",NA,"",NA,"",NA
"367","SPAL_0000328700",0,0.181786859219056,0,0.0413113188995091,0,0.0282984119784172,0.165640026422912,0.0281866362437065,0.180187745705653,0,"SPAL_contig0002592","Helitron_like_N domain-containing protein","Helitron_helicase-like",NA,"A0A0N5BB77","",NA,"",NA,"",NA,"",NA
"368","SPAL_0000328800",0,0.0909448765903412,0,0.104179584945356,0,0.0282786563284551,0,0.0499030314811477,0,0,"SPAL_contig0002568","RT_RNaseH domain-containing protein","RT_RNaseH, DNA/RNA_pol_sf",NA,"A0A0N5BB78","",NA,"",NA,"SVE_1438100",11.7845,"",NA
"369","SPAL_0000328900",0.149336624835977,0,0,0,0,0,0,0,0,0,"SPAL_contig0002568","Protein ORF122",NA,"membrane","A0A0N5BB79","",NA,"",NA,"",NA,"",NA
"370","SPAL_0000329400",0,0,0,0,0,0,0,0.765394561787746,0,0,"SPAL_contig0001637","Histone-lysine N-methyltransferase SETMAR","RNaseH_sf","nucleic acid binding","A0A0N5BB84","SSTP_0000811500",52.2124,"",NA,"",NA,"",NA
"371","SPAL_0000331300",0,0,0,0,0.068004361710297,0.0283286057082846,0,0,0,0,"SPAL_contig0003331","AAA_11 domain-containing protein","P-loop_NTPase, DNA2/NAM7_AAA_11","helicase activity","A0A0N5BBA3","",NA,"",NA,"",NA,"",NA
"372","SPAL_0000331400",0.162878049505208,0.0181092247007516,0.0935929154435661,0.0264912255344382,0.0447783414701712,0.018474292652028,0.0434856121188358,0.059648930090979,0.150179195307111,0.111620459963523,"SPAL_contig0002857","HTH_48 domain-containing protein","HTH_11, WH-like_DNA-bd_sf, Mos1_HTH",NA,"A0A0N5CC57","",NA,"SRAE_X000158000 | WBGene00267153",52.2727,"SVE_1498800",53.0303,"",NA
"373","SPAL_0000331500",0.0490296422440501,0.0136327691773704,0.0603738379469861,0.0265647055911044,0.0505257514216916,0.0416786040192321,0,0.0640841704433556,0.1027105133921,0,"SPAL_contig0002857","Histone-lysine N-methyltransferase SETMAR","Transposase_1, RNaseH_sf","nucleic acid binding","A0A0N5BUW1","",NA,"",NA,"SVE_0587400",73.8462,"",NA
"374","SPAL_0000332000",0.000292476645553391,1.47169751203859e-07,0.519474210187435,0,5.95585950768392e-08,0,0,0,0.000398669458594137,8.71697166645057e-10,"SPAL_contig0002260","CBFD_NFYB_HMF domain-containing protein","CBFA_NFYB_domain, Histone-fold","protein heterodimerization activity","A0A0N5BBA9","SSTP_0000913100",89.7959,"SRAE_1000138100 | WBGene00257986",88.4354,"SVE_0967500",95.9184,"drap-1 | WBGene00009584",46.2585
"375","SPAL_0000332225",0,0,0,0.0269378824720989,0.0341104304615885,0,0,0,0,0,"SPAL_contig0001153","MADS-box domain-containing protein",NA,NA,"A0A0N5BBB2","",NA,"",NA,"SVE_0278600",38.835,"",NA
"376","SPAL_0000332775",0,0.055768033047891,0,0,0,0,0,0.0206149330878504,0.394262586387158,0.0762098483174538,"SPAL_contig0000108","Venom peptide",NA,NA,"A0A0N5BBB9","",NA,"",NA,"",NA,"",NA
"377","SPAL_0000335700",0,0,2.27492646572894e-06,0.0655436228672615,0,0,0,0,0,0,"SPAL_contig0002688","MFS domain-containing protein","MFS, MFS_dom, MFS_trans_sf","transmembrane transport, transmembrane transporter activity, membrane","A0A0N5BBE9","SSTP_0000697600",71.0317,"SRAE_2000389100 | WBGene00264118",71.4286,"SVE_0731900",57.5397,"",NA
"378","SPAL_0000335800",0,0.095430095386221,0.0797272097355111,0,0.0336918745912729,0.0560084375693144,0,0,0.0409611374748562,0,"SPAL_contig0002688","MFS domain-containing protein","MFS, MFS_trans_sf","transmembrane transport, transmembrane transporter activity, membrane","A0A0N5BBF0","",NA,"",NA,"",NA,"",NA
"379","SPAL_0000338800",0,0,0,0,0,0,0,0,0,0,"SPAL_contig0003427","",NA,NA,"A0A0N5BBH9","",NA,"",NA,"",NA,"",NA
"380","SPAL_0000338900",0,0,0,0,0,0,0,0,0,0,"SPAL_contig0003427","F-box domain-containing protein","F-box_dom, F-box-like_dom_sf","protein binding","A0A0N5BBI0","",NA,"",NA,"",NA,"",NA
"381","SPAL_0000338975",0,0,0,0,0,0,0,0,0,0,"SPAL_contig0000526","",NA,NA,"A0A0N5BBI1","",NA,"",NA,"",NA,"",NA
"382","SPAL_0000339100",0,0.107495765293211,0,0,0.0674457121792269,0,0.129221712550699,0,0,0,"SPAL_contig0000526","ERCC4 domain-containing protein",NA,NA,"A0A0N5BBI3","",NA,"",NA,"SVE_0850900",29.7158,"",NA
"383","SPAL_0000339200",0,0,0,0,0,0,0,0,0,0,"SPAL_contig0000526","LAGLIDADG_2 domain-containing protein",NA,NA,"A0A0N5BBI4","",NA,"",NA,"",NA,"",NA
"384","SPAL_0000339300",0.0480242905132245,0.161313613486404,0,0.0270600076835325,0.033794013070975,0,0.193850726884929,0.0259550693093488,0.0818319936611185,0,"SPAL_contig0000526","C2 domain-containing protein",NA,NA,"A0A0N5BBI5","",NA,"",NA,"",NA,"",NA
"385","SPAL_0000339500",0.048648541984725,0.0927499936680967,0.0804491650767741,0.187280645096456,0.0326821387489356,0.0547868257202071,0,0,0,0,"SPAL_contig0003173","glucuronosyltransferase","UDP_glucos_trans","UDP-glycosyltransferase activity, membrane, glycosyltransferase activity, transferase activity, glucuronosyltransferase activity","A0A0N5BBI7","",NA,"",NA,"",NA,"",NA
"386","SPAL_0000339675",0.0967948170034947,0.0538515926623216,0.198915164773136,0,0.0669287569057096,0,0.129606900244812,0.076666817613033,0.203769634677109,0.0664867736517343,"SPAL_contig0000736","",NA,NA,"A0A0N5BBI8","",NA,"",NA,"",NA,"",NA
"387","SPAL_0000339700",0.0479621464021672,0.0268583317134112,0.0395410563228699,0.0541190791606708,0.0675531334081811,0,0.0645448761240297,0,0.0408837083259253,0.0661410785038738,"SPAL_contig0000736","C2H2-type domain-containing protein",NA,NA,"A0A0N5BBI9","",NA,"",NA,"SVE_1990600",4.02219,"",NA
"388","SPAL_0000339875",0,0,0,0.0271609662088253,0,0,0,0,0,0,"SPAL_scaffold0000090","",NA,NA,"A0A0N5BBJ1","",NA,"SRAE_0000079100 | WBGene00256550",34.7368,"SVE_1964200",0,"",NA
"389","SPAL_0000339900",0.0485725596852952,0.0270009601184145,0.119672142849122,0.0264526304413549,0.0334800890563804,0,0,0,0.163238094910332,0.13334117501186,"SPAL_scaffold0000090","",NA,NA,"A0A0N5BBJ2","SSTP_0000703100",0,"",NA,"",NA,"",NA
"390","SPAL_0000340000",0.048792421205147,0,0,0,0.0336514616206078,0,0,0.102663888959737,0,0,"SPAL_scaffold0000058","Helicase C-terminal domain-containing protein","Helicase_C, P-loop_NTPase",NA,"A0A0N5BBJ3","",NA,"",NA,"",NA,"",NA
"391","SPAL_0000340100",0.0483656797757416,0.0807854391362951,0.0397681225810478,0,0.0670231925640218,0,0.0648150412031166,0.102427517439033,0,0,"SPAL_scaffold0000058","BTB domain-containing protein","BTB/POZ_dom, SKP1/BTB/POZ_sf","protein binding","A0A0N5BBJ4","",NA,"",NA,"",NA,"",NA
"392","SPAL_0000340200",0,0.0856543716999849,0,0.0270348793061851,0,0.0276640933089219,0,0.0252229418182386,0,0,"SPAL_scaffold0000058","",NA,NA,"A0A0N5BBJ5","",NA,"",NA,"",NA,"",NA
"393","SPAL_0000341825",0,0,0,0,0,0,0,0,0.427554034708828,0,"SPAL_scaffold0000058","","Transthyretin-like_sf",NA,"A0A0N5BBL2","",NA,"",NA,"SVE_0897600",62.3529,"",NA
"394","SPAL_0000342000",0,0.0343437565574319,0,0,0,0.0361987864385367,0.072231125780515,0.0324773542850684,0,0,"SPAL_contig0001918","CCHC-type domain-containing protein","Znf_CCHC, Aspartic_peptidase_AS, Peptidase_A2_cat, Retropepsins, Peptidase_aspartic_dom_sf, Znf_CCHC_sf","aspartic-type endopeptidase activity, nucleic acid binding, proteolysis, zinc ion binding, hydrolase activity, cytoplasm, enzyme binding","A0A0N5BBL4","",NA,"",NA,"SVE_0871400",42.5331,"",NA
"395","SPAL_0000343700",0,0.0550026303075804,0,0,0,0,0.0639270780437765,0,0.0402720234793514,0,"SPAL_contig0000820","Mariner Mos1 transposase","RNaseH_sf","nucleic acid binding","A0A0N5BBN1","SSTP_0000703300",58.8235,"",NA,"",NA,"",NA
"396","SPAL_0000344000",0.0524922677933349,0.0715776156987243,0.126325986124641,0.115075133238034,0.0365170427610035,0.0282920368679044,0.254880828800217,0.273141934630679,0,0,"SPAL_contig0000268","Reverse transcriptase domain-containing protein","RT_dom, Integrase_cat-core, RNaseH-like_sf, RNaseH_sf, RT_RNaseH_2, Integrase_H2C2, Rev_trsase/Diguanyl_cyclase, DNA/RNA_pol_sf","DNA integration, nucleic acid binding, DNA biosynthetic process, DNA-directed DNA polymerase activity, DNA polymerase complex","A0A0N5BBN4","",NA,"",NA,"",NA,"",NA
"397","SPAL_0000344100",0.0481805018886637,0.0807976873619277,0.119070396572614,0.0808911393236114,0.0675266411443378,0.0281821919933309,0,0.0517957197721486,0.0818770907686023,0.132761667078361,"SPAL_contig0000268","FBD domain-containing protein",NA,NA,"A0A0N5BBN5","SSTP_0000289600",19.0184,"",NA,"SVE_0597500",53.9877,"",NA
"398","SPAL_0000346000",0,0.0908032727272036,0,0,0.0418048813259314,0.0281466188705877,0,0.129538930478395,0,0,"SPAL_contig0000235","7TM_GPCR_Srx domain-containing protein",NA,"membrane","A0A0N5BBQ4","",NA,"",NA,"",NA,"",NA
"399","SPAL_0000348875",0,0.0556106092164003,0,0,0,0.0278150605234613,0,0.0512387651021697,0,0,"SPAL_contig0000855","Cytochrome b561 domain-containing protein",NA,"membrane","A0A0N5BBT2","SSTP_0001129550",64.3564,"SRAE_X000025200 | WBGene00265808",70.297,"SVE_0113600",88.1188,"",NA
"400","SPAL_0000348900",0,0,0,0,0,0,0,0.0780489071171354,0,0,"SPAL_contig0000855","",NA,NA,"A0A0N5BBT3","",NA,"",NA,"",NA,"",NA
"401","SPAL_0000349000",0.0969314772501956,0,0.0398493105233067,0.0266056646119796,0.0335710140179859,0,0,0,0.0408622215766789,0.0666129820824232,"SPAL_contig0000855","",NA,NA,"A0A0N5BBT4","",NA,"",NA,"SVE_1786100",34.7305,"",NA
"402","SPAL_0000349100",0,0.0314424409718151,0,0,0,0,0.0553165176463054,0,0,0,"SPAL_contig0002302","",NA,NA,"A0A0N5BBT5","",NA,"",NA,"",NA,"",NA
"403","SPAL_0000349250",0,0,0,0,0,0,0,0,0,0,"SPAL_scaffold0000056","",NA,"membrane","A0A0N5BBT7","",NA,"",NA,"",NA,"",NA
"404","SPAL_0000349400",0,0.0277622121935912,0,0.026566518601573,0,0.0277553266038805,0,0,0.0826725430165461,0,"SPAL_scaffold0000056","DDE_Tnp_IS1595 domain-containing protein","Tnp_ISXO2-like",NA,"A0A0N5BBT9","SSTP_0000943400",28.2828,"",NA,"",NA,"",NA
"405","SPAL_0000350325",0.0489810598398432,0,0,0.165417869972522,0,0.0841942684571667,0.193839548575614,0.101164980918564,0.122650835112267,0,"SPAL_scaffold0000056","Ovule protein",NA,NA,"A0A0N5BBU9","",NA,"",NA,"",NA,"",NA
"406","SPAL_0000351025",0,0.027630143114438,0,0,0,0.0273141906698293,0.0647881899978173,0,0,0.0663651209860018,"SPAL_scaffold0000056","",NA,NA,"A0A0N5BBW0","SSTP_0001243800",18.8889,"",NA,"SVE_0325200",72.2222,"",NA
"407","SPAL_0000351300",0,0.0537244257600155,0,0,0,0,0,0,0.0408711812942158,0,"SPAL_contig0000608","SERPIN domain-containing protein","RNaseH-like_sf",NA,"A0A0N5BBW3","",NA,"",NA,"",NA,"",NA
"408","SPAL_0000351400",0,0.0374249649087859,0,0,0,0,0,0.0257587441113885,0,0.0664775508200344,"SPAL_contig0000295","",NA,NA,"A0A0N5BBW4","",NA,"",NA,"",NA,"",NA
"409","SPAL_0000351500",0,0,0,0.0271024330012109,0,0,0,0.0988146985578618,0.0410107478072875,0,"SPAL_contig0000295","Ribonuclease H",NA,NA,"A0A0N5BBW5","SSTP_0000832900",59.4542,"",NA,"SVE_0721400",7.21248,"",NA
"410","SPAL_0000351700",0,0,0,0,0,0,0,0.0260163661187725,0,0,"SPAL_contig0000295","",NA,NA,"A0A0N5BBW7","",NA,"",NA,"SVE_1124900",29.3173,"",NA
"411","SPAL_0000351800",0,0,0,0,0,0,0,0.0520326511520335,0,0,"SPAL_contig0000295","Protein kinase domain-containing protein","Prot_kinase_dom, Kinase-like_dom_sf, Protein_kinase_ATP_BS","protein kinase activity, protein phosphorylation, ATP binding, nucleotide binding","A0A0N5BBW8","",NA,"",NA,"SVE_0770800",46.1187,"",NA
"412","SPAL_0000351900",0,0,0,0,0,0,0,0.0780489907470979,0,0,"SPAL_contig0000295","",NA,NA,"A0A0N5BBW9","SSTP_0000065200",36.8966,"",NA,"SVE_0770600",53.7931,"",NA
"413","SPAL_0000352000",0,0.026861426409751,0.0790552302826677,0.108557166994685,0.135312202393414,0.0283453665481207,0,0.0260055940548789,0.0409141614844393,0,"SPAL_contig0000295","Reverse transcriptase domain-containing protein","RT_dom, Integrase_cat-core, Aspartic_peptidase_AS, RNaseH-like_sf, Peptidase_aspartic_dom_sf, dUTPase-like_sf, RNaseH_sf, RT_RNaseH_2, Integrase_H2C2, Rev_trsase/Diguanyl_cyclase, DNA/RNA_pol_sf","DNA integration, aspartic-type endopeptidase activity, nucleic acid binding, proteolysis, transferase activity, peptidase activity, nucleotidyltransferase activity, RNA-templated DNA biosynthetic process, RNA-directed DNA polymerase activity, DNA biosynthetic process, DNA-directed DNA polymerase activity, DNA polymerase complex","A0A0N5BBX0","SSTP_0000067100",19.5912,"",NA,"SVE_0292700",59.671,"",NA
"414","SPAL_0000354600",0,0,0,0.0266363544627326,0.0675407178868221,0,0.263937668346884,0.230980383380018,0.0413987286392964,0,"SPAL_contig0000407","Transposase",NA,NA,"A0A0N5BBZ6","",NA,"",NA,"SVE_0278000",87.7358,"",NA
"415","SPAL_0000354700",0.000130372019880437,0.167857328240207,0.183191239399961,0.063674029959786,0.0400431170545035,0.00592799457733701,0.146171186050845,0.200283978325399,0.0997963092441846,0,"SPAL_contig0000407","",NA,NA,"A0A0N5BBZ7","",NA,"",NA,"",NA,"",NA
"416","SPAL_0000354900",0,0.0404224811903481,0,0,0.0167512091426867,0,0.0324289209729695,0,0,0,"SPAL_scaffold0000025","",NA,NA,"A0A0N5BBZ9","",NA,"",NA,"",NA,"",NA
"417","SPAL_0000355000",0.096399729663779,0,0.198526603644673,0.0809069356959212,0,0.0281879488872586,0,0,0.0409515896315161,0,"SPAL_scaffold0000025","",NA,NA,"A0A0N5BC00","SSTP_0000443500",24.8447,"SRAE_0000044600 | WBGene00256190",24.8447,"SVE_0607800",25.4658,"",NA
"418","SPAL_0000355100",0,0.161288151817464,0,0.0271305856810925,0.0676704720681005,0,0,0.052008619388028,0,0,"SPAL_scaffold0000025","C2H2-type domain-containing protein","Znf_C2H2_type",NA,"A0A0N5BC01","",NA,"",NA,"",NA,"",NA
"419","SPAL_0000357333",0.0490308383139857,0.164114180561954,0.0805413364323659,0.0264124731095932,0,0.0276000477004936,0.13067517202458,0.101850183789422,0.0410156618096657,0,"SPAL_scaffold0000025","DUF58 domain-containing protein",NA,NA,"A0A0N5BC23","",NA,"",NA,"SVE_1926700",63.7168,"",NA
"420","SPAL_0000357366",0.183607751397563,0.197803617131421,0.0782041375220494,0.109964109769434,0,0.028076654663726,0,0,0,0,"SPAL_scaffold0000025","",NA,NA,"A0A0N5BC24","",NA,"",NA,"",NA,"",NA
"421","SPAL_0000360500",0,0.108543026779273,0,0,0,0,0,0.0772090754104483,0,0,"SPAL_contig0001125","",NA,NA,"A0A0N5BC56","",NA,"",NA,"",NA,"",NA
"422","SPAL_0000361600",0,0.0646127294235152,0,0.0230193059784236,0.00698553488792306,0,0,0,0,0,"SPAL_contig0002895","Tnp_zf-ribbon_2 domain-containing protein","PGBD4_C_Znf-ribbon",NA,"A0A0N5BC68","",NA,"",NA,"",NA,"",NA
"423","SPAL_0000361700",0,0.0811433851157869,0.119793632796945,0.0535241011050947,0.0674209609247064,0.139984802786372,0,0,0.123007368431842,0.0667586086001594,"SPAL_contig0002895","DUF438 domain-containing protein",NA,NA,"A0A0N5BC69","SSTP_0000454500",0,"",NA,"SVE_1850900",59.2391,"",NA
"424","SPAL_0000363200",0,0.0565936304221658,0.0789290348692506,0.0800865797196939,0,0,0,0,0.0395353783331184,0,"SPAL_contig0000223","F-box domain-containing protein","F-box_dom, F-box-like_dom_sf","protein binding","A0A0N5BC85","",NA,"",NA,"SVE_1637600",51.5152,"",NA
"425","SPAL_0000363500",0.0451618270282981,0.0284768620755133,0,0,0,0,0,0,0,0,"SPAL_contig0002538","",NA,NA,NA,"",NA,"",NA,"",NA,"",NA
"426","SPAL_0000363700",0,0,0.0800052716896789,0,0,0,0,0.0256847918292988,0,0,"SPAL_contig0000311","Cystatin domain-containing protein",NA,NA,"A0A0N5BC89","",NA,"",NA,"SVE_1787300",68.5897,"",NA
"427","SPAL_0000364300",0,0,0,0,0,0,0,0,0,0,"SPAL_contig0004177","Serpentine receptor class gamma","7TM_GPCR_serpentine_rcpt_Srg","transmembrane signaling receptor activity, sensory perception of chemical stimulus, membrane","A0A0N5BC95","",NA,"",NA,"",NA,"",NA
"428","SPAL_0000364600",0,0.053686377678988,0,0,0,0,0,0,0,0,"SPAL_contig0000569","F-box domain-containing protein",NA,NA,"A0A0N5BC98","",NA,"",NA,"",NA,"",NA
"429","SPAL_0000364700",0,0.0304879525946003,0,0.02708413910791,0.0338445013212789,0.0316133981375978,0,0.103945083752494,0.2459428840132,0,"SPAL_contig0000569","Asp_protease domain-containing protein","Peptidase_aspartic_DDI1-type, Peptidase_aspartic_dom_sf","aspartic-type endopeptidase activity, proteolysis","A0A0N5BC99","",NA,"",NA,"SVE_1859000",13.6821,"",NA
"430","SPAL_0000364800",0,0,0,0,0,0,0,0,0,0,"SPAL_contig0000569","DDE_3 domain-containing protein","RNaseH_sf","nucleic acid binding","A0A0N5BCA0","SSTP_0001270000",59.7015,"",NA,"",NA,"",NA
"431","SPAL_0000364900",0,0,0,0,0,0,0,0,0,0,"SPAL_contig0001759","NADP-dependent oxidoreductase",NA,NA,"A0A0N5BCA1","",NA,"",NA,"",NA,"",NA
"432","SPAL_0000365300",0,0.135005197277125,0,0.0270385403972398,0.033853243021821,0.0282599266817632,0,0.0259682054526918,0.0820896267044134,0,"SPAL_contig0001170","7TM_GPCR_Srx domain-containing protein",NA,"membrane","A0A0N5BCA5","",NA,"",NA,"",NA,"",NA
"433","SPAL_0000365400",0,0.0269678745448466,0,0.0270312542110641,0,0,0,0.0259548669562859,0.0410032914469658,0,"SPAL_contig0001170","RNase H domain-containing protein","RNaseH_domain, RNaseH-like_sf, RNaseH_sf","RNA-DNA hybrid ribonuclease activity, nucleic acid binding, RNA phosphodiester bond hydrolysis, endonucleolytic","A0A0N5BCA6","",NA,"SRAE_0000054200 | WBGene00256288",19.7222,"",NA,"",NA
"434","SPAL_0000365700",0,0,0,0,0,0,0.0216039592155322,0,0.092331205221279,0,"SPAL_contig0003889","",NA,NA,"A0A0N5BCA9","",NA,"",NA,"SVE_0901800",63.6364,"",NA
"435","SPAL_0000365900",0,0.0280466113208417,0,0.0265712403000488,0.0165533026777712,0,0,0,0.040911144801187,0,"SPAL_contig0000456","",NA,NA,"A0A0N5B3I6","",NA,"",NA,"",NA,"",NA
"436","SPAL_0000366100",0,0.0270445995441155,0.0399072424132559,0,0.0667490491944715,0,0,0,0.122170611215228,0,"SPAL_contig0001207","Pv-fam-g protein",NA,NA,"A0A0N5BCB2","",NA,"",NA,"",NA,"",NA
"437","SPAL_0000366300",0.144346921219366,0.0269094915139132,0.0396451526787748,0,0.0675278458893465,0.0846100490984935,0,0.025909384120582,0.122758989979049,0,"SPAL_contig0001296","Speckle-type POZ protein","BTB/POZ_dom, MATH/TRAF_dom, TRAF-like, SKP1/BTB/POZ_sf","protein binding","A0A0N5BCB4","",NA,"",NA,"",NA,"",NA
"438","SPAL_0000369000",0,0,0,0,0,0,0,0,0,0,"SPAL_contig0002707","Reverse transcriptase domain-containing protein","RT_dom, DNA/RNA_pol_sf",NA,"A0A0N5BCE1","",NA,"",NA,"SVE_1928000",71.6667,"",NA
"439","SPAL_0000369500",0,0,0,0,0,0,0,0,0,0,"SPAL_contig0000554","CCHC-type domain-containing protein","Znf_CCHC_sf","nucleic acid binding, zinc ion binding","A0A0N5BCE6","SSTP_0000947000",14.8541,"",NA,"SVE_1063100",49.3369,"",NA
"440","SPAL_0000369600",0,0,0.0394916782679004,0,0,0,0,0,0,0,"SPAL_contig0000554","RT_RNaseH_2 domain-containing protein","RT_RNaseH_2, Rev_trsase/Diguanyl_cyclase, DNA/RNA_pol_sf",NA,"A0A0N5BCE7","",NA,"",NA,"SVE_0234200",19.3069,"",NA
"441","SPAL_0000371100",0.0485555378707332,0.460144234539226,0.0398989469993737,0.0785756677663282,0,0,0.064745776374487,0,0,0,"SPAL_scaffold0000071","Btz domain-containing protein",NA,NA,"A0A0N5BCG2","",NA,"",NA,"",NA,"",NA
"442","SPAL_0000371200",0,0,0,0,0.0126513023916109,0.0166330980112659,0,0.0134232838145385,0,0,"SPAL_contig0002900","O-antigen ligase RfaL",NA,"membrane","A0A0N5BCG3","",NA,"",NA,"",NA,"",NA
"443","SPAL_0000371275",0.0487667999200302,0.135971950683899,0,0,0.0333914399690108,0,0.45527028370625,0.228383851559033,0.0408324940862592,0,"SPAL_contig0003760","",NA,NA,"A0A0N5BCG4","",NA,"",NA,"SVE_0596000",40.1709,"",NA
"444","SPAL_0000371300",0.0564257478919115,3.93498640192419e-09,0,0.0321670862424495,0,0,0.25342823238994,0,0,0.149906740887244,"SPAL_contig0003760","Ovule protein",NA,NA,"A0A0N5BCG5","",NA,"",NA,"",NA,"",NA
"445","SPAL_0000371525",0.0487460341019131,0.027373840078587,0.0401388442386713,0,0.0331112995513698,0,0.0648532280145866,0.206668712152208,0.0407168668956522,0,"SPAL_contig0000487","Glutamate decarboxylase","PyrdxlP-dep_de-COase, PyrdxlP-dep_Trfase_major, PyrdxlP-dep_Trfase","carboxylic acid metabolic process, pyridoxal phosphate binding, catalytic activity, lyase activity, carbon-carbon lyase activity","A0A0N5BCG8","",NA,"SRAE_2000082000 | WBGene00261020",80.8081,"SVE_0419800",93.9394,"unc-25 | WBGene00006762",70.7071
"446","SPAL_0000371800",0,0,0,0,0.0338076753534899,0.0281198133311455,0.0651452502174462,0.129388522494066,0.0410826819647372,0,"SPAL_contig0000083","COesterase domain-containing protein","CarbesteraseB, AB_hydrolase","membrane","A0A0N5BCH1","",NA,"",NA,"",NA,"",NA
"447","SPAL_0000371900",0,0.0272806420648526,0,0,0.101151607027824,0.0556256875892586,0.0654982387354429,0.0513152366380731,0.041119892134905,0,"SPAL_contig0000083","COesterase domain-containing protein",NA,NA,"A0A0N5BCH2","",NA,"",NA,"SVE_0227400",42.7481,"",NA
"448","SPAL_0000373600",0,0.191639875026505,0.0791271547771705,0.0812837778498738,0.0676195669538862,0.0566070282086074,0,0,0.122750246869849,0.13235940902574,"SPAL_scaffold0000009","RNA-directed DNA polymerase","RT_dom, Peptidase_aspartic_dom_sf, RT_RNaseH, Rev_trsase/Diguanyl_cyclase, DNA/RNA_pol_sf",NA,"A0A0N5BCJ0","",NA,"SRAE_0000074200 | WBGene00256499",22.0623,"",NA,"",NA
"449","SPAL_0000373700",0.0480363085453852,0.0287257552043333,0,0,0,0,0.09682933073757,0.129326085152762,0,0,"SPAL_scaffold0000009","",NA,NA,NA,"",NA,"",NA,"",NA,"",NA
"450","SPAL_0000380300",0,0.0539626204931061,0.0398435084372346,0,0.0335920374624852,0,0.259748551170143,0.231057948818672,0.0817495619165174,0,"SPAL_scaffold0000009","Fam-c protein",NA,NA,"A0A0N5BCQ8","",NA,"",NA,"SVE_0814000",72.2543,"",NA
"451","SPAL_0000384800",0,0,0,0,0,0,0,0.0295254225338001,0.122952271297555,0,"SPAL_scaffold0000009","Zinc metalloproteinase","Peptidase_M12A, Peptidase_Metallo, Metallopeptidase_nem, MetalloPept_cat_dom_sf, Astacin-like_dom","molting cycle, collagen and cuticulin-based cuticle, metalloendopeptidase activity, metallopeptidase activity, proteolysis, zinc ion binding, hydrolase activity, metal ion binding, peptidase activity, extracellular region","A0A0N5BCV3","SSTP_0000809200",42.1053,"",NA,"SVE_0784700",80.8612,"",NA
"452","SPAL_0000386800",0,0.0134215904932574,0,0,0,0,0,0,0,0,"SPAL_contig0000073","Glyco_hydro_30C domain-containing protein","Glyco_hydro_b, GH30_C",NA,"A0A0N5BCX4","",NA,"",NA,"",NA,"",NA
"453","SPAL_0000387750",0,0.254778840330987,0,0.0298018930340151,0.149610656205746,0.0913236746218708,0,0.0255532851270821,0.165437609780867,0.0674864226181834,"SPAL_contig0000073","Ovule protein",NA,NA,"A0A0N5BCY4","",NA,"",NA,"SVE_2013700",37.5,"",NA
"454","SPAL_0000390175",0.146160199764918,0.0542216450617178,0.0769759425994629,0.132500996423817,0,0.0551472915060039,0.0650143867950824,0,0,0.467186583828201,"SPAL_contig0000197","RNA-directed DNA polymerase, eukaryota, reverse transcriptase zinc-binding domain protein",NA,NA,"A0A0N5BD09","",NA,"",NA,"",NA,"",NA
"455","SPAL_0000391400",0,0.0269573405939022,0.0796405266383284,0,0,0,0.194542160952628,0.305596960416157,0.162937083952838,0.0665566944826827,"SPAL_contig0000197","",NA,NA,"A0A0N5BD22","SSTP_0000381100",21.831,"",NA,"",NA,"",NA
"456","SPAL_0000391475",0,0.0539721783141065,0,0,0,0.0564438716940687,0,0.0259372801365988,0.164056274898,0,"SPAL_contig0000300","DDE_Tnp_1_7 domain-containing protein","PGBD",NA,"A0A0N5BD23","",NA,"",NA,"",NA,"",NA
"457","SPAL_0000391500",0,0,0.0395917550391204,0,0.0674214791138979,0,0.0646092549482818,0,0.0408591114860337,0,"SPAL_contig0000300","DNA-directed RNA polymerase",NA,NA,"A0A0N5BD24","",NA,"",NA,"SVE_1920700",37.8747,"",NA
"458","SPAL_0000391600",0,0,0,0,0,0,0,0,0,0,"SPAL_scaffold0000099","ShKT domain-containing protein","ShKT_dom",NA,"A0A0N5BD25","",NA,"",NA,"",NA,"",NA
"459","SPAL_0000391700",0,0,0,0,0,0,0,0,0,0,"SPAL_scaffold0000099","Glycosyltransferase family 8 protein","DUF273, Nucleotide-diphossugar_trans",NA,"A0A0N5BD26","SSTP_0001117200",49.1525,"SRAE_2000448800 | WBGene00264720",46.8927,"SVE_0369800",68.0791,"F25H2.7 | WBGene00009121",24.2938
"460","SPAL_0000391800",0,0.0249614690053138,0.039428617693484,1.73180861171199e-08,0,0.0573586782510219,0,0,0,0,"SPAL_contig0000581","Transcriptional regulator",NA,NA,"A0A0N5BD27","",NA,"",NA,"",NA,"",NA
"461","SPAL_0000391900",0,0,0,0,0,0,0,0,0,0,"SPAL_contig0001686","MULE domain-containing protein","MULE_transposase_dom",NA,"A0A0N5BD28","",NA,"",NA,"",NA,"",NA
"462","SPAL_0000392100",0.0480300753931505,0,0,0,0.0337416832222216,0,0,0,0.220678244316205,0,"SPAL_contig0002251","SCP domain-containing protein","CRISP-related, CAP_domain, CAP_sf",NA,"A0A0N5BD30","",NA,"SRAE_2000076500 | WBGene00260965",16.0998,"SVE_0671900",26.0771,"",NA
"463","SPAL_0000392600",0,0.0301562036224861,0,0,0,0,0.0965879002560241,0.0536454654183948,0,0,"SPAL_scaffold0000075","",NA,NA,"A0A0N5BD35","SSTP_0000443300",54.8736,"",NA,"SVE_0114800",41.5162,"",NA
"464","SPAL_0000392700",0,0.0285220395835182,0,0.0382339521010461,0,0,0,0.0120994269422779,0,0,"SPAL_scaffold0000075","DDE_3 domain-containing protein","RNaseH_sf","nucleic acid binding","A0A0N5BD36","SSTP_0001270000",58.209,"",NA,"",NA,"",NA
"465","SPAL_0000393400",0.144937121145612,0.0808837032497245,0.0397720287448203,0.0268318898630358,0.0336997604316813,0.0561127601934974,0,0,0,0.199510776412362,"SPAL_contig0000368","","DUF229",NA,"A0A0N5BD43","SSTP_0000128400",71.179,"SRAE_2000337200 | WBGene00263594",69.869,"SVE_1739300",89.083,"F10C2.3 | WBGene00008644",40.1747
"466","SPAL_0000393500",0,0.0268432289128074,0,0,0,0,0,0,0,0,"SPAL_contig0000368","","DUF229",NA,"A0A0N5BD44","",NA,"",NA,"",NA,"",NA
"467","SPAL_0000394000",0,0.0271553907911631,0.0390386500926332,0,0,0,0,0,0,0,"SPAL_contig0001033","SPK domain-containing protein",NA,NA,"A0A0N5BD49","",NA,"",NA,"SVE_1898300",53.75,"",NA
"468","SPAL_0000394050",0,0.275154679679683,0,0.0795045778429376,0.0336378464853788,0,0.0656294947810094,0.127719745644125,0.0411778709545507,0,"SPAL_contig0001033","M132L",NA,"membrane","A0A0N5BD50","",NA,"",NA,"",NA,"",NA
"469","SPAL_0000397500",0,0,0,0,0,0,0,0,0,0,"SPAL_contig0000478","",NA,NA,"A0A0N5BD86","",NA,"",NA,"SVE_0217300",47.6821,"",NA
"470","SPAL_0000397600",0,0.0275010417363152,0.283109528159005,0.132510116935627,0.0672832879832648,0.138453726625185,0,0,0.164725213971166,0,"SPAL_contig0000478","",NA,NA,"A0A0N5BD87","",NA,"",NA,"",NA,"",NA
"471","SPAL_0000397700",0,0.136392531567325,0.040234444934062,0.0528756410523512,0.0335783905240907,0,0,0,0,0,"SPAL_contig0000478","",NA,NA,"A0A0N5BD88","",NA,"",NA,"",NA,"",NA
"472","SPAL_0000397800",0,0,0,0.0268372568314577,0.0339055121940194,0,0,0,0.0413021237087994,0,"SPAL_contig0000478","",NA,NA,"A0A0N5BD89","",NA,"",NA,"SVE_1246700",1.93548,"",NA
"473","SPAL_0000398400",0,0,0,0,0,0,0,0,0,0,"SPAL_contig0002077","C2H2-type domain-containing protein",NA,NA,"A0A0N5BD95","",NA,"",NA,"SVE_1671800",34.5912,"",NA
"474","SPAL_0000398700",0,0.13624791379383,0.120687167517425,0.0265626258963431,0.269430141460765,0.291558918379657,0.0654235299546092,0,0,0,"SPAL_contig0003468","Ion_trans_2 domain-containing protein","2pore_dom_K_chnl, K_chnl_dom","potassium ion transmembrane transport, potassium channel activity, membrane","A0A0N5BD98","SSTP_0000011300",87.0229,"SRAE_2000028000 | WBGene00260473",87.7863,"SVE_0171400",87.7863,"twk-48 | WBGene00010784",70.9924
"475","SPAL_0000398800",0,0,0,0,0,0,0,0,0,0,"SPAL_contig0002083","NTR domain-containing protein",NA,NA,"A0A0N5BD99","",NA,"",NA,"",NA,"",NA
"476","SPAL_0000399300",0,0.0630546742091547,0,0,0.0537520546059343,0.0280852549031817,0,0.0373974608609738,0.0668387003658249,0,"SPAL_contig0000147","HTH_48 domain-containing protein","Transposase_1, RNaseH_sf, Mos1_HTH","nucleic acid binding","A0A0N5BDA4","SSTP_0000811500",58.1522,"",NA,"SVE_1655400",54.8913,"",NA
"477","SPAL_0000399433",0.096233403905725,0.0269144902176542,0,0.0540157807246395,0.0337797150440636,0.0282232972519466,0.129411969705293,0.0259250125751429,0.0409322901035871,0.265261166018234,"SPAL_contig0000147","G_PROTEIN_RECEP_F1_2 domain-containing protein","7TM_GPCR_Srsx","membrane","A0A0N5BDA7","SSTP_0000379500",43.6409,"SRAE_0000009200 | WBGene00255829",46.8828,"SVE_1077400",26.4339,"",NA
"478","SPAL_0000401800",0,0.0268036382485343,0.0395282713415457,0,0,0,0,0,0,0.0661013051099923,"SPAL_contig0002410","protein-tyrosine-phosphatase","MPI_Phosphatase, Rhodanese-like_dom, Rhodanese-like_dom_sf","positive regulation of cell cycle G2/M phase transition, protein dephosphorylation, protein tyrosine phosphatase activity, hydrolase activity, cell division, cell cycle, phosphoprotein phosphatase activity","A0A0N5BDD2","",NA,"",NA,"SVE_0693500",65.6,"cdc-25.1 | WBGene00000386",36.4
"479","SPAL_0000406750",0,0.0567414380496147,0,0,0,0,0,0.0498737572887967,0,0.0652625095946232,"SPAL_contig0000184","",NA,NA,"A0A0N5BDI2","",NA,"",NA,"",NA,"",NA
"480","SPAL_0000407500",0,0,0.122204565524103,0.0267375778081728,0,0.0279401440635324,0,0,0,0,"SPAL_contig0000184","PINc domain-containing protein",NA,NA,"A0A0N5BDJ0","",NA,"",NA,"",NA,"",NA
"481","SPAL_0000407516",0,0,0.121859630574374,0.0833648760984556,0,0,0,0.0501798808155399,0.0405931391088261,0.0656346959401258,"SPAL_contig0000184","",NA,"membrane","A0A0N5BDJ1","",NA,"",NA,"",NA,"",NA
"482","SPAL_0000407532",0,0,0,0.026662566059801,0.033814229900765,0,0.0657225610420064,0,0,0,"SPAL_contig0000184","",NA,NA,"A0A0N5BDJ2","",NA,"",NA,"",NA,"",NA
"483","SPAL_0000407700",0,0,0,0,0,0,0,0,0,0,"SPAL_contig0002103","",NA,"membrane","A0A0N5BDJ4","SSTP_0000837200",37.3494,"",NA,"",NA,"",NA
"484","SPAL_0000407800",0,0.0438317028723747,0.197872456232768,0,0,0,0,0.116900210249916,0,0,"SPAL_contig0002103","Reverse transcriptase domain-containing protein","RT_dom, Rev_trsase/Diguanyl_cyclase, DNA/RNA_pol_sf",NA,"A0A0N5BDJ5","",NA,"SRAE_0000050300 | WBGene00256247",1.2963,"SVE_0324800",22.963,"",NA
"485","SPAL_0000407900",0.24265419648163,0.0279967367376479,0.0801211301374196,0.104357987862475,0,0,0,0,0.0405249056059289,0.165522120413301,"SPAL_contig0002293","Guanylate cyclase domain-containing protein","A/G_cyclase, Nucleotide_cyclase","cyclic nucleotide biosynthetic process, intracellular signal transduction, lyase activity","A0A0N5BDJ6","",NA,"",NA,"",NA,"",NA
"486","SPAL_0000408000",0.0966272829583088,0,0,0,0,0,0,0.282047895533208,0,0.0664305964040829,"SPAL_contig0002293","ANF_receptor domain-containing protein","ANF_lig-bd_rcpt, Peripla_BP_I","membrane","A0A0N5BDJ7","SSTP_0001143400",38.4615,"",NA,"",NA,"",NA
"487","SPAL_0000408100",0,0.0464125832418282,0,0,0,0,0,0.0201320746185801,0,0,"SPAL_contig0001876","Reverse transcriptase domain-containing protein","RT_dom, Rev_trsase/Diguanyl_cyclase, DNA/RNA_pol_sf",NA,"A0A0N5BDJ8","SSTP_0000843200",0,"SRAE_0000073700 | WBGene00256494",47.4638,"SVE_0830900",32.2464,"",NA
"488","SPAL_0000408200",0,0.0425153447251923,0,0,0,0,0,0,0,0,"SPAL_contig0001876","Integrase catalytic domain-containing protein","Integrase_cat-core, RNaseH-like_sf, RNaseH_sf, Integrase_H2C2, DNA/RNA_pol_sf","DNA integration, nucleic acid binding, DNA biosynthetic process, DNA-directed DNA polymerase activity, DNA polymerase complex","A0A0N5BDJ9","SSTP_0001270200",27.1663,"",NA,"SVE_0895200",27.1663,"",NA
"489","SPAL_0000408300",0,0.026843210873568,0,0,0,0,0,0,0,0,"SPAL_contig0002737","",NA,"membrane","A0A0N5BDK0","",NA,"",NA,"SVE_1107300",63.1579,"",NA
"490","SPAL_0000408400",0,0.0270509693614375,0,0.0539050080352881,0,0,0,0,0,0,"SPAL_contig0002737","DDE-1 domain-containing protein",NA,NA,"A0A0N5BDK1","",NA,"",NA,"SVE_1463800",46.281,"",NA
"491","SPAL_0000408500",0,0.0269152044968584,0.118973414863688,0.0269750497885196,0,0,0,0,0,0,"SPAL_contig0001541","Rep_fac-A_C domain-containing protein",NA,NA,"A0A0N5BDK2","",NA,"",NA,"",NA,"",NA
"492","SPAL_0000408600",0,0,0,0,0,0.0283122826154818,0,0.0264537461229299,0,0,"SPAL_contig0002868","HTH_48 domain-containing protein","WH-like_DNA-bd_sf, RNaseH_sf, Mos1_HTH","nucleic acid binding","A0A0N5BDK3","SSTP_0000004800",52.1277,"",NA,"",NA,"",NA
"493","SPAL_0000408700",0,0.186332996583524,0,0.0222580333813569,0,0,0,0,0,0,"SPAL_contig0004419","Integrase catalytic domain-containing protein","Integrase_cat-core, RNaseH-like_sf, RNaseH_sf, Integrase_H2C2","DNA integration, nucleic acid binding","A0A0N5BDK4","SSTP_0000986400",46.1538,"",NA,"",NA,"",NA
"494","SPAL_0000408800",0,0.0417842464336458,0.0617213235889996,0.0421997744016587,0.210955886651246,0.132441287918205,0,0.0811202366127514,0,0,"SPAL_contig0000509","Glycophorin-binding protein",NA,"membrane","A0A0N5BDK5","",NA,"",NA,"SVE_1086800",77.5229,"",NA
"495","SPAL_0000408900",0,0.0807466736084419,0.0793198674791908,0,0,0.0281851093074532,0,0.0776907173376003,0,0.0663316036826547,"SPAL_contig0001365","Metalloendopeptidase","Peptidase_M12A, Peptidase_Metallo, MetalloPept_cat_dom_sf, Astacin-like_dom","metalloendopeptidase activity, metallopeptidase activity, proteolysis, zinc ion binding, hydrolase activity, metal ion binding, peptidase activity","A0A0N5BDK6","SSTP_0000483500",40.5172,"",NA,"",NA,"",NA
"496","SPAL_0000409200",0,0,0,0.027160851832818,0,0,0,0,0,0,"SPAL_contig0000653","JmjC domain-containing protein","JmjC_dom",NA,"A0A0N5BDK9","",NA,"SRAE_X000095800 | WBGene00266521",36.1607,"SVE_1918300",43.3036,"jmjd-1.2 | WBGene00017920",25.8929
"497","SPAL_0000409300",0.0486713046894037,0,0.0799723221267781,0,0.0672010855082656,0.0556225156828754,0,0.0256418687368674,0.368418617824001,0.133678947094447,"SPAL_contig0000653","Integrase catalytic domain-containing protein","RNaseH-like_sf, RNaseH_sf","nucleic acid binding","A0A0N5BDL0","",NA,"",NA,"SVE_1851700",15.894,"",NA
"498","SPAL_0000409400",0.0958262256894755,0.0534852609628418,0,0,0,0,0,0,0,0,"SPAL_contig0002377","Reverse transcriptase domain-containing protein","RT_dom, Aspartic_peptidase_AS, Rev_trsase/Diguanyl_cyclase, DNA/RNA_pol_sf","aspartic-type endopeptidase activity, proteolysis","A0A0N5BDL1","",NA,"",NA,"",NA,"",NA
"499","SPAL_0000409600",0.0739637453739147,0.0548696920307347,0,0.128782641585273,0.0320895503017146,0.0276240916971185,0.0122671939639662,0.211780893305215,0.198932236174712,0.104513881928813,"SPAL_contig0002899","Glucuronosyltransferase",NA,NA,"A0A0N5BDL3","",NA,"",NA,"SVE_0335100",36.9369,"",NA
"500","SPAL_0000409700",0.0480353144228716,0.21504903335589,0,0,0.0675292363464711,0.141148572731641,0.0646153242998806,0,0.20448111712296,0,"SPAL_contig0000512","Reverse transcriptase domain-containing protein","RT_dom, Rev_trsase/Diguanyl_cyclase, DNA/RNA_pol_sf",NA,"A0A0N5BDL4","",NA,"SRAE_0000058000 | WBGene00256326",55.0725,"SVE_0838300",91.7184,"",NA
"501","SPAL_0000409800",0,0,0,0,0.0339095756251475,0.0279998492817551,0,0,0.0413370383340513,0,"SPAL_contig0000512","RT_RNaseH_2 domain-containing protein","Rev_trsase/Diguanyl_cyclase, DNA/RNA_pol_sf",NA,"A0A0N5BDL5","SSTP_0001071400",47.0588,"SRAE_0000058800 | WBGene00256334",0,"",NA,"",NA
"502","SPAL_0000409900",0,0.243544236265981,0.0399258464550682,0.107625024564128,0.135238719451641,0.0562739393154908,0,0.051775358164133,0.328563866037936,0,"SPAL_contig0000512","RNase H domain-containing protein","RNaseH_domain, RNaseH-like_sf, RNaseH_sf","RNA-DNA hybrid ribonuclease activity, nucleic acid binding, RNA phosphodiester bond hydrolysis, endonucleolytic","A0A0N5BDL6","",NA,"SRAE_0000058100 | WBGene00256327",48.1818,"SVE_1469500",64.0909,"",NA
"503","SPAL_0000410000",0,0,0,0,0,0.0283646065106823,0,0,0,0,"SPAL_contig0000512","HTH_48 domain-containing protein","Homeobox-like_sf, WH-like_DNA-bd_sf, RNaseH_sf, Mos1_HTH","nucleic acid binding","A0A0N5BDL7","SSTP_0000100600",50.6493,"",NA,"",NA,"",NA
"504","SPAL_0000410600",0,0.0812650331041597,0,0,0.0333707648438676,0,0,0,0.0407466738010147,0.0666220845322866,"SPAL_contig0000098","Transthyretin-like family protein","Transthyretin-like, Transthyretin-like_sf","cell surface, extracellular region","A0A0N5BDM3","",NA,"",NA,"",NA,"",NA
"505","SPAL_0000412800",0,0,0,0,0,0,0.063114181048728,0.0265818566094638,0,0,"SPAL_contig0002869","Rop family plasmid primer RNA-binding protein",NA,NA,"A0A0N5BDP5","",NA,"",NA,"",NA,"",NA
"506","SPAL_0000412900",0,0,0,0,0,0,0,0,0,0,"SPAL_contig0000772","DDE_3 domain-containing protein","RNaseH_sf","nucleic acid binding","A0A0N5BDP6","",NA,"",NA,"",NA,"",NA
"507","SPAL_0000413000",0,0,0.0398206687224395,0,0.0335508762712091,0,0,0,0,0,"SPAL_contig0000772","Reverse transcriptase domain-containing protein",NA,NA,"A0A0N5BDP7","SSTP_0001144300",0,"",NA,"SVE_1918800",82.1429,"",NA
"508","SPAL_0000413400",0.0482402595425341,0.0539052523483108,0.0397307321396283,0.0269368529558101,0.0337590354712676,0.0281578144816798,0.0648208268441173,0.155301620365417,0,0,"SPAL_contig0000731","DUF362 domain-containing protein",NA,NA,"A0A0N5BDQ1","SSTP_0000688600",18.75,"",NA,"SVE_1162200",51.3889,"",NA
"509","SPAL_0000413500",0,0.0809401203736935,0,0,0.0335939385872844,0,0.0649347015280146,0.0256759065534948,0,0.199816863882722,"SPAL_contig0000731","AAA_14 domain-containing protein",NA,NA,"A0A0N5BDQ2","",NA,"",NA,"",NA,"",NA
"510","SPAL_0000413600",0,0.0813789396173849,0,0,0.0337604894973738,0,0,0.05159695213621,0,0,"SPAL_contig0000731","",NA,NA,"A0A0N5BDQ3","",NA,"",NA,"",NA,"",NA
"511","SPAL_0000413700",0,0,0,0.0539758088520018,0,0,0.13015008452842,0.233498492890333,0,0,"SPAL_contig0000090","TIL domain-containing protein","TIL_dom, Ser_inhib-like_sf","negative regulation of peptidase activity, peptidase inhibitor activity, serine-type endopeptidase inhibitor activity, extracellular region","A0A0N5BDQ4","SSTP_0000648000",24.1245,"SRAE_2000522600 | WBGene00265486",28.7938,"SVE_0703100",60.3113,"",NA
"512","SPAL_0000415200",0,0.0269793795378464,0.0397690595968784,0.0269687656852831,0.0337959145537267,0.112763314733235,0.194652095601865,0.129564786879888,0,0,"SPAL_contig0000566","Helicase ATP-binding domain-containing protein","RNA-helicase_DEAD-box_CS, Helicase_C, DEAD/DEAH_box_helicase_dom, Helicase_ATP-bd, P-loop_NTPase","nucleic acid binding, ATP binding, hydrolase activity, nucleotide binding, RNA binding, helicase activity, P granule","A0A0N5BDR9","",NA,"",NA,"SVE_0765400",71.2329,"",NA
"513","SPAL_0000415700",0,0,0,0.0259316574047667,0.0796799046534756,0.0270389684556853,0,0.0248828219894502,0.0402197087789299,0,"SPAL_contig0002330","",NA,NA,"A0A0N5BDS4","",NA,"",NA,"",NA,"",NA
"514","SPAL_0000416975",0,0.188708280415921,0,0.132751805078576,0.0260091009877625,0.0475027745707698,0.218151709818006,0.0271812282749993,0.109935104617576,0,"SPAL_scaffold0000073","MBD domain-containing protein",NA,NA,"A0A0N5BDT9","",NA,"",NA,"",NA,"",NA
"515","SPAL_0000417100",0,0.0340178114050588,0.0395765651199356,0,0.0675398976116762,0,0.0859390386694908,0.0328330872909484,0.566083895777788,0,"SPAL_scaffold0000073","Reverse transcriptase domain-containing protein",NA,NA,"A0A0N5BDU1","SSTP_0000005800",18.8433,"SRAE_X000237300 | WBGene00267958",13.6194,"",NA,"",NA
"516","SPAL_0000417233",0,0,0,0,0,0,0,0,0.224949750836298,0,"SPAL_scaffold0000073","S-protein homolog",NA,NA,"A0A0N5BDU3","",NA,"",NA,"SVE_0201600",61.0687,"",NA
"517","SPAL_0000417266",0,0,0,0,0,0,0,0,0.224949750836298,0,"SPAL_scaffold0000073","S-protein homolog",NA,NA,"A0A0N5BDU3","",NA,"",NA,"SVE_0201600",61.0687,"",NA
"518","SPAL_0000417300",0,0.0268432355020123,0,0,0,0,0,0,0,0,"SPAL_scaffold0000073","CARD domain-containing protein",NA,NA,"A0A0N5BDU5","",NA,"",NA,"SVE_1330100",91.7431,"",NA
"519","SPAL_0000417400",0.0480474720817607,0,0.0396038050253064,0.0541083979381754,0,0,0,0.0778592882416702,0,0,"SPAL_contig0002563","Integrase catalytic domain-containing protein","RNaseH-like_sf, RNaseH_sf, RT_RNaseH_2, Integrase_H2C2, DNA/RNA_pol_sf","nucleic acid binding, DNA biosynthetic process, DNA-directed DNA polymerase activity, DNA polymerase complex","A0A0N5BDU6","SSTP_0000844300",29.1209,"",NA,"",NA,"",NA
"520","SPAL_0000417500",0,0,0,0,0,0,0,0,0.0565129329718721,0,"SPAL_contig0003730","DDE_Tnp_1_7 domain-containing protein","PGBD",NA,"A0A0N5BDU7","",NA,"",NA,"",NA,"",NA
"521","SPAL_0000417700",0,0.026863095180153,0,0,0,0,0,0,0.0407259285559902,0.072476568106834,"SPAL_contig0002749","C2H2-type domain-containing protein","Znf_C2H2_type",NA,"A0A0N5BDU9","SSTP_0000680300",44.9198,"",NA,"SVE_1937400",64.7059,"",NA
"522","SPAL_0000418100",0,0,0.083193600130245,0,0.0289539810358825,0,0,0.0201834568776941,0,0.0853423391072129,"SPAL_contig0003868","",NA,NA,"A0A0N5BDV3","",NA,"",NA,"",NA,"",NA
"523","SPAL_0000418200",0,0,0,0,0,0,0,0,0,0.0660650608480279,"SPAL_contig0003450","Retinitis pigmentosa GTPase regulator b",NA,NA,"A0A0N5BDV4","",NA,"",NA,"",NA,"",NA
"524","SPAL_0000418300",0,0.0269805742634473,0,0,0,0,0,0.0411846107044116,0.0436308107886107,0,"SPAL_contig0003115","Endo/exonuclease/phosphatase domain-containing protein","Endo/exonu/phosph_ase_sf",NA,"A0A0N5BDV5","",NA,"",NA,"SVE_0677200",20.5882,"",NA
"525","SPAL_0000418400",0,0,0,0,0,0,0,0,0,0,"SPAL_scaffold0000029","Integrase catalytic domain-containing protein","Integrase_cat-core, RNaseH-like_sf, RNaseH_sf, RT_RNaseH_2, Integrase_H2C2, DNA/RNA_pol_sf","DNA integration, nucleic acid binding, DNA biosynthetic process, DNA-directed DNA polymerase activity, DNA polymerase complex","A0A0N5BDV6","",NA,"",NA,"",NA,"",NA
"526","SPAL_0000424700",0,0,0,0,0,0,0,0,0,0,"SPAL_contig0000776","Serpentine receptor class gamma","7TM_GPCR_serpentine_rcpt_Srg, GPCR_Rhodpsn_7TM","transmembrane signaling receptor activity, sensory perception of chemical stimulus, membrane","A0A0N5BE20","",NA,"",NA,"",NA,"",NA
"527","SPAL_0000425100",0,0,0,0,0,0,0,0,0,0,"SPAL_contig0001503","AAA_lid_11 domain-containing protein","DHC_fam, AAA_lid_11, AAA_lid_11_sf","minus-end-directed microtubule motor activity, microtubule-based movement, dynein complex, dynein light intermediate chain binding, dynein intermediate chain binding","A0A0N5BE24","",NA,"",NA,"",NA,"",NA
"528","SPAL_0000425200",0,0,0,0,0.0338577942884941,0,0,0.0259951761392176,0,0,"SPAL_contig0001503","ATP-dependent DNA helicase","DNA_helicase_dom, DNA_helicase_pif1-like, P-loop_NTPase","telomere maintenance, helicase activity, DNA helicase activity, DNA repair, ATP binding, hydrolase activity, nucleotide binding, cellular response to DNA damage stimulus, DNA recombination, DNA duplex unwinding, ATP hydrolysis activity","A0A0N5BE25","",NA,"",NA,"SVE_0800800",65.0826,"",NA
"529","SPAL_0000426000",0.22858554344403,0.0269311264631035,0.158891128116487,0.0268216380116128,0,0,0.102307430342167,0.0865416217606945,0.0902654148302863,0,"SPAL_contig0002055","DUF4364 family protein",NA,NA,"A0A0N5BE33","",NA,"",NA,"",NA,"",NA
"530","SPAL_0000426100",0.0731173301680186,0.040835575971123,0,0,0.0166307605801993,0,0.318077794993103,0.145232999580281,0,0.196307842551682,"SPAL_contig0002055","Transcriptional regulator",NA,NA,"A0A0N5BE34","",NA,"",NA,"",NA,"",NA
"531","SPAL_0000426200",0,0,0,0,0,0.0283069096643404,0,0.052138755940036,0,0,"SPAL_contig0001347","DUF2922 domain-containing protein",NA,NA,"A0A0N5BE35","",NA,"",NA,"",NA,"",NA
"532","SPAL_0000426400",0.0845186006470082,0.0997502753524322,0,0.0115395531868049,0.209948453619697,0,0,0,0,0,"SPAL_contig0004431","Agmatinase",NA,NA,"A0A0N5BE37","",NA,"",NA,"",NA,"",NA
"533","SPAL_0000426700",0,0.0269203990735175,0,0,0,0,0.194248468152402,0.0258341176055418,0,0,"SPAL_contig0003181","",NA,NA,"A0A0N5BE40","",NA,"",NA,"SVE_0346400",34.5588,"",NA
"534","SPAL_0000426800",0,0.12362190122979,0.0396639382475468,0.0270304636320609,0.144694988003701,0.070836827561557,0.0647321609896616,0.156405248364815,0.0543314733285604,0,"SPAL_contig0001556","F-box domain-containing protein",NA,NA,"A0A0N5BE41","",NA,"SRAE_0000050300 | WBGene00256247",5.98086,"SVE_0324800",10.2871,"",NA
"535","SPAL_0000426900",0.0480388374654366,0.08065658982852,0,0.0270307366702543,0.03377562899388,0,0.0646236061905025,0.0518680756663055,0,0.132452812709318,"SPAL_contig0003504","Reverse transcriptase domain-containing protein","RT_dom, Rev_trsase/Diguanyl_cyclase, DNA/RNA_pol_sf",NA,"A0A0N5BE42","SSTP_0000811300",21.3439,"",NA,"SVE_1228500",65.2174,"",NA
"536","SPAL_0000427000",0,0.0998179035597273,0,0.044042878988986,0,0.0281840790744772,0,0,0.0547331734299455,0.133008524778407,"SPAL_contig0002253","ULP_PROTEASE domain-containing protein","Peptidase_C48_C, Papain-like_cys_pep_sf, Nep1/2-like","cysteine-type peptidase activity, proteolysis, deNEDDylase activity","A0A0N5BE43","",NA,"",NA,"",NA,"",NA
"537","SPAL_0000427100",0,0.0690014498101821,0,0.258557348930106,0.0260647811635555,0.00415539036522474,0,0.0122523481373342,0.0540191458031245,0.040779697748197,"SPAL_contig0004338","RING-type domain-containing protein","Znf_RING, Znf_RING/FYVE/PHD, Znf-RING_euk","metal ion binding","A0A0N5BE44","",NA,"",NA,"SVE_0636800",77.5862,"",NA
"538","SPAL_0000427400",0,0,0,0,0,0,0,7.55038084254639e-05,0.0411216810717832,0,"SPAL_contig0004407","CCHC-type domain-containing protein","Znf_CCHC, Aspartic_peptidase_AS, Peptidase_aspartic_dom_sf, Znf_CCHC_sf","aspartic-type endopeptidase activity, nucleic acid binding, proteolysis, zinc ion binding, cytoplasm, enzyme binding","A0A0N5BE47","",NA,"",NA,"",NA,"",NA
"539","SPAL_0000427500",0.0486682981444309,0.123134378749565,0.0400015989850396,0.0266407432421427,0.0672865372249732,0,0,0.287131849981522,0,0,"SPAL_contig0002459","",NA,NA,"A0A0N5BE48","",NA,"SRAE_0000052500 | WBGene00256271",57.5949,"",NA,"",NA
"540","SPAL_0000429850",0,0,0,0,0,0,0,0,0,0,"SPAL_contig0000065","CPBP family intramembrane metalloprotease",NA,"membrane","A0A0N5BE74","",NA,"",NA,"",NA,"",NA
"541","SPAL_0000430900",0,0,0,0,0,0,0,0,0.0817997024961218,0,"SPAL_contig0000496","Fmp27_GFWDK domain-containing protein","FMP27/BLTP2/Hobbit_GFWDK_RBG",NA,"A0A0N5BE85","",NA,"",NA,"",NA,"",NA
"542","SPAL_0000431000",0,0,0,0,0,0,0,0,0,0.000646141183955455,"SPAL_contig0002379","ATP-dependent DNA helicase","DNA_helicase_pif1-like, P-loop_NTPase","telomere maintenance, DNA helicase activity, DNA repair, hydrolase activity, nucleotide binding, ATP binding, cellular response to DNA damage stimulus, DNA recombination, DNA duplex unwinding, helicase activity, ATP hydrolysis activity","A0A0N5BE86","",NA,"",NA,"SVE_0800800",62.6966,"",NA
"543","SPAL_0000435500",0,0.0268432826050158,0,0,0,0,0,0,0,0,"SPAL_contig0000325","Biogenesis of lysosome-related organelles complex 1 subunit 2",NA,NA,"A0A0N5BED2","",NA,"",NA,"SVE_1277800",92.7083,"",NA
"544","SPAL_0000435700",0.192656449845073,0.0269331711874148,0,0.026998894575863,0,0.0282160614174229,0.0647577091588545,0.0259231929230066,0.122853736834539,0,"SPAL_contig0000325","",NA,NA,"A0A0N5BED4","",NA,"",NA,"SVE_1278000",93.1129,"",NA
"545","SPAL_0000435900",0,0.0806497254832131,0,0,0.0337577061762605,0,0.129248027240649,0.372053759795429,0.195284839019492,0.0662288387412987,"SPAL_contig0000325","Reverse transcriptase domain-containing protein","RT_dom, Aspartic_peptidase_AS, Peptidase_aspartic_dom_sf, Rev_trsase/Diguanyl_cyclase, DNA/RNA_pol_sf","aspartic-type endopeptidase activity, proteolysis","A0A0N5BED6","",NA,"",NA,"SVE_1778800",16.8889,"",NA
"546","SPAL_0000436000",0,0,0,0,0.0675341521850635,0.0335654977667076,0.0650176563479711,0,0.0410188066843811,0,"SPAL_contig0000325","PLU-1-like domain protein",NA,NA,"A0A0N5BED7","",NA,"",NA,"SVE_1303000",83.1818,"",NA
"547","SPAL_0000436200",0,0.0269161792781355,0,0,0,0,0,0.0259458058301152,0,0,"SPAL_contig0003436","Helitron_like_N domain-containing protein",NA,NA,"A0A0N5BED9","SSTP_0000947000",15.3675,"",NA,"SVE_1063100",38.9755,"",NA
"548","SPAL_0000436300",0,0,0,0,0,0,0,0,0,0,"SPAL_contig0001929","HTH psq-type domain-containing protein",NA,NA,"A0A0N5BEE0","",NA,"",NA,"",NA,"",NA
"549","SPAL_0000436400",0,0.0540562154735769,0,0,0.067495794655639,0,0,0.0516646133859326,0.123028712269452,0,"SPAL_contig0001602","NR LBD domain-containing protein",NA,NA,"A0A0N5BEE1","",NA,"",NA,"",NA,"",NA
"550","SPAL_0000436500",0,0,0,0,0,0,0,0,0,0,"SPAL_contig0001602","Histone-lysine N-methyltransferase SETMAR","RNaseH_sf","nucleic acid binding","A0A0N5BEE2","",NA,"",NA,"SVE_0592700",52.9412,"",NA
"551","SPAL_0000437100",0.048317400931956,0,0.0397887950052837,0.350231397978766,0.0337831175625568,0.0844938523737896,0,0,0,0,"SPAL_contig0001592","",NA,NA,NA,"",NA,"",NA,"",NA,"",NA
"552","SPAL_0000437200",0,0,0,0,0,0,0,0,0,0,"SPAL_contig0001225","Group-specific protein",NA,NA,"A0A0N5BEE6","",NA,"",NA,"SVE_0813800",81.0127,"",NA
"553","SPAL_0000437300",0,0.108435748045997,0,0,0.068308027574809,0.085244000578218,0,0.0266973326855791,0,0,"SPAL_contig0001225","Dynein light chain",NA,NA,"A0A0N5BEE7","",NA,"",NA,"",NA,"",NA
"554","SPAL_0000438150",0,0.057096698184748,0,0,0,0,0.50882705394733,0.322693744565816,0,0,"SPAL_contig0000070","",NA,"membrane","A0A0N5BEF6","",NA,"",NA,"SVE_1200200",91.3043,"",NA
"555","SPAL_0000438900",0,0.0272558694618927,0,0.0263996953219368,0,0,0,0,0,0.066952784286382,"SPAL_contig0000070","Highly acidic protein",NA,NA,"A0A0N5BEG4","",NA,"",NA,"",NA,"",NA
"556","SPAL_0000439200",0,0,0,0,0,0,0,0,0.0204257582889666,0.0929969766621313,"SPAL_contig0002063","Translational GTPase TypA",NA,NA,"A0A0N5BEG7","",NA,"",NA,"",NA,"",NA
"557","SPAL_0000439500",0,0.107482967301289,0.079171297480044,0,0,0,0.0646022500149278,0.0258790164540624,0,0,"SPAL_contig0001154","Zonadhesin",NA,NA,"A0A0N5BEH0","",NA,"",NA,"",NA,"",NA
"558","SPAL_0000439600",0,0,0,0,0.0338298671688793,0,0,0,0,0,"SPAL_contig0004274","Biogenesis of lysosome-related organelles complex 1 subunit KXD1",NA,NA,"A0A0N5BEH1","",NA,"",NA,"SVE_1453700",67.9389,"",NA
"559","SPAL_0000439700",0,0,0,0,0,0,0,0,0,0,"SPAL_contig0000976","Glyco_hydro_30C domain-containing protein","Glyco_hydro_b, GH30_C",NA,"A0A0N5BEH2","",NA,"",NA,"",NA,"",NA
"560","SPAL_0000440100",0,0,0,0,0,0.0278362024436655,0.0658741539402456,0.153475647210411,0.0830047403385635,0,"SPAL_contig0000160","",NA,NA,"A0A0N5BEH6","",NA,"",NA,"",NA,"",NA
"561","SPAL_0000440400",0,0.0826793558079402,0,0.026594175469917,0,0,0,0.0256335397494957,0.413046632854635,0,"SPAL_contig0000160","",NA,NA,"A0A0N5BEH9","",NA,"",NA,"SVE_0647900",72.3214,"",NA
"562","SPAL_0000445600",0,0.055361221538564,0,0.0267727571364391,0.0339886327475317,0.0559698004025839,0,0.206638583975368,0,0,"SPAL_contig0000157","Selenoprotein",NA,"membrane","A0A0N5BEN2","SSTP_0000524100",30.1724,"",NA,"",NA,"",NA
"563","SPAL_0000445700",0,0.25319197121932,0,0.133552987983897,0.100897980560478,0.027811776068463,0,0.136456770247319,0.082915166544863,0,"SPAL_contig0001734","BACK domain-containing protein",NA,NA,"A0A0N5BEN3","",NA,"",NA,"SVE_0315200",57.7778,"",NA
"564","SPAL_0000445800",0,0.0538330926126189,0.198321041804206,0.0539157754442683,0,0,0,0,0.491012233060877,0,"SPAL_contig0001734","Speckle-type POZ protein (inferred by orthology to a human protein)","BTB/POZ_dom, MATH/TRAF_dom, TRAF-like, SKP1/BTB/POZ_sf","protein binding","A0A0N5BEN4","",NA,"",NA,"SVE_0320300",72.619,"",NA
"565","SPAL_0000446000",0,0.0538142984870732,0.0396332309718412,0.0540412708303354,0,0.0282348901755182,0.25873246063387,0,0.409279410563638,0,"SPAL_contig0002471","CCHC-type domain-containing protein","Znf_CCHC, Znf_CCHC_sf","nucleic acid binding, zinc ion binding, cytoplasm, enzyme binding","A0A0N5BEN5","",NA,"SRAE_0000066200 | WBGene00256411",19.3103,"SVE_1704500",9.88506,"",NA
"566","SPAL_0000446100",0,0.118768973155217,0.079359793584462,0.0660011426519528,0,0.0281907810466656,0.0757129004222393,0.0811345872240958,0.0496503745421724,0.0663644569769854,"SPAL_contig0002471","Reverse transcriptase domain-containing protein","RT_dom, DNA/RNA_pol_sf",NA,"A0A0N5BEN6","",NA,"SRAE_0000052500 | WBGene00256271",65,"SVE_0140500",11.7647,"",NA
"567","SPAL_0000446200",0,0,0,0.0271394804799,0,0.0283868359560349,0,0,0,0,"SPAL_contig0001331","Helitron_like_N domain-containing protein",NA,NA,"A0A0N5BEN7","SSTP_0000443100",0,"",NA,"SVE_0736700",0,"",NA
"568","SPAL_0000446700",0.0974302528625549,0,0,0,0,0,0,0.0521126580926391,0,0,"SPAL_contig0000289","DDE_Tnp_1_7 domain-containing protein",NA,NA,"A0A0N5BEP2","",NA,"",NA,"",NA,"",NA
"569","SPAL_0000446800",0,0,0,0,0,0,0,0,0,0,"SPAL_contig0000289","Reverse transcriptase domain-containing protein",NA,NA,"A0A0N5BEP3","",NA,"",NA,"SVE_1418500",56.8421,"",NA
"570","SPAL_0000446900",0,0.0653014199550928,0,0,0,0,0,0.0620031701249349,0,0,"SPAL_contig0000289","Integrase catalytic domain-containing protein","Integrase_cat-core, RNaseH-like_sf, RNaseH_sf, Integrase_H2C2","DNA integration, nucleic acid binding","A0A0N5BEP4","",NA,"",NA,"SVE_1418500",17.9039,"",NA
"571","SPAL_0000446975",0,0,0,0,0,0,0,0,0,0,"SPAL_contig0002699","",NA,NA,"A0A0N5BEP5","",NA,"",NA,"",NA,"",NA
"572","SPAL_0000447000",0,0,0,0,0,0,0,0,0,0,"SPAL_contig0002699","Histone-lysine N-methyltransferase SETMAR","RNaseH_sf","nucleic acid binding","A0A0N5BEP6","SSTP_0001073500",43.2836,"",NA,"SVE_1851100",31.3433,"",NA
"573","SPAL_0000447100",0,0.0269007960847913,0,0,0.0337576527230605,0,0,0,0,0,"SPAL_contig0002465","DDE_Tnp_1_7 domain-containing protein","PGBD",NA,"A0A0N5BEP7","",NA,"",NA,"",NA,"",NA
"574","SPAL_0000447200",0,0,0,0,0,0,0,0,0,0,"SPAL_contig0002731","Peptidase A2 domain-containing protein","Aspartic_peptidase_AS, Peptidase_aspartic_dom_sf","aspartic-type endopeptidase activity, proteolysis","A0A0N5BEP8","SSTP_0000066850",12.8713,"",NA,"",NA,"",NA
"575","SPAL_0000447300",0,0,0,0,0,0,0,0,0,0,"SPAL_contig0002731","DNA primase",NA,NA,"A0A0N5BEP9","SSTP_0000066850",46.3687,"",NA,"",NA,"",NA
"576","SPAL_0000447400",0,0.0128665679633716,0,0,0,0,0,0,0,0,"SPAL_contig0000605","Phage protein",NA,NA,"A0A0N5BEQ0","",NA,"",NA,"",NA,"",NA
"577","SPAL_0000447700",0,0.0538149043846058,0.046923229786761,0.059265486997833,0.0338141057544437,0,0,0.129987196014415,0,0,"SPAL_contig0000181","SWIM-type domain-containing protein","EGF-like_dom, Znf_SWIM","zinc ion binding","A0A0N5BEQ3","",NA,"",NA,"",NA,"",NA
"578","SPAL_0000447750",0,0.0539085079901484,0.159041939469302,0,0.0336942087932565,0.0280540766055952,0.194521504384707,0.0774191354695375,0.0409179987042869,0.0664848853121471,"SPAL_contig0000181","",NA,NA,"A0A0N5BEQ4","",NA,"",NA,"",NA,"",NA
"579","SPAL_0000448000",0,0.0542174221350973,0.039854988799823,0,0.0331209669342108,0,0.0646299200761493,0,0,0,"SPAL_contig0000181","Protein Vpu",NA,"membrane","A0A0N5BEQ7","",NA,"",NA,"SVE_1278700",38.8889,"",NA
"580","SPAL_0000448100",0.0487093643206757,0.0856286639751382,0.040346556894539,0.0809123467944833,0.032673898690561,0,0.128332800093753,0.17496747773062,0.0404788239067997,0,"SPAL_contig0000181","SPK domain-containing protein",NA,NA,"A0A0N5BEQ8","",NA,"",NA,"SVE_0031800",54.9296,"",NA
"581","SPAL_0000448200",0,0.027054973742718,0.0799128351199322,0,0.0336651998539961,0.0558412763518889,0,0.257218882792872,0.204871340701753,0.0667901448059596,"SPAL_contig0000181","Retrotrans_gag domain-containing protein",NA,NA,"A0A0N5BEQ9","SSTP_0001061500",24.4048,"",NA,"",NA,"",NA
"582","SPAL_0000448300",0.0961882881603553,0.080714531997006,0.158528690606819,0.0540175638281346,0.0337742615209477,0,0,0.0259233213586219,0.0409211992310474,0,"SPAL_contig0000181","SANT domain-containing protein",NA,"membrane","A0A0N5BER0","SSTP_0001195600",10.7656,"",NA,"",NA,"",NA
"583","SPAL_0000448400",0,0.0806206722680888,0.197946759543366,0,0,0,0,0.103534956772621,0.0817385742248292,0.132430865263681,"SPAL_contig0000181","Reverse transcriptase domain-containing protein","Peptidase_aspartic_dom_sf, Rev_trsase/Diguanyl_cyclase, DNA/RNA_pol_sf",NA,"A0A0N5BER1","SSTP_0000715400",16.8766,"",NA,"",NA,"",NA
"584","SPAL_0000448500",0.0484453263798692,0.0539768242411979,0,0,0.033636539114489,0,0,0.0257216118587477,0,0,"SPAL_contig0000181","Gag-pol polyprotein",NA,NA,"A0A0N5BER2","SSTP_0000987200",16.8478,"",NA,"",NA,"",NA
"585","SPAL_0000448600",0,0.055012655591668,0.0404520538365288,0.0265071578008347,0.0672963232232983,0,0,0.0510966620945664,0,0,"SPAL_contig0000181","",NA,NA,"A0A0N5BER3","",NA,"",NA,"",NA,"",NA
"586","SPAL_0000448700",0,0,0,0,0.0339786377571585,0,0,0.0259026396831488,0,0,"SPAL_contig0000181","DHC_N2 domain-containing protein",NA,NA,"A0A0N5BER4","",NA,"",NA,"",NA,"",NA
"587","SPAL_0000448800",0,0.0272956276540547,0,0.026712145522957,0,0,0,0,0,0,"SPAL_contig0000181","KxDL domain-containing protein",NA,NA,"A0A0N5BER5","",NA,"",NA,"",NA,"",NA
"588","SPAL_0000448900",0.0486387047004004,0.216285467510329,0.079845540100232,0,0.0668742712625018,0,0,0.0509078541422003,0,0,"SPAL_contig0000181","Prophage protein",NA,NA,"A0A0N5BER6","",NA,"",NA,"",NA,"",NA
"589","SPAL_0000448925",0,0.0535729830637502,0.0395753033740456,0,0,0,0,0,0,0,"SPAL_contig0000181","Neur_chan_LBD domain-containing protein",NA,NA,"A0A0N5BER7","",NA,"SRAE_0000079100 | WBGene00256550",28.6624,"SVE_1964200",0,"",NA
"590","SPAL_0000449500",0,0,0.0812183075630864,0.215138205536715,0.0339175215535043,0.111789006088965,0,0,0.209135001372037,0,"SPAL_scaffold0000088","BPI1 domain-containing protein","Lipid-bd_serum_glycop_N, Bactericidal_perm-incr_a/b_dom, BPI/LBP/Plunc","lipid binding","A0A0N5BES3","",NA,"",NA,"SVE_0059900",22.5,"",NA
"591","SPAL_0000449700",0,0,0,0,0.0865655612942247,0,0,0,0.0703178288797583,0.0421702555904505,"SPAL_contig0002328","",NA,NA,"A0A0N5BES5","",NA,"",NA,"SVE_0371800",44.7368,"",NA
"592","SPAL_0000449800",0,0,0,0,0,0,0,0,0,0,"SPAL_contig0001206","Reverse transcriptase domain-containing protein","RT_dom, DNA/RNA_pol_sf",NA,"A0A0N5BES6","",NA,"",NA,"SVE_1682100",50.0445,"",NA
"593","SPAL_0000449900",0,0,0.0404536228529655,0,0,0,0,0,0.039931955820761,0,"SPAL_contig0002574","(4Fe-4S)-binding protein",NA,NA,"A0A0N5BES7","",NA,"",NA,"",NA,"",NA
"594","SPAL_0000450450",0.144621491567374,0.026919185837459,0,0,0.0673745685321694,0.0561523607922663,0,0,0,0.0663825831933533,"SPAL_contig0000391","G_PROTEIN_RECEP_F1_2 domain-containing protein",NA,"membrane","A0A0N5BET3","SSTP_0001213300",46.5116,"SRAE_2000526100 | WBGene00265521",44.5736,"SVE_2006500",47.6744,"",NA
"595","SPAL_0000450500",0,0.0268432826050158,0,0,0,0,0,0,0,0,"SPAL_contig0000391","",NA,NA,"A0A0N5BET4","",NA,"",NA,"SVE_0878800",33.3333,"",NA
"596","SPAL_0000450800",0,0,0,0.0271216962641299,0,0,0,0.0260538465530309,0,0,"SPAL_contig0004211","RT_RNaseH_2 domain-containing protein","RT_RNaseH_2, Rev_trsase/Diguanyl_cyclase, DNA/RNA_pol_sf",NA,"A0A0N5BET7","",NA,"",NA,"SVE_0733400",29.8077,"",NA
"597","SPAL_0000451075",0,0,0.0802865026997521,0.0267213671183446,0,0,0,0,0,0,"SPAL_contig0000639","",NA,NA,"A0A0N5BEU0","",NA,"",NA,"",NA,"",NA
"598","SPAL_0000451100",0,0,0,0,0.067589361452744,0,0.0769008570562628,0.0518940309778754,0.0818634801239424,0,"SPAL_contig0000639","Peptidase A2 domain-containing protein","DNA/RNA_pol_sf",NA,"A0A0N5BEU1","",NA,"SRAE_0000063600 | WBGene00256384",22.9979,"SVE_0666900",26.2834,"",NA
"599","SPAL_0000451200",0,0,0,0,0,0,0.0644802941085717,0,0,0,"SPAL_contig0000639","Group-specific protein",NA,NA,"A0A0N5BEU2","",NA,"",NA,"",NA,"",NA
"600","SPAL_0000453800",0.0487333857297127,0,0,0,0.0331456314582678,0,0,0,0.040723847550241,0.0665414862015754,"SPAL_contig0000384","",NA,NA,"A0A0N5BEW9","",NA,"",NA,"",NA,"",NA
"601","SPAL_0000453900",0,0.107622146284977,0.0396397295241158,0.026981326059408,0.033757594946966,0,0.0646887119951805,0.28494216927521,0.0818256015576433,0.0662990694869634,"SPAL_contig0000384","",NA,NA,NA,"",NA,"",NA,"",NA,"",NA
"602","SPAL_0000454000",0,0.0537754131268938,0,0,0,0,0.258547747429945,0.207295611397509,0.0408975335291587,0,"SPAL_contig0000384","Astacin domain-containing protein","EGF-like_dom, Peptidase_M12A, MetalloPept_cat_dom_sf","metalloendopeptidase activity, metallopeptidase activity, proteolysis","A0A0N5BEX0","",NA,"",NA,"",NA,"",NA
"603","SPAL_0000454100",0,0,0.0398567535353471,0.0266798037078029,0,0,0,0,0.0409072458290861,0.0666343373815182,"SPAL_contig0001635","MutS_IV domain-containing protein","DNA_mismatch_repair_MutS_clamp, DNA_mismatch_repair_MutS_sf","mismatch repair, mismatched DNA binding, ATP binding","A0A0N5BEX1","",NA,"",NA,"",NA,"",NA
"604","SPAL_0000454400",0,0.107165487205719,0,0,0,0,0,0,0,0,"SPAL_contig0001917","Chromo domain-containing protein","Chromo/chromo_shadow_dom, Chromo-like_dom_sf, Chromo_domain",NA,"A0A0N5BEX4","SSTP_0000396200",32.1429,"SRAE_2000239200 | WBGene00262602",33.5714,"",NA,"",NA
"605","SPAL_0000454500",0,0,0.039491446425015,0,0,0,0,0,0,0,"SPAL_contig0001917","","Peptidase_S10, AB_hydrolase","serine-type carboxypeptidase activity, proteolysis","A0A0N5BEX5","",NA,"",NA,"",NA,"",NA
"606","SPAL_0000454800",0,0.0281858465297008,0,0,0.0331957247576072,0,0.0650847078023755,0.238285637894101,0,0.133440419492605,"SPAL_contig0002997","Guanylate cyclase domain-containing protein","A/G_cyclase, Nucleotide_cyclase","cyclic nucleotide biosynthetic process, intracellular signal transduction, lyase activity","A0A0N5BEX8","",NA,"",NA,"",NA,"",NA
"607","SPAL_0000455900",0,0.0537305430687877,0.0791562499577992,0,0,0,0.193768513338769,0.0517435367777531,0.0408547367877769,0.0661965715316552,"SPAL_contig0000960","",NA,NA,"A0A0N5BEY9","SSTP_0000575000",30.0771,"SRAE_1000210300 | WBGene00258715",29.3059,"SVE_1873100",42.6735,"",NA
"608","SPAL_0000456400",0,0,0,0,0,0,0,0,0,0,"SPAL_contig0003177","Secreted protein",NA,NA,"A0A0N5BEZ4","",NA,"",NA,"",NA,"",NA
"609","SPAL_0000456500",0,0,0,0,0,0.0277124031458172,0,0.0798943092935657,0,0,"SPAL_contig0000397","Nodule Cysteine-Rich (NCR) secreted peptide",NA,NA,"A0A0N5BEZ5","",NA,"",NA,"",NA,"",NA
"610","SPAL_0000457300",0,0.107677286151882,0.0396662448297906,0.0269687020015022,0,0,0.0647284613525504,0.210900749253477,0.0818491969083076,0,"SPAL_contig0000423","Reverse transcriptase domain-containing protein","Rev_trsase/Diguanyl_cyclase, DNA/RNA_pol_sf",NA,"A0A0N5BF03","SSTP_0000843100",19.7101,"",NA,"SVE_1277000",46.087,"",NA
"611","SPAL_0000457500",0,0.027041342646566,0.119660893086179,0.026924182731897,0,0.0281518951881151,0,0.0258951090488882,0.0821053521032878,0,"SPAL_contig0003664","AAA domain-containing protein","AAA+_ATPase, ATPase_AAA_core, P-loop_NTPase","ATP hydrolysis activity, ATP binding, membrane","A0A0N5BF05","",NA,"",NA,"",NA,"",NA
"612","SPAL_0000457600",0.0479684576400213,0.214648584901431,0.0395264342825005,0,0,0,0,0,0.122414465734354,0,"SPAL_contig0002472","Metalloendopeptidase","Peptidase_M12A, Peptidase_Metallo, MetalloPept_cat_dom_sf","metalloendopeptidase activity, metallopeptidase activity, proteolysis, zinc ion binding, hydrolase activity, metal ion binding, peptidase activity","A0A0N5BF06","",NA,"SRAE_X000142900 | WBGene00266997",42.4623,"SVE_0725800",57.7889,"",NA
"613","SPAL_0000457700",0,0.283788537266844,0.0395949490762242,0,0,0,0.078965551043253,0.0965424096946403,0.0408459721876074,0.0662220145290151,"SPAL_contig0000821","CCHC-type domain-containing protein","Znf_CCHC, Znf_CCHC_sf","nucleic acid binding, zinc ion binding, cytoplasm, enzyme binding","A0A0N5BF07","",NA,"",NA,"SVE_1046400",40.4762,"",NA
"614","SPAL_0000457800",0,0.026888548715004,0.0395933265761492,0,0.0337934317622319,0.0282674970030561,0.0646256972885012,0.0519060096957115,0.0409180894485388,0,"SPAL_contig0000821","Reverse transcriptase domain-containing protein","RT_dom, DNA/RNA_pol_sf",NA,"A0A0N5BF08","",NA,"SRAE_0000073600 | WBGene00256493",73.951,"SVE_1439400",0,"",NA
"615","SPAL_0000458500",0,0,0,0,0,0,0,0,0,0,"SPAL_contig0004186","Metalloendopeptidase","Peptidase_M12A, MetalloPept_cat_dom_sf","metalloendopeptidase activity, metallopeptidase activity, proteolysis, hydrolase activity, metal ion binding, peptidase activity","A0A0N5BF15","",NA,"",NA,"SVE_0367700",51.773,"",NA
"616","SPAL_0000458600",0,0.0541340286092988,0,0,0,0,0,0.0258015699115756,0,0,"SPAL_contig0000678","HEPN_AbiU2 domain-containing protein",NA,NA,"A0A0N5BF16","",NA,"",NA,"SVE_1228100",63.9785,"",NA
"617","SPAL_0000459000",0.0242298662557361,0,0.0198924137913019,0,0.016546580225578,0,0,0,0,0.0331208164900084,"SPAL_contig0001785","",NA,NA,"A0A0N5BF20","",NA,"",NA,"SVE_0901800",63.6364,"",NA
"618","SPAL_0000459100",0.240761831513355,0.0538248627354811,0.158655999202048,0.080783712530503,0,0.0562919498926055,0.0647185036093745,0,0.0818051377066598,0,"SPAL_contig0000412","ATP-dependent DNA helicase","DNA_helicase_pif1-like, P-loop_NTPase","telomere maintenance, DNA helicase activity, DNA repair, hydrolase activity, nucleotide binding, ATP binding, cellular response to DNA damage stimulus, DNA recombination, DNA duplex unwinding, helicase activity, ATP hydrolysis activity","A0A0N5BF21","",NA,"",NA,"",NA,"",NA
"619","SPAL_0000459200",0.239898956336639,0.0537451712137889,0.0395583062743815,0.307479949044148,0,0.0282983389923257,0.0645750578733938,0.077918326128077,0.0818210507051768,0,"SPAL_contig0000412","ATP-dependent DNA helicase","DNA_helicase_pif1-like, Helitron_helicase-like, P-loop_NTPase","telomere maintenance, DNA helicase activity, DNA repair, hydrolase activity, nucleotide binding, ATP binding, cellular response to DNA damage stimulus, DNA recombination, DNA duplex unwinding, helicase activity, ATP hydrolysis activity","A0A0N5BF22","SSTP_0000067400",4.97573,"",NA,"",NA,"",NA
"620","SPAL_0000459300",0,0.0537319568096385,0.118635523361675,0.0812921002370343,0,0,0,0,0.163621851039407,0,"SPAL_contig0000412","OTU domain-containing protein",NA,NA,"A0A0N5BF23","",NA,"SRAE_0000079200 | WBGene00256551",6.07966,"",NA,"",NA
"621","SPAL_0000459400",0,0,0.0394997907975058,0,0,0,0.0644650421909166,0,0,0.0660667488151926,"SPAL_contig0000412","Transmembrane protein",NA,"membrane","A0A0N5BF24","",NA,"",NA,"SVE_0873500",21.729,"",NA
"622","SPAL_0000459500",0,0,0.0800398053935529,0.079449197385486,0,0,0,0,0,0.066871092183111,"SPAL_contig0000412","DUF4265 domain-containing protein",NA,NA,"A0A0N5BF25","",NA,"",NA,"",NA,"",NA
"623","SPAL_0000467700",0,0.0842410186407374,0,0.159618978771041,0,0,0,0.101247116929593,0.0410550894955039,0,"SPAL_scaffold0000007","",NA,"membrane","A0A0N5BFA9","",NA,"",NA,"",NA,"",NA
"624","SPAL_0000477200",0,0.134949399029276,0.0398387959083038,0.0802687801274911,0,0,0,0,0.122806837744678,0,"SPAL_scaffold0000007","KH domain-containing protein","KH_dom_type_1_sf, BBP-like","RNA binding","A0A0N5BFK6","",NA,"SRAE_2000080500 | WBGene00261005",23.9796,"SVE_0558200",15.3061,"Y57G11C.36 | WBGene00013325",21.9388
"625","SPAL_0000481100",0,0.16397139157821,0,0,0.135548249808814,0.0560259836263881,0,0.516678248212195,0,0,"SPAL_scaffold0000007","",NA,NA,"A0A0N5BFP5","SSTP_0000381500",46.5278,"SRAE_X000104700 | WBGene00266610",45.1389,"SVE_1655000",78.4722,"",NA
"626","SPAL_0000481400",0.0966108800537181,0.0673998019604031,0.0209781854233892,0.0524853033580474,0,0.01830599439346,0.1200349724943,0.029909893038887,0.144016403386635,0.256679494884506,"SPAL_contig0004125","Guanylate cyclase domain-containing protein","A/G_cyclase, A/G_cyclase_CS, Nucleotide_cyclase","phosphorus-oxygen lyase activity, cyclic nucleotide biosynthetic process, intracellular signal transduction, lyase activity","A0A0N5BFP8","",NA,"",NA,"SVE_0377400",86.3436,"",NA
"627","SPAL_0000481700",0,0.134207257127039,0.0395338076626178,0,0,0,0.193567800165921,0,0.0939484159028214,0,"SPAL_contig0001188","Endo/exonuclease/phosphatase domain-containing protein","Endo/exonu/phosph_ase_sf",NA,"A0A0N5BFQ1","",NA,"",NA,"SVE_1100200",20.915,"",NA
"628","SPAL_0000483650",0,0.110328021342419,0.16220271127621,0.159264748583452,0,0.0554932344239375,0,0.204710855147909,0.123784194708368,0,"SPAL_scaffold0000015","Transposase",NA,NA,"A0A0N5BFS2","",NA,"",NA,"SVE_1126700",46.2963,"",NA
"629","SPAL_0000483700",0,0.0820402421643052,0.0402014013209113,0.0790169104993494,0,0.0275270370900724,0.0652269347995688,0,0.0409252930088795,0.0669404847545258,"SPAL_scaffold0000015","Methyltransferase",NA,NA,"A0A0N5BFS3","",NA,"",NA,"SVE_1304400",32.1101,"",NA
"630","SPAL_0000483750",0,0,0.0817749607136719,0.0555205314894122,0.0328713369491155,0,0,0.0504853077571473,0.081915937554187,0.066196005671684,"SPAL_scaffold0000015","",NA,NA,"A0A0N5BFS4","",NA,"",NA,"SVE_1311400",0,"",NA
"631","SPAL_0000483850",0.095051308811647,0.0572308850905156,0.119189043055695,0.271795671263946,0,0.137682979243812,0,0,0,0.127989183687171,"SPAL_scaffold0000015","YggT family protein",NA,"membrane","A0A0N5BFS6","",NA,"",NA,"",NA,"",NA
"632","SPAL_0000487750",0,0,0,0,0,0,0,0,0.0817997621402201,0,"SPAL_scaffold0000015","",NA,NA,"A0A0N5BFW7","",NA,"",NA,"",NA,"",NA
"633","SPAL_0000488650",0,0,0,0,0,0,0,0,0,0,"SPAL_scaffold0000015","",NA,NA,"A0A0N5BFX7","",NA,"",NA,"",NA,"",NA
"634","SPAL_0000493200",0.0479940322907094,0.0537569375741667,0.0395686944963218,0.00143649757050105,0.0433403080715698,0.0565946102455279,0.0645910233327917,0.1338898652608,0,0,"SPAL_contig0002819","CCHC-type domain-containing protein","RT_dom, Znf_CCHC, Peptidase_aspartic_dom_sf, Znf_CCHC_sf, Rev_trsase/Diguanyl_cyclase, DNA/RNA_pol_sf","nucleic acid binding, zinc ion binding, cytoplasm, enzyme binding","A0A0N5BG24","",NA,"",NA,"SVE_0738100",40.9326,"",NA
"635","SPAL_0000493300",0,0.082566384268761,0.0786032976339396,0.450739958406735,0,0.112354014175977,0,0,0.155324015602517,0,"SPAL_contig0001786","Neur_chan_LBD domain-containing protein",NA,NA,"A0A0N5BG25","",NA,"",NA,"",NA,"",NA
"636","SPAL_0000493700",0,0,0,0,0,0,0.0644802485291937,0,0,0,"SPAL_contig0001532","WD_REPEATS_REGION domain-containing protein",NA,NA,"A0A0N5BG29","",NA,"",NA,"",NA,"",NA
"637","SPAL_0000493900",0,0.136561268641737,0.321607703192044,0.052710867450591,0,0.110166458983206,0.065212242235733,0,0.122801574730053,0.0669458307391718,"SPAL_contig0001439","Peptidase A2 domain-containing protein","Peptidase_aspartic_dom_sf",NA,"A0A0N5BG31","",NA,"",NA,"",NA,"",NA
"638","SPAL_0000494000",0.097212492518719,0.0270203174131764,0,0.0528854408453246,0,0,0.0649769180449952,0,0.0408059989039264,0,"SPAL_contig0001439","RNase H domain-containing protein",NA,NA,"A0A0N5BG32","",NA,"",NA,"SVE_1919200",44.2857,"",NA
"639","SPAL_0000494025",0,0.082192462186085,0.120652483958162,0.0262848884264652,0.0332824417978546,0,0,0,0.0408919373758835,0.066816139690537,"SPAL_contig0001439","AAA_11 domain-containing protein",NA,NA,"A0A0N5BG33","",NA,"",NA,"",NA,"",NA
"640","SPAL_0000494100",0,0.0282704370109215,0.0520925956738075,0.0808683606716559,0.0337938318829409,0,0,0.138856109188103,0.0554646892892853,0,"SPAL_contig0003441","Paired domain-containing protein","Paired_dom, Homeobox-like_sf, RNaseH_sf, Tc1-like_DDE_dom","nucleic acid binding, regulation of transcription, DNA-templated, DNA binding, nucleus, transcription, DNA-templated","A0A0N5BG34","",NA,"",NA,"",NA,"",NA
"641","SPAL_0000495800",0,0,0,0,0,0,0,0,0,0,"SPAL_contig0002844","",NA,NA,"A0A0N5BG50","",NA,"",NA,"",NA,"",NA
"642","SPAL_0000500000",0,0.0805295205592942,0,0,0,0,0,0,0,0,"SPAL_contig0002155","Endo/exonuclease/phosphatase domain-containing protein","Endo/exonu/phosph_ase_sf",NA,"A0A0N5BG91","",NA,"",NA,"",NA,"",NA
"643","SPAL_0000500300",0,0,0,0,0,0.0282241645612876,0.0856339646320634,0,0,0,"SPAL_contig0002106","Zf-RVT domain-containing protein",NA,NA,"A0A0N5BG94","",NA,"",NA,"",NA,"",NA
"644","SPAL_0000500400",0,0,0.0496724821634167,0.072075265895278,0,0,0.0326852457418412,0.0272931709912249,0,0.0671083590330338,"SPAL_contig0003747","USP domain-containing protein","USP_dom, Papain-like_cys_pep_sf",NA,"A0A0N5BG95","",NA,"",NA,"SVE_0780400",72.3214,"",NA
"645","SPAL_0000500500",0,0.0812815969247145,0,0,0,0,0,0.025776036029373,0,0,"SPAL_contig0000422","BED-type domain-containing protein",NA,NA,"A0A0N5BG96","",NA,"",NA,"SVE_1231000",23.8372,"",NA
"646","SPAL_0000500600",0,0.0539492635461837,0,0,0,0,0,0.0517793253058929,0,0,"SPAL_contig0000422","DUF659 domain-containing protein",NA,NA,"A0A0N5BG97","",NA,"",NA,"SVE_1231000",65.0909,"",NA
"647","SPAL_0000500700",0,0.0804697208429247,0,0,0,0,0,0,0,0.132228416484495,"SPAL_contig0000422","",NA,NA,"A0A0N5BG98","",NA,"",NA,"SVE_1517200",27.673,"",NA
"648","SPAL_0000501100",0,5.15060238608109e-09,0,0.00446084310814553,0,0,0,0,0,0,"SPAL_contig0002398","Saposin B-type domain-containing protein",NA,NA,"A0A0N5BGA2","",NA,"SRAE_0000047600 | WBGene00256220",61.9835,"SVE_1671200",60.3306,"",NA
"649","SPAL_0000501200",0,0,0,0,0.0274277648919421,0,0,0.0259422407218773,0,0,"SPAL_contig0004427","Vitellogenin",NA,NA,"A0A0N5BGA3","",NA,"",NA,"",NA,"",NA
"650","SPAL_0000501300",0.0481650098284296,0.0358639923735354,0,0.0268384039713592,0,0,0,0,0,0.265305338551651,"SPAL_contig0000029","G_PROTEIN_RECEP_F1_2 domain-containing protein",NA,"membrane","A0A0N5BGA4","",NA,"SRAE_2000467200 | WBGene00264908",9.57854,"SVE_1992300",82.3755,"",NA
"651","SPAL_0000504900",0.0976585055853462,0.0849826209662287,0.0807128606271429,0.0267441460985783,0,0.0274858304266044,0.0644632151212689,0.0250924536590769,0.0406566833752866,0.197598728793114,"SPAL_contig0000029","",NA,NA,"A0A0N5BGE2","",NA,"",NA,"SVE_0243400",32.8947,"",NA
"652","SPAL_0000505000",0,0.0809658843564056,0,0.080755213556344,0,0,0.129834765914158,0.0258783787762838,0.0409884933667573,0,"SPAL_contig0000029","Sema domain-containing protein",NA,NA,"A0A0N5BGE3","",NA,"",NA,"",NA,"",NA
"653","SPAL_0000506100",0,0,0,0,0,0,0,0,0,0,"SPAL_contig0004029","Reverse transcriptase domain-containing protein","RT_dom, DNA/RNA_pol_sf",NA,"A0A0N5BGF4","",NA,"",NA,"",NA,"",NA
"654","SPAL_0000506675",0,0.0551552632690933,0.0399794518821948,0.0261244149352675,0,0,0,0,0,0,"SPAL_contig0002384","Iron-sulfur cluster assembly scaffold protein",NA,NA,"A0A0N5BGG0","",NA,"",NA,"SVE_0655100",36.0465,"",NA
"655","SPAL_0000507500",0.0480411553643205,0.215254816443959,0.0395790693066362,0,0,0,0,0.0258432540418064,0.122508057687828,0.0661961203538764,"SPAL_contig0000026","N-acetylgalactosaminide beta-1,3-galactosyltransferase","Fringe-like","glycosyltransferase activity, membrane, protein glycosylation, glycoprotein-N-acetylgalactosamine 3-beta-galactosyltransferase activity","A0A0N5BGG9","",NA,"SRAE_2000430800 | WBGene00264538",54.755,"",NA,"",NA
"656","SPAL_0000508800",0,0.0538553262827014,0.119046624852661,0,0.101277609414483,0.0281801367479312,0,0.129477110855106,0.491186650830001,0.0663677170124485,"SPAL_contig0000026","LRAT domain-containing protein","LRAT_dom","membrane","A0A0N5BGI2","",NA,"",NA,"SVE_0212400",35.5623,"",NA
"657","SPAL_0000509333",0.0470788037104923,0.145606750684194,0.0806125921868563,0.142570330840282,0.0633751840382293,0.0582731818749568,0,0.166894150850703,0,0,"SPAL_contig0000026","",NA,"membrane","A0A0N5BGI8","",NA,"",NA,"SVE_0000212950",62.7451,"",NA
"658","SPAL_0000509366",0.048785703630745,0.0566046760882013,0.0806408755518838,0.18704192424943,0.0656163704821246,0.0549226334849196,0,0,0.121861744190596,0.197422497158493,"SPAL_contig0000026","Transposase",NA,NA,"A0A0N5BGI9","",NA,"",NA,"",NA,"",NA
"659","SPAL_0000509450",0,0,0.0419151769365884,0,0,0,0.0626169144929175,0.0749163310147886,0.0413926048612212,0,"SPAL_contig0000026","",NA,NA,"A0A0N5BGJ1","",NA,"",NA,"",NA,"",NA
"660","SPAL_0000511700",0,0,0.0405621700025979,0.132722156368313,0.0672937527216526,0,0.328795427018694,0.153388896486171,0,0,"SPAL_contig0000026","HTH_48 domain-containing protein","Mos1_HTH",NA,"A0A0N5BGL4","SSTP_0000843600",33.3333,"SRAE_X000162100 | WBGene00267194",34.2857,"SVE_1972200",61.9048,"",NA
"661","SPAL_0000512200",0,0.179048419306954,0,0,0,0.0281990424071322,0,0.0518744471910036,0,0,"SPAL_contig0001329","",NA,NA,"A0A0N5BGM1","",NA,"",NA,"",NA,"",NA
"662","SPAL_0000512225",0,0.0275998712818693,0,0,0.0333247503278192,0,0.130682497104803,0.202858556243384,0,0,"SPAL_contig0001329","",NA,NA,"A0A0N5BGM2","",NA,"",NA,"",NA,"",NA
"663","SPAL_0000512300",0,0.0806828334474971,0.0454493831184998,0.0270564155495734,0.0460877200237967,0,0.0646408856160846,0.0519092477091935,0,0,"SPAL_contig0001122","RNase H domain-containing protein","RNaseH-like_sf, Integrase-like_cat_sf, RNaseH_sf","DNA integration, DNA recombination, nucleic acid binding, DNA binding","A0A0N5BGM3","",NA,"",NA,"SVE_1151800",11.7329,"",NA
"664","SPAL_0000512400",0,0.0538628766199303,0.0397309486651575,0,0,0,0,0,0.571117144893823,0,"SPAL_contig0001122","Seminal fluid protein HACP016",NA,NA,"A0A0N5BGM4","",NA,"",NA,"SVE_0878500",68.2927,"",NA
"665","SPAL_0000512500",0,0,0,0,0,0,0.0844988524372829,0.138775605653125,0.0991259129740162,0,"SPAL_contig0002536","CCHC-type domain-containing protein","Znf_CCHC, RNaseH_domain, RNaseH-like_sf, Peptidase_aspartic_dom_sf, Peptidase_A2B, RNaseH_sf, Znf_CCHC_sf","RNA-DNA hybrid ribonuclease activity, nucleic acid binding, zinc ion binding, cytoplasm, RNA phosphodiester bond hydrolysis, endonucleolytic, enzyme binding","A0A0N5BGM5","",NA,"SRAE_0000071800 | WBGene00256475",10.8538,"SVE_1246000",55.4269,"",NA
"666","SPAL_0000512600",0,0.0269197698516028,0,0,0,0,0,0.0259197841189322,0.0409355431294619,0,"SPAL_contig0004009","CCHC-type domain-containing protein","Znf_CCHC, Peptidase_aspartic_dom_sf, Znf_CCHC_sf","nucleic acid binding, zinc ion binding, cytoplasm, enzyme binding","A0A0N5BGM6","",NA,"SRAE_0000066200 | WBGene00256411",18.8482,"",NA,"",NA
"667","SPAL_0000512700",0,0.108004120950456,0.0398280796425482,0.0268824263410877,0,0,0,0.0258553463150993,0.0409910599748704,0,"SPAL_contig0002166","Reverse transcriptase domain-containing protein","RT_dom, DNA/RNA_pol_sf",NA,"A0A0N5BGM7","",NA,"",NA,"SVE_1928000",53.8462,"",NA
"668","SPAL_0000512800",0,0.13454308142056,0.0396701339300718,0.0268746869442169,0,0,0,0,0.0408785169785668,0.0663437132562644,"SPAL_contig0001339","Mlh1_C domain-containing protein","Mlh1_C",NA,"A0A0N5BGM8","",NA,"",NA,"",NA,"",NA
"669","SPAL_0000513000",0,0.0624559349630662,0,0,0.0337967325242913,0.0281996703521342,0.129719871166702,0.0715028572828542,0,0,"SPAL_contig0003869","RT_RNaseH domain-containing protein","RT_RNaseH, DNA/RNA_pol_sf",NA,"A0A0N5BGN0","",NA,"",NA,"",NA,"",NA
"670","SPAL_0000513100",0,0,0,0,0,0,0,0,0,0,"SPAL_contig0001454","Histone-lysine N-methyltransferase SETMAR","RNaseH_sf","nucleic acid binding","A0A0N5BGN1","",NA,"",NA,"",NA,"",NA
"671","SPAL_0000513200",0,0.0204007689342098,0,0,0,0.0282892566363264,0,0.0264804111878804,0,0,"SPAL_contig0001381","Histone-lysine N-methyltransferase SETMAR",NA,NA,"A0A0N5BGN2","",NA,"",NA,"",NA,"",NA
"672","SPAL_0000513300",0,0,0,0.0539710751103737,0.0338987443646075,0,0,0.0519199015214519,0.0411718693961434,0,"SPAL_contig0001381","Fam-a protein",NA,NA,"A0A0N5BGN3","",NA,"",NA,"",NA,"",NA
"673","SPAL_0000513400",0,0,0,0,0,0,0.129279350041038,0.184568729792792,0,0,"SPAL_contig0001381","Integrase catalytic domain-containing protein","Peptidase_aspartic_dom_sf",NA,"A0A0N5BGN4","",NA,"",NA,"SVE_1661400",4.3956,"",NA
"674","SPAL_0000513900",0.048949133606786,0.0558205773835224,0,0.0528840973921758,0,0,0,0.301900618213248,0,0,"SPAL_contig0002036","Histone-lysine N-methyltransferase SETMAR","RNaseH_sf","nucleic acid binding","A0A0N5BGN9","",NA,"",NA,"",NA,"",NA
"675","SPAL_0000514000",0,0,0.0624976957106087,0,0,0,0.0644008144482334,0,0,0,"SPAL_contig0003509","Fes1 domain-containing protein",NA,NA,"A0A0N5BGP1","",NA,"SRAE_0000046200 | WBGene00256206",24.5033,"SVE_0610900",37.0861,"",NA
"676","SPAL_0000514200",0,0,0,0,0,0,0,0,0.396901998961412,0,"SPAL_contig0001913","Sulfatase domain-containing protein","DUF229, Alkaline_phosphatase_core_sf",NA,"A0A0N5BGP3","SSTP_0001028200",57.6606,"SRAE_X000067400 | WBGene00266233",39.2092,"SVE_0254100",32.9489,"Y73F8A.35 | WBGene00013539",24.547
"677","SPAL_0000514600",0.0485298268882563,0.0280914016155352,0,0,0,0,0.513237743078613,0.124634166986135,0.0404888412221602,0,"SPAL_contig0000419","Transcriptional regulator",NA,NA,"A0A0N5BGP6","SSTP_0000611900",87.013,"",NA,"",NA,"",NA
"678","SPAL_0000515100",0,0,0,0,0,0,0,0,0.0475570076038888,0,"SPAL_contig0001504","",NA,NA,"A0A0N5BGQ1","",NA,"",NA,"",NA,"",NA
"679","SPAL_0000515400",0,0,0,0,0,0,0.117017183433648,0,0,0,"SPAL_contig0002272","",NA,NA,"A0A0N5BGQ4","",NA,"",NA,"SVE_1308900",0,"",NA
"680","SPAL_0000515500",0,0,0,0,0,0,0,0.114451208326615,0,0,"SPAL_contig0002272","Helitron_like_N domain-containing protein","Helitron_helicase-like",NA,"A0A0N5BGQ5","",NA,"",NA,"",NA,"",NA
"681","SPAL_0000515600",0,0.113409972413439,0,0,0.227252400538259,0.0420829057060804,0,0.0324881194427881,0.0686631823940166,0,"SPAL_contig0001977","Vitellogenin domain-containing protein",NA,NA,"A0A0N5BGQ6","",NA,"SRAE_0000050300 | WBGene00256247",8.99281,"SVE_0324800",18.3453,"",NA
"682","SPAL_0000515700",0,0,0,0,0,0,0,0,0,0,"SPAL_contig0000998","",NA,NA,"A0A0N5BGQ7","",NA,"",NA,"SVE_0346400",46.4865,"",NA
"683","SPAL_0000515800",0,0.108555172167233,0.0400751126980317,0.105911422620024,0,0,0,0,0,0,"SPAL_contig0001297","CUB domain-containing protein",NA,NA,"A0A0N5BGQ8","",NA,"",NA,"",NA,"",NA
"684","SPAL_0000516300",0,0.000663049421324135,0,0.0270189980077165,0,3.84029779986829e-05,0,0.0258117289615759,0,0,"SPAL_contig0000926","Astacin domain-containing protein","Peptidase_M12A, MetalloPept_cat_dom_sf","metalloendopeptidase activity, metallopeptidase activity, proteolysis","A0A0N5BGR3","SSTP_0000832800",36.5546,"",NA,"SVE_1329900",27.3109,"",NA
"685","SPAL_0000516500",0,0,0,0,0,0,0,0.026016367322561,0,0,"SPAL_contig0001308","Fam-c protein",NA,NA,"A0A0N5BGR5","",NA,"",NA,"SVE_0814000",74.2647,"",NA
"686","SPAL_0000516900",0,0,0,0,0,0,0,0,0,0,"SPAL_contig0004143","PIR Superfamily Protein",NA,"membrane","A0A0N5BGR9","",NA,"",NA,"",NA,"",NA
"687","SPAL_0000517000",0.130332782514502,0.0537804993846922,0,0,0.101019653657446,0,0.0918868550152676,0.0509307761085465,0.0732253231181891,0.154061512942483,"SPAL_contig0000625","PRE_C2HC domain-containing protein",NA,NA,"A0A0N5BGS0","",NA,"",NA,"",NA,"",NA
"688","SPAL_0000517100",0,0,0,0,0,0,0,0.0255894670211594,0,0.134341468637805,"SPAL_contig0000625","AC4 protein",NA,NA,"A0A0N5BGS1","",NA,"",NA,"",NA,"",NA
"689","SPAL_0000517300",0,0.0564753286210598,0,0,0,0,0,0.0249974369331847,0.121472125763128,0,"SPAL_contig0000681","Ovule protein",NA,NA,"A0A0N5BGS3","",NA,"",NA,"",NA,"",NA
"690","SPAL_0000517500",0,0.028282441447676,0,0,0.033730193492453,0,0,0,0,0,"SPAL_contig0000571","TF_AP-2 domain-containing protein",NA,NA,"A0A0N5BGS5","",NA,"",NA,"SVE_1186100",0,"",NA
"691","SPAL_0000517600",0,0.107836818838449,0,0,0,0.0282425765079193,0,0,0,0,"SPAL_contig0000571","CMP/dCMP-type deaminase domain-containing protein",NA,NA,"A0A0N5BGS6","",NA,"",NA,"SVE_0765000",91.7127,"",NA
"692","SPAL_0000517700",0,0,0,0,0,0,0,0,0,0,"SPAL_contig0000571","VASt domain-containing protein",NA,NA,"A0A0N5BGS7","SSTP_0000241100",67.6923,"SRAE_2000062500 | WBGene00260821",69.2308,"",NA,"",NA
"693","SPAL_0000517800",0,0.0816079035462189,0,0,0,0,0,0,0,0,"SPAL_contig0000571","DUF155 domain-containing protein","DUF155","mitochondrion","A0A0N5BGS8","SSTP_0000241000",70.155,"SRAE_2000062400 | WBGene00260820",68.2171,"SVE_1887500",82.9457,"ZK1010.2 | WBGene00014176",32.9457
"694","SPAL_0000517900",0,0.0544643068094122,0,0.026841506197233,0,0,0,0,0,0,"SPAL_contig0000571","OrfB_Zn_ribbon domain-containing protein","SSSCA1",NA,"A0A0N5BGS9","SSTP_0000240900",50.2959,"SRAE_2000062300 | WBGene00260819",52.071,"SVE_1887600",84.6154,"",NA
"695","SPAL_0000522200",0,0,0,0.0317819820678506,0,0,0.0298742519292366,0.039450243066394,0,3.05394371614054e-09,"SPAL_contig0004179","",NA,NA,"A0A0N5BGX1","",NA,"",NA,"SVE_0687100",18.9781,"",NA
"696","SPAL_0000523800",0,0,0,0,0,0,0,0,0,0,"SPAL_contig0002488","LZ_Tnp_IS481 domain-containing protein",NA,NA,"A0A0N5BGY7","",NA,"",NA,"SVE_1186800",27.5862,"",NA
"697","SPAL_0000523900",0,0,0.040925930706576,0.0533013211283191,0,0,0,0.153554610638529,0,0,"SPAL_contig0002488","",NA,"membrane","A0A0N5BGY8","",NA,"",NA,"",NA,"",NA
"698","SPAL_0000524200",0,0.108064611061007,0.0797544185179896,0,0.0336955334503009,0.028005032203036,0.0650089184822485,0.0515574175428608,0.0819445896820825,0,"SPAL_contig0003068","Flocculation protein FLO11-like",NA,NA,"A0A0N5BGZ2","",NA,"",NA,"SVE_0037700",55.6701,"",NA
"699","SPAL_0000524300",0,0.0268967516041234,0,0.0270824981794259,0,0,0,0,0.0818736615639527,0,"SPAL_contig0003219","Reverse transcriptase domain-containing protein","RT_dom, DNA/RNA_pol_sf",NA,"A0A0N5BGZ3","",NA,"SRAE_0000073600 | WBGene00256493",90.0467,"SVE_0851500",4.19907,"",NA
"700","SPAL_0000524400",0,0,0,0.0542937040509452,0.0676940524556244,0,0,0.0260165225032653,0,0,"SPAL_contig0001411","CCHC-type domain-containing protein","RT_dom, Integrase_cat-core, Znf_CCHC, Aspartic_peptidase_AS, RNaseH-like_sf, Peptidase_aspartic_dom_sf, RNaseH_sf, Znf_CCHC_sf, RT_RNaseH_2, Integrase_H2C2, Rev_trsase/Diguanyl_cyclase, DNA/RNA_pol_sf","DNA integration, aspartic-type endopeptidase activity, nucleic acid binding, proteolysis, zinc ion binding, transferase activity, cytoplasm, nucleotidyltransferase activity, RNA-templated DNA biosynthetic process, RNA-directed DNA polymerase activity, DNA biosynthetic process, DNA-directed DNA polymerase activity, DNA polymerase complex, enzyme binding","A0A0N5BGZ4","SSTP_0001280900",21.5606,"",NA,"",NA,"",NA
"701","SPAL_0000524475",0,0.0536866513840251,0,0,0,0,0,0,0,0,"SPAL_contig0000966","Transposase",NA,NA,"A0A0N5BGZ5","",NA,"",NA,"",NA,"",NA
"702","SPAL_0000524500",0,0,0,0,0,0,0,0.078048611653146,0,0,"SPAL_contig0000966","",NA,NA,"A0A0N5BGZ6","",NA,"",NA,"SVE_0878900",54.717,"",NA
"703","SPAL_0000525100",0,0.0276911123711516,0,0,0,0,0.194578955491877,0.100639015053234,0.040774905021762,0,"SPAL_contig0002482","",NA,NA,"A0A0N5BH03","",NA,"",NA,"SVE_0878900",56.1798,"",NA
"704","SPAL_0000525300",0,0.270451189682107,0.0798397712183263,0.107228488171188,0,0,0,0.0516204717098486,0.041017957105031,0,"SPAL_contig0002224","",NA,NA,"A0A0N5BH05","",NA,"",NA,"",NA,"",NA
"705","SPAL_0000525700",0,0,0,0,0,0,0,0.030137835140036,0,0,"SPAL_contig0000785","",NA,NA,"A0A0N5BH09","",NA,"",NA,"SVE_1681200",19.2469,"",NA
"706","SPAL_0000526000",0,8.3195089972422e-10,0,0,0,0,0,0.335846802062877,0,0,"SPAL_contig0001014","RNase H domain-containing protein","RNaseH_domain, RNaseH-like_sf, RNaseH_sf","RNA-DNA hybrid ribonuclease activity, nucleic acid binding, RNA phosphodiester bond hydrolysis, endonucleolytic","A0A0N5B1X6, A0A0N5CCL3","SSTP_0001074500",67.3077,"",NA,"",NA,"",NA
"707","SPAL_0000526025",0,0.0819971223455223,0,0.0798613036241172,0.0337558946055466,0,0.0656039079083306,0.154119753509209,0,0,"SPAL_contig0001014","BED-type domain-containing protein","Znf_BED","DNA binding, metal ion binding","A0A0N5BH13","",NA,"",NA,"SVE_1231000",24.031,"",NA
"708","SPAL_0000526100",0,0,0,0,0.0285612256034793,0,0.0650568340253617,0,0,0,"SPAL_contig0003312","NOF-FB transposable element protein",NA,NA,"A0A0N5BH14","SSTP_0001073700",10.4167,"",NA,"",NA,"",NA
"709","SPAL_0000526500",0,0.0809597090211832,0.0797075741793451,0,0.0671677746097202,0,0.0649548598373934,0.0513241714199726,0.204364421440214,0,"SPAL_contig0000320","Mariner Mos1 transposase","Transposase_1, RNaseH_sf","nucleic acid binding","A0A0N5BH18","SSTP_0000841400",50.2959,"",NA,"",NA,"",NA
"710","SPAL_0000526550",0,0.0273032445870233,0,0.0265679674269339,0,0,0,0,0.411131187147753,0,"SPAL_contig0000320","",NA,NA,"A0A0N5BH19","",NA,"",NA,"SVE_1317300",43.3071,"",NA
"711","SPAL_0000526800",0,0.107881354509775,0.0397558299917264,0.080876385469025,0.0337839139506661,0.0563608958563218,0,0.0518072589386589,0.0819626308561638,0.0664883794300769,"SPAL_contig0001110","DDE_Tnp_1_7 domain-containing protein","PGBD",NA,"A0A0N5BH23","",NA,"",NA,"",NA,"",NA
"712","SPAL_0000528400",0,0.0805128482466246,0.118499544027373,0,0,0,0,0,0,0,"SPAL_contig0000530","Reverse transcriptase domain-containing protein","RT_dom, DNA/RNA_pol_sf",NA,"A0A0N5BH39","SSTP_0000704900",9.91304,"",NA,"SVE_0598300",9.65217,"",NA
"713","SPAL_0000528600",0,0.107591208742765,0.0396071735849291,0.0541276729131913,0,0,0,0.0778822298004021,0.0818631840567126,0,"SPAL_contig0000880","MULE domain-containing protein","MULE_transposase_dom",NA,"A0A0N5BH41","",NA,"",NA,"SVE_1920000",73.8516,"",NA
"714","SPAL_0000531500",0.147247746605425,0.0563203825721173,0.121625440282509,0.10664198264606,0.0330065763677536,0.0183573297633095,0.0648802273825852,0.02522857643631,0.0819071135342254,0,"SPAL_contig0001341","Skp1_POZ domain-containing protein",NA,NA,"A0A0N5BH71","",NA,"",NA,"",NA,"",NA
"715","SPAL_0000531600",0.144378929764046,0,0.0396264940635804,0,0.0336176008702416,0,0,0,0.0408064810944689,0,"SPAL_contig0001104","Zinc finger BED domain-containing protein 5","RNaseH-like_sf",NA,"A0A0N5BH72","",NA,"",NA,"",NA,"",NA
"716","SPAL_0000531900",0,0.111919549264197,0.162791276413104,0.0796236890506841,0.0667242557376026,0.0276020724206847,0.0654035992721966,0.202989408474044,0.0411241084643232,0,"SPAL_contig0000484","Transmembrane protein",NA,"membrane","A0A0N5BH75","",NA,"",NA,"SVE_1402100",81.8182,"",NA
"717","SPAL_0000532100",0,0,0.0399035827064419,0.0268516467239247,0.0337625546540308,0,0,0,0.0820543705762396,0,"SPAL_contig0001741","HTH_48 domain-containing protein","Transposase_1, WH-like_DNA-bd_sf, RNaseH_sf, Mos1_HTH","nucleic acid binding","A0A0N5BH76","",NA,"SRAE_X000243100 | WBGene00268017",25.3589,"",NA,"",NA
"718","SPAL_0000532500",0,0,0.0399054364620659,0,0.0334797723083918,0,0,0,0,0,"SPAL_contig0003728","Phosphohydrolase",NA,NA,"A0A0N5BH80","",NA,"",NA,"",NA,"",NA
"719","SPAL_0000532800",0,0,0,0,0,0,0,0,0,0,"SPAL_contig0002831","Serpentine receptor class gamma","7TM_GPCR_serpentine_rcpt_Srg, GPCR_Rhodpsn_7TM","transmembrane signaling receptor activity, sensory perception of chemical stimulus, membrane","A0A0N5BH83","",NA,"",NA,"",NA,"",NA
"720","SPAL_0000533100",0,0.0269318937167573,0,0,0.438989692932688,0.0845710933874298,0.0647609262275319,0.025903827515142,0,0.0663761002175764,"SPAL_contig0000604","THUMP domain-containing protein","DUF1280",NA,"A0A0N5BH86","",NA,"SRAE_X000009700 | WBGene00265652",37.6119,"SVE_1013100",0,"",NA
"721","SPAL_0000533125",0,0.0554580405632043,0,0.0264286458119182,0,0,0.196434395653563,0.0761624473391579,0.0410901636607545,0,"SPAL_contig0000604","Ovule protein","Spt4_sf",NA,"A0A0N5BH87","",NA,"",NA,"",NA,"",NA
"722","SPAL_0000533200",0,0,0,0.0803798137067647,0,0,0.0654256570287958,0.025828787134519,0.0411624656984048,0,"SPAL_contig0002202","DDE_Tnp_1_7 domain-containing protein",NA,NA,"A0A0N5BH88","",NA,"",NA,"SVE_1277200",15.7576,"",NA
"723","SPAL_0000534700",0.195185596763835,0.056667194851883,0.120263018037817,0.0263050349047861,0,0,0,0.0726954956998331,0,0.0667571028214615,"SPAL_contig0000205","Histone-lysine N-methyltransferase SETMAR","RNaseH_sf","nucleic acid binding","A0A0N5BHA3","",NA,"",NA,"SVE_0197500",68.4211,"",NA
"724","SPAL_0000534900",0,0.157752571133189,0,0,0,0.0283096157837572,0.129164136184263,0.0259818912830156,0.0818373859317616,0,"SPAL_contig0001371","Peptidase A2 domain-containing protein","Peptidase_aspartic_dom_sf",NA,"A0A0N5BHA5","",NA,"",NA,"SVE_1334700",9.78628,"",NA
"725","SPAL_0000535000",0,0.216527328332948,0,0.0271151215239021,0,0,0,0.125282586445929,0,0,"SPAL_contig0001750","ATP-dependent DNA helicase","DNA_helicase_pif1-like, P-loop_NTPase","telomere maintenance, DNA helicase activity, DNA repair, hydrolase activity, nucleotide binding, ATP binding, cellular response to DNA damage stimulus, DNA recombination, DNA duplex unwinding, helicase activity, ATP hydrolysis activity","A0A0N5BHA6","",NA,"",NA,"SVE_0800800",34.375,"",NA
"726","SPAL_0000535100",0,0.054004324511474,0,0.0538599102485956,0,0,0,0,0.041008362313351,0,"SPAL_contig0001209","Integrase catalytic domain-containing protein","Integrase_cat-core, RNaseH-like_sf, RNaseH_sf","DNA integration, nucleic acid binding","A0A0N5BHA7","SSTP_0000665500",19.2913,"",NA,"SVE_1302700",66.1417,"",NA
"727","SPAL_0000535200",0.194185090299416,0.0270064540208596,0,0.239165409857382,0,0,0.0649977070842516,0.051251907754932,0,0.133371893887789,"SPAL_contig0001209","Peptidase_M16_M domain-containing protein",NA,NA,"A0A0N5BHA8","",NA,"",NA,"",NA,"",NA
"728","SPAL_0000535225",0,0,0.0400173031324849,0.0265253159486436,0,0,0.065166273603813,0,0,0,"SPAL_contig0001209","Ankyrin repeat protein",NA,NA,"A0A0N5BHA9","",NA,"",NA,"",NA,"",NA
"729","SPAL_0000536000",0,0.108414821499411,0,0.0326447826721695,0.0493706897519944,0.0466756365259137,0,0.025897210054125,0,0.0836806725740947,"SPAL_contig0000343","DDE_Tnp_IS1595 domain-containing protein","Tnp_ISXO2-like",NA,"A0A0N5BHB7","SSTP_0000453200",69.0821,"SRAE_0000049800 | WBGene00256242",18.3575,"",NA,"",NA
"730","SPAL_0000536500",0,0.0393842176114827,0.0401232636542229,0,0,0.0278472173280725,0,0.0874137903442485,0.0464337948912649,0,"SPAL_contig0001771","Endo/exonuclease/phosphatase domain-containing protein","Endo/exonu/phosph_ase_sf",NA,"A0A0N5BHC2","",NA,"",NA,"SVE_1411000",45.5172,"",NA
"731","SPAL_0000537000",0,0,0,0,0,0,0,0,0.122699574306033,0,"SPAL_contig0001995","SCP domain-containing protein","CAP_sf",NA,"A0A0N5BHC7","SSTP_0000480100",18.9119,"SRAE_2000420700 | WBGene00264436",16.0622,"SVE_0885100",35.4922,"",NA
"732","SPAL_0000537025",0,0,0,0,0,0,0,0,0,0,"SPAL_contig0001995","Piggybac transposable element-derived",NA,NA,"A0A0N5BHC8","",NA,"",NA,"",NA,"",NA
"733","SPAL_0000537100",0,0.161553091715637,0,0.0811005953199672,0.0338027005431076,0,0.258916012550279,0.0518920680524784,0.163816281648175,0,"SPAL_contig0000876","Retrotrans_gag domain-containing protein",NA,NA,"A0A0N5BHC9","",NA,"",NA,"SVE_1062800",36,"",NA
"734","SPAL_0000537200",0,0.0269303742377094,0,0,0,0,0.129561661171762,0.051623972156627,0,0,"SPAL_contig0002005","Vitellogenin domain-containing protein",NA,NA,"A0A0N5BHD0","",NA,"",NA,"",NA,"",NA
"735","SPAL_0000537300",0,0.0273352396418958,0,0.0266878868980383,0.0336955819806919,0,0,0.0256234906454437,0.082272954840522,0.0701000710900939,"SPAL_contig0002005","","KH_dom_type_1_sf, BBP-like","RNA binding","A0A0N5BHD1","",NA,"",NA,"",NA,"",NA
"736","SPAL_0000537500",0.194252909719878,0.0270297992966868,0,0,0,0.0557342344493476,0,0.231070069531531,0,0.0667274332254324,"SPAL_contig0002861","Transposase",NA,NA,"A0A0N5BHD3","",NA,"",NA,"SVE_1481300",39.0244,"",NA
"737","SPAL_0000539700",0,0,0,0,0.0338298737858753,0,0,0,0,0,"SPAL_contig0000864","Transposase","Transposase_1, RNaseH_sf","nucleic acid binding","A0A0N5BHF5","",NA,"",NA,"",NA,"",NA
"738","SPAL_0000539800",0.0490657722261772,0.0854900362770155,0,0.0539099341038975,0.0330053367789506,0.0276552359871803,0.259153389143289,0.227039812030748,0,0.0661923576185446,"SPAL_contig0000864","HTH arsR-type domain-containing protein","WH-like_DNA-bd_sf, WH_DNA-bd_sf",NA,"A0A0N5BHF6","SSTP_0000843600",17.3333,"SRAE_X000162100 | WBGene00267194",45.3333,"SVE_0651600",53.3333,"",NA
"739","SPAL_0000539825",0,0.0402647610038916,0,0,0,0,0,0,0,0,"SPAL_contig0000864","ATS domain-containing protein",NA,NA,"A0A0N5BHF7","",NA,"",NA,"",NA,"",NA
"740","SPAL_0000539900",0,0.108325497315941,0,0,0.0338547011941302,0.0281887814974665,0,0.0777896987183538,0,0,"SPAL_contig0000502","HTH_11 domain-containing protein","HTH_11, WH-like_DNA-bd_sf, RNaseH_sf","nucleic acid binding","A0A0N5BHF8","SSTP_0000841400",47.8448,"",NA,"",NA,"",NA
"741","SPAL_0000540000",0,0,0,0.0515364900366353,0.022213411205619,0,0.0577192681694896,0.00750377584261665,0.00443488182061172,0.155211882649239,"SPAL_contig0004084","CCHC-type domain-containing protein","Znf_CCHC_sf","nucleic acid binding, zinc ion binding","A0A0N5BHG0","SSTP_0000841800",6.02837,"",NA,"SVE_1186300",0,"",NA
"742","SPAL_0000540200",0,0,0,0,0,0,0,0,0.0408998362216562,0,"SPAL_scaffold0000100","",NA,NA,"A0A0N5BHG2","",NA,"",NA,"",NA,"",NA
"743","SPAL_0000540300",0,0,0.0406136449614733,0.064386055296773,0.0339773995620042,0.0280214689635485,0,0.0258530635506284,0,0,"SPAL_contig0000059","",NA,"membrane","A0A0N5BHG3","",NA,"",NA,"SVE_1916900",24.031,"",NA
"744","SPAL_0000543800",0.0482054511775513,0.107748359145334,0.0794092013741876,0.0269350305091931,0,0.0563099556553303,0.19434091330569,0.129392471070061,0.122801726020384,0,"SPAL_contig0002316","Asp_protease domain-containing protein","Peptidase_aspartic_dom_sf",NA,"A0A0N5BHJ9","",NA,"",NA,"SVE_1155300",62.2074,"",NA
"745","SPAL_0000544000",0.0478667770122423,0.0285271577337541,0,0.0538847512892862,0,0,0,0.0699038155277351,0,0,"SPAL_contig0002274","MRG domain-containing protein","RNaseH_sf","nucleic acid binding","A0A0N5BHK2","",NA,"",NA,"",NA,"",NA
"746","SPAL_0000544500",0,0,0,0,0.0337560476434435,0,0,0,0.040989279237967,0,"SPAL_contig0003825","Integrase catalytic domain-containing protein","Integrase_cat-core, RNaseH-like_sf, RNaseH_sf","DNA integration, nucleic acid binding","A0A0N5BHK7","SSTP_0000000900",16.1702,"SRAE_0000048500 | WBGene00256229",8.93617,"SVE_0761500",16.1702,"",NA
"747","SPAL_0000545400",0,0,0,0,0,0,0,0,0,0,"SPAL_contig0003023","Ribosomal protein S11",NA,NA,"A0A0N5BHL6","",NA,"",NA,"SVE_1418500",78.2609,"",NA
"748","SPAL_0000545600",0,0.0820907503280086,0,0.0536161033540644,0,0,0,0.0775789902854986,0,0,"SPAL_contig0004065","Peptidase A1 domain-containing protein","Aspartic_peptidase_A1, Peptidase_aspartic_dom_sf, PEPTIDASE_A1","aspartic-type endopeptidase activity, proteolysis","A0A0N5BHL8","",NA,"",NA,"",NA,"",NA
"749","SPAL_0000545900",0,0.0271639655733618,0,0,0,0,0,0,0.161671975535455,0,"SPAL_contig0003102","Glycosyltransferase family 2 protein",NA,NA,"A0A0N5BHM1","",NA,"",NA,"SVE_0253800",89.899,"",NA
"750","SPAL_0000546000",0,0.032733688192441,0.0398567406809774,0,0.134868936527856,0.0335104843362433,0.0649789334691228,0.0934704936980443,0,0,"SPAL_contig0003102","3'-5' exonuclease domain-containing protein",NA,NA,"A0A0N5BHM2","",NA,"",NA,"SVE_1655600",40.5797,"",NA
"751","SPAL_0000546100",0.0480699584286718,0.123617308551905,0,0.0269937631761634,0.101268359270796,0,0.129294712668622,0,0.0511116925623305,0,"SPAL_contig0001216","Peptidase C76 domain-containing protein",NA,NA,"A0A0N5BHM3","",NA,"",NA,"SVE_1334700",29.0865,"",NA
"752","SPAL_0000546200",0,0,0,0.0271608339585937,0,0,0,0,0,0,"SPAL_contig0000392","DPY30 domain-containing protein",NA,"membrane","A0A0N5BHM4","",NA,"",NA,"",NA,"",NA
"753","SPAL_0000546500",0.0554621813813632,0,0.0395639946740188,0.0810352536866423,0,0,0,0,0.0512044362490547,0.271847162665648,"SPAL_contig0000392","Integrase catalytic domain-containing protein","Integrase_cat-core, RNaseH-like_sf, RNaseH_sf, RT_RNaseH, Integrase_H2C2, DNA/RNA_pol_sf","DNA integration, nucleic acid binding, DNA biosynthetic process, DNA-directed DNA polymerase activity, DNA polymerase complex","A0A0N5BHM8","",NA,"",NA,"SVE_0911900",53.0452,"",NA
"754","SPAL_0000546600",0.14778871896246,0,0,0.02652333048261,0,0,0.130412595021461,0.0506429139295415,0,0.133683238435671,"SPAL_contig0001782","",NA,"membrane","A0A0N5BHM9","",NA,"",NA,"",NA,"",NA
"755","SPAL_0000547500",0,0,0,0,0,0,0,0,0.122699309223987,0,"SPAL_contig0002578","Tudor domain-containing protein","DUF229",NA,"A0A0N5BHN8","",NA,"",NA,"",NA,"",NA
"756","SPAL_0000547700",0,0.133828907064242,0.0649247467138774,0.0362691391917472,0,0,0.0189298217498889,0,0.0553448941916668,0,"SPAL_contig0003720","Peptidase A1 domain-containing protein","Aspartic_peptidase_A1, Peptidase_aspartic_dom_sf, PEPTIDASE_A1","aspartic-type endopeptidase activity, proteolysis","A0A0N5BHP0","",NA,"",NA,"",NA,"",NA
"757","SPAL_0000547800",0,0.0386812890635981,0.0214791802137998,0,0,0,0,0.47082950290929,0.00380106642167495,0.132801489665308,"SPAL_contig0002938","Integrase catalytic domain-containing protein","Integrase_cat-core, RNaseH-like_sf, RNaseH_sf","DNA integration, nucleic acid binding","A0A0N5BHP1","",NA,"",NA,"SVE_0673100",8.61244,"",NA
"758","SPAL_0000548000",0,0.026843217188567,0,0,0,0,0,0,0,0,"SPAL_contig0004135","",NA,NA,"A0A0N5BHP3","",NA,"",NA,"SVE_1117600",8.77193,"",NA
"759","SPAL_0000548300",0,0,0,0,0,0.0319298796581158,0.118249423254478,0.126441336910083,0,0,"SPAL_contig0002230","Spore protein",NA,NA,"A0A0N5BHP6","",NA,"",NA,"",NA,"",NA
"760","SPAL_0000550400",0.0488511883029805,0.108916438257358,0.040138608234297,0,0.0334814946714667,0.0275785164730388,0.0651591865434949,0.381708372496014,0.0409155281270023,0,"SPAL_contig0002505","PARP-type domain-containing protein",NA,NA,"A0A0N5BHR7","",NA,"",NA,"",NA,"",NA
"761","SPAL_0000550500",0,0.164440460041258,0.0399316206299461,0,0.032777010953245,0,0,0,0,0,"SPAL_contig0002505","Conserved domain protein",NA,NA,"A0A0N5BHR8","",NA,"",NA,"SVE_1453500",74.4444,"",NA
"762","SPAL_0000550525",0,0,0,0,0,0,0,0,0,0,"SPAL_contig0002505","Ribosome maturation factor RimP",NA,NA,"A0A0N5BHR9","",NA,"",NA,"",NA,"",NA
"763","SPAL_0000550700",0,0,0,0,0,0,0,0,0,0,"SPAL_contig0000607","",NA,"membrane","A0A0N5BHS2","",NA,"",NA,"",NA,"",NA
"764","SPAL_0000550800",0,0.0960052367461077,0.0797777480634504,0.0606799118845489,0.0674889053173749,0.0280647650309978,0.0906434437406913,0,0,0,"SPAL_contig0000607","ING domain-containing protein",NA,NA,"A0A0N5BHS3","",NA,"",NA,"SVE_1277500",35.2657,"",NA
"765","SPAL_0000550900",0,0.0277517617667116,0,0,0.0402908613347914,0,0,0.0306919664371747,0.0569938993922603,0,"SPAL_contig0000607","ATP-dependent DNA helicase","DNA_helicase_pif1-like, P-loop_NTPase","telomere maintenance, DNA helicase activity, DNA repair, hydrolase activity, nucleotide binding, ATP binding, cellular response to DNA damage stimulus, DNA recombination, DNA duplex unwinding, helicase activity, ATP hydrolysis activity","A0A0N5BHS4","",NA,"",NA,"SVE_0800800",35.4265,"",NA
"766","SPAL_0000558100",0,0,0.0789833466390399,0,0,0,0,0,0,0,"SPAL_contig0002887","F-box domain-containing protein","F-box_dom, LRR_dom_sf, F-box-like_dom_sf","protein binding","A0A0N5BHZ6","",NA,"",NA,"SVE_0401400",35.1724,"",NA
"767","SPAL_0000558200",0,0,0.0404849420876687,0.0527993304730841,0,0,0,0,0.041055500229692,0,"SPAL_contig0002887","Group-specific protein",NA,NA,"A0A0N5BHZ7","",NA,"",NA,"SVE_0793500",55.2083,"",NA
"768","SPAL_0000558300",0,0,0.0400306221886124,0,0.0674268541713826,0,0,0.0257551614107219,0,0,"SPAL_contig0002622","SURF6 domain-containing protein",NA,NA,"A0A0N5BHZ8","",NA,"",NA,"",NA,"",NA
"769","SPAL_0000558600",0.193762843676129,0.080814166232092,0.0397656617025677,0,0,0,0,0.0759776749127595,0,0.13279228095935,"SPAL_contig0000210","ATP-dependent DNA helicase",NA,NA,"A0A0N5BI01","",NA,"",NA,"SVE_0166900",37.6923,"",NA
"770","SPAL_0000560400",0.0487550156864025,0.108838227213342,0,0,0,0,0,0.0252922772976067,0.52997771683094,0,"SPAL_contig0000210","LRAT domain-containing protein","LRAT_dom",NA,"A0A0N5BI19","",NA,"",NA,"",NA,"",NA
"771","SPAL_0000561050",0.0489523413870829,0.0544470683236369,0,0.0802839948168491,0.0338145495201519,0.028002218074487,0,0.232324216131476,0,0,"SPAL_contig0000122","DUF4371 domain-containing protein",NA,NA,"A0A0N5BI26","",NA,"",NA,"SVE_0800000",0,"",NA
"772","SPAL_0000562000",0,0,0.0910164988912282,0,0.438852065976365,0.333376954121866,0,0,0.0410014632899967,0,"SPAL_contig0000646","Metalloendopeptidase","Peptidase_M12A, Peptidase_Metallo, MetalloPept_cat_dom_sf","metalloendopeptidase activity, metallopeptidase activity, proteolysis, zinc ion binding, hydrolase activity, metal ion binding, peptidase activity","A0A0N5BI36","SSTP_0000422200",49.5575,"",NA,"",NA,"",NA
"773","SPAL_0000562200",0,0,0,0,0,0,0,0,0,0,"SPAL_contig0000646","",NA,NA,"A0A0N5BI38","",NA,"",NA,"",NA,"",NA
"774","SPAL_0000562300",0,0,0,0,0,0,0,0,0,0,"SPAL_contig0002388","",NA,NA,"A0A0N5BI39","",NA,"",NA,"",NA,"",NA
"775","SPAL_0000562400",0.0406451802774494,0.316958686962964,0.0397602133043309,0,0.141822437108424,0.0280245249442376,0,0.0358566255301466,0,0.132965844357857,"SPAL_contig0001190","Peptidase_M3 domain-containing protein",NA,NA,"A0A0N5BI40","",NA,"",NA,"SVE_1386300",51.8018,"",NA
"776","SPAL_0000562600",0,0.0273414761513378,0.0400498797824656,0,0.0329889773546229,0,0,0,0.0406143065500144,0,"SPAL_contig0001190","Reverse transcriptase domain-containing protein","RT_dom, Rev_trsase/Diguanyl_cyclase, DNA/RNA_pol_sf",NA,"A0A0N5BI42","",NA,"",NA,"",NA,"",NA
"777","SPAL_0000564675",0,0,0,0,0,0,0,0,0,0,"SPAL_contig0003069","C2H2-type domain-containing protein",NA,NA,"A0A0N5BI63","SSTP_0000876600",65.3061,"",NA,"",NA,"",NA
"778","SPAL_0000564725",0,0.0270414969717098,0.0392023893306539,0,0,0,0,0,0,0,"SPAL_contig0003069","",NA,NA,"A0A0N5BI65","",NA,"",NA,"SVE_1576500",36.0465,"",NA
"779","SPAL_0000566100",0,0.245326098568543,0.0467542907773421,0.0813658695875272,0.101490519873266,0.0680075315486775,0,0.248800992726597,0,0,"SPAL_contig0000932","CCHC-type domain-containing protein","RT_dom, Znf_CCHC, Peptidase_aspartic_dom_sf, RT_RNaseH_2, Rev_trsase/Diguanyl_cyclase, DNA/RNA_pol_sf","nucleic acid binding, zinc ion binding","A0A0N5BI78","",NA,"",NA,"",NA,"",NA
"780","SPAL_0000566300",0.0966356412998358,0.00383253858882731,0,0.0299478127402711,0,0.0276847263795537,0,0.125050655159542,0,0.0652567820807799,"SPAL_contig0000634","Histone-lysine N-methyltransferase SETMAR","RNaseH_sf","nucleic acid binding","A0A0N5BI80","",NA,"",NA,"",NA,"",NA
"781","SPAL_0000566600",0,0.0268431900943348,0,0,0,0,0,0,0,0,"SPAL_contig0002723","Reverse transcriptase domain-containing protein","RT_dom, Peptidase_aspartic_dom_sf, Rev_trsase/Diguanyl_cyclase, DNA/RNA_pol_sf",NA,"A0A0N5BI82","",NA,"SRAE_0000074100 | WBGene00256498",15.3959,"SVE_1122200",0,"",NA
"782","SPAL_0000566700",0,0,0.110425747435124,0,0,0,0,0,0,0,"SPAL_contig0001708","glucuronosyltransferase","UDP_glucos_trans","UDP-glycosyltransferase activity, membrane, glycosyltransferase activity, transferase activity, glucuronosyltransferase activity","A0A0N5BI83","SSTP_0000161500",73.0038,"SRAE_2000493400 | WBGene00265181",71.1027,"SVE_0334800",84.7909,"",NA
"783","SPAL_0000567200",0.0484153488158066,0,0,0,0.0342773240908011,0,0.0649160747213692,0.180005138799857,0.0817918986610511,0,"SPAL_contig0000657","SECA_MOTOR_DEAD domain-containing protein",NA,NA,"A0A0N5BI88","",NA,"",NA,"",NA,"",NA
"784","SPAL_0000567400",0,0,0,0,0,0,0,0.0260163460033763,0,0,"SPAL_contig0004328","RT_RNaseH_2 domain-containing protein","RT_RNaseH_2, DNA/RNA_pol_sf",NA,"A0A0N5BI90","SSTP_0001270200",0,"",NA,"SVE_0895200",64.3357,"",NA
"785","SPAL_0000567500",0.0964984212528195,0.0269334568930781,0,0,0,0.0280563701311491,0,0,0.163578645835124,0,"SPAL_contig0001828","Clr5 domain-containing protein",NA,NA,"A0A0N5BI91","",NA,"",NA,"SVE_0851000",19.917,"",NA
"786","SPAL_0000575200",0,0.0537711289918843,0,0,0.0337729073671694,0,0,0,0.0409045435409396,0,"SPAL_contig0000674","VWFA domain-containing protein",NA,NA,"A0A0N5BIG8","",NA,"",NA,"",NA,"",NA
"787","SPAL_0000575300",0,0,0,0,0.0338298731723414,0,0,0,0,0,"SPAL_contig0000674","Helitron_like_N domain-containing protein","Helitron_helicase-like, DUF6570",NA,"A0A0N5BIG9","",NA,"",NA,"SVE_1921200",5.45734,"",NA
"788","SPAL_0000575500",0,0,0,0,0,0,0,0,0,0,"SPAL_contig0001701","C2H2-type domain-containing protein",NA,NA,"A0A0N5BIH1","",NA,"",NA,"SVE_0202300",36.1905,"",NA
"789","SPAL_0000575700",0,0,0,0,0.0338299415664257,0,0,0,0,0,"SPAL_contig0000564","NTF2 domain-containing protein",NA,NA,"A0A0N5BIH3","",NA,"",NA,"",NA,"",NA
"790","SPAL_0000575900",0.0961302599368582,0.0806763332788421,0,0.0270081263918023,0.10129732289795,0,0.0664167201585246,0.486056948258785,0.0409061060076068,0.0662524649376699,"SPAL_contig0000242","NR LBD domain-containing protein",NA,NA,"A0A0N5BIH5","",NA,"SRAE_2000385800 | WBGene00264085",32.0455,"",NA,"",NA
"791","SPAL_0000576000",0,0,0,0,0,0,0.130772920054932,0.394874634456648,0.0409224485197354,0,"SPAL_contig0000242","Metalloendopeptidase","Peptidase_M12A, MetalloPept_cat_dom_sf","metalloendopeptidase activity, metallopeptidase activity, proteolysis, hydrolase activity, metal ion binding, peptidase activity","A0A0N5BIH6","",NA,"",NA,"",NA,"",NA
"792","SPAL_0000576100",0,0.0268432620416358,0,0,0,0,0,0,0,0,"SPAL_contig0000242","DDE_Tnp_1_7 domain-containing protein","PGBD",NA,"A0A0N5BIH7","",NA,"",NA,"",NA,"",NA
"793","SPAL_0000576200",0,0.02684316892135,0,0,0,0,0,0,0,0,"SPAL_contig0000242","Transposase",NA,NA,"A0A0N5BIH8","",NA,"",NA,"",NA,"",NA
"794","SPAL_0000576400",0,0.0279200105153869,0,0.0579291932834425,0,0.0275735838229184,0.0653958628969005,0,0,0,"SPAL_contig0000242","USP domain-containing protein","Peptidase_C19_UCH, USP_dom, Papain-like_cys_pep_sf","protein deubiquitination, cysteine-type deubiquitinase activity","A0A0N5BII0","",NA,"",NA,"SVE_0780400",69.6629,"",NA
"795","SPAL_0000576800",0,0.0319534314997339,0,0,0,0.0282828641144547,0,0,0,0,"SPAL_contig0000242","ATP-dependent DNA helicase","DNA_helicase_pif1-like, P-loop_NTPase","telomere maintenance, DNA helicase activity, DNA repair, hydrolase activity, nucleotide binding, ATP binding, cellular response to DNA damage stimulus, DNA recombination, DNA duplex unwinding, helicase activity, ATP hydrolysis activity","A0A0N5BII5","",NA,"",NA,"SVE_0800800",60.2339,"",NA
"796","SPAL_0000576900",0,0,0,0,0,0,0,0,0,0,"SPAL_contig0000436","ApeC domain-containing protein",NA,NA,"A0A0N5BII6","",NA,"",NA,"SVE_0197200",39.8773,"",NA
"797","SPAL_0000577000",0,0.0538758120500106,0,0,0,0,0.0647984460946306,0.15479709920421,0.0408974718181603,0,"SPAL_contig0000436","DDE_3 domain-containing protein","WH-like_DNA-bd_sf, RNaseH_sf","nucleic acid binding","A0A0N5BII7","",NA,"",NA,"SVE_1012800",37.7119,"W08F4.1 | WBGene00021091",1.69492
"798","SPAL_0000577025",0.098142299025897,0,0,0,0,0,0.324539347541003,0.277491066302903,0.0408962281417824,0,"SPAL_contig0000436","",NA,NA,"A0A0N5BII8","",NA,"",NA,"SVE_1505100",34.5679,"",NA
"799","SPAL_0000577600",0,0.0381025303147861,0,0,0,0,0,0,0,0,"SPAL_contig0002184","Mut7-C domain-containing protein",NA,NA,"A0A0N5BIJ4","",NA,"",NA,"",NA,"",NA
"800","SPAL_0000577700",0,0.107550272186143,0,0,0.0337837967982706,0,0.129253099267858,0.181597002470007,0.122736195505718,0,"SPAL_contig0000353","Peptidase A2 domain-containing protein","Peptidase_A2_cat, Peptidase_aspartic_dom_sf, Znf_CCHC_sf","aspartic-type endopeptidase activity, nucleic acid binding, proteolysis, zinc ion binding, hydrolase activity","A0A0N5BIJ5","",NA,"",NA,"SVE_0596400",5.10397,"",NA
"801","SPAL_0000577800",0,0,0,0,0,0,0,0,0,0,"SPAL_contig0000353","Integrase_H2C2 domain-containing protein",NA,NA,"A0A0N5BIJ6","",NA,"",NA,"SVE_0596800",38.5246,"",NA
"802","SPAL_0000578300",0.148582404535809,0.111259977346094,0,0,0.0345996592410496,0,0,0,0,0,"SPAL_contig0003321","Integrase catalytic domain-containing protein","Integrase_cat-core, RNaseH-like_sf, RNaseH_sf, Integrase_H2C2","DNA integration, nucleic acid binding","A0A0N5BIK1","",NA,"",NA,"",NA,"",NA
"803","SPAL_0000578375",0,0.139732168707204,0.119260837639744,0,0.0322988178904916,0,0,0,0,0,"SPAL_contig0001361","",NA,NA,"A0A0N5BIK2","",NA,"",NA,"SVE_0799500",74.3243,"",NA
"804","SPAL_0000578400",0,0.110064087273215,0.0801110201905432,0,0.0657132541123018,0,0,0,0.0810345634166445,0,"SPAL_contig0001361","DUF4298 domain-containing protein",NA,NA,"A0A0N5BIK3","",NA,"",NA,"SVE_1962800",33.7079,"",NA
"805","SPAL_0000578425",0.0487420259129907,0,0.0400265469991372,0.159328381122162,0,0.0277764842256473,0,0,0,0.133801277612643,"SPAL_contig0001361","Transposase",NA,NA,"A0A0N5BIK4","SSTP_0000811300",22.2222,"",NA,"SVE_1387600",77.0833,"",NA
"806","SPAL_0000578600",0,0.0807631350838648,0.0397357304131555,0,0.100776593986422,0,0.129554724479711,0.105263702094199,0,0.199302723172934,"SPAL_contig0000619","G_PROTEIN_RECEP_F1_2 domain-containing protein",NA,"membrane","A0A0N5BIK6","SSTP_0000537400 | SSTP_0000537400",41.7085,"SRAE_2000459500 | WBGene00264827",27.1357,"SVE_0266000",74.3719,"",NA
"807","SPAL_0000580800",0,0.0336254546241642,0.188321653470262,0,0.0675957779537052,0,0,0.0591993405329457,0.047683885532883,0,"SPAL_contig0000103","Reverse transcriptase domain-containing protein","RT_dom, Endo/exonu/phosph_ase_sf, DNA/RNA_pol_sf",NA,"A0A0N5BIM8","",NA,"",NA,"",NA,"",NA
"808","SPAL_0000581200",0,0,0,0.0268198106553251,0,0,0,0,0,0.133814259261346,"SPAL_contig0004098","SGNH/GDSL hydrolase family protein",NA,NA,"A0A0N5BIN2","",NA,"",NA,"",NA,"",NA
"809","SPAL_0000581600",0.0673179149788319,0,0.0397647011461166,0.0269669408206897,0,0.0281887585717369,0,0.0259109458125494,0.245948439496111,0,"SPAL_contig0001232","RING-type domain-containing protein","Znf_RING, Znf_RING/FYVE/PHD, WD40_repeat_dom_sf","protein binding, metal ion binding","A0A0N5BIN6","",NA,"",NA,"SVE_1081900",67.2355,"",NA
"810","SPAL_0000581900",0,0.027394172811505,0,0.0266167669713072,0,0,0,0,0,0,"SPAL_contig0000360","Ribosomal protein L17","RNaseH_sf","nucleic acid binding","A0A0N5BIN9","",NA,"",NA,"",NA,"",NA
"811","SPAL_0000582000",0,0.107633962430989,0,0,0.0337620935425311,0,0.194086371401812,0.0518154741415325,0.081835486982975,0,"SPAL_contig0000360","",NA,NA,"A0A0N5BIP0","",NA,"",NA,"SVE_0877800",53.7037,"",NA
"812","SPAL_0000582100",0,0.0538019820204965,0.039649660079713,0.0269067923327164,0,0,0,0,0.0817638384492594,0.066311663066347,"SPAL_contig0000360","Integrase catalytic domain-containing protein","Integrase_cat-core, RNaseH-like_sf, RNaseH_sf","DNA integration, nucleic acid binding","A0A0N5BIP1","SSTP_0000066000",15.7895,"",NA,"",NA,"",NA
"813","SPAL_0000582700",0,0.0268649806088135,0,0,0,0,0,0,0.0408668969225371,0,"SPAL_contig0000515","CCHC-type domain-containing protein","Pept_A3A, Znf_CCHC, Peptidase_aspartic_dom_sf, Znf_CCHC_sf, DNA/RNA_pol_sf","aspartic-type endopeptidase activity, nucleic acid binding, proteolysis, zinc ion binding, cytoplasm, enzyme binding","A0A0N5BIP7","",NA,"",NA,"SVE_1965200",69.6903,"",NA
"814","SPAL_0000582800",0,0.0806389222353675,0,0,0.0337840319484069,0,0,0,0,0,"SPAL_contig0003027","Reverse transcriptase domain-containing protein","RT_dom, RT_RNaseH, Integrase_H2C2, Rev_trsase/Diguanyl_cyclase, DNA/RNA_pol_sf",NA,"A0A0N5BIP8","",NA,"",NA,"",NA,"",NA
"815","SPAL_0000582900",0,0.0268627914648583,0,0,0,0,0.0646181726156832,0,0.0407828048774768,0,"SPAL_contig0001590","Retinitis pigmentosa 1-like 1",NA,NA,"A0A0N5BIP9","",NA,"",NA,"",NA,"",NA
"816","SPAL_0000583000",0,0.123581647554812,0.0398095864286772,0.0808113271453373,0.134337740965845,0.255689531850782,0,0.111126511994307,0,0.0665753250447264,"SPAL_contig0000914","RNase H domain-containing protein","RNaseH_domain, RNaseH-like_sf, RNaseH_sf","RNA-DNA hybrid ribonuclease activity, nucleic acid binding, RNA phosphodiester bond hydrolysis, endonucleolytic","A0A0N5BIQ0","SSTP_0001074500",35.7692,"",NA,"SVE_0372100",44.2308,"",NA
"817","SPAL_0000583100",0,0,0,0,0,0,0,0,0,0,"SPAL_contig0003766","BTB domain-containing protein","BTB/POZ_dom, SKP1/BTB/POZ_sf","protein binding","A0A0N5BIQ1","",NA,"",NA,"",NA,"",NA
"818","SPAL_0000583300",0,0,0,0,0,0,0,0,0,0,"SPAL_contig0000748","HTH_48 domain-containing protein","Transposase_1, ArsR-like_HTH, WH-like_DNA-bd_sf, WH_DNA-bd_sf, RNaseH_sf, Mos1_HTH","nucleic acid binding","A0A0N5BIQ3","",NA,"",NA,"",NA,"",NA
"819","SPAL_0000583400",0,0,0,0,0,0,0,0,0,0,"SPAL_contig0000148","HTH CENPB-type domain-containing protein","HTH_CenpB_DNA-bd_dom, Homeobox-like_sf",NA,"A0A0N5BIQ4","",NA,"",NA,"SVE_0760500",72.8889,"",NA
"820","SPAL_0000583500",0.0480871531818529,0.0268973992737507,0.118872721383222,0.02698893902216,0.0337572131564707,0,0.0646656390227472,0.0518144986436236,0.490869833252065,0,"SPAL_contig0000148","Metalloendopeptidase","EGF-like_dom, Peptidase_M12A, Peptidase_Metallo, MetalloPept_cat_dom_sf","metalloendopeptidase activity, metallopeptidase activity, proteolysis, zinc ion binding, hydrolase activity, metal ion binding, peptidase activity","A0A0N5BIQ5","SSTP_0000966100",34.6734,"SRAE_2000524800 | WBGene00265508",33.4171,"",NA,"",NA
"821","SPAL_0000583800",0,0.0393994601683895,0.0399597731468109,0,0,0,0.084372123716933,0.109756323604116,0,0,"SPAL_contig0000148","HTH_48 domain-containing protein","Mos1_HTH",NA,"A0A0N5BIQ8","",NA,"",NA,"SVE_0095200",51.3889,"",NA
"822","SPAL_0000587100",0,0,0,0,0,0,0,0.0260162475003666,0,0,"SPAL_contig0001057","",NA,NA,"A0A0N5BIU1","",NA,"",NA,"",NA,"",NA
"823","SPAL_0000587600",0,0,0,0.081151139785606,0.0676899509558683,0.028269248527778,0.0799060275269842,0.0578842409269528,0.0820390482232893,0,"SPAL_contig0003231","Metalloendopeptidase","EGF-like_dom, Peptidase_M12A, Peptidase_Metallo, MetalloPept_cat_dom_sf","metalloendopeptidase activity, metallopeptidase activity, proteolysis, zinc ion binding, hydrolase activity, metal ion binding, peptidase activity","A0A0N5BIU6","SSTP_0001126100",42.246,"SRAE_X000146000 | WBGene00267031",40.6417,"SVE_0795400",61.7647,"",NA
"824","SPAL_0000587700",0,0,0,0,0.0699916442669792,0.0609287181631337,0.065565593639495,0,0.0446387700431109,0.242790259024664,"SPAL_contig0003431","CDT1 domain-containing protein",NA,NA,"A0A0N5BIU7","SSTP_0000831000",40.4255,"SRAE_2000193200 | WBGene00262139",44.6809,"",NA,"",NA
"825","SPAL_0000588000",0,0,0,0,0,0,0.0322401742261308,0,0,0,"SPAL_contig0000771","USP domain-containing protein","Peptidase_C19_UCH, USP_dom, Papain-like_cys_pep_sf","protein deubiquitination, cysteine-type deubiquitinase activity","A0A0N5BIV0","",NA,"",NA,"SVE_0780400",70.5357,"",NA
"826","SPAL_0000588100",0,0.026994756399679,0,0,0,0.0281408429141016,0,0.051757030709141,0,0.199714423405082,"SPAL_contig0000847","",NA,NA,"A0A0N5BIV1","SSTP_0000639000",0,"",NA,"SVE_1266400",30.6773,"",NA
"827","SPAL_0000588200",0,0,0,0,0,0,0,0.0260162896197071,0,0,"SPAL_contig0000847","",NA,NA,"A0A0N5BIV2","",NA,"",NA,"",NA,"",NA
"828","SPAL_0000588300",0,0,0,0,0,0,0,0,0,0,"SPAL_contig0000847","PBPb domain-containing protein",NA,NA,"A0A0N5BIV3","",NA,"",NA,"SVE_1266500",77.8626,"",NA
"829","SPAL_0000588400",0,0,0,0,0,0,0,0,0,0,"SPAL_contig0000847","RT_RNaseH_2 domain-containing protein","RT_RNaseH_2, Rev_trsase/Diguanyl_cyclase, DNA/RNA_pol_sf",NA,"A0A0N5BIV4","",NA,"",NA,"",NA,"",NA
"830","SPAL_0000588600",0,0,0,0.0269172167217304,0.0341366275413077,0,0,0,0,0,"SPAL_contig0003091","HTH_48 domain-containing protein","RNaseH_sf","nucleic acid binding","A0A0N5BIV6","",NA,"",NA,"SVE_0908800",59.0551,"",NA
"831","SPAL_0000588700",0,0,0.111729785869582,0.030760888378708,0,0.0277044640014562,0.297419258320756,0,0.164765059095022,0,"SPAL_contig0003091","Histone-lysine N-methyltransferase SETMAR","RNaseH_sf","nucleic acid binding","A0A0N5BIV7","SSTP_0000342600",63.0631,"",NA,"",NA,"",NA
"832","SPAL_0000589400",0,0.215031849937345,0.0791423861122885,0.0270806076044428,0.0676051836011804,0,0,0.0519364123835494,0.0409152244701612,0.0661914777839123,"SPAL_contig0000716","ATP-dependent DNA helicase",NA,NA,"A0A0N5BIW4","",NA,"SRAE_0000065000 | WBGene00256398",36.2379,"SVE_0851900",87.9668,"",NA
"833","SPAL_0000589500",0,0.0808010010686165,0.0794010228863637,0.0269276251638253,0,0,0,0,0,0,"SPAL_contig0000716","",NA,NA,"A0A0N5BIW5","",NA,"SRAE_0000064800 | WBGene00256396",49.1525,"SVE_0851800",92.5424,"",NA
"834","SPAL_0000589600",0.0483638496764184,0.107877483413228,0.0398016883689973,0.0267682406589225,0.033666195527939,0,0.0648901429305467,0.0126903175304062,0.0409145564868406,0,"SPAL_contig0000716","Peptidase_C39_2 domain-containing protein",NA,NA,"A0A0N5BIW6","SSTP_0000886000",27.8049,"",NA,"SVE_1305100",0,"",NA
"835","SPAL_0000590250",0,0.0862299734203104,0.0402785190590522,0.081334248542984,0,0.055191917530738,0,0.0747839703176441,0.0806813763325498,0,"SPAL_contig0000134","",NA,"membrane","A0A0N5BIX3","",NA,"",NA,"",NA,"",NA
"836","SPAL_0000592975",0.0478772736694849,0,0,0,0,0,0,0,0,0,"SPAL_contig0001480","Transposase",NA,NA,"A0A0N5BJ01","",NA,"",NA,"",NA,"",NA
"837","SPAL_0000594433",0,0.0805296042644015,0,0,0,0,0,0,0,0,"SPAL_contig0000038","",NA,NA,"A0A0N5BJ17","",NA,"",NA,"",NA,"",NA
"838","SPAL_0000594466",0,0.0286055854895703,0,0.0540127638628798,0,0,0.063731062754487,0.0248724175124284,0,0,"SPAL_contig0000038","Sulfotransfer_1 domain-containing protein","Sulfotransferase_dom, P-loop_NTPase","sulfotransferase activity","A0A0N5BJ18","",NA,"",NA,"",NA,"",NA
"839","SPAL_0000597600",0,0.107830065402571,0,0,0,0,0.129723054279382,0.652019882516798,0,0,"SPAL_contig0000038","7TM_GPCR_Srx domain-containing protein","7TM_GPCR_serpentine_rcpt_Srt","membrane","A0A0N5BJ51","SSTP_0000425500 | SSTP_0000425500",53.1707,"SRAE_2000446800 | WBGene00264700",51.7073,"SVE_0319100",62.439,"srt-23 | WBGene00021947",25.8537
"840","SPAL_0000600400",0,0,0,0,0,0,0,0,0,0,"SPAL_contig0002813","Glycosyltransferase family 17","DUF229",NA,"A0A0N5BJ79","",NA,"",NA,"",NA,"",NA
"841","SPAL_0000601600",0,0,0,0.224428061440241,0,0,0,0,0,0,"SPAL_contig0001175","glucuronosyltransferase","UDP_glucos_trans","UDP-glycosyltransferase activity, membrane, glycosyltransferase activity, transferase activity, glucuronosyltransferase activity","A0A0N5BJ90","SSTP_0000161500",64.5038,"SRAE_2000493400 | WBGene00265181",62.7863,"SVE_0788700",80.7252,"",NA
"842","SPAL_0000601800",0,0.0274506869387399,0.0343983982084272,0,0,0,0.193563953741159,0.00201837236749643,0,0,"SPAL_contig0001299","Reverse transcriptase domain-containing protein",NA,NA,"A0A0N5BJ92","",NA,"SRAE_0000065900 | WBGene00256407",41.3043,"",NA,"",NA
"843","SPAL_0000602000",0,0.0808439351000536,0,0,0,0,0.25931962495078,0.180430714411705,0,0,"SPAL_contig0000588","RNase H domain-containing protein","RNaseH_domain, RNaseH-like_sf, RNaseH_sf","RNA-DNA hybrid ribonuclease activity, nucleic acid binding, RNA phosphodiester bond hydrolysis, endonucleolytic","A0A0N5BJ93","",NA,"SRAE_X000140900 | WBGene00266977",45.4128,"",NA,"",NA
"844","SPAL_0000602200",0,0.0269273760947225,0.0397353715939615,0,0,0,0,0,0.162182476339168,0,"SPAL_contig0000588","",NA,NA,"A0A0N5BJ95","",NA,"",NA,"SVE_0030200",62.9032,"",NA
"845","SPAL_0000602500",0,0.0268431849484549,0,0,0,0,0,0,0,0,"SPAL_contig0001255","ZP domain-containing protein",NA,NA,"A0A0N5BJ98","",NA,"",NA,"",NA,"",NA
"846","SPAL_0000602600",0.085613935999391,0.192273883259441,0,0,0,0.0560038474238301,0.100813680512671,0,0.0408538420239275,0,"SPAL_contig0001255","Enkurin domain-containing protein",NA,NA,"A0A0N5BJ99","",NA,"",NA,"",NA,"",NA
"847","SPAL_0000602700",0,0,0,0,0.0676580835586062,0,0,0.0412030841869622,0.0553324603155766,0,"SPAL_contig0001872","RNA-directed DNA polymerase","RT_dom, Integrase_cat-core, Znf_CCHC, Aspartic_peptidase_AS, RNaseH-like_sf, Peptidase_aspartic_dom_sf, RNaseH_sf, Znf_CCHC_sf, RT_RNaseH, Integrase_H2C2, Rev_trsase/Diguanyl_cyclase, DNA/RNA_pol_sf","DNA integration, aspartic-type endopeptidase activity, nucleic acid binding, proteolysis, zinc ion binding, transferase activity, cytoplasm, nucleotidyltransferase activity, RNA-templated DNA biosynthetic process, RNA-directed DNA polymerase activity, DNA biosynthetic process, DNA-directed DNA polymerase activity, DNA polymerase complex, enzyme binding","A0A0N5BJA0","SSTP_0000639400",24.2967,"",NA,"SVE_1105500",50.2984,"",NA
"848","SPAL_0000602900",0,0,0,0,0,0,0.0657008801827775,7.0968460832445e-09,0,0,"SPAL_contig0002240","FXYD domain-containing ion transport regulator",NA,"membrane","A0A0N5BJA2","",NA,"",NA,"SVE_0077800",64.1975,"",NA
"849","SPAL_0000603375",0,0,0,0,0,0,0,0,0,0,"SPAL_contig0000466","",NA,NA,"A0A0N5BJA7","",NA,"",NA,"",NA,"",NA
"850","SPAL_0000603500",0,0.0269272138430595,0,0,0,0,0.129539318954805,0.0774584728226958,0,0,"SPAL_contig0000466","Histone-lysine N-methyltransferase SETMAR","WH-like_DNA-bd_sf, RNaseH_sf","nucleic acid binding","A0A0N5BJA9","",NA,"",NA,"",NA,"",NA
"851","SPAL_0000603900",0,0,0,0,0,0,0,0,0,0,"SPAL_contig0000728","",NA,NA,"A0A0N5BJB3","",NA,"",NA,"SVE_1410100",67.9426,"",NA
"852","SPAL_0000605100",0.0486823541337721,0.378903441551534,0,0,0.0335686101682466,0.0277602641626277,0.0651101966905266,0.127993078297166,0,0.0668181167809407,"SPAL_contig0000050","ShKT domain-containing protein","ShKT_dom",NA,"A0A0N5BJC5","",NA,"",NA,"SVE_1655100",35.6164,"",NA
"853","SPAL_0000606900",0.193094151911487,0.0269118957684514,0.039722279913712,0,0.0335808270747497,0,0,0.0256951360842431,0.163285052437409,0.066411591824698,"SPAL_contig0000050","G protein-coupled receptor","7TM_GPCR_serpentine_rcpt_Srh","membrane","A0A0N5BJE3","",NA,"",NA,"SVE_1707600",91.9598,"",NA
"854","SPAL_0000607600",0,0,0.0802148418168776,0,0,0,0.0650840761570968,0.0254018989614961,0.572192295512235,0,"SPAL_contig0002015","",NA,NA,"A0A0N5BJF0","",NA,"",NA,"",NA,"",NA
"855","SPAL_0000609700",0,0,0,0.0271234243908648,0,0,0,0.0260522017416944,0,0,"SPAL_contig0001721","Astacin domain-containing protein","Peptidase_M12A, MetalloPept_cat_dom_sf","metalloendopeptidase activity, metallopeptidase activity, proteolysis","A0A0N5BJH1","",NA,"",NA,"SVE_0598400",36.3354,"",NA
"856","SPAL_0000610900",0,0,0,0,0,0,0,0.0520326024775634,0,0,"SPAL_contig0003874","ATP-dependent DNA helicase","DNA_helicase_dom, DNA_helicase_pif1-like, P-loop_NTPase","telomere maintenance, helicase activity, DNA helicase activity, DNA repair, ATP binding, hydrolase activity, nucleotide binding, cellular response to DNA damage stimulus, DNA recombination, DNA duplex unwinding, ATP hydrolysis activity","A0A0N5BJI3","",NA,"",NA,"SVE_0800800",70.255,"",NA
"857","SPAL_0000611000",0,0,0,0,0,0,0,0.0345645922222935,0.116396904788658,0,"SPAL_contig0003785","Integrase catalytic domain-containing protein","RNaseH-like_sf, RNaseH_sf","nucleic acid binding","A0A0N5BJI4","",NA,"",NA,"SVE_0264000",48.8525,"",NA
"858","SPAL_0000611200",0,0,0,0,0.0113074117209589,0.00942910748885915,0,0,0,0,"SPAL_contig0000997","Serpentine receptor class gamma","7TM_GPCR_serpentine_rcpt_Srg, GPCR_Rhodpsn_7TM","transmembrane signaling receptor activity, sensory perception of chemical stimulus, membrane","A0A0N5BJI6","",NA,"",NA,"SVE_2019500",47.8417,"",NA
"859","SPAL_0000612200",0,0,0,0.108643371187147,0,0,0,0,0,0,"SPAL_scaffold0000069","Reverse transcriptase domain-containing protein",NA,NA,"A0A0N5BJJ6","",NA,"",NA,"SVE_0129600",51.0067,"",NA
"860","SPAL_0000612475",0,0.0958042343152886,0,0,0.0380160874018337,0,0,0,0,0,"SPAL_contig0000854","Transposase",NA,NA,"A0A0N5BJJ9","",NA,"",NA,"",NA,"",NA
"861","SPAL_0000612500",0,0.134181498044831,0.0395018008208377,0,0,0,0,0,0,0,"SPAL_contig0000854","RNA helicase","Helicase_C, DNA/RNA_helicase_DEAH_CS, Helicase-assoc_dom, DEAD/DEAH_box_helicase_dom, Helicase_ATP-bd, P-loop_NTPase","helicase activity, nucleic acid binding, ATP binding, hydrolase activity, nucleotide binding, RNA helicase activity","A0A0N5BJK0","",NA,"",NA,"SVE_0799700",17.0758,"rha-1 | WBGene00004355",28.3885
"862","SPAL_0000612600",0,0.109399779447981,0,0.0800835230942365,0.0338340212530572,0,0,0.0257569169367917,0.0825161054451017,0,"SPAL_contig0000854","",NA,NA,"A0A0N5BJK1","",NA,"",NA,"SVE_0612700",79.8507,"",NA
"863","SPAL_0000612700",0,0.0541890416486386,0,0.0538186728908127,0,0,0,0,0,0,"SPAL_contig0000854","Cullin domain-containing protein",NA,NA,"A0A0N5BJK2","",NA,"",NA,"SVE_1558000",84.2857,"",NA
"864","SPAL_0000612800",0,0.00743444557225081,0,0.0268520598343538,0,0,0,0,0,0,"SPAL_contig0000854","Protein kinase domain-containing protein","Prot_kinase_dom, Ser/Thr_kinase_AS, Kinase-like_dom_sf","protein kinase activity, protein phosphorylation, ATP binding","A0A0N5BJK3","",NA,"",NA,"SVE_1558000",82.8729,"",NA
"865","SPAL_0000612900",0,0,0,0,0,0,0.106397552848644,0,0.0114119291073791,0,"SPAL_contig0002081","",NA,NA,"A0A0N5BJK4","",NA,"",NA,"SVE_1277200",7.84314,"",NA
"866","SPAL_0000613200",0,0.0290503354040938,0,0,0,0,0,0,0,0,"SPAL_contig0003410","ATP-dependent DNA helicase",NA,NA,"A0A0N5BJK7","",NA,"",NA,"",NA,"",NA
"867","SPAL_0000613400",0,0.026816455827987,0.0790621135394854,0,0,0,0,0,0,0,"SPAL_contig0001868","Envelope-like protein",NA,NA,"A0A0N5BJK9","",NA,"",NA,"SVE_0453400",50,"",NA
"868","SPAL_0000613500",0,0.0268561854271105,0.0395618910565167,0,0.0337093925498038,0,0.129129565048621,0,0,0,"SPAL_contig0001868","BED-type domain-containing protein","RNaseH-like_sf",NA,"A0A0N5BJL0","",NA,"",NA,"",NA,"",NA
"869","SPAL_0000613600",0,0,0,0,0,0,0.193440393389597,0,0,0,"SPAL_contig0001665","CARD domain-containing protein",NA,NA,"A0A0N5BJL1","",NA,"",NA,"",NA,"",NA
"870","SPAL_0000613700",0,0,0,0,0,0,0,0,0,0,"SPAL_contig0004175","Helicase C-terminal domain-containing protein","Helicase_C, P-loop_NTPase",NA,"A0A0N5BJL2","",NA,"SRAE_X000236600 | WBGene00267950",7.52212,"",NA,"",NA
"871","SPAL_0000614000",0,0.313913203581617,0.0741756198126058,0,0,0.0563858000528119,0,0.0963165380839401,0,0,"SPAL_contig0001516","Dimer_Tnp_hAT domain-containing protein",NA,NA,"A0A0N5BJL5","",NA,"",NA,"",NA,"",NA
"872","SPAL_0000615600",0.0481496430624149,0.0268986926233174,0.0396539674581158,0,0.0336839748417177,0,0,0.0888445867056414,0,0,"SPAL_contig0000180","",NA,NA,"A0A0N5BJN3","",NA,"",NA,"SVE_0883300",57.1429,"",NA
"873","SPAL_0000616100",0,0.0262988354644784,0,0,0,0,0,0,0.0408567377306323,0,"SPAL_contig0002056","BRCT domain-containing protein",NA,NA,"A0A0N5BJN8","",NA,"",NA,"SVE_1334700",40.2778,"",NA
"874","SPAL_0000616200",0,0.080684127609683,0,0,0,0,0.0646625809535458,0.0258933188675437,0,0,"SPAL_contig0002056","Peptidase C76 domain-containing protein","Papain-like_cys_pep_sf",NA,"A0A0N5BJN9","",NA,"",NA,"",NA,"",NA
"875","SPAL_0000616800",0.0485506691741357,0.108094418146294,0.119742965719147,0.0266279183590047,0.0336066354991864,0,0.0650362397325975,0.077010235228461,0.245487757673299,0,"SPAL_contig0000250","DUF1768 domain-containing protein","NADAR, YbiA-like_sf",NA,"A0A0N5BJP5","",NA,"",NA,"",NA,"",NA
"876","SPAL_0000617300",0.048459614141152,0,0.0398718012334354,0.0535568280901725,0,0,0,0.0773451445981259,0.122908579765634,0,"SPAL_contig0002323","RING-type domain-containing protein","Znf_RING, Znf_RING/FYVE/PHD, Znf_C3HC4_RING-type, RFWD3","interstrand cross-link repair, protein ubiquitination, ubiquitin-protein transferase activity, metal ion binding, nucleus","A0A0N5BJQ1","",NA,"SRAE_1000030100 | WBGene00256895",30.9645,"SVE_1587500",42.6396,"",NA
"877","SPAL_0000617500",0.0485857979789589,0.0270284613769178,0.0399337901924326,0.132978194483707,0.0671724763133173,0,0,0.256468067890265,0.0409066873023736,0.0667402888200008,"SPAL_contig0002323","WD repeat-containing protein","WD40_repeat_dom_sf","protein binding","A0A0N5BJQ3","",NA,"SRAE_1000030100 | WBGene00256895",24.0506,"",NA,"",NA
"878","SPAL_0000617600",0,0.0397874183493371,0,0,0,0.0100722197905351,0.196024843041648,0.0850163387553341,0,0.200593095154475,"SPAL_contig0000591","",NA,NA,"A0A0N5BJQ4","",NA,"",NA,"SVE_0831900",67.0103,"",NA
"879","SPAL_0000617650",0,0.0543420852522121,0,0,0,0.0278694879466688,0.065366375162768,0.0256993865589635,0.328601118092686,0,"SPAL_contig0000591","",NA,NA,"A0A0N5BJQ5","",NA,"",NA,"",NA,"",NA
"880","SPAL_0000617700",0,0.0261795460878081,0,0,0,0,0,0,0.0609768827643378,0,"SPAL_contig0000591","Secreted protein",NA,NA,"A0A0N5BJQ6","",NA,"",NA,"",NA,"",NA
"881","SPAL_0000617800",0,0,0.0407127661185479,0.0265604506222836,0,0,0,0.0255493776385103,0.250738867861738,0,"SPAL_contig0003578","Tryptophan--tRNA ligase",NA,NA,"A0A0N5BJQ7","",NA,"",NA,"",NA,"",NA
"882","SPAL_0000617900",0,0.0538314582835879,0.0793643101877823,0,0,0,0,0.103319982357865,0.0408873013098092,0,"SPAL_contig0002618","Transposase_23 domain-containing protein",NA,NA,"A0A0N5BJQ8","",NA,"",NA,"",NA,"",NA
"883","SPAL_0000618100",0.0482893703092436,0.0538994880690086,0.238519770693327,0.214624830908584,0.0336901488256421,0,0.0880187755619628,0.154823400883802,0.111266985802335,0,"SPAL_contig0002976","DUF4283 domain-containing protein",NA,NA,"A0A0N5BJR0","",NA,"",NA,"SVE_1277200",23.7069,"",NA
"884","SPAL_0000618600",0,0.107372927059436,0,0,0,0,0,0,0,0,"SPAL_contig0002018","Ig-like domain-containing protein",NA,NA,"A0A0N5BJR5","",NA,"",NA,"",NA,"",NA
"885","SPAL_0000618700",0,0.215676571385182,0.0794836369059867,0.0538818615701193,0.135064217507824,0.0844872134504155,0.0648384808310438,0.103552933006797,0,0.0664644463758566,"SPAL_contig0002018","Dimer_Tnp_hAT domain-containing protein","RNaseH-like_sf",NA,"A0A0N5BJR7","",NA,"",NA,"",NA,"",NA
"886","SPAL_0000618900",0.0485861606996285,0.108122917373209,0.0798761529525686,0.0266042654460811,0.0671897822448443,0,0.130112373327754,0.410483390501335,0.122738507011558,0,"SPAL_contig0000341","HTH_48 domain-containing protein","WH-like_DNA-bd_sf, Mos1_HTH",NA,"A0A0N5BJS0","",NA,"",NA,"SVE_2015500",22.0126,"",NA
"887","SPAL_0000619000",0,0.0543205967434255,0,0,0,0.0280578618718823,0,0.0258420634133023,0.041142597483352,0,"SPAL_contig0002999","SHSP domain-containing protein",NA,NA,"A0A0N5BJS2","SSTP_0000708400",86.1272,"",NA,"",NA,"",NA
"888","SPAL_0000619100",0,0.0268431813432406,0,0,0,0,0,0,0,0,"SPAL_contig0004192","DNA repair and recombination protein RadA","DNA_recomb/repair_Rad51_C, RecA_monomer-monomer_interface, RecA_ATP-bd, P-loop_NTPase","ATP-dependent activity, acting on DNA, DNA metabolic process, DNA repair, DNA binding, ATP binding, nucleotide binding, ATP-dependent DNA damage sensor activity","A0A0N5BJS3","SSTP_0000693700",62.0112,"SRAE_2000310900 | WBGene00263329",62.0112,"SVE_1603400",69.2737,"rad-51 | WBGene00004297",42.4581
"889","SPAL_0000619300",0,0,0,0,0,0,0,0,0.408998825447038,0,"SPAL_contig0001902","Core-2/I-Branching enzyme","Glyco_trans_14","glycosyltransferase activity, membrane, transferase activity, Golgi membrane","A0A0N5BJS5","",NA,"",NA,"SVE_0253900",87.9725,"T14B4.9 | WBGene00020503",26.4605
"890","SPAL_0000619500",0,0.0271540900059462,0,0.0267587548682921,0.101311102446189,0,0,0,0.534487481465898,0,"SPAL_contig0003295","MATH domain-containing protein","MATH/TRAF_dom, TRAF-like, BPM1-6","protein ubiquitination, protein binding","A0A0N5BJS7","",NA,"SRAE_2000161000 | WBGene00261815",3.0303,"SVE_0210200",40,"",NA
"891","SPAL_0000619900",0,0,0,0,0,0,0,0,0,0,"SPAL_contig0003688","RNA helicase","P-loop_NTPase",NA,"A0A0N5BJT0","",NA,"",NA,"SVE_2025200",44.6602,"",NA
"892","SPAL_0000621975",0.0479268726953541,0.0536309677968257,0,0,0,0,0,0,0,0,"SPAL_contig0000593","CARD domain-containing protein",NA,NA,"A0A0N5BJV1","",NA,"",NA,"SVE_0381900",45.6311,"",NA
"893","SPAL_0000622000",0,0,0,0,0,0,0,0,0,0,"SPAL_contig0000593","Retrotrans_gag domain-containing protein","Peptidase_aspartic_dom_sf","membrane","A0A0N5BJV2","",NA,"",NA,"SVE_0093800",63.4783,"",NA
"894","SPAL_0000622150",0,0.0805295984704455,0,0,0,0,0,0,0,0,"SPAL_contig0000302","SHSP domain-containing protein",NA,NA,"A0A0N5BJV4","",NA,"",NA,"",NA,"",NA
"895","SPAL_0000622200",0,0,0.0397485187924174,0,0.0334235314854257,0,0,0,0,0.0664382308741392,"SPAL_contig0000302","5'-nucleotidase",NA,NA,"A0A0N5BJV5","",NA,"",NA,"",NA,"",NA
"896","SPAL_0000622300",0,0.0272505586534256,0,0.0267940312004673,0,0.0280376121212528,0.131164092452133,0.180916365560562,0,0,"SPAL_contig0000302","Glycosyl transferase","NA-bd_OB-fold",NA,"A0A0N5BJV6","",NA,"",NA,"SVE_0758500",13.5484,"",NA
"897","SPAL_0000622400",0,0.0273652221110455,0,0,0,0,0,0.025452628835925,0.0410131520684123,0,"SPAL_contig0000302","Pol polyprotein",NA,NA,"A0A0N5BJV7","",NA,"",NA,"",NA,"",NA
"898","SPAL_0000622600",0,0.0549658981925294,0,0.0268243532941007,0.135993990289654,0.0280633320377713,0,0.0517644397100447,0,0,"SPAL_contig0000302","",NA,NA,"A0A0N5BJV9","",NA,"",NA,"",NA,"",NA
"899","SPAL_0000623600",0.0485583459945051,0.0540633811432892,0.0399226253691156,0.0266467473230853,0.100877860702599,0.0557632392599413,0,0,0.0409324009696108,0.200191344593713,"SPAL_contig0001372","G_PROTEIN_RECEP_F1_2 domain-containing protein","7TM_GPCR_serpentine_rcpt_Srh","membrane","A0A0N5BJW9","",NA,"SRAE_1000231000 | WBGene00258924",45.1807,"SVE_1276200",65.0602,"",NA
"900","SPAL_0000623900",0,0,0.0200230385564355,0,0.0167105679496888,0,0,0,0.948209414865371,0,"SPAL_contig0000863","Cerebellar degeneration-related antigen 1",NA,NA,"A0A0N5BJX3","",NA,"",NA,"",NA,"",NA
"901","SPAL_0000624000",0,0,0.0200230385564355,0,0.0167105679496888,0,0,0,0.948209414865371,0,"SPAL_contig0000863","Cerebellar degeneration-related antigen 1",NA,NA,"A0A0N5BJX3","",NA,"",NA,"",NA,"",NA
"902","SPAL_0000625800",0,0.125138186032296,0,0,0,0,0,0,0.0407687398617243,0,"SPAL_contig0000178","",NA,NA,"A0A0N5BJZ1","",NA,"",NA,"SVE_0140600",11.7284,"",NA
"903","SPAL_0000626200",0,0.115361752733326,0.131935861025796,0,0.126926303594897,0,0,0,0.0816955134453137,0.331000212510393,"SPAL_contig0001087","Integrase catalytic domain-containing protein","RNaseH_sf","nucleic acid binding","A0A0N5BJZ6","",NA,"",NA,"SVE_0093800",0.544959,"",NA
"904","SPAL_0000626300",0,0,0.0197459018871382,0,0,0,0,0,0,0,"SPAL_contig0002942","Helicase C-terminal domain-containing protein","Helicase_C, P-loop_NTPase",NA,"A0A0N5BJZ7","",NA,"",NA,"",NA,"",NA
"905","SPAL_0000627100",0,0.0276393509645068,0,0.053291718098609,0.0338239076457785,0.0278390978598459,0.263770447840714,0.0770432235218619,0,0,"SPAL_contig0000765","Nuclear transcription factor Y subunit",NA,NA,"A0A0N5BK05","",NA,"",NA,"",NA,"",NA
"906","SPAL_0000627200",0,0.107484861305562,0.0395634994525239,0,0,0.0565331812496355,0.0645794284146855,0.0518983403693021,0.0408977513172331,0.0661778582084626,"SPAL_contig0000765","Reverse transcriptase domain-containing protein","RT_dom, RNaseH_sf, Rev_trsase/Diguanyl_cyclase, DNA/RNA_pol_sf","nucleic acid binding, DNA metabolic process","A0A0N5BK06","",NA,"",NA,"SVE_1152100",20.8723,"",NA
"907","SPAL_0000627300",0,0.0536863321587363,0,0,0,0,0,0,0,0,"SPAL_contig0000765","Ribosomal RNA-processing protein 15",NA,NA,"A0A0N5BK07","",NA,"",NA,"SVE_1151800",15.625,"",NA
"908","SPAL_0000627400",0,0.0270779256648339,0.233929766975938,0,0.0214831321703454,0.0280500165164414,0,0.0258225585217524,0,0,"SPAL_contig0000765","",NA,NA,"A0A0N5BK08","",NA,"",NA,"SVE_1151800",36.5079,"",NA
"909","SPAL_0000627500",0,0.0714609040112345,0,0,0,0,0,0,0,0,"SPAL_contig0000787","DUF4143 domain-containing protein",NA,NA,"A0A0N5BK09","",NA,"",NA,"SVE_1317500",40.2439,"",NA
"910","SPAL_0000627600",0,0.0271165693456443,0.079766571171059,0,0.0331972845830535,0,0,0,0.203140799302246,0.0664430040299482,"SPAL_contig0000787","",NA,NA,"A0A0N5BK10","",NA,"",NA,"SVE_1453900",41.4414,"",NA
"911","SPAL_0000627700",0,0.110047865064163,0.0397509843654511,0,0,0,0.0637140322840296,0,0.0401313489033567,0,"SPAL_contig0000787","",NA,NA,"A0A0N5BK11","",NA,"",NA,"SVE_1454000",61.4458,"",NA
"912","SPAL_0000627900",0,0,0.0400506854766911,0.0267189032967836,0.0674429320329778,0,0.0652584620687812,0.103031370976292,0.0410544274708518,0,"SPAL_contig0000642","HTH CENPB-type domain-containing protein","HTH_CenpB_DNA-bd_dom",NA,"A0A0N5BK13","",NA,"",NA,"SVE_1137100",39.6341,"",NA
"913","SPAL_0000628000",0,0.349180493624734,0.0400789535708374,0.0264987219375135,0.167891834227728,0,0.0652021885278315,0.0255647731988113,0,0.267834028972601,"SPAL_contig0002649","DDE_3 domain-containing protein","RNaseH_sf","nucleic acid binding","A0A0N5BK14","",NA,"",NA,"SVE_1012800",63.2353,"W08F4.1 | WBGene00021091",0
"914","SPAL_0000628200",0,0.028987910835674,0,0,0,0,0.009872059921824,0.0783902065515229,0,0,"SPAL_contig0001136","Histone-lysine N-methyltransferase SETMAR","RNaseH_sf","nucleic acid binding","A0A0N5BK16","",NA,"",NA,"",NA,"",NA
"915","SPAL_0000628300",0,0.0415285006453106,0,0.0131691830791188,0,0,0,0,0.020452494107674,0,"SPAL_contig0002104","",NA,NA,"A0A0N5BSI1","",NA,"",NA,"",NA,"",NA
"916","SPAL_0000630400",0,0.515659641261626,0,0,0.101449213810901,0.168476736674159,0,0.0258555751591225,0.0411372014794382,0,"SPAL_scaffold0000020","Glycosyl transferase",NA,NA,"A0A0N5BK39","",NA,"",NA,"SVE_1987500",35.3591,"",NA
"917","SPAL_0000633150",0,0,0.0414586046940175,0.0300729096517055,0,0.0309648050517864,0.0515701321690282,0,0,0,"SPAL_scaffold0000020","IS4 family transposase",NA,NA,"A0A0N5BK67","",NA,"",NA,"",NA,"",NA
"918","SPAL_0000635825",0,0.161765959350948,0.119174565880544,0.108090227041866,0.135272265084039,0.112964657520727,0,0.103787691814357,0.204960704675013,0,"SPAL_scaffold0000020","G_PROTEIN_RECEP_F1_2 domain-containing protein","7TM_GPCR_serpentine_rcpt_Sre","sensory perception of chemical stimulus, membrane","A0A0N5BK96","",NA,"",NA,"SVE_0018000",72.6257,"",NA
"919","SPAL_0000635850",0.144450217400345,0.242287808077362,0,0,0.0675210272158406,0.0281880986105744,0,0.103600281683567,0,0.199037484420144,"SPAL_scaffold0000020","","7TM_GPCR_serpentine_rcpt_Srab","membrane","A0A0N5BK97","",NA,"SRAE_1000107950 | WBGene00257681",44.9275,"SVE_1987800",67.5362,"",NA
"920","SPAL_0000638700",0,0,0,0,0,0,0,0,0.346782179113769,0,"SPAL_contig0003258","Conjugal transfer protein",NA,NA,"A0A0N5BKC7, A0A0N5BKC8","SSTP_0000497500",78.1818,"SRAE_X000093400 | WBGene00266496",84.2424,"SVE_0126900",96.3636,"",NA
"921","SPAL_0000640850",0,0.0561266814191797,0.0796180964402681,0,0,0,0,0.098817408141519,0,0,"SPAL_contig0000062","Ovule protein",NA,"membrane","A0A0N5BKF1","",NA,"",NA,"",NA,"",NA
"922","SPAL_0000642200",0,0,0.0394916900380141,0,0,0,0,0,0,0,"SPAL_contig0004353","BSD domain-containing protein",NA,NA,"A0A0N5BKG5","SSTP_0000704200",38.5321,"",NA,"",NA,"",NA
"923","SPAL_0000642300",0,0.0810453714824493,0.0797983692553022,0,0,0,0,0.0254501057274507,0.203804356049423,0.0666583065542012,"SPAL_scaffold0000061","LRAT domain-containing protein","LRAT_dom",NA,"A0A0N5BKG6","",NA,"",NA,"SVE_1796000",40,"",NA
"924","SPAL_0000644150",0.0980103411749655,0.0546758718040676,0.080498853370722,0.158391059911729,0.100521869086801,0.0275854895297483,0.130606244916658,0.0508982304852282,0.081988054635572,0.134032513741358,"SPAL_scaffold0000061","Ovule protein",NA,NA,"A0A0N5BKI5","",NA,"",NA,"",NA,"",NA
"925","SPAL_0000644900",0,0.0277928114989242,0,0.0262390970704069,0,0,0,0,0,0,"SPAL_scaffold0000061","",NA,NA,"A0A0N5BKJ3","",NA,"",NA,"",NA,"",NA
"926","SPAL_0000648100",0.0482629482077086,0,0,0.0269155562260301,0,0,0.389037468387835,0.343429498044389,0.0819006806178917,0,"SPAL_contig0000476","DDE_3 domain-containing protein","RNaseH_sf","nucleic acid binding","A0A0N5BKM5","",NA,"",NA,"",NA,"",NA
"927","SPAL_0000648200",0,0,0.0406850690993904,0,0,0,0,0.0505153637498083,0,0,"SPAL_contig0000476","Histone-lysine N-methyltransferase SETMAR","RNaseH_sf","nucleic acid binding","A0A0N5BKM6","",NA,"",NA,"",NA,"",NA
"928","SPAL_0000648500",0,0,0.0398797042132503,0.108059118489972,0,0.0282409592562258,0,0,0,0,"SPAL_contig0000615","Deoxyribodipyrimidine photolyase",NA,NA,"A0A0N5BKM9","",NA,"",NA,"",NA,"",NA
"929","SPAL_0000649000",0.0962204726039193,0.16138346849281,0.0792694484980631,0.161655271841652,0.0674559084059712,0,0.064676296472899,0.0517479443328777,0.04088962325461,0.0662889060924809,"SPAL_contig0003380","7TM_GPCR_Srx domain-containing protein","7TM_GPCR_serpentine_rcpt_Srt","membrane","A0A0N5BKN4","",NA,"",NA,"",NA,"",NA
"930","SPAL_0000649100",0.0481126232853453,0.191853106023519,0.0396363396730334,0.026941274045877,0,0,0.0646786834761589,0.129366703945152,0,0,"SPAL_contig0000082","HTH_Tnp_Tc3_1 domain-containing protein","Homeobox-like_sf, Tc3_transposase_DNA-bd_dom, WH-like_DNA-bd_sf, RNaseH_sf, Tc1-like_DDE_dom","nucleic acid binding, DNA binding","A0A0N5BKN5","",NA,"",NA,"SVE_1012800",40.8284,"W08F4.1 | WBGene00021091",3.25444
"931","SPAL_0000652200",0,0.108263940185276,0,0,0.289902916977875,0.176494044421954,0,0.025935735609299,0,0,"SPAL_contig0002385","RanBD1 domain-containing protein",NA,NA,"A0A0N5BKR7","",NA,"",NA,"SVE_0229300",47.1311,"",NA
"932","SPAL_0000652800",0,0.0268431699136038,0,0,0,0,0,0,0,0,"SPAL_contig0002078","VPS9 domain-containing protein",NA,NA,"A0A0N5BKS3","",NA,"",NA,"",NA,"",NA
"933","SPAL_0000652900",0,0.0270586214026687,0.237989122339008,0.23079905581407,0,0.0394163103117599,0,0,0,0,"SPAL_contig0004285","Reverse transcriptase domain-containing protein","DNA/RNA_pol_sf",NA,"A0A0N5BKS4","",NA,"",NA,"SVE_0142500",45.3271,"",NA
"934","SPAL_0000652975",0,0.0267831901985751,0.0395485147779192,0,0,0,0,0,0,0.0661178971330283,"SPAL_scaffold0000111","",NA,NA,"A0A0N5BKS5","",NA,"",NA,"",NA,"",NA
"935","SPAL_0000653000",0,0,0,0,0,0,0,0,0,0,"SPAL_scaffold0000111","DUF1604 domain-containing protein",NA,NA,"A0A0N5BKS6","",NA,"",NA,"",NA,"",NA
"936","SPAL_0000653400",0,0.0270706753869486,0.0399729972135937,0.106982093499966,0.0337125601021148,0.0279829036628813,0.195450684611032,0.309240300766379,0,0.0668257069212751,"SPAL_contig0003801","C2H2-type domain-containing protein",NA,NA,"A0A0N5BKS9","",NA,"",NA,"SVE_1913700",7.38636,"",NA
"937","SPAL_0000656200",0,0.0693849029900131,0.0396892432755906,0,0,0,0.0841345643369157,0.0871064117415357,0.106206504860927,0.06635624526216,"SPAL_contig0000525","Endo/exonuclease/phosphatase domain-containing protein","Endo/exonu/phosph_ase_sf",NA,"A0A0N5BKV7","",NA,"",NA,"SVE_0677200",26.57,"",NA
"938","SPAL_0000656900",0,0.241945155610955,0.0395791859815246,0.0270740502122318,0.10140280646666,0,0.0646061262869322,0.077893165503348,0.0860100633450467,0,"SPAL_scaffold0000105","DDE_Tnp_IS1595 domain-containing protein","DNA_mismatch_S5_2-like, Ribosomal_S5_D2-typ_fold_subgr, Ribosomal_S5_D2-typ_fold, Tnp_ISXO2-like, HATPase_C_sf","mismatch repair, mismatched DNA binding, ATP binding","A0A0N5BKW6","SSTP_0000469600",23.2036,"SRAE_X000051400 | WBGene00266073",15.1198,"SVE_0018900",26.0479,"",NA
"939","SPAL_0000657400",0,0.0808081626779442,0,0,0.0449719556087252,0,0,0.0258560328552536,0.0409212500622557,0.132820660997235,"SPAL_contig0000296","Serpentine receptor class gamma","7TM_GPCR_serpentine_rcpt_Srg, GPCR_Rhodpsn_7TM","transmembrane signaling receptor activity, sensory perception of chemical stimulus, membrane","A0A0N5BKX1","",NA,"",NA,"",NA,"",NA
"940","SPAL_0000659100",0.0427272118720351,0.0641509763574263,0,0,0,0,0,0,0.0128639235806351,0,"SPAL_contig0001940","Histidine kinase",NA,NA,"A0A0N5BKY8","",NA,"SRAE_0000046200 | WBGene00256206",21.8085,"SVE_0610800",26.5957,"",NA
"941","SPAL_0000659200",0.145970047818823,0.0540968566490889,0.0399479079039524,0.0264702618190806,0.0335146534167316,0,0.130089189414407,0.280847454040784,0,0.0667729298345029,"SPAL_contig0000032","",NA,NA,"A0A0N5BKY9","",NA,"",NA,"",NA,"",NA
"942","SPAL_0000662600",0,0,0,0,0.0337161110621517,0,0,0.208833406646971,0,0,"SPAL_contig0003486","",NA,NA,NA,"",NA,"",NA,"",NA,"",NA
"943","SPAL_0000663100",0,0.161458880119661,0.039645151824112,0,0,0.0282050428614488,0.129396210906244,0.28501773122255,0,0,"SPAL_contig0000402","RNase H domain-containing protein","RNaseH_domain, RNaseH-like_sf, RNaseH_sf","RNA-DNA hybrid ribonuclease activity, nucleic acid binding, RNA phosphodiester bond hydrolysis, endonucleolytic","A0A0N5BL29","",NA,"SRAE_X000140900 | WBGene00266977",30.7087,"",NA,"",NA
"944","SPAL_0000663200",0.0419135890083998,0.0280094652347674,0.03965836552345,0,0,0,0,0,0.0402108989327392,0,"SPAL_contig0000402","",NA,NA,"A0A0N5BL30","",NA,"",NA,"SVE_0796900",58.7629,"",NA
"945","SPAL_0000663300",0,0.0271175176715619,0,0,0,0,0,0.0282974264629386,0,0,"SPAL_contig0000402","Reverse transcriptase domain-containing protein","RT_dom",NA,"A0A0N5BL31","",NA,"",NA,"SVE_0797000",25.7669,"",NA
"946","SPAL_0000664400",0,0.0540980972608549,0.0399632144528762,0,0.0672140644029385,0,0,0.0513252798296616,0.0818727489977428,0,"SPAL_contig0000075","",NA,NA,"A0A0N5BL43","",NA,"",NA,"",NA,"",NA
"947","SPAL_0000667000",0,0,0,0,0,0,0,0,0.531697025697211,0,"SPAL_contig0000323","Transposase",NA,NA,"A0A0N5BL69","",NA,"",NA,"",NA,"",NA
"948","SPAL_0000668100",0,0,0,0,0,0,0,0.026016347180258,0,0,"SPAL_contig0002429","DDE_Tnp_1_7 domain-containing protein","PGBD",NA,"A0A0N5BL80","",NA,"",NA,"",NA,"",NA
"949","SPAL_0000670400",0.048334367842866,0.0269847744148175,0.0397965386310809,0.107592683732137,0,0.0281224079868604,0,0.103451875963489,0.204884550323541,0,"SPAL_contig0003227","BTB domain-containing protein","BTB/POZ_dom, TRAF-like, SKP1/BTB/POZ_sf","protein binding","A0A0N5BLA5","",NA,"",NA,"",NA,"",NA
"950","SPAL_0000673100",0,0.0268432229817484,0,0,0,0,0,0,0,0,"SPAL_scaffold0000028","H15 domain-containing protein",NA,NA,"A0A0N5BLD2","",NA,"",NA,"SVE_0746300",50.4505,"",NA
"951","SPAL_0000673250",0,0,0,0,0,0,0.0657603427658618,0.204094873703765,0,0,"SPAL_scaffold0000028","Reverse transcriptase domain-containing protein",NA,NA,"A0A0N5BLD4","",NA,"",NA,"",NA,"",NA
"952","SPAL_0000673300",0,0,0,0,0,0.0276836746757794,0.196874460959118,0.612593007143868,0.0411731501908109,0.0673682570917588,"SPAL_scaffold0000028","RibD_C domain-containing protein","Aldolase_TIM",NA,"A0A0N5BLD5","",NA,"",NA,"",NA,"",NA
"953","SPAL_0000673400",0,0,0,0,0,0,0.326763241190981,0.58867841400443,0.0820431838848799,0,"SPAL_scaffold0000028","Oxidored_FMN domain-containing protein","OxRdtase_FMN_N, Aldolase_TIM","FMN binding, oxidoreductase activity","A0A0N5BLD6","SSTP_0001187200",63.8462,"SRAE_1000233800 | WBGene00258952",67.6923,"",NA,"ZK742.4 | WBGene00022814",26.9231
"954","SPAL_0000674400",0,0,0,0,0,0,0.0429868614080479,0,0,0,"SPAL_scaffold0000028","DUF148 domain-containing protein","S2_sf_CoV",NA,"A0A0N5BQ48","SSTP_0000436900",62.6667,"SRAE_X000176500 | WBGene00267342",64.6667,"SVE_0658200",91.3333,"",NA
"955","SPAL_0000674600",0,0.0536863910396854,0,0,0,0,0,0,0,0,"SPAL_contig0000975","","RNaseH_sf","nucleic acid binding","A0A0N5BLE8","",NA,"",NA,"SVE_0645700",93.3775,"",NA
"956","SPAL_0000674800",0,0.027011588420772,0,0.0176979765613745,0,0,0,0,0.228600300279215,0,"SPAL_contig0002827","WSD domain-containing protein",NA,NA,"A0A0N5BLF1","",NA,"",NA,"SVE_1100200",58.1967,"",NA
"957","SPAL_0000674900",0,0.0272275484356534,0,0,0,0,0,0.0256501862122947,0,0,"SPAL_contig0002827","Reverse transcriptase domain-containing protein","RT_dom, DNA/RNA_pol_sf",NA,"A0A0N5BLF2","",NA,"",NA,"SVE_1928000",74.8148,"",NA
"958","SPAL_0000675100",0,0.0536987676390427,0.0791349233011578,0,0,0,0,0,0.081624409329745,0,"SPAL_contig0000763","Integrase catalytic domain-containing protein","Integrase_cat-core, RNaseH-like_sf, RNaseH_sf","DNA integration, nucleic acid binding","A0A0N5BLF4","SSTP_0000000900",11.9266,"SRAE_0000048500 | WBGene00256229",10.7034,"SVE_0761500",21.1009,"",NA
"959","SPAL_0000675300",0.0480077189163963,0,0,0,0,0,0,0.0778354470237365,0.572614485013955,0,"SPAL_contig0000763","SAP domain-containing protein","Peptidase_aspartic_dom_sf, Rev_trsase/Diguanyl_cyclase, DNA/RNA_pol_sf",NA,"A0A0N5BLF6","",NA,"SRAE_0000059300 | WBGene00256339",1.0118,"SVE_0896000",32.715,"",NA
"960","SPAL_0000675700",0,0.0314457553596181,0,0,0.228340691176489,0.106537487719002,0.0577010556947831,0,0,0,"SPAL_scaffold0000026","Ovule protein",NA,NA,"A0A0N5BLF9","",NA,"",NA,"",NA,"",NA
"961","SPAL_0000677100",0.0963684912825924,0.056019252778709,0.0796870564254009,0.026521856323553,0,0,0.127054293567185,0,0,0.194621803637963,"SPAL_scaffold0000026","Ovule protein",NA,"membrane","A0A0N5BLH5","",NA,"",NA,"",NA,"",NA
"962","SPAL_0000682000",0,0.0806712344254417,0.079207632473298,0.0270248022106054,0.0675500665104241,0,0.323191252518691,0.103724295182837,0.0409097482672997,0.0662423694475445,"SPAL_contig0000505","Helicase C-terminal domain-containing protein","P-loop_NTPase",NA,"A0A0N5BLM4","SSTP_0001072000",14.2259,"SRAE_X000140700 | WBGene00266975",14.8536,"SVE_0770000",20.5021,"",NA
"963","SPAL_0000682100",0.0481501679707046,0.161569763044656,0,0.0270041474332852,0,0.0282207314374884,0,0.0777772646677477,0.0818948113748986,0.0663551466363645,"SPAL_contig0000505","",NA,NA,"A0A0N5BLM5","",NA,"",NA,"",NA,"",NA
"964","SPAL_0000682200",0,0,0,0,0,0,0,0,0.0408999699068517,0,"SPAL_contig0000505","NIT domain-containing protein",NA,NA,"A0A0N5BLM6","",NA,"",NA,"",NA,"",NA
"965","SPAL_0000682300",0,0.0537526761447342,0.118786663335967,0,0.0337240410339854,0,0,0,0.490442260888123,0,"SPAL_contig0002142","Metalloendopeptidase","EGF-like_dom, Peptidase_M12A, MetalloPept_cat_dom_sf, Sperma_CUB_dom_sf","metalloendopeptidase activity, metallopeptidase activity, proteolysis, hydrolase activity, metal ion binding, peptidase activity","A0A0N5BLM7","SSTP_0000678900",32.6371,"SRAE_2000450400 | WBGene00264736",37.5979,"",NA,"",NA
"966","SPAL_0000682500",0,0,0,0,0,0,0,0,0,0,"SPAL_contig0002812","Si:dkey-117n7.3",NA,NA,"A0A0N5BLM9","",NA,"",NA,"",NA,"",NA
"967","SPAL_0000682600",0.0969355501908086,0.404396008471256,0.0404455203546839,0,0.0978041704222116,0.0833120798039705,0,0.104829458421418,0,0.0654593066243028,"SPAL_contig0001194","Histone-lysine N-methyltransferase SETMAR","RNaseH_sf","nucleic acid binding","A0A0N5BLN0","",NA,"",NA,"",NA,"",NA
"968","SPAL_0000682925",0,0.0270430208083332,0,0,0,0,0,0.0257667606368125,0.0409919226358552,0,"SPAL_contig0001091","Protein kinase domain-containing protein","Prot_kinase_dom, Ser/Thr_kinase_AS, Kinase-like_dom_sf","protein kinase activity, protein phosphorylation, ATP binding","A0A0N5BLN4","SSTP_0000842100",10.4396,"",NA,"",NA,"",NA
"969","SPAL_0000683100",0,0.108390229547235,0,0,0,0.0281890243300335,0,0.0259331375883233,0,0,"SPAL_contig0002970","General transcription factor II-I repeat domain-containing protein 2","RNaseH-like_sf",NA,"A0A0N5BLN6","",NA,"",NA,"",NA,"",NA
"970","SPAL_0000683200",0,0,0,0,0,0,0,0.195572908932172,0,0,"SPAL_contig0002082","7TM_GPCR_Srx domain-containing protein",NA,"membrane","A0A0N5BLN7","SSTP_0000554500 | SSTP_0000554500",56.9832,"SRAE_1000280100 | WBGene00259417",61.4525,"SVE_0862900",90.5028,"",NA
"971","SPAL_0000683500",0,0,0,0,0,0,0,0.0515195833853093,0.123924814334153,0,"SPAL_contig0004074","Inhibitor_I29 domain-containing protein",NA,NA,"A0A0N5BLP0","",NA,"",NA,"",NA,"",NA
"972","SPAL_0000683700",0,0,0.139470476636428,0.0735350914265345,0.0669996310865502,0,0,0,0,0,"SPAL_contig0001751","",NA,NA,"A0A0N5BLP2","",NA,"",NA,"",NA,"",NA
"973","SPAL_0000684100",0.0479758293966184,0.0537368436122691,0,0.0270784008484701,0,0,0,0,0.0818040017258418,0,"SPAL_contig0000850","DUF659 domain-containing protein","DUF1258",NA,"A0A0N5BLP5","",NA,"",NA,"",NA,"",NA
"974","SPAL_0000685900",0.0490814326361058,0.0392771752269938,0,0.0389712084320471,0,0,0,0.0511264253499283,0,0,"SPAL_contig0000113","Histone-lysine N-methyltransferase SETMAR","RNaseH_sf","nucleic acid binding","A0A0N5BLR3","SSTP_0000004800",59.6639,"",NA,"",NA,"",NA
"975","SPAL_0000686000",0,0.191327369156102,0.0402518467875343,0.0528255916479652,0,0,0.2958390516086,0.0577694110968594,0,0,"SPAL_contig0000113","HTH_48 domain-containing protein","WH-like_DNA-bd_sf, Mos1_HTH",NA,"A0A0N5BLR4","",NA,"",NA,"SVE_2015500",34.2105,"",NA
"976","SPAL_0000687300",0,0,0,0,0.0334287998411595,0,0,0,0,0.0668593023728164,"SPAL_contig0000495","",NA,NA,"A0A0N5BLS7","",NA,"",NA,"SVE_1274600",90.2655,"",NA
"977","SPAL_0000687400",0,0.0268431815170077,0,0,0,0,0,0,0,0,"SPAL_contig0000495","Mab-21 domain-containing protein",NA,NA,"A0A0N5BLS8","",NA,"",NA,"SVE_1274600",90.8213,"",NA
"978","SPAL_0000687500",0,0,0,0,0,0,0,0.0260163784820747,0,0,"SPAL_contig0000495","BRCT domain-containing protein",NA,NA,"A0A0N5BLS9","",NA,"",NA,"SVE_1274400",82.4219,"",NA
"979","SPAL_0000687600",0,0.0805296282922779,0,0,0,0,0,0,0,0,"SPAL_contig0000495","Protein kinase domain-containing protein","Prot_kinase_dom, Ser-Thr/Tyr_kinase_cat_dom, Ser/Thr_kinase_AS, Kinase-like_dom_sf","protein kinase activity, protein phosphorylation, ATP binding, response to stress","A0A0N5BLT0","",NA,"",NA,"SVE_1310000",23.8579,"",NA
"980","SPAL_0000687700",0,0.0270981255118004,0,0,0,0,0,0.0257053957564638,0.0410065529727055,0,"SPAL_contig0000495","",NA,NA,"A0A0N5BLT1","",NA,"",NA,"SVE_1274200",89.1026,"",NA
"981","SPAL_0000687800",0,0,0,0,0,0,0.278714912525407,0.523718672593221,0,0,"SPAL_contig0000327","HTH_48 domain-containing protein","WH_DNA-bd_sf, RNaseH_sf, Mos1_HTH","nucleic acid binding","A0A0N5BLT2","",NA,"",NA,"SVE_0197500",35.3191,"",NA
"982","SPAL_0000687900",0,0.0817501891536874,0,0,0,0,0,0.0256289562579123,0,0,"SPAL_contig0000327","",NA,NA,"A0A0N5BLT3","",NA,"",NA,"SVE_1228300",31.2977,"",NA
"983","SPAL_0000688100",0,0,0,0,0.0338297974058058,0,0,0,0,0,"SPAL_contig0004304","RNA helicase","P-loop_NTPase",NA,"A0A0N5BLT5","",NA,"",NA,"",NA,"",NA
"984","SPAL_0000688700",0,0,0,0,0,0,0,0,0,0,"SPAL_contig0004465","Integrase, catalytic region, zinc finger, CCHC-type, peptidase aspartic, catalytic",NA,NA,"A0A0N5BLU1","",NA,"",NA,"",NA,"",NA
"985","SPAL_0000688800",0.0479238825293226,0.0371753785979025,0,0,0,0,0,0,0,0,"SPAL_contig0002021","COesterase domain-containing protein","AB_hydrolase",NA,"A0A0N5BLU2","",NA,"",NA,"",NA,"",NA
"986","SPAL_0000689100",0,0.0110439049729041,0.164214952749432,0.0830637139470008,0,0,0,0,0.0448707861346905,0,"SPAL_contig0003621","Reverse transcriptase domain-containing protein","RT_dom, RT_RNaseH_2, Rev_trsase/Diguanyl_cyclase, DNA/RNA_pol_sf",NA,"A0A0N5BLU5","",NA,"",NA,"",NA,"",NA
"987","SPAL_0000691400",0,0,0,0,0,0,0,0,0,0,"SPAL_contig0002147","Phosphoprotein",NA,NA,"A0A0N5BLW8","",NA,"",NA,"SVE_0812200",40.5797,"",NA
"988","SPAL_0000691500",0,0,0.0397664616132273,0.0270320442953129,0,0,0,0.0259599717276585,0,0,"SPAL_contig0002147","Peptidase A2 domain-containing protein","Aspartic_peptidase_AS, Peptidase_aspartic_dom_sf","aspartic-type endopeptidase activity, proteolysis","A0A0N5BLW9","SSTP_0000947000",16.4706,"",NA,"SVE_1063100",59.7059,"",NA
"989","SPAL_0000691700",0,0,0,0.0444547157874225,0,0.0282714012264958,0,0.183578518486403,0,0,"SPAL_contig0003470","Death domain-containing protein",NA,NA,"A0A0N5BLX1","",NA,"",NA,"",NA,"",NA
"990","SPAL_0000692000",0,0.0225758783112217,0,0,0,0.00922420635899807,0,0.00850479984672779,0,0.0336706618775864,"SPAL_contig0003849","HTH CENPB-type domain-containing protein","HTH_CenpB_DNA-bd_dom, Homeobox-like_sf",NA,"A0A0N5C7R5","",NA,"",NA,"",NA,"",NA
"991","SPAL_0000692400",0,0.0268431700894364,0,0,0,0,0,0,0,0,"SPAL_contig0000871","Hydrolase_4 domain-containing protein","DUF818, AB_hydrolase",NA,"A0A0N5BLX8","",NA,"",NA,"",NA,"Y71G12A.4 | WBGene00022140",24.5
"992","SPAL_0000692700",0,0,0,0,0,0,0,0,0,0,"SPAL_contig0002781","Cd(II)/Pb(II)-responsive transcriptional regulator",NA,NA,"A0A0N5BLY1","",NA,"",NA,"",NA,"",NA
"993","SPAL_0000693000",0,0.0550921709533036,0,0.0264713636587514,0,0,0,0,0,0,"SPAL_contig0000557","F-ATPase epsilon subunit",NA,NA,"A0A0N5BLY4","",NA,"",NA,"",NA,"",NA
"994","SPAL_0000693400",0,0.134295041531038,0.0395298033640245,0.0271127762767935,0,0.0283196420832508,0.0645338463515135,0,0.122707407138729,0.132250124254357,"SPAL_contig0001453","",NA,NA,NA,"",NA,"",NA,"",NA,"",NA
"995","SPAL_0000694200",0,0,0,0,0,0,0.0645801840515934,0.0259760093978715,0,0,"SPAL_contig0002645","Integrase catalytic domain-containing protein","RT_dom, Integrase_cat-core, RNaseH-like_sf, RNaseH_sf, RT_RNaseH_2, Integrase_H2C2, Rev_trsase/Diguanyl_cyclase, DNA/RNA_pol_sf","DNA integration, nucleic acid binding, DNA biosynthetic process, DNA-directed DNA polymerase activity, DNA polymerase complex","A0A0N5BLZ5","SSTP_0000946800",60.1198,"SRAE_0000072400 | WBGene00256481",62.2754,"SVE_1063300",38.3234,"",NA
"996","SPAL_0000694300",0,0.0835138396245015,0,0,0,0,0,0.132063454647352,0,0,"SPAL_contig0000072","HTH_48 domain-containing protein","Mos1_HTH",NA,"A0A0N5BLZ6","",NA,"",NA,"SVE_1186800",36.9048,"",NA
"997","SPAL_0000696500",0,0.107872685581454,0,0,0.202929218220461,0.395362394636775,0,0,0,0,"SPAL_contig0000521","",NA,NA,"A0A0N5BM19","",NA,"",NA,"SVE_1318200",78.7356,"",NA
"998","SPAL_0000696600",0,0.0540037966760583,0,0,0,0.140649188942234,0,0,0.0409993957624872,0,"SPAL_contig0000521","MULE domain-containing protein",NA,NA,"A0A0N5BM20","",NA,"",NA,"SVE_2017200",39.6694,"",NA
"999","SPAL_0000696800",0,0.0270729966111569,0,0.0270101954079005,0.489118057465462,0.416274794092778,0,0,0,0,"SPAL_contig0000521","",NA,NA,"A0A0N5BM22","",NA,"",NA,"SVE_1318500",89.9614,"",NA
"1000","SPAL_0000697400",0.0481228562953695,0.242211141796786,0.039650408407786,0.296845028524969,0,0.0857108863137977,0,0,0.0409222875063169,0,"SPAL_contig0001196","ANK_REP_REGION domain-containing protein",NA,NA,"A0A0N5BM29","SSTP_0001099700",42.6273,"SRAE_2000193200 | WBGene00262139",43.6997,"",NA,"",NA
"1001","SPAL_0000697600",0,0.0508384976847346,0,0.0648648044346753,0.06407087079075,0,0.09703238730602,0.0851403316715069,0.0409449096172867,0,"SPAL_contig0002621","ATP-dependent DNA helicase","DNA_helicase_dom, DNA_helicase_pif1-like, P-loop_NTPase","telomere maintenance, helicase activity, DNA helicase activity, DNA repair, ATP binding, hydrolase activity, nucleotide binding, cellular response to DNA damage stimulus, DNA recombination, DNA duplex unwinding, ATP hydrolysis activity","A0A0N5BM31","",NA,"",NA,"SVE_0800800",63.2,"",NA
"1002","SPAL_0000697675",0,0,0,0,0,0,0,0,0,0,"SPAL_contig0002912","39S ribosomal protein L50, mitochondrial",NA,NA,"A0A0N5BM32","SSTP_0000665500",25,"",NA,"SVE_1302700",33.6957,"",NA
"1003","SPAL_0000697700",0,0,0,0,0.0334714401231308,0,0.0651528921641295,0,0.0818249211109658,0,"SPAL_contig0002912","Reverse transcriptase domain-containing protein","RT_dom, Rev_trsase/Diguanyl_cyclase, DNA/RNA_pol_sf",NA,"A0A0N5BM33","",NA,"",NA,"",NA,"",NA
"1004","SPAL_0000697800",0,0,0,0,0,0,0,0,0.736200955802142,0,"SPAL_contig0002912","Peptidase A2 domain-containing protein","Peptidase_A2_cat, Retropepsins, Peptidase_aspartic_dom_sf","aspartic-type endopeptidase activity, proteolysis, hydrolase activity","A0A0N5BM34","SSTP_0001282700",16.6667,"SRAE_X000199900 | WBGene00267577",48.2323,"SVE_1667500",65.404,"",NA
"1005","SPAL_0000697900",0,0.0134844878525771,0,0,0.0168360394421467,0,0,0,0,0,"SPAL_contig0002700","FoP_duplication domain-containing protein",NA,NA,"A0A0N5BM35","",NA,"",NA,"",NA,"",NA
"1006","SPAL_0000700233",0.0488986300048424,0.299431783395642,0,0,0.100602652469779,0.0276355778406885,0,0,0,0,"SPAL_contig0000094","",NA,NA,"A0A0N5BM60","",NA,"",NA,"",NA,"",NA
"1007","SPAL_0000700266",0,0.0579849616555905,0,0,0,0.0278856963973338,0.112766174055942,0.111398296319724,0.0410681486408006,0,"SPAL_contig0000094","COesterase domain-containing protein",NA,NA,"A0A0N5BM61","",NA,"",NA,"SVE_1991600",35.6322,"",NA
"1008","SPAL_0000700800",0,0.0540667170058907,0,0,0.0335922749191839,0,0,0,0,0,"SPAL_contig0002264","ANF_receptor domain-containing protein","ANF_lig-bd_rcpt, Peripla_BP_I","membrane","A0A0N5BM67","SSTP_0001143400",20.2532,"",NA,"",NA,"",NA
"1009","SPAL_0000701100",0,0.0542986481505149,0,0.0805466674134397,0,0,0,0.051728971254603,0.041151378372526,0,"SPAL_contig0001780","F-box domain-containing protein","F-box_dom, F-box-like_dom_sf","protein binding","A0A0N5BM70","",NA,"",NA,"",NA,"",NA
"1010","SPAL_0000701500",0,0,0,0,0.0338298081269362,0,0,0,0,0,"SPAL_contig0000432","F-box domain-containing protein","F-box_dom, F-box-like_dom_sf","protein binding","A0A0N5BM74","",NA,"",NA,"",NA,"",NA
"1011","SPAL_0000704500",0,0.0536863357092126,0,0,0,0,0,0,0,0,"SPAL_contig0003398","DUF5110 domain-containing protein",NA,NA,"A0A0N5BMA5","",NA,"",NA,"",NA,"",NA
"1012","SPAL_0000705000",0.0489388798372218,0.0544392803416372,0,0.0795030694445285,0,0.0277137566818299,0.0653244265981643,0.0255662651441792,0.122994201019517,0.0670635682095584,"SPAL_contig0000024","7TM_GPCR_Srx domain-containing protein",NA,"membrane","A0A0N5BMB0","SSTP_0000391300",37.5,"SRAE_2000045000 | WBGene00260644",36.7188,"",NA,"",NA
"1013","SPAL_0000710700",0,0,0,0,0,0,0,0,0,0,"SPAL_contig0000563","JmjC domain-containing protein",NA,NA,"A0A0N5BMG7","",NA,"SRAE_X000225200 | WBGene00267833",16.318,"",NA,"",NA
"1014","SPAL_0000710800",0,0,0,0,0,0,0,0.0258472947008943,0.0823356412066326,0,"SPAL_contig0000563","",NA,NA,"A0A0N5BMG8","",NA,"",NA,"",NA,"",NA
"1015","SPAL_0000710900",0,0.0268432378818203,0,0,0,0,0,0,0,0,"SPAL_contig0000563","",NA,NA,"A0A0N5BMG9","",NA,"",NA,"",NA,"",NA
"1016","SPAL_0000711000",0,0,0,0,0,0,0,0,0,0,"SPAL_contig0000563","CheW-like domain-containing protein",NA,NA,"A0A0N5BMH0","",NA,"",NA,"",NA,"",NA
"1017","SPAL_0000711100",0,0,0,0,0,0,0,0,0,0,"SPAL_contig0000563","Structural protein",NA,NA,"A0A0N5BMH1","",NA,"",NA,"",NA,"",NA
"1018","SPAL_0000711600",0,0.0270092526351869,0,0,0.0336221068633702,0,0,0,0,0,"SPAL_contig0001915","Rep_fac-A_C domain-containing protein","NA-bd_OB-fold, Rep_factor-A_C",NA,"A0A0N5BMH6","",NA,"",NA,"",NA,"",NA
"1019","SPAL_0000711700",0,0,0.119517619128447,0.0539593523618902,0,0.0282047695390254,0,0,0.0410477516272166,0,"SPAL_contig0000482","THAP-type domain-containing protein",NA,NA,"A0A0N5BMH7","",NA,"",NA,"SVE_1277200",5.16605,"",NA
"1020","SPAL_0000711825",0,0,0,0,0,0,0,0,0.0408939875840543,0.0660743896997781,"SPAL_contig0000482","Astacin domain-containing protein","Peptidase_M12A, MetalloPept_cat_dom_sf","metalloendopeptidase activity, metallopeptidase activity, proteolysis","A0A0N5BMH9","",NA,"",NA,"",NA,"",NA
"1021","SPAL_0000712200",0,0,0,0.0270997133017399,0,0.0283239687520853,0,0.0261124483566278,0,0,"SPAL_contig0000441","Reverse transcriptase domain-containing protein",NA,NA,"A0A0N5BMI4","",NA,"",NA,"",NA,"",NA
"1022","SPAL_0000712333",0,0.0270597928859599,0,0,0,0,0,0.129041996586827,0,0,"SPAL_contig0000441","DUF4817 domain-containing protein","RNaseH_sf","nucleic acid binding","A0A0N5BMI6","",NA,"",NA,"SVE_0394600",20.5263,"",NA
"1023","SPAL_0000712366",0.04935109784077,0,0,0.0267330691749969,0,0,0.0652203217471557,0.0253621209149081,0,0,"SPAL_contig0000441","Transmembrane protein",NA,"membrane","A0A0N5BMI7","",NA,"",NA,"",NA,"",NA
"1024","SPAL_0000712400",0,0,0.193447128263605,0.332504742018331,0,0,0,0,0.300455396705115,0,"SPAL_contig0000441","Arg_repressor domain-containing protein",NA,NA,"A0A0N5BMI8","",NA,"",NA,"SVE_1410800",20,"",NA
"1025","SPAL_0000712700",0.0482634816610907,0,0,0,0,0.028004293132483,0,0,0.0726078525130133,0.0664297686487443,"SPAL_contig0002553","FLYWCH-type domain-containing protein",NA,NA,"A0A0N5BMJ1","",NA,"",NA,"SVE_2014600",29.7297,"",NA
"1026","SPAL_0000713200",0,0.100443173029571,0,0,0.0674657998090115,0,0.0648168547828477,0.0517096274396821,0,0,"SPAL_contig0001983","Integrase catalytic domain-containing protein","Integrase_cat-core, RNaseH-like_sf, RNaseH_sf","DNA integration, nucleic acid binding","A0A0N5BMJ3","SSTP_0000665500",45.3184,"",NA,"SVE_1778600",37.8277,"",NA
"1027","SPAL_0000714300",0.048108598555684,0.295928034564232,0.11891234548845,0.0539396907672852,0.101245237750148,0,0,0.129474481671175,0,0.0662948825812165,"SPAL_contig0000299","Metalloendopeptidase","Peptidase_M12A, Peptidase_Metallo, MetalloPept_cat_dom_sf","metalloendopeptidase activity, metallopeptidase activity, proteolysis, zinc ion binding, hydrolase activity, metal ion binding, peptidase activity","A0A0N5BMK4","",NA,"",NA,"SVE_0813300",69.0411,"",NA
"1028","SPAL_0000718000",0,0,0,0,0.0338299151921976,0,0,0,0,0,"SPAL_contig0000962","DDE_Tnp_1_7 domain-containing protein",NA,"membrane","A0A0N5BMP1","",NA,"",NA,"",NA,"",NA
"1029","SPAL_0000718100",0,0,0,0,0.0338476238178869,0,0,0.0257672721981373,0.206372816389062,0,"SPAL_contig0000962","Venom protein",NA,NA,"A0A0N5BMP2","",NA,"",NA,"",NA,"",NA
"1030","SPAL_0000718575",0,0,0,0,0,0,0,0,0.122699784018806,0,"SPAL_contig0000338","Secreted protein",NA,NA,"A0A0N5BMP7","",NA,"",NA,"",NA,"",NA
"1031","SPAL_0000718600",0,0.103893551712707,0,0.0540102731035231,0,0,0.129524197216016,0.0259280855526943,0.0409560775660557,0,"SPAL_contig0000338","REPA_OB_2 domain-containing protein","NA-bd_OB-fold, REPA_OB_2",NA,"A0A0N5BMP8","SSTP_0000861300",8.15217,"",NA,"",NA,"R03H10.6 | WBGene00019858",12.2283
"1032","SPAL_0000718625",0,0.0536862893183183,0,0,0,0,0,0,0,0,"SPAL_contig0000338","",NA,NA,"A0A0N5BMP9","",NA,"",NA,"",NA,"",NA
"1033","SPAL_0000720400",0,0,0,0,0,0,0,0.0258311936167373,0.0411935254353594,0,"SPAL_contig0000565","DDE_Tnp_1_7 domain-containing protein","PGBD",NA,"A0A0N5BMR7","",NA,"",NA,"",NA,"",NA
"1034","SPAL_0000720600",0,0,0,0,0,0.0562558906192601,0.195300381184747,0.310554659974526,0.041066670735355,0,"SPAL_contig0000565","Nucleolar protein 16",NA,NA,"A0A0N5BMR9","SSTP_0000064900",13.3641,"",NA,"SVE_1661800",7.37327,"",NA
"1035","SPAL_0000720900",0,0,0,0,0,0,0,0,0,0,"SPAL_contig0001274","",NA,NA,"A0A0N5BMS2","",NA,"",NA,"",NA,"",NA
"1036","SPAL_0000721100",0,0.0134216148948234,0,0,0,0,0,0,0,0,"SPAL_contig0000910","SWIB domain-containing protein",NA,NA,"A0A0N5BMS6","",NA,"",NA,"SVE_0292800",72.7273,"",NA
"1037","SPAL_0000721200",0,0.0137109508889245,0,0.0797704762074401,0,0,0,0,0,0,"SPAL_contig0000910","Ribonucleoside-diphosphate reductase",NA,NA,"A0A0N5BMS7","",NA,"",NA,"SVE_0292800",72.7273,"",NA
"1038","SPAL_0000721300",0,0,0,0.0271607951780375,0,0,0,0,0,0,"SPAL_contig0000910","Integrase_H2C2 domain-containing protein","Integrase_H2C2",NA,"A0A0N5BMS8","SSTP_0000943500",1.49254,"",NA,"SVE_1334000",32.8358,"",NA
"1039","SPAL_0000721400",0,0.0268800593260801,0.0396024517645635,0,0.0337251318033094,0,0.12925557328331,0.0258788933193587,0.163495375893724,0.331182529983395,"SPAL_contig0000675","","DUF1647",NA,"A0A0N5BMS9","SSTP_0000379800",69.6,"SRAE_2000522200 | WBGene00265480",68,"SVE_1076800",90.6667,"C16D9.5 | WBGene00015860",21.3333
"1040","SPAL_0000721675",0,0,0,0,0,0,0,0,0,0,"SPAL_contig0002348","Transposase",NA,NA,"A0A0N5BMT2","",NA,"",NA,"",NA,"",NA
"1041","SPAL_0000724300",0,0,0,0,0,0,0,0,0,0,"SPAL_contig0000959","RNase H domain-containing protein","RNaseH_domain, RNaseH-like_sf, RNaseH_sf","RNA-DNA hybrid ribonuclease activity, nucleic acid binding, RNA phosphodiester bond hydrolysis, endonucleolytic","A0A0N5BMW0","",NA,"SRAE_X000199700 | WBGene00267575",0,"SVE_0678000",0,"",NA
"1042","SPAL_0000724400",0,0,0.0397216812942245,0.0270037064445853,0,0,0,0,0,0,"SPAL_contig0000959","Yippee domain-containing protein",NA,NA,"A0A0N5BMW1","",NA,"",NA,"SVE_1333800",19.0058,"",NA
"1043","SPAL_0000724500",0,0.0536862707851468,0,0,0,0,0,0,0,0,"SPAL_contig0000959","MULE domain-containing protein",NA,NA,"A0A0N5BMW2","",NA,"",NA,"",NA,"",NA
"1044","SPAL_0000724600",0,0.0826670432294115,0.0401132728189112,0,0,0.0272138626375512,0,0,0,0,"SPAL_contig0001544","SLBB domain-containing protein",NA,"membrane","A0A0N5BMW3","",NA,"",NA,"",NA,"",NA
"1045","SPAL_0000725900",0.0483173419599121,6.57443511321205e-10,0,0.0806246477928683,0.0337336194395712,0,0.0648829289735034,0.180907151055643,0,0,"SPAL_contig0000208","Hexosyltransferase",NA,NA,"A0A0N5BMX6","",NA,"SRAE_2000510400 | WBGene00265358",34.1564,"SVE_1667400",56.7901,"",NA
"1046","SPAL_0000727000",0,0,0,0,0,0,0,0.0780493237543155,0,0,"SPAL_contig0000814","Annexin",NA,NA,"A0A0N5BMY9","",NA,"",NA,"SVE_0800400",47.2527,"",NA
"1047","SPAL_0000727200",0,0,0,0.0271562800848876,0.0338354924615346,0,0,0,0,0,"SPAL_contig0002843","5'-nucleotidase",NA,NA,"A0A0N5BMZ1","",NA,"",NA,"SVE_0883100",54.2169,"",NA
"1048","SPAL_0000727300",0,0,0,0,0,0,0,0,0,0,"SPAL_contig0003927","Reverse transcriptase domain-containing protein",NA,NA,"A0A0N5BMZ2","",NA,"",NA,"SVE_1687400",37.0107,"",NA
"1049","SPAL_0000727900",0,0,0,0,0,0,0,0.0270871188573316,0,0.0671091210303149,"SPAL_contig0001384","Sulfate_transp domain-containing protein","SLC26A/SulP_fam, SLC26A/SulP_dom","membrane, transmembrane transport","A0A0N5BMZ8","",NA,"",NA,"",NA,"",NA
"1050","SPAL_0000728100",0.04856697986289,0.0270865302715414,0,0.0268980523743764,0.0338209038988924,0.0562624816819894,0,0.0258880998661334,0,0,"SPAL_contig0001240","HTH_Tnp_Tc3_2 domain-containing protein","Homeobox-like_sf, RNaseH_sf","nucleic acid binding","A0A0N5BN00","",NA,"",NA,"SVE_1276800",27.2727,"",NA
"1051","SPAL_0000730700",0,0.0685631795203575,0.10104588063178,0.0565881560868094,0.0168375243573056,0.0277268036631068,0.0327955503788725,0.0400932308641122,0.226485428386617,0,"SPAL_contig0003745","",NA,"membrane","A0A0N5BN27","",NA,"",NA,"",NA,"",NA
"1052","SPAL_0000732800",0,0.0553170114411869,0.040498980708251,0.0791466564165664,0.0333227199498054,0,0,0.0507005120227986,0.041026657141073,0.0669389951589193,"SPAL_contig0000001","Transposase",NA,NA,"A0A0N5BN49","SSTP_0001282700",13.6842,"",NA,"SVE_1665600",56.8421,"",NA
"1053","SPAL_0000761700",0,0.0539151233521517,0,0,0,0,0,0,0.122179178601209,0,"SPAL_contig0001204","DDE_Tnp_IS1595 domain-containing protein",NA,NA,"A0A0N5BNY8","",NA,"SRAE_0000058400 | WBGene00256330",23.4043,"",NA,"",NA
"1054","SPAL_0000761800",0,0,0,0,0,0,0,0,0.0408998824833104,0,"SPAL_contig0001204","Protein-tyrosine-phosphatase","Glyco_trans_14","glycosyltransferase activity, membrane, transferase activity, Golgi membrane","A0A0N5BNY9","",NA,"",NA,"",NA,"",NA
"1055","SPAL_0000762200",0,0,0,0,0,0,0,0.0260162531430035,0,0,"SPAL_contig0000690","Integrase catalytic domain-containing protein","Integrase_cat-core, RNaseH-like_sf, RNaseH_sf, Integrase_H2C2","DNA integration, nucleic acid binding","A0A0N5BNZ3","",NA,"",NA,"SVE_1418500",17.4658,"",NA
"1056","SPAL_0000762300",0,0.0425171934766817,0,0,0,0,0,0.0780933812500504,0.081633781788306,0,"SPAL_contig0000690","",NA,NA,"A0A0N5BNZ4","",NA,"",NA,"",NA,"",NA
"1057","SPAL_0000762400",0,0,0,0,0,0,0,0.0407728857546834,0,0,"SPAL_contig0000690","",NA,"membrane","A0A0N5BNZ5","",NA,"",NA,"",NA,"",NA
"1058","SPAL_0000762500",0,0,0,0,0,0,0,0,0,0,"SPAL_contig0000690","Estradiol 17-beta-dehydrogenase 2","SDR_fam, NAD(P)-bd_dom_sf",NA,"A0A0N5BNZ6","SSTP_0000612000 | SSTP_0000612000",76.2626,"SRAE_1000066600 | WBGene00257263",77.7778,"SVE_0682900",88.8889,"drd-5 | WBGene00018885",30.8081
"1059","SPAL_0000762700",0,0,0,0,0,0,0,0,0,0,"SPAL_contig0000690","Anti_prolifrtn domain-containing protein",NA,NA,"A0A0N5BNZ7","",NA,"",NA,"",NA,"",NA
"1060","SPAL_0000762800",0.0961139221377032,0.0534860226396816,0,0,0,0,0,0,0,0,"SPAL_contig0000690","AAA_11 domain-containing protein","P-loop_NTPase",NA,"A0A0N5BNZ8","",NA,"",NA,"",NA,"",NA
"1061","SPAL_0000762950",0,0.0542735552873685,0,0.0798797883601906,0.0673444103108966,0,0.13059620645991,0.0256866576876068,0,0.067004646782712,"SPAL_contig0000922","Spindle and centriole-associated protein 1",NA,NA,"A0A0N5BP00","",NA,"",NA,"",NA,"",NA
"1062","SPAL_0000763000",0,0.161972232976951,0,0.107353454472377,0.0337263586394622,0,0.0649431240592507,0.103292888069319,0.163881478652348,0.0665994114543355,"SPAL_contig0000922","YqaJ domain-containing protein",NA,NA,"A0A0N5BP01","SSTP_0000665400",24.2009,"SRAE_X000140100 | WBGene00266969",19.6347,"SVE_0114600",43.8356,"",NA
"1063","SPAL_0000763100",0,0.0268432379577305,0,0,0,0,0,0,0,0,"SPAL_contig0003038","Reverse transcriptase domain-containing protein","RT_dom, Rev_trsase/Diguanyl_cyclase, DNA/RNA_pol_sf",NA,"A0A0N5BP02","",NA,"",NA,"SVE_1152100",42.5806,"",NA
"1064","SPAL_0000763200",0,0,0,0,0,0,0,0,0.0537636344410379,0,"SPAL_contig0000636","Reverse transcriptase domain-containing protein",NA,NA,"A0A0N5BP03","",NA,"SRAE_0000052500 | WBGene00256271",67.5472,"SVE_0140500",14.717,"",NA
"1065","SPAL_0000763250",0,0.203703051745818,0,0.409123080744972,0.046814738291383,0.0559378241151477,0.0657463708969571,0.160761110602891,0,0,"SPAL_contig0000636","",NA,NA,"A0A0N5BP04","",NA,"",NA,"",NA,"",NA
"1066","SPAL_0000764400",0,0,0,0,0,0,0,0,0,0,"SPAL_contig0002646","ZP domain-containing protein",NA,NA,"A0A0N5BP16","",NA,"",NA,"",NA,"",NA
"1067","SPAL_0000764500",0,0.0268432918084723,0,0,0,0,0,0,0,0,"SPAL_contig0002646","Reverse transcriptase domain-containing protein",NA,NA,"A0A0N5BP17","",NA,"",NA,"",NA,"",NA
"1068","SPAL_0000764600",0.192044650420483,0.15374252726541,0,0,0,0,0.190935038852213,0.228582477124713,0,0,"SPAL_contig0003672","Reverse transcriptase domain-containing protein","RT_dom, RT_RNaseH_2, Rev_trsase/Diguanyl_cyclase, DNA/RNA_pol_sf",NA,"A0A0N5BP18","",NA,"",NA,"",NA,"",NA
"1069","SPAL_0000766584",0,0.171631146362554,0.0405774245719511,0.027063850027184,0.0988529739986887,0.027693968573382,0.0646493825308447,0.151087909131035,0.0408008188473141,0.0659820739835607,"SPAL_scaffold0000080","",NA,NA,"A0A0N5BP39","",NA,"",NA,"",NA,"",NA
"1070","SPAL_0000766900",0,0,0,0.0543218351652618,0,0,0,0,0,0,"SPAL_contig0001860","",NA,NA,"A0A0N5BP43","",NA,"",NA,"",NA,"",NA
"1071","SPAL_0000767100",0.0481074931636559,0.139321941493524,0.0396385747032571,0.0189838670434689,0,0,0,0.0562943887102108,0,0,"SPAL_contig0003852","Reverse transcriptase domain-containing protein","RT_dom, RT_RNaseH_2, Rev_trsase/Diguanyl_cyclase, DNA/RNA_pol_sf",NA,"A0A0N5BP45","",NA,"",NA,"",NA,"",NA
"1072","SPAL_0000767900",0,0,0,0,0,0,0,0,0,0,"SPAL_contig0002332","SAM-dependent methyltransferase",NA,NA,"A0A0N5BP51","",NA,"",NA,"",NA,"",NA
"1073","SPAL_0000768200",0.0966787790577604,0.111455022316622,0.0798837321014175,0,0,0.0543217410826017,0,0,0.362992909354981,0,"SPAL_contig0003935","CUB domain-containing protein",NA,NA,"A0A0N5BP54","SSTP_0000303400",53.1646,"",NA,"SVE_1000972750",50.6329,"",NA
"1074","SPAL_0000769200",0.0480110284684862,0.140277346126518,0,0.0270750937813568,0.0744050006512801,0.104374270143478,0.130387220446943,0.0380281936163449,0.0455793779311101,0.314730546505835,"SPAL_contig0002928","Guanylate cyclase","Prot_kinase_dom, Ser-Thr/Tyr_kinase_cat_dom, ANF_lig-bd_rcpt, Kinase-like_dom_sf, Peripla_BP_I","protein kinase activity, protein phosphorylation, ATP binding, membrane, guanylate cyclase activity, cGMP biosynthetic process","A0A0N5BP64","",NA,"SRAE_X000000200 | WBGene00265556",37.2957,"SVE_0373100",76.3744,"gcy-14 | WBGene00001540",31.7979
"1075","SPAL_0000769475",0,0.0539690559876582,0,0,0.0673786026626078,0,0.194775400823956,0.103139762818642,0.0818827738808371,0,"SPAL_contig0000047","Ribosome assembly factor SBDS","NA-bd_OB-fold",NA,"A0A0N5BP67","",NA,"",NA,"",NA,"",NA
"1076","SPAL_0000769900",0,0.0539370950872236,0,0,0.236017238443283,0,0.194619894897509,0.46485795974248,0,0,"SPAL_contig0000047","",NA,"membrane","A0A0N5BP72","",NA,"",NA,"",NA,"",NA
"1077","SPAL_0000772750",0,0.0545962045534063,0,0.133454958343328,0,0.0558461130022962,0,0.0772358323119349,0.0824216952044273,0.0673764242714036,"SPAL_contig0000047","",NA,NA,"A0A0N5BPA1","SSTP_0000194300",52.8986,"SRAE_2000239900 | WBGene00262609",51.4493,"",NA,"",NA
"1078","SPAL_0000773900",0.0493199551052014,0,0,0.0265085345572011,0.0336540461755399,0,0.0656701333292766,0.0255545475043357,0,0,"SPAL_contig0000047","MutS_I domain-containing protein","DNA_mismatch_repair_MutS-lik_N, DNA_mismatch_repair_MutS_N","mismatch repair, mismatched DNA binding, ATP binding","A0A0N5BPB3","",NA,"",NA,"SVE_0453400",35.1852,"",NA
"1079","SPAL_0000774000",0,0.133453645863045,0,0.00524720445813812,0,0.195677419046476,0,0,0,0,"SPAL_contig0000601","FLYWCH-type domain-containing protein",NA,NA,"A0A0N5BPB4","",NA,"",NA,"",NA,"",NA
"1080","SPAL_0000774200",0.0968430202507282,0,0,0.0536149597672504,0,0,0,0.108253932011528,0.100358445300431,0.297139010574219,"SPAL_scaffold0000010","Craniofacial development protein 2-like","Endo/exonu/phosph_ase_sf",NA,"A0A0N5BPB6","",NA,"",NA,"",NA,"",NA
"1081","SPAL_0000791800",0.0247444189595481,0,0,0.0133946506371896,0,0.0280148063275845,0,0.0258443367777198,0,0,"SPAL_contig0000972","HTH_48 domain-containing protein","WH-like_DNA-bd_sf, WH_DNA-bd_sf, Mos1_HTH",NA,"A0A0N5B5Z8","",NA,"",NA,"SVE_2015500",25.9843,"",NA
"1082","SPAL_0000792200",0,0,0.0396196098564318,0,0,0,0,0,0.183462546825532,0,"SPAL_contig0003143","Metalloendopeptidase","Peptidase_M12A, MetalloPept_cat_dom_sf","metalloendopeptidase activity, metallopeptidase activity, proteolysis, hydrolase activity, metal ion binding, peptidase activity","A0A0N5BPU8","",NA,"",NA,"SVE_0367700",49.5614,"",NA
"1083","SPAL_0000792300",0,0,0,0,0,0,0,0.0260163623430412,0,0,"SPAL_contig0001958","",NA,NA,NA,"",NA,"",NA,"",NA,"",NA
"1084","SPAL_0000792900",0,0,0,0,0,0,0,0.104065524357233,0,0,"SPAL_contig0003585","Rhomboid family intramembrane serine protease",NA,"membrane","A0A0N5BPV4","SSTP_0000262900",63.2653,"SRAE_X000072400 | WBGene00266284",59.1837,"SVE_0055200",87.7551,"",NA
"1085","SPAL_0000793000",0,0,0,0.0271608647470708,0,0,0,0,0,0,"SPAL_contig0003375","CCHC-type domain-containing protein",NA,NA,"A0A0N5BPV5","",NA,"",NA,"SVE_1851300",58.1818,"",NA
"1086","SPAL_0000793200",0,0.162432381469493,0.0799763312488333,0,0.134383332145715,0,0,0.102526047379537,0.163761167568099,0,"SPAL_contig0004349","CA domain-containing protein","Cadherin-like_dom, Cadherin-like_sf","homophilic cell adhesion via plasma membrane adhesion molecules, calcium ion binding, membrane","A0A0N5BPV7","",NA,"",NA,"",NA,"",NA
"1087","SPAL_0000793400",0.103197220782438,0.0671897346079729,0.0547515171832369,0,0,0,0.0715882988410634,0.103003307500943,0,0.146560657122,"SPAL_contig0002608","",NA,NA,"A0A0N5BPV9","",NA,"",NA,"",NA,"",NA
"1088","SPAL_0000793900",0.0485633752736208,0,0.0399234573326416,0.0266203968891887,0,0,0.155568268934103,0.0313649012574677,0,0,"SPAL_contig0000688","Glyco_trans_2-like domain-containing protein","DUF273, Nucleotide-diphossugar_trans",NA,"A0A0N5BPW4","SSTP_0001117200",65.4321,"SRAE_2000448800 | WBGene00264720",60.4938,"SVE_0761800",79.6296,"F25H2.7 | WBGene00009121",33.3333
"1089","SPAL_0000795000",0,0.148501983277849,0.0792545648046875,0,0,0.0282034190749072,0,0,0.0818156099056633,0,"SPAL_contig0001151","HTH CENPB-type domain-containing protein","DDE_SF_endonuclease_dom, HTH_CenpB_DNA-bd_dom, Homeobox-like_sf","nucleic acid binding","A0A0N5BPX4","SSTP_0000701100",30.1266,"",NA,"SVE_1121400",17.2152,"",NA
"1090","SPAL_0000796100",0,0.0542391607804622,0.120114640160863,0.0268282717287071,0.101390943547677,0.0280666540342581,0,0,0,0,"SPAL_contig0000253","Peptidase_M13 domain-containing protein","Peptidase_M13, Peptidase_M13_C, MetalloPept_cat_dom_sf","metalloendopeptidase activity, metallopeptidase activity, proteolysis","A0A0N5BPY5","",NA,"",NA,"SVE_1164300",47.541,"",NA
"1091","SPAL_0000796300",0.0478718208638683,0.0268463116998194,0,0,0,0,0,0,0,0,"SPAL_contig0003861","HTH La-type RNA-binding domain-containing protein",NA,NA,"A0A0N5BPY7","",NA,"",NA,"SVE_1671400",6,"",NA
"1092","SPAL_0000796400",0,0,0,0,0,0,0,0,0,0,"SPAL_contig0001611","RNase H domain-containing protein","RNaseH_domain, RNaseH-like_sf, RNaseH_sf","RNA-DNA hybrid ribonuclease activity, nucleic acid binding, RNA phosphodiester bond hydrolysis, endonucleolytic","A0A0N5BPY8","",NA,"",NA,"SVE_0673200",21.3953,"",NA
"1093","SPAL_0000796700",0,0.055511780480114,0,0.0651249561539457,0,0.0282657511987579,0,0.0611609395907685,0.201747335252923,0,"SPAL_contig0000884","Endo/exonuclease/phosphatase domain-containing protein","Endo/exonu/phosph_ase_sf",NA,"A0A0N5BPZ2","",NA,"",NA,"SVE_1411000",13.0178,"",NA
"1094","SPAL_0000796900",0.0480633258029925,0,0.0792294774151013,0.0357308018751728,0,0.0282602914850212,0.0806794472977348,0.0594929045324876,0.0669201391820799,0,"SPAL_contig0000884","Reverse transcriptase domain-containing protein","RT_dom, DNA/RNA_pol_sf",NA,"A0A0N5BPZ4","",NA,"",NA,"",NA,"",NA
"1095","SPAL_0000797000",0,0.0545514995831914,0,0,0,0,0,0.025604962035228,0,0,"SPAL_contig0000884","RT_RNaseH_2 domain-containing protein","Rev_trsase/Diguanyl_cyclase, DNA/RNA_pol_sf",NA,"A0A0N5BPZ5","SSTP_0000844900",0,"",NA,"SVE_0725000",83.4646,"",NA
"1096","SPAL_0000797100",0,0.0539831871984102,0.159361104484497,0,0.0336754280796457,0,0,0.0515312284973282,0,0,"SPAL_contig0000884","","DNA/RNA_pol_sf",NA,"A0A0N5BPZ6","",NA,"",NA,"SVE_0764700",23.8579,"",NA
"1097","SPAL_0000797200",0,0,0,0.0303750706580294,0,0,0,0,0.0459156780362367,0,"SPAL_contig0002532","HTH CENPB-type domain-containing protein","DDE_SF_endonuclease_dom, HTH_CenpB_DNA-bd_dom, HTH_Psq, Homeobox-like_sf","nucleic acid binding, DNA binding, nucleus","A0A0N5BPZ7","",NA,"",NA,"",NA,"",NA
"1098","SPAL_0000798800",0.0487088988391438,0.0270816226227985,0.0800136912758264,0.0265830810507123,0.100828409795481,0.0278118236454439,0.0651650292413063,0.0256426480138884,0.245734703472887,0.0668751188203833,"SPAL_contig0000225","SCP domain-containing protein",NA,NA,"A0A0N5BQ14","",NA,"",NA,"SVE_0356300",42.2819,"",NA
"1099","SPAL_0000799100",0,0,0,0,0,0,0,0,0,0,"SPAL_contig0002720","SH3b domain-containing protein",NA,NA,"A0A0N5BQ17","",NA,"",NA,"SVE_1251000",53.8462,"",NA
"1100","SPAL_0000799200",0,0.0268431405810558,0,0,0,0,0,0,0,0,"SPAL_contig0002720","SH3b domain-containing protein",NA,NA,"A0A0N5BQ18","",NA,"",NA,"SVE_1251000",53.1469,"",NA
"1101","SPAL_0000799300",0,0.0268500625496072,0.0395192658881209,0,0.0675834353973321,0,0.193544781717224,0,0.245310023447019,0,"SPAL_contig0000881","Reverse transcriptase domain-containing protein","RT_dom, DNA/RNA_pol_sf",NA,"A0A0N5BQ19","SSTP_0000638100",29.8893,"",NA,"",NA,"",NA
"1102","SPAL_0000799400",0,0.0583610868895855,0,0,0,0.0461163101929419,0.129609916919521,0.0518461636190219,0,0,"SPAL_contig0000881","Reverse transcriptase domain-containing protein",NA,NA,"A0A0N5BQ20","SSTP_0000638100",91.3947,"",NA,"",NA,"",NA
"1103","SPAL_0000799500",0,0.0269078105519912,0.118905228676727,0.0270179623146012,0.067563771525285,0,0,0,0.0409278873166713,0,"SPAL_contig0001757","Protein kinase domain-containing protein","Prot_kinase_dom, Ser/Thr_kinase_AS, Kinase-like_dom_sf, Protein_kinase_ATP_BS","protein kinase activity, protein phosphorylation, ATP binding, nucleotide binding, protein serine/threonine kinase activity","A0A0N5BQ21","",NA,"",NA,"SVE_0633500",93.9394,"",NA
"1104","SPAL_0000799525",0,0,0,0,0,0,0,0,0,0,"SPAL_contig0001757","",NA,NA,"A0A0N5BQ22","",NA,"",NA,"SVE_0633400",67.4074,"",NA
"1105","SPAL_0000799575",0,0,0,0,0,0,0,0,0,0,"SPAL_contig0001141","Endo/exonuclease/phosphatase domain-containing protein","Endo/exonu/phosph_ase_sf",NA,"A0A0N5BQ23","",NA,"",NA,"SVE_0633000",70.9091,"",NA
"1106","SPAL_0000799900",0,0,0,0,0,0,0,0.0557049894116906,0,0,"SPAL_contig0000234","C2H2-type domain-containing protein",NA,NA,"A0A0N5BQ26","",NA,"",NA,"",NA,"",NA
"1107","SPAL_0000800000",0,0,0,0.0538938129695684,0,0.0281725904959424,0.194928555849369,0.336762847208321,0.150431266311308,0.0666154990969279,"SPAL_contig0000234","",NA,NA,"A0A0N5BQ27","",NA,"",NA,"SVE_0724800",50.1946,"",NA
"1108","SPAL_0000800900",0,0,0,0,0,0,0,0.0257116374298035,0.0413857328854919,0,"SPAL_contig0003646","Herpes_Helicase domain-containing protein","DNA_helicase_dom, P-loop_NTPase","helicase activity, ATP binding, hydrolase activity, nucleotide binding","A0A0N5BQ38","",NA,"",NA,"SVE_0800800",23.4783,"",NA
"1109","SPAL_0000801000",0,0.0814603595883579,0,0,0,0,0,0.113651908745929,0,0,"SPAL_contig0001778","Histone-lysine N-methyltransferase SETMAR","RNaseH_sf","nucleic acid binding","A0A0N5BQ39","SSTP_0000841400",47.3333,"",NA,"",NA,"",NA
"1110","SPAL_0000801300",0,0.0539287317295871,0,0.0270388683902592,0,0,0,0,0,0,"SPAL_contig0000832","",NA,NA,"A0A0N5BQ42","",NA,"",NA,"SVE_0633400",40.2667,"",NA
"1111","SPAL_0000801400",0,0,0,0,0,0,0,0,0,0,"SPAL_contig0000832","Protein kinase domain-containing protein","Prot_kinase_dom, Ser/Thr_kinase_AS, Kinase-like_dom_sf, Protein_kinase_ATP_BS","protein kinase activity, protein phosphorylation, ATP binding, nucleotide binding, protein serine/threonine kinase activity","A0A0N5BQ43","",NA,"",NA,"",NA,"",NA
"1112","SPAL_0000801500",0,0.0268431793352372,0,0,0,0,0,0,0,0,"SPAL_contig0000832","Ras-associating domain-containing protein",NA,NA,"A0A0N5BQ44","",NA,"",NA,"",NA,"",NA
"1113","SPAL_0000801800",0,0.0459989113993639,0,0.0618060246502573,0.0176215972982297,0,0,0.0258456570391892,0.0638438143959472,0,"SPAL_contig0000089","Astacin domain-containing protein","MetalloPept_cat_dom_sf","metallopeptidase activity","A0A0N5BQ47","",NA,"",NA,"",NA,"",NA
"1114","SPAL_0000803900",0,0,0,0,0,0,0.0649616602325589,0.153759205381386,0.122579824848271,0.0666425058759969,"SPAL_contig0000089","HORMA domain-containing protein",NA,NA,"A0A0N5BQ70","",NA,"",NA,"",NA,"",NA
"1115","SPAL_0000804300",0,0.0536862894771099,0,0,0,0,0,0,0,0,"SPAL_scaffold0000097","SAC domain-containing protein","SAC_dom","phosphatase activity","A0A0N5BQ75","",NA,"",NA,"",NA,"",NA
"1116","SPAL_0000804400",0,0,0,0,0,0,0,0.0266361060446658,0.0452501244691553,0,"SPAL_scaffold0000097","Reverse transcriptase domain-containing protein","RT_dom, RNaseH-like_sf, RNaseH_sf, RT_RNaseH_2, Integrase_H2C2, Rev_trsase/Diguanyl_cyclase, DNA/RNA_pol_sf","nucleic acid binding, DNA biosynthetic process, DNA-directed DNA polymerase activity, DNA polymerase complex","A0A0N5BQ76","",NA,"",NA,"SVE_1665400",13.1975,"",NA
"1117","SPAL_0000804600",0,0.080551809786496,0.197584104909553,0.0271064292670436,0,0,0.0645129661982101,0,0,0.0661036186852612,"SPAL_contig0001119","Retrovirus-related Pol polyprotein from transposon TNT 1-94","Integrase_cat-core, Znf_CCHC, RNaseH-like_sf, RVT_2, RNaseH_sf, Znf_CCHC_sf, DNA/RNA_pol_sf","DNA integration, nucleic acid binding, zinc ion binding, cytoplasm, DNA biosynthetic process, DNA-directed DNA polymerase activity, DNA polymerase complex, enzyme binding","A0A0N5BQ77","",NA,"",NA,"SVE_0650900",41.145,"",NA
"1118","SPAL_0000804900",0,0.107378950321023,0,0,0,0,0,0,0.122653264131149,0.0660863271091336,"SPAL_contig0000944","RNA-directed DNA polymerase","RT_dom, Integrase_cat-core, RNaseH-like_sf, Peptidase_aspartic_dom_sf, RNaseH_sf, RT_RNaseH, Integrase_H2C2, Rev_trsase/Diguanyl_cyclase, DNA/RNA_pol_sf","DNA integration, nucleic acid binding, DNA biosynthetic process, DNA-directed DNA polymerase activity, DNA polymerase complex","A0A0N5BQ80","",NA,"SRAE_0000074100 | WBGene00256498",8.0528,"SVE_1122200",8.11881,"",NA
"1119","SPAL_0000805000",0,0,0,0,0,0,0,0,0,0,"SPAL_contig0000944","Reverse transcriptase domain-containing protein","RT_dom",NA,"A0A0N5BQ81","",NA,"",NA,"SVE_1928000",76.5432,"",NA
"1120","SPAL_0000805300",0,0.0805516844901492,0,0,0,0,0,0,0.0408887369639888,0,"SPAL_contig0001344","Reverse transcriptase","RT_dom, Integrase_cat-core, RNaseH-like_sf, RNaseH_sf, RT_RNaseH, Rev_trsase/Diguanyl_cyclase, DNA/RNA_pol_sf","DNA integration, nucleic acid binding, DNA biosynthetic process, DNA-directed DNA polymerase activity, DNA polymerase complex","A0A0N5BQ84","",NA,"",NA,"SVE_0612500",94.8529,"",NA
"1121","SPAL_0000805500",0,0.0856942652834899,0.0898803516135126,0.0528624280582464,0.127119848291088,0,0,0,0.0307832651290874,0.0505838749265603,"SPAL_contig0002474","Conserved domain protein",NA,NA,"A0A0N5C477","",NA,"",NA,"",NA,"",NA
"1122","SPAL_0000805600",0,0,0,0,0,0,0,0,0,0,"SPAL_scaffold0000087","",NA,NA,"A0A0N5BQ87","SSTP_0000381100",29.5918,"",NA,"SVE_0763600",74.4898,"",NA
"1123","SPAL_0000805700",0,0,0,0,0,0,0,0,0,0,"SPAL_scaffold0000087","HTH_48 domain-containing protein","WH-like_DNA-bd_sf",NA,"A0A0N5BQ88","SSTP_0000843600",21.4286,"SRAE_X000162100 | WBGene00267194",37.7551,"SVE_0651600",44.898,"",NA
"1124","SPAL_0000806000",0.0485282377308327,0,0,0,0,0,0,0.0331822987694571,0.0409036304310681,0,"SPAL_scaffold0000087","DDE-1 domain-containing protein","DDE_SF_endonuclease_dom","nucleic acid binding","A0A0N5BQ91","",NA,"",NA,"SVE_1963800",25.4545,"",NA
"1125","SPAL_0000806100",0,0,0,0,0,0.0094302196317632,0,0.00869474590630695,0,0,"SPAL_scaffold0000087","HTH CENPB-type domain-containing protein","HTH_CenpB_DNA-bd_dom, Homeobox-like_sf",NA,"A0A0N5BQ92","",NA,"",NA,"",NA,"",NA
"1126","SPAL_0000807825",0,0,0,0.081908944280012,0,0,0,0,0.0406871520270553,0,"SPAL_contig0000156","",NA,NA,"A0A0N5BQA9","",NA,"",NA,"",NA,"",NA
"1127","SPAL_0000807850",0,0,0,0,0,0.0569063260542032,0,0,0,0.0658592038664198,"SPAL_contig0000156","",NA,"membrane","A0A0N5BQB0","",NA,"",NA,"",NA,"",NA
"1128","SPAL_0000807875",0,0.0279909818293815,0,0.0532574653027723,0,0.0555113719150007,0,0,0,0,"SPAL_contig0000156","Endoplasmic reticulum membrane protein",NA,NA,"A0A0N5BQB1","",NA,"",NA,"",NA,"",NA
"1129","SPAL_0000808600",0,0,0,0,0,0,0.0644800798479025,0,0,0,"SPAL_contig0001476","Chitin-binding type-4 domain-containing protein",NA,NA,"A0A0N5B3V2, A0A0N5BQC0","",NA,"",NA,"",NA,"",NA
"1130","SPAL_0000808800",0,0,0.0402872526060097,0.0265898572641186,0,0.0278120437670804,0.131028647941512,0,0.411231042068814,0,"SPAL_contig0000022","Cystatin domain-containing protein","Cystatin_dom, Cystatin_sf","cysteine-type endopeptidase inhibitor activity","A0A0N5BQC2","",NA,"",NA,"SVE_1961200",55.3846,"",NA
"1131","SPAL_0000814500",0,0,0,0,0,0,0,0.988906437063269,0,0,"SPAL_contig0001353","G_PROTEIN_RECEP_F1_2 domain-containing protein","GPCR_Rhodpsn_7TM, 7TM_GPCR_serpentine_rcpt_Srv","membrane","A0A0N5BQH9","SSTP_0000498700",39.8119,"SRAE_X000094550 | WBGene00266508",38.558,"SVE_1576000",41.3793,"",NA
"1132","SPAL_0000814800",0,0,0.0791920752862501,0.0811503675035204,0.0337902197848191,0,0.0599086691285231,0.032816433147846,0.102036093673736,0.0662309129224336,"SPAL_contig0001790","Helitron_like_N domain-containing protein",NA,NA,"A0A0N5BQI4","",NA,"",NA,"",NA,"",NA
"1133","SPAL_0000814900",0,0.0812428859683129,0,0,0,0,0,0.0515767125153801,0,0,"SPAL_contig0001790","Helitron_like_N domain-containing protein","Helitron_helicase-like",NA,"A0A0N5BQI5","",NA,"",NA,"SVE_0166600",5.61798,"",NA
"1134","SPAL_0000815000",0,0,0.0395804550360809,0,0,0,0.064599067094347,0.0813396831739213,0,0,"SPAL_contig0001733","CCHC-type domain-containing protein","Znf_CCHC, Peptidase_aspartic_dom_sf, Znf_CCHC_sf","nucleic acid binding, zinc ion binding, cytoplasm, enzyme binding","A0A0N5BQI6","",NA,"",NA,"SVE_1250800",46.5517,"",NA
"1135","SPAL_0000815100",0,0,0,0,0,0,0.0653544758603962,0.025455826394121,0.0412458097209045,0,"SPAL_contig0001733","DUF86 domain-containing protein",NA,NA,"A0A0N5BQI7","",NA,"",NA,"SVE_1250600",61.6438,"",NA
"1136","SPAL_0000815300",0,0,0,0,0,0,0,0.0260560970696146,0,0.066456965134421,"SPAL_contig0001970","RT_RNaseH_2 domain-containing protein","RT_RNaseH_2, Rev_trsase/Diguanyl_cyclase, DNA/RNA_pol_sf",NA,"A0A0N5BQI9","",NA,"",NA,"",NA,"",NA
"1137","SPAL_0000815600",0,0,0,0,0,0,0,0,0,0,"SPAL_contig0001322","HTH_Tnp_IS630 domain-containing protein","Transposase_14, WH-like_DNA-bd_sf",NA,"A0A0N5BQJ2","",NA,"",NA,"",NA,"",NA
"1138","SPAL_0000815700",0,0,0,0,0,0,0,0.0145882720570833,0,0,"SPAL_contig0003179","DbpA domain-containing protein",NA,NA,"A0A0N5BQJ3","",NA,"",NA,"",NA,"",NA
"1139","SPAL_0000815900",0,0,0,0.0271218865099582,0.0677137680265393,0.0283338388177038,0,0.0260087640239836,0.0947354295576742,0,"SPAL_contig0000943","Peptidase A2 domain-containing protein","Aspartic_peptidase_AS, Peptidase_aspartic_dom_sf, Rev_trsase/Diguanyl_cyclase, DNA/RNA_pol_sf","aspartic-type endopeptidase activity, proteolysis","A0A0N5BQJ5","",NA,"",NA,"SVE_0804600",28.8571,"",NA
"1140","SPAL_0000816000",0,0,0,0,0.0338591594533801,0,0,0.0259941581082578,0,0,"SPAL_contig0000943","Endo/exonuclease/phosphatase domain-containing protein","Endo/exonu/phosph_ase_sf",NA,"A0A0N5BQJ6","",NA,"",NA,"",NA,"",NA
"1141","SPAL_0000816200",0.0494983811921699,0.057655630633299,0.0407849948725379,0.0269648545787109,0,0.139469146507548,0,0.0800929275277001,0,0,"SPAL_contig0002473","Pept_C1 domain-containing protein",NA,NA,"A0A0N5BQJ8","SSTP_0000830800",61.9565,"SRAE_1000098100 | WBGene00257581",64.1304,"SVE_0179100",70.6522,"",NA
"1142","SPAL_0000816925",0,0,0,0,0,0,0,0.025338410276381,0.209999816738188,0,"SPAL_contig0000858","Attachment glycoprotein G",NA,NA,"A0A0N5BQK6","",NA,"",NA,"",NA,"",NA
"1143","SPAL_0000817000",0,0.0272125165491476,0,0,0.0333720019408163,0,0,0,0,0,"SPAL_contig0003435","Lipocalin",NA,NA,"A0A0N5BQK7","",NA,"",NA,"SVE_0737000",35.9649,"",NA
"1144","SPAL_0000817100",0,0.0564353780118068,0,0.0280276896929566,0.18348291573434,0.145052051556786,0,0,0,0,"SPAL_contig0000702","Odorant receptor",NA,"membrane","A0A0N5BQK8","",NA,"",NA,"",NA,"",NA
"1145","SPAL_0000817300",0,0.0537361288765616,0,0,0.0676082344116805,0,0.0645620277168659,0.103899457523707,0.122720064726146,0,"SPAL_contig0000791","CCHC-type domain-containing protein","Znf_CCHC, Peptidase_aspartic_dom_sf, Znf_CCHC_sf","nucleic acid binding, zinc ion binding, cytoplasm, enzyme binding","A0A0N5BQL0","SSTP_0001195600",15.4616,"",NA,"SVE_0065900",15.3504,"",NA
"1146","SPAL_0000817500",0,0,0,0,0,0,0,0,0,0,"SPAL_contig0002527","Reverse transcriptase domain-containing protein",NA,NA,"A0A0N5BQL2","",NA,"",NA,"",NA,"",NA
"1147","SPAL_0000817800",0.193376454332707,0.0278273865471036,0.0399268037003857,0,0,0,0.191699854501901,0.212226401199599,0,0,"SPAL_contig0001309","",NA,NA,"A0A0N5BQL5","",NA,"",NA,"",NA,"",NA
"1148","SPAL_0000817900",0,0.0123605638968537,0,0,0,0,0,0,0,0,"SPAL_contig0002888","(4Fe-4S)-binding protein",NA,NA,"A0A0N5BQL6, A0A0N5BES7","",NA,"",NA,"",NA,"",NA
"1149","SPAL_0000818850",0,0,0.0407409222795154,0.0826769236269997,0.0328057835757788,0.0560363787880704,0,0,0.0408141222468511,0,"SPAL_contig0000276","40S ribosomal protein S6",NA,NA,"A0A0N5BQM6","",NA,"",NA,"",NA,"",NA
"1150","SPAL_0000825200",0.054507821502151,0.214551195716355,0.0794020459524635,0.163444405871635,0.088268262413472,0.0675870124188435,0,0,0.0409180053848029,0.232829316068545,"SPAL_contig0000053","COesterase domain-containing protein","CarbesteraseB, Carboxylesterase_B_CS, AB_hydrolase",NA,"A0A0N5BQU1","SSTP_0000531500",75.6184,"SRAE_X000247200 | WBGene00268059",67.1378,"SVE_0151400",34.2756,"cest-13 | WBGene00010116",25.7951
"1151","SPAL_0000825250",0,0,0,0,0,0,0,0,0.517727010227791,0.0332373980693075,"SPAL_contig0000053","Cystatin domain-containing protein","Cystatin_dom, Cystatin_sf","cysteine-type endopeptidase inhibitor activity, membrane","A0A0N5BQU2","",NA,"",NA,"SVE_1960700",69.7674,"",NA
"1152","SPAL_0000825300",0,0,0,0.0540345086020909,0,0.0282555898464848,0,0,0.0825527032624899,0,"SPAL_contig0000053","Mariner Mos1 transposase","Transposase_1, RNaseH_sf","nucleic acid binding","A0A0N5BQU3","",NA,"SRAE_X000158000 | WBGene00267153",59.0476,"SVE_1498800",7.61905,"",NA
"1153","SPAL_0000825400",0,0,0,0,0,0,0,0,0,0,"SPAL_contig0000053","HTH_48 domain-containing protein","Homeobox-like_sf, WH-like_DNA-bd_sf, Mos1_HTH",NA,"A0A0N5BQU4","SSTP_0000100600",63.0252,"",NA,"SVE_0268400",0,"",NA
"1154","SPAL_0000825500",0,0,0,0.0659650848901367,0,0,0,0.033465427671385,0,0,"SPAL_contig0000053","Histone-lysine N-methyltransferase SETMAR","Transposase_1, RNaseH_sf","nucleic acid binding","A0A0N5BQU5","SSTP_0000811500",58.8235,"",NA,"",NA,"",NA
"1155","SPAL_0000825600",0,0.10750162655009,0.0791848300093848,0,0,0,0.129226353787241,0.12942019812964,0.0408713305531662,0,"SPAL_contig0000053","DDE_Tnp_1_7 domain-containing protein","PGBD, PGBD4_C_Znf-ribbon",NA,"A0A0N5BQU6","",NA,"",NA,"",NA,"",NA
"1156","SPAL_0000825825",0,0.0554828840713993,0,0,0.0329114458764352,0,0,0,0.0813829613688629,0,"SPAL_contig0000053","Ovule protein",NA,NA,"A0A0N5BQU9","",NA,"",NA,"SVE_1099000",51.1628,"",NA
"1157","SPAL_0000826000",0,0.108560957419919,0,0.0301362897869359,0,0,0,0.0403842413041685,0,0.0662799847077939,"SPAL_contig0001380","ATP-dependent DNA helicase","DNA_helicase_dom, DNA_helicase_pif1-like, P-loop_NTPase","telomere maintenance, helicase activity, DNA helicase activity, DNA repair, ATP binding, hydrolase activity, nucleotide binding, cellular response to DNA damage stimulus, DNA recombination, DNA duplex unwinding, ATP hydrolysis activity","A0A0N5BQV1","",NA,"",NA,"SVE_0800800",59.6226,"",NA
"1158","SPAL_0000826500",0,0,0,0,0,0,0,0,0,0,"SPAL_contig0002276","Integrase catalytic domain-containing protein","Integrase_cat-core, RNaseH-like_sf, RNaseH_sf","DNA integration, nucleic acid binding","A0A0N5BQV6","SSTP_0001073000",54.902,"",NA,"SVE_1481700",75.9804,"",NA
"1159","SPAL_0000826700",0.0976681195468005,0.0567747300439652,0,0,0,0.0275051292444038,0,0.0250780051559104,0.0812486470922184,0,"SPAL_contig0001171","",NA,NA,"A0A0N5BQV8","",NA,"",NA,"",NA,"",NA
"1160","SPAL_0000826800",0.0481097194623002,0.0537783469283485,0,0,0,0,0,0.0775398233289867,0,0,"SPAL_contig0001171","F-box domain-containing protein","F-box-like_dom_sf","protein binding","A0A0N5BQV9","",NA,"",NA,"",NA,"",NA
"1161","SPAL_0000826900",0,0.0268431593512529,0,0,0,0,0,0,0,0,"SPAL_contig0001171","Protein kinase domain-containing protein",NA,NA,"A0A0N5BQW0","",NA,"",NA,"",NA,"",NA
"1162","SPAL_0000827600",0.0485296109570969,0.02709160083116,0,0,0.0331407805952959,0,0.0215388071553943,0,0.422946311818231,0.132674051571853,"SPAL_contig0001723","",NA,NA,"A0A0N5BQW7","",NA,"",NA,"SVE_0901800",67.2727,"",NA
"1163","SPAL_0000827700",0.0241978603378211,0.148339068531802,0.119434208984461,0.103051224686298,0.117711851173578,0.0279472761491128,0.0324501241693837,0,0.171766226193181,0.155319085854578,"SPAL_contig0000528","",NA,NA,"A0A0N5BQW8","",NA,"",NA,"SVE_1648900",50.7853,"",NA
"1164","SPAL_0000827900",0,0.0548166719341872,0.0402628300988268,0,0.167293048531505,0.0275596089862109,0,0,0,0,"SPAL_contig0000528","N-acetylgalactosaminide beta-1,3-galactosyltransferase",NA,NA,"A0A0N5BQX0","",NA,"",NA,"SVE_0379500",36.4486,"",NA
"1165","SPAL_0000828000",0,0.103479718465773,0,0.0537858444019156,0.0436821354286806,0,0.279100226589759,0,0.252913282814814,0.132804815700551,"SPAL_contig0000528","Metalloendopeptidase","Peptidase_M12A, MetalloPept_cat_dom_sf","metalloendopeptidase activity, metallopeptidase activity, proteolysis, hydrolase activity, metal ion binding, peptidase activity","A0A0N5BQX1","SSTP_0000832800",34.0659,"",NA,"SVE_1329900",23.8095,"",NA
"1166","SPAL_0000828075",0,0,0,0,0,0,0,0.0260162899394695,0,0,"SPAL_contig0001575","Reverse transcriptase domain-containing protein",NA,NA,"A0A0N5BQX2","",NA,"",NA,"",NA,"",NA
"1167","SPAL_0000828100",0,0,0.176095889912845,0.0810426974857229,0,0.0282325664997956,0,0.0259392761296198,0.204906960147126,0.132849614083695,"SPAL_contig0001575","",NA,NA,"A0A0N5BQX3","",NA,"",NA,"SVE_1099300",24.1573,"",NA
"1168","SPAL_0000829200",0,0.121136344474656,0.0406989413912999,0.0810094964458836,0.10024766020334,0.189293462703007,0,0.248585510267455,0.0411504333906734,0.146272726166338,"SPAL_contig0001376","DDE_3 domain-containing protein","RNaseH_sf","nucleic acid binding","A0A0N5BQY4","SSTP_0001270000",41.9355,"",NA,"",NA,"",NA
"1169","SPAL_0000829500",0,0.0315845172875543,0,0,0.0708662957093729,0.0358404191651035,0,0.0424627475592888,0.0910927705611547,0,"SPAL_contig0002628","RNA-directed DNA polymerase","Peptidase_aspartic_dom_sf, RT_RNaseH, Rev_trsase/Diguanyl_cyclase, DNA/RNA_pol_sf",NA,"A0A0N5BQY8","",NA,"",NA,"",NA,"",NA
"1170","SPAL_0000829700",0,0,0,0,0,0,0,0,0,0,"SPAL_contig0000421","Integrase catalytic domain-containing protein","Integrase_cat-core, RNaseH-like_sf, RNaseH_sf, Integrase_H2C2","DNA integration, nucleic acid binding","A0A0N5BQZ0","",NA,"",NA,"SVE_1418500",27.1768,"",NA
"1171","SPAL_0000829800",0,0.0356106877675164,0,0,0,0,0,0.108217487933944,0,0,"SPAL_contig0000421","DDB1-and CUL4-associated factor 8",NA,NA,"A0A0N5BQZ1","",NA,"",NA,"",NA,"",NA
"1172","SPAL_0000830100",0.0484751977542498,0.0539603791173144,0,0,0.0332455715565099,0,0,0,0,0,"SPAL_contig0000421","",NA,NA,"A0A0N5BQZ4","",NA,"",NA,"",NA,"",NA
"1173","SPAL_0000830200",0,0,0.0396763734290034,0.0967392375341123,0,0,0.0647350634556776,0,0.225382130600832,0,"SPAL_contig0000989","Phage_integrase domain-containing protein","Integrase_catalytic, Integrase_recombinase_N, DNA_brk_join_enz, Integrase-like_cat_sf","DNA integration, DNA recombination, DNA binding","A0A0N5BQZ5","",NA,"",NA,"SVE_1099100",33.6634,"",NA
"1174","SPAL_0000830400",0,0.0467148446896633,0,0,0,0,0,0,0.0727460775039426,0,"SPAL_scaffold0000127","Mediator complex subunit 15",NA,NA,"A0A0N5BQZ7","",NA,"SRAE_0000046200 | WBGene00256206",38.1443,"SVE_0610900",55.6701,"",NA
"1175","SPAL_0000830525",0,0.189575988371813,0,0,0.0335317760458354,0,0,0,0,0,"SPAL_contig0001676","Peptidase S1 domain-containing protein","Transthyretin-like_sf",NA,"A0A0N5BQZ9","",NA,"",NA,"SVE_1705900",32.1168,"",NA
"1176","SPAL_0000830800",0,0,0,0,0,0,0,0,0,0,"SPAL_contig0002541","BTB domain-containing protein","BTB/POZ_dom, MATH/TRAF_dom, TRAF-like, SKP1/BTB/POZ_sf","protein binding","A0A0N5BR02","",NA,"SRAE_2000161000 | WBGene00261815",16.5289,"SVE_0004300",58.6777,"",NA
"1177","SPAL_0000830900",0,0,0,0,0,0,0,0,0.0446181144118663,0,"SPAL_contig0002541","",NA,NA,"A0A0N5BR03","",NA,"",NA,"SVE_1490000",49.6774,"",NA
"1178","SPAL_0000833900",0,0.193035928148284,0,0,0,0.0279054609948987,0,0.0772361270356131,0,0,"SPAL_contig0000823","Peptidase_M13 domain-containing protein","Peptidase_M13, Peptidase_M13_C, MetalloPept_cat_dom_sf","metalloendopeptidase activity, metallopeptidase activity, proteolysis","A0A0N5BR35","SSTP_0000861800",47.0085,"SRAE_X000007400 | WBGene00265628",44.4444,"",NA,"",NA
"1179","SPAL_0000834000",0,0.0992897071442609,0.0395423888858167,0.0271213391391991,0.0338208638944033,0,0,0.0317756093899402,0.122746593765781,0,"SPAL_contig0000449","Endonuclease","RT_dom, Integrase_cat-core, Znf_CCHC, Aspartic_peptidase_AS, RNaseH-like_sf, Peptidase_aspartic_dom_sf, RNaseH_sf, Znf_CCHC_sf, RT_RNaseH_2, Integrase_H2C2, Rev_trsase/Diguanyl_cyclase, DNA/RNA_pol_sf","DNA integration, aspartic-type endopeptidase activity, nucleic acid binding, proteolysis, zinc ion binding, transferase activity, cytoplasm, nucleotidyltransferase activity, RNA-templated DNA biosynthetic process, RNA-directed DNA polymerase activity, DNA biosynthetic process, DNA-directed DNA polymerase activity, DNA polymerase complex, enzyme binding","A0A0N5BR36","SSTP_0001270200",9.08373,"",NA,"SVE_0895200",19.0363,"",NA
"1180","SPAL_0000834100",0,0.111334670927085,0,0.0803324949211539,0,0.0839617287361873,0,0.154811897494417,0,0,"SPAL_contig0002797","HTH rpiR-type domain-containing protein",NA,NA,"A0A0N5BR37","",NA,"",NA,"",NA,"",NA
"1181","SPAL_0000834600",0,0.0555316175108139,0.0405986322592607,0.0264376322354454,0.033372866463851,0,0,0.0253878011423008,0.0410904708554148,0,"SPAL_contig0000433","DUF4817 domain-containing protein","DUF4817",NA,"A0A0N5BR42","",NA,"",NA,"SVE_0386600",61.2903,"",NA
"1182","SPAL_0000834700",0.0984372502826018,0.133428099556349,0,0.0927513581356462,0.132787341207312,0,0,0.101226621337463,0,0,"SPAL_contig0000433","",NA,NA,"A0A0N5BR43","",NA,"",NA,"SVE_1277200",3.52941,"",NA
"1183","SPAL_0000835200",0,0,0,0,0,0,0,0,0.0406503674044207,0.0664711895962786,"SPAL_contig0002855","",NA,NA,"A0A0N5BR48","",NA,"",NA,"SVE_0901800",64.5455,"",NA
"1184","SPAL_0000835500",0,0,0,0,0,0,0,0,0,0,"SPAL_contig0002303","",NA,NA,"A0A0N5BR51","",NA,"",NA,"SVE_1496200",62.8571,"",NA
"1185","SPAL_0000835600",0,0,0,0,0,0,0,0,0.0408999177507729,0,"SPAL_contig0003294","",NA,"membrane","A0A0N5BR52","",NA,"",NA,"",NA,"",NA
"1186","SPAL_0000836800",0,0,0.03976205443537,0,0,0,0.129609480858337,0.0768665404457151,0.0407923651066546,0.066472122576445,"SPAL_contig0002359","C2H2-type domain-containing protein",NA,NA,"A0A0N5BR64","",NA,"",NA,"",NA,"",NA
"1187","SPAL_0000837700",0.0961756584947479,0,0.039631024231413,0.0270337481728189,0.0337915932091828,0,0,0.0518835848558704,0.0409330867481192,0,"SPAL_contig0001663","AAA_12 domain-containing protein","P-loop_NTPase, DNA2/NAM7-like_C, DNA2/NAM7-like, SF1_C_Upf1",NA,"A0A0N5BR73","SSTP_0000423400",19.7826,"SRAE_2000481500 | WBGene00265061",19.1304,"SVE_0348800",19.5652,"C05C10.2 | WBGene00007329",16.3043
"1188","SPAL_0000837800",0,0,0,0,0,0,0.0656461542576726,0.0255558656596168,0,0,"SPAL_contig0001284","Reverse transcriptase domain-containing protein",NA,NA,"A0A0N5BR74","",NA,"",NA,"",NA,"",NA
"1189","SPAL_0000837900",0.047994114951644,0.0268747700876857,0.0395664184847753,0.135352791927381,0,0,0,0.233638946651417,0,0,"SPAL_contig0001284","CCHC-type domain-containing protein","Znf_CCHC, Aspartic_peptidase_AS, Peptidase_aspartic_dom_sf, Znf_CCHC_sf, Rev_trsase/Diguanyl_cyclase, DNA/RNA_pol_sf","aspartic-type endopeptidase activity, nucleic acid binding, proteolysis, zinc ion binding, cytoplasm, enzyme binding","A0A0N5BR75","",NA,"",NA,"",NA,"",NA
"1190","SPAL_0000838000",0.0480178587902078,0.107521666349722,0,0,0,0.0366190896778892,0.193817015746387,0.168377559461213,0.0409061330836262,0,"SPAL_contig0001284","Integrase catalytic domain-containing protein","Integrase_cat-core, RNaseH-like_sf, RNaseH_sf, RT_RNaseH_2, Integrase_H2C2, DNA/RNA_pol_sf","DNA integration, nucleic acid binding, DNA biosynthetic process, DNA-directed DNA polymerase activity, DNA polymerase complex","A0A0N5BR76","",NA,"",NA,"",NA,"",NA
"1191","SPAL_0000838200",0,0.027246096305947,0,0.0268215322113437,0,0.0280674400785517,0,0,0.0824830349551594,0,"SPAL_contig0000729","",NA,NA,"A0A0N5BR78","",NA,"",NA,"",NA,"",NA
"1192","SPAL_0000838300",0,0,0,0.0128489860532043,0.0339565873806345,0,0,0,0,0,"SPAL_contig0003684","Helitron_like_N domain-containing protein","Helitron_helicase-like",NA,"A0A0N5BR79","",NA,"",NA,"SVE_0724700",53.629,"",NA
"1193","SPAL_0000838700",0,0,0,0.0267380967809532,0.0338494347570817,0,0.19860646631042,0.077192632605121,0,0,"SPAL_contig0002684","",NA,NA,"A0A0N5BR83","",NA,"",NA,"",NA,"",NA
"1194","SPAL_0000838725",0,0.0276801034382898,0,0.0265560738332859,0,0,0,0.178886102947703,0.082627421526783,0,"SPAL_contig0002684","MULE domain-containing protein",NA,NA,"A0A0N5BR84","",NA,"",NA,"SVE_0645200",57.8431,"",NA
"1195","SPAL_0000838900",0,0,0,0,0,0,0,0,0,0,"SPAL_contig0002347","Histone-lysine N-methyltransferase SETMAR","RNaseH_sf","nucleic acid binding","A0A0N5BR86","SSTP_0001073500",46.0317,"",NA,"SVE_1851100",31.746,"",NA
"1196","SPAL_0000839000",0,0.0316964438950714,0,0,0.0406835692807957,0,0,0.103180572876597,0,0,"SPAL_contig0002785","HTH_48 domain-containing protein","Transposase_1, WH-like_DNA-bd_sf, RNaseH_sf, Mos1_HTH","nucleic acid binding","A0A0N5BR87","SSTP_0000841400",56.5476,"",NA,"",NA,"",NA
"1197","SPAL_0000841650",0,0,0,0,0,0,0,0,0,0,"SPAL_contig0000018","Transposase",NA,NA,"A0A0N5BRB5","",NA,"",NA,"",NA,"",NA
"1198","SPAL_0000843600",0,0.00334432976495707,0,0,0,0,0.137143280684261,0,0,0,"SPAL_contig0000654","HTH_48 domain-containing protein",NA,NA,"A0A0N5BRD5","",NA,"",NA,"SVE_1481300",29.1925,"",NA
"1199","SPAL_0000844100",0.09592506998253,0.188074621564196,0,0.0271022171830977,0.0338090614323978,0,0.193678119269211,0.103923054153027,0.0818185889040552,0,"SPAL_contig0001020","Peptidase C76 domain-containing protein",NA,NA,"A0A0N5BRE0","",NA,"",NA,"",NA,"",NA
"1200","SPAL_0000844125",0,0,0,0,0,0,0,0,0,0,"SPAL_contig0001020","Helitron_like_N domain-containing protein","Helitron_helicase-like",NA,"A0A0N5BRE1","SSTP_0000944200",21.1382,"",NA,"",NA,"",NA
"1201","SPAL_0000845900",0,1.94325494058088e-05,0.32017123939914,0,0,0,0.199576340312943,0,0,0,"SPAL_contig0000238","PS II complex 12 kDa extrinsic protein",NA,NA,"A0A0N5BRG0","",NA,"",NA,"",NA,"",NA
"1202","SPAL_0000846000",0,0,0,0,0,0,0.064528431597597,0,0.163477301271724,0,"SPAL_contig0002969","CCHC-type domain-containing protein","Znf_CCHC, Peptidase_aspartic_dom_sf, Znf_CCHC_sf","nucleic acid binding, zinc ion binding, cytoplasm, enzyme binding","A0A0N5BRG1","",NA,"",NA,"SVE_1199000",21.9764,"",NA
"1203","SPAL_0000846500",0,0.0269933946770436,0,0.162058515655292,0,0,0,0,0,0,"SPAL_contig0001314","Metalloendopeptidase","EGF-like_dom, Peptidase_M12A, MetalloPept_cat_dom_sf","metalloendopeptidase activity, metallopeptidase activity, proteolysis, hydrolase activity, metal ion binding, peptidase activity","A0A0N5BRG6","",NA,"",NA,"SVE_0367700",49.8403,"",NA
"1204","SPAL_0000847400",0.0485172365445993,0,0.039917214327469,0.0536103756985823,0.0814976589552973,0.028038178681865,0.19521868993431,0.283892877431454,0.0410150560045647,0,"SPAL_contig0000627","Piwi domain-containing protein",NA,NA,"A0A0N5BRH5","SSTP_0000688600",57.4359,"",NA,"SVE_0097000",37.9487,"",NA
"1205","SPAL_0000848200",0,0,0,0.0541786004032226,0,0,0,0.078255198862639,0,0,"SPAL_contig0002722","Serine/threonine protein kinase",NA,NA,"A0A0N5BRI3","",NA,"",NA,"SVE_1880300",31.4136,"",NA
"1206","SPAL_0000848400",0,0.0554257443085142,0,0.0266535749019945,0,0,0,0.0256853058117803,0,0,"SPAL_contig0001496","SCP domain-containing protein","CRISP-related, CAP_domain, CAP_sf",NA,"A0A0N5BRI5","",NA,"",NA,"",NA,"",NA
"1207","SPAL_0000848700",0,0,0,0,0,0,0,0.0260163377074912,0,0,"SPAL_contig0000737","Gag-pol polyprotein",NA,NA,"A0A0N5BRI8","",NA,"",NA,"SVE_1248100",7.80142,"",NA
"1208","SPAL_0000849700",0,0,0,0,0.0364856686652995,0,0,0.0241497755658437,0,0,"SPAL_contig0000406","SAM-dependent methyltransferase",NA,NA,"A0A0N5BRJ8","",NA,"",NA,"",NA,"",NA
"1209","SPAL_0000850000",0,0.0241391171757351,0,0.0127428212170673,0.0543230166019482,0,0,0,0,0,"SPAL_contig0000188","Retrotrans_gag domain-containing protein",NA,NA,"A0A0N5BRK2","",NA,"",NA,"SVE_0094500",95.4545,"",NA
"1210","SPAL_0000850050",0,0.136244386467774,0.120684043043966,0.106247670579987,0,0,0,0.025627732669315,0.0821442202896014,0,"SPAL_contig0000188","DUF1768 domain-containing protein","NADAR, YbiA-like_sf",NA,"A0A0N5BRK3","",NA,"",NA,"",NA,"",NA
"1211","SPAL_0000850200",0,0,0,0,0.067536398324892,0.0278002274404746,0,0,0,0.067537941685066,"SPAL_contig0000188","Syntaxin-6_N domain-containing protein",NA,NA,"A0A0N5BRK5","",NA,"",NA,"",NA,"",NA
"1212","SPAL_0000852100",0,0.0276719179535145,0,0,0.066823806241417,0,0,0.152541012206359,0.0411214524432144,0,"SPAL_contig0001270","",NA,NA,"A0A0N5BRM4","",NA,"",NA,"",NA,"",NA
"1213","SPAL_0000852200",0,0,0,0,0,0,0,0.130081685178976,0,0,"SPAL_scaffold0000092","DDE_3 domain-containing protein","RNaseH_sf","nucleic acid binding","A0A0N5BRM5","",NA,"",NA,"",NA,"",NA
"1214","SPAL_0000852250",0,0,0,0,0,0,0,0,0,0.0660649871073226,"SPAL_scaffold0000092","",NA,NA,"A0A0N5BRM6","",NA,"",NA,"",NA,"",NA
"1215","SPAL_0000852300",0,0,0,0,0,0,0,0,0,0,"SPAL_scaffold0000092","DDE-1 domain-containing protein","DDE_SF_endonuclease_dom, Homeobox-like_sf","nucleic acid binding","A0A0N5BRM7","",NA,"",NA,"",NA,"",NA
"1216","SPAL_0000853000",0,0,0,0,0.0339045176169983,0.0282254686917692,0,0,0.0410743003851389,0,"SPAL_scaffold0000070","Nucleotid_trans domain-containing protein","DUF273, Nucleotide-diphossugar_trans","membrane","A0A0N5BRN4","SSTP_0001117200",50.1832,"SRAE_2000448800 | WBGene00264720",41.3919,"",NA,"F25H2.7 | WBGene00009121",24.9084
"1217","SPAL_0000853200",0,0.0269304058458035,0,0,0,0,0,0,0.0407675082696857,0,"SPAL_contig0000546","Phage protein",NA,NA,"A0A0N5BRN6","",NA,"",NA,"SVE_1250900",51.8519,"",NA
"1218","SPAL_0000853300",0,0,0.202605913825455,0.29496217821255,0.0339677938533617,0.0280550365037933,0,0.129334131464341,0,0,"SPAL_contig0000546","GIY-YIG domain-containing protein",NA,NA,"A0A0N5BRN7","",NA,"",NA,"SVE_1869100",25.5474,"",NA
"1219","SPAL_0000853325",0,0,0.121086975430758,0.161320258269476,0,0.0281352979335756,0,0.051855219225311,0,0,"SPAL_contig0000546","","RNaseH-like_sf, RNaseH_sf","nucleic acid binding","A0A0N5BRN8","",NA,"",NA,"",NA,"",NA
"1220","SPAL_0000853800",0.0483071757884346,0.143968209665585,0,0,0.0803706036571086,0.179640444266826,0,0,0,0,"SPAL_contig0004152","Glycosyltransferase family 92 protein",NA,NA,"A0A0N5BRP3","",NA,"",NA,"",NA,"",NA
"1221","SPAL_0000854300",0,0,0,0,0,0,0,0.0583522891233176,0,0,"SPAL_contig0000606","DDE_3 domain-containing protein","RNaseH_sf","nucleic acid binding","A0A0N5BRP8","SSTP_0000811500",55.7692,"",NA,"",NA,"",NA
"1222","SPAL_0000868700",0.12311001509965,0.0268885099294517,0.0396679457529593,0,0.0672100900782041,0,0.129364344277564,0.0790860862235773,0.237399317786967,0.243838510967189,"SPAL_contig0000203","",NA,NA,NA,"",NA,"",NA,"",NA,"",NA
"1223","SPAL_0000868800",0,0,0.0401652528674076,0,0.0337019975289215,0,0,0.0256788755692368,0,0,"SPAL_contig0000203","",NA,NA,"A0A0N5BS42","",NA,"",NA,"",NA,"",NA
"1224","SPAL_0000869200",0.0485420980726483,0.0271275105186619,0,0,0.0330209876402014,0,0,0,0,0,"SPAL_contig0000230","",NA,NA,"A0A0N5BS46","SSTP_0000803300",21.1538,"",NA,"SVE_0898600",37.5,"",NA
"1225","SPAL_0000870500",0,0.0848854009970051,0,0,0,0,0,0.0246948317142777,0,0,"SPAL_contig0000524","Transposase",NA,NA,"A0A0N5BS59","",NA,"",NA,"",NA,"",NA
"1226","SPAL_0000870600",0,0.134701827337732,0,0.0269522703775469,0,0.0281716562619624,0.129572975350585,0,0.0818875763450965,0.0664065743391259,"SPAL_contig0000524","P-loop containing nucleoside triphosphate hydrolase protein","Helicase_C, Helicase_ATP-bd, P-loop_NTPase","nucleotide binding, ATP binding","A0A0N5BS60","",NA,"",NA,"",NA,"K02F3.12 | WBGene00019334",23.6246
"1227","SPAL_0000870900",0.0665857954873264,0.0267326600946354,0,0,0,0,0,0,0,0,"SPAL_contig0001873","glucuronosyltransferase","UDP_glucos_trans","UDP-glycosyltransferase activity, membrane, glycosyltransferase activity, transferase activity, glucuronosyltransferase activity","A0A0N5BS63","SSTP_0000161500",64.3411,"SRAE_2000493400 | WBGene00265181",60.4651,"",NA,"",NA
"1228","SPAL_0000871800",0,0,0,0,0,0,0.0645580755012992,0,0.0408505383205911,0,"SPAL_contig0002079","Mab-21 domain-containing protein",NA,NA,"A0A0N5BS73","SSTP_0000947000",15.3846,"",NA,"SVE_1063100",24.8869,"",NA
"1229","SPAL_0000875200",0.0978722162840694,0.0544620825090604,0,0.0529694098868653,0.167938671290184,0,0.0653026829761326,0.127744015820139,0.245959609182814,0,"SPAL_contig0000017","",NA,NA,"A0A0N5BSA8","",NA,"",NA,"",NA,"",NA
"1230","SPAL_0000877200",0,0.0269373329897524,0,0,0,0,0,0.0517956103205575,0.112608041750011,0,"SPAL_contig0003677","Peptidase C76 domain-containing protein",NA,NA,"A0A0N5BSC8","",NA,"",NA,"SVE_1921600",34.0625,"",NA
"1231","SPAL_0000877300",0.144705383851718,0.260611356337634,0,0.0549056474523097,0,0.111195400704793,0.0635951010270178,0.0746991560368208,0.0403666875519068,0,"SPAL_contig0002886","",NA,NA,"A0A0N5BSC9","",NA,"",NA,"",NA,"",NA
"1232","SPAL_0000878100",0,0.0274429031389767,0,0,0,0,0,0,0.0400100978910988,0,"SPAL_contig0000387","",NA,NA,"A0A0N5BSD8","",NA,"",NA,"SVE_0725600",0,"",NA
"1233","SPAL_0000878300",0,0,0,0,0,0,0,0,0.040899952947954,0,"SPAL_contig0000387","Saposin B-type domain-containing protein","SaposinB_dom, Saposin-like",NA,"A0A0N5BSE0","",NA,"",NA,"SVE_0068100",55.9524,"",NA
"1234","SPAL_0000878400",0,0.107505216327195,0,0.0295057129261733,0.183762148187007,0.028330135564537,0,0.161573074735618,0.32740912994802,0.13234104566528,"SPAL_contig0000387","Endonuclease","RT_dom, Integrase_cat-core, Aspartic_peptidase_AS, Peptidase_A2_cat, RNaseH-like_sf, Peptidase_aspartic_dom_sf, RNaseH_sf, RT_RNaseH_2, Integrase_H2C2, Rev_trsase/Diguanyl_cyclase, DNA/RNA_pol_sf","DNA integration, aspartic-type endopeptidase activity, nucleic acid binding, proteolysis, hydrolase activity, transferase activity, nucleotidyltransferase activity, RNA-templated DNA biosynthetic process, RNA-directed DNA polymerase activity, DNA biosynthetic process, DNA-directed DNA polymerase activity, DNA polymerase complex","A0A0N5BSE1","SSTP_0000843200",7.15548,"SRAE_0000073700 | WBGene00256494",39.4876,"SVE_0831000",35.8657,"",NA
"1235","SPAL_0000881000",0,0.0352487769029446,0,0.0358237601370878,0,0,0,0.103821036266923,0,0,"SPAL_contig0002042","CCHC-type domain-containing protein","Znf_CCHC, Znf_CCHC_sf","nucleic acid binding, zinc ion binding, cytoplasm, enzyme binding","A0A0N5BSG7","SSTP_0000065000",54.2969,"",NA,"SVE_1662000",90.2344,"",NA
"1236","SPAL_0000881100",0,0.0250412784486039,0,0,0,0,0,0.167494697766325,0,0,"SPAL_contig0004183","",NA,NA,NA,"",NA,"",NA,"",NA,"",NA
"1237","SPAL_0000881500",0,0.0269393000080016,0.0397188817382402,0,0.0337215821181356,0,0,0.0258460156391525,0.134862096451392,0,"SPAL_contig0001408","Sulfatase domain-containing protein","DUF229, Alkaline_phosphatase_core_sf",NA,"A0A0N5BSH2","SSTP_0001028200",63.6704,"SRAE_X000067400 | WBGene00266233",60.2996,"SVE_0254100",74.9064,"Y73F8A.35 | WBGene00013539",28.4644
"1238","SPAL_0000881600",0,0,0,0.0541777266877735,0,0,0,0.0653886444594114,0.0553116897294437,0,"SPAL_contig0003606","C2H2-type domain-containing protein",NA,NA,"A0A0N5BSH3","SSTP_0001128700",0.700935,"",NA,"SVE_1778500",13.3178,"",NA
"1239","SPAL_0000881700",0.0958722724061338,0.0805767483955897,0.0790585646925767,0.0271144036148361,0,0,0,0.103948723900231,0.204514369332038,0,"SPAL_contig0000408","Integrase catalytic domain-containing protein","Integrase_cat-core, RNaseH-like_sf, Peptidase_aspartic_dom_sf, RNaseH_sf, RT_RNaseH_2, Rev_trsase/Diguanyl_cyclase, DNA/RNA_pol_sf","DNA integration, nucleic acid binding, DNA biosynthetic process, DNA-directed DNA polymerase activity, DNA polymerase complex","A0A0N5BSH4","",NA,"",NA,"SVE_0381400",14.681,"",NA
"1240","SPAL_0000882275",0,0.0269118055616124,0,0,0,0,0,0,0,0.0658967755583187,"SPAL_contig0002009","",NA,NA,"A0A0N5BSI0","",NA,"",NA,"",NA,"",NA
"1241","SPAL_0000882300",0,0.0415285006453106,0,0.0131691830791188,0,0,0,0,0.020452494107674,0,"SPAL_contig0002009","",NA,NA,"A0A0N5BSI1","",NA,"",NA,"",NA,"",NA
"1242","SPAL_0000882400",0,0.081179633675671,0,0,0,0,0,0,0.0408810953557687,0.0660908227517936,"SPAL_contig0000492","Reverse transcriptase domain-containing protein","RT_dom, Integrase_cat-core, RNaseH-like_sf, RNaseH_sf, RT_RNaseH_2, Integrase_H2C2, Rev_trsase/Diguanyl_cyclase, DNA/RNA_pol_sf","DNA integration, nucleic acid binding, DNA biosynthetic process, DNA-directed DNA polymerase activity, DNA polymerase complex","A0A0N5BSI2","",NA,"",NA,"",NA,"",NA
"1243","SPAL_0000882800",0,0.0268431498284059,0,0,0,0,0,0,0,0,"SPAL_contig0002381","","RNaseH_sf","nucleic acid binding","A0A0N5BSI6","",NA,"SRAE_X000236500 | WBGene00267949",68.3417,"SVE_0768700",87.4372,"",NA
"1244","SPAL_0000882950",0.0488666874847459,0.0545330247553871,0.0401339159066356,0.157867959946923,0,0.0549911521694649,0,0,0,0.0668339238506386,"SPAL_contig0001036","",NA,NA,"A0A0N5BSI8","",NA,"",NA,"",NA,"",NA
"1245","SPAL_0000883000",0,0,0.0803312225240109,0.026921926456527,0.033908962099311,0.0281657148536722,0,0.0259310781761813,0,0,"SPAL_contig0001036","",NA,NA,"A0A0N5BSI9","SSTP_0001166700",10.8108,"SRAE_1000053900 | WBGene00257136",13.5135,"SVE_0079000",47.5676,"",NA
"1246","SPAL_0000890600",0,0,0,0,0,0,0,0,0,0,"SPAL_contig0001681","",NA,NA,"A0A0N5BSR4","",NA,"",NA,"",NA,"",NA
"1247","SPAL_0000890700",0,0.026888200460316,0.069379971882632,0.0401527629347178,0.0337682609321946,0,0,0,0.471203544848046,0.176215732634707,"SPAL_contig0001528","glucuronosyltransferase","UDP_glucos_trans","UDP-glycosyltransferase activity, membrane, glycosyltransferase activity, transferase activity, glucuronosyltransferase activity","A0A0N5BSR5","SSTP_0000161500",67.6724,"SRAE_2000493400 | WBGene00265181",64.2241,"SVE_0334800",71.3362,"",NA
"1248","SPAL_0000890900",0,0.0271845678214685,0,0,0,0,0,0.0256904066368754,0,0,"SPAL_contig0002566","Transposase","NA-bd_OB-fold",NA,"A0A0N5BSR7","",NA,"",NA,"",NA,"",NA
"1249","SPAL_0000897900",0,0,0,0,0,0,0,0,0.204499758876124,0,"SPAL_contig0002390","",NA,"membrane","A0A0N5BSY7","",NA,"",NA,"",NA,"",NA
"1250","SPAL_0000901800",0.0491355588651435,0,0,0.0528669946025032,0.0335545812888664,0,0.0654231976855663,0.101909110020934,0,0.0671653197122172,"SPAL_scaffold0000043","PIR Superfamily Protein",NA,"membrane","A0A0N5BT25","",NA,"",NA,"",NA,"",NA
"1251","SPAL_0000901900",0,0,0.316998018468313,0.270817210419251,0.033823194777044,0,0,0.025976692497973,0.0409527192794604,0,"SPAL_contig0002131","C2H2-type domain-containing protein","DUF1280",NA,"A0A0N5BT26","SSTP_0001252200",25,"",NA,"",NA,"",NA
"1252","SPAL_0000902000",0,0.053769832219551,0,0,0,0,0,0.025912774073888,0.0408951615806953,0.0655868628588921,"SPAL_contig0002233","ATP-dependent DNA helicase","DNA_helicase_pif1-like, P-loop_NTPase","telomere maintenance, DNA helicase activity, DNA repair, hydrolase activity, nucleotide binding, ATP binding, cellular response to DNA damage stimulus, DNA recombination, DNA duplex unwinding, helicase activity, ATP hydrolysis activity","A0A0N5BT27","",NA,"",NA,"SVE_0800800",59.0909,"",NA
"1253","SPAL_0000902100",0,0,0,0.0268325819833272,0,0,0,0,0.00989013107573047,0,"SPAL_contig0003332","BZIP domain-containing protein",NA,NA,"A0A0N5BT28","",NA,"",NA,"",NA,"",NA
"1254","SPAL_0000903350",0,0.08185027562859,0,0,0,0,0,0.0255978669031519,0,0,"SPAL_contig0000002","",NA,"membrane","A0A0N5BT41","",NA,"",NA,"",NA,"",NA
"1255","SPAL_0000903550",0.0932686335501319,0.196551613993258,0,0.0266698177863731,0,0,0,0,0,0,"SPAL_contig0000002","",NA,NA,"A0A0N5BT44","",NA,"",NA,"",NA,"",NA
"1256","SPAL_0000905950",0.0489937252426301,0.0355524422231806,0,0,0,0.0274267259987748,0.194964551486061,0.579885938920997,0,0,"SPAL_contig0000002","",NA,NA,"A0A0N5BT69","",NA,"",NA,"SVE_1124500",37.5,"",NA
"1257","SPAL_0000906150",0,0.256397135868935,0,0.0269472594258842,0.131983777524028,0.110589312492106,0,0,0.0408501519312379,0.0661734302742868,"SPAL_contig0000002","",NA,NA,"A0A0N5BT72","SSTP_0000197700",50.6667,"SRAE_2000243500 | WBGene00262645",48,"",NA,"",NA
"1258","SPAL_0000907850",0,0,0,0,0,0,0,0,0,0,"SPAL_contig0000002","Transposase",NA,NA,"A0A0N5BT91","",NA,"",NA,"",NA,"",NA
"1259","SPAL_0000908000",0,0.134543535822858,0.0811854957010378,0.027036127763251,0.0337888363555204,0.0564852334163064,0.0646855964186659,0.0778230457564773,0.450258126548387,0.0662923377710873,"SPAL_contig0000002","AAA domain-containing protein","Peptidase_M41, AAA+_ATPase, ATPase_AAA_core, ATPase_AAA_CS, P-loop_NTPase, Peptidase_M41-like, AAA_lid_3","ATP hydrolysis activity, metalloendopeptidase activity, ATP-dependent peptidase activity, proteolysis, ATP binding, hydrolase activity, nucleotide binding, peptidase activity","A0A0N5BT93","",NA,"SRAE_2000242600 | WBGene00262636",59.9553,"SVE_0183100",66.8904,"ymel-1 | WBGene00010842",57.4944
"1260","SPAL_0000911450",0,0.0276675051542838,0,0,0,0,0,0.025138254072119,0,0.066356692706669,"SPAL_contig0000002","",NA,NA,"A0A0N5BTC9","",NA,"",NA,"",NA,"",NA
"1261","SPAL_0000912550",0,0,0,0,0,0,0,0.0520327265884738,0,0,"SPAL_contig0000002","",NA,NA,"A0A0N5BTE2","",NA,"",NA,"",NA,"",NA
"1262","SPAL_0000912650",0,0,0,0,0.0338604724719695,0,0,0.0259927789585138,0,0,"SPAL_contig0000002","",NA,NA,"A0A0N5BTE4","",NA,"",NA,"",NA,"",NA
"1263","SPAL_0000916300",0,0.026939564696169,0.15873210689734,0.0540896279337754,0,0.0565215802272539,0,0.155745111594409,0.327794847302737,0,"SPAL_contig0000002","F-box domain-containing protein",NA,NA,"A0A0N5BTI0","",NA,"",NA,"SVE_0384800",24.0476,"",NA
"1264","SPAL_0000920900",0,0,0,0,0,0,0,0,0.138193167111433,0,"SPAL_contig0003307","N-acetylgalactosaminide beta-1,3-galactosyltransferase","Fringe-like","glycosyltransferase activity, membrane, protein glycosylation, glycoprotein-N-acetylgalactosamine 3-beta-galactosyltransferase activity","A0A0N5BTN0","",NA,"SRAE_2000490900 | WBGene00265156",74.5968,"",NA,"",NA
"1265","SPAL_0000922600",0,0.0269506553384222,0.0841776369214101,0.0288200544811518,0,0.0563939414921039,0,0.0329174796983349,0.0409646966319756,0.066427147275507,"SPAL_contig0001579","",NA,NA,NA,"",NA,"",NA,"",NA,"",NA
"1266","SPAL_0000923650",0,0.0407843979362031,0,0.0531861075780436,0.0862461590992387,0,0,0.0256227826665173,0.0413314299087827,0,"SPAL_contig0000385","Sporulation protein YqfC",NA,NA,"A0A0N5BTQ9","",NA,"",NA,"",NA,"",NA
"1267","SPAL_0000923900",0,0,0,0,0,0,0,0,0,0,"SPAL_contig0002998","RNase H domain-containing protein","RNaseH_domain, RNaseH-like_sf, RNaseH_sf","RNA-DNA hybrid ribonuclease activity, nucleic acid binding, RNA phosphodiester bond hydrolysis, endonucleolytic","A0A0N5BTR2","",NA,"",NA,"SVE_0673200",24.5487,"",NA
"1268","SPAL_0000924000",0,0,0,0,0,0,0,0,0.245399667980468,0,"SPAL_contig0002856","HYPK_UBA domain-containing protein",NA,NA,"A0A0N5BTR3","",NA,"",NA,"SVE_0395800",32.0312,"",NA
"1269","SPAL_0000924600",0,0.0723132734299923,0,0.0136442244857342,0,0.0138714940799515,0,0.0124537544174681,0,0.0652979371793295,"SPAL_contig0000044","",NA,NA,"A0A0N5BTS1","",NA,"",NA,"",NA,"",NA
"1270","SPAL_0000927350",0,0,0,0,0,0,0,0,0,0,"SPAL_contig0000044","Peptidase S1 domain-containing protein",NA,NA,"A0A0N5BTU9","",NA,"",NA,"",NA,"",NA
"1271","SPAL_0000927400",0,0.135049931110348,0,0,0,0,0,0.0258559475533575,0,0,"SPAL_contig0000044","DDE_Tnp_1_7 domain-containing protein","PGBD",NA,"A0A0N5BTV0","",NA,"",NA,"",NA,"",NA
"1272","SPAL_0000927500",0,0,0,0,0,0,0,0,0,0,"SPAL_contig0000044","Phosphagen kinase C-terminal domain-containing protein",NA,NA,"A0A0N5BTV1","",NA,"",NA,"",NA,"",NA
"1273","SPAL_0000927600",0.0558882964062121,0.0557796046049837,0.0839368054458897,0,0,0.0281463517966053,0.0799437596676555,0.220878553002079,0.361987526151167,0,"SPAL_contig0000044","HTH_48 domain-containing protein","Transposase_1, Homeobox-like_sf, ArsR-like_HTH, WH-like_DNA-bd_sf, RNaseH_sf, Mos1_HTH","nucleic acid binding","A0A0N5BTV2","",NA,"",NA,"SVE_0587400",59.816,"",NA
"1274","SPAL_0000927900",0,2.78226206762171e-05,0,0,0.054657834232565,0,0.0646098970147309,0.0778636722066042,0,0,"SPAL_contig0001906","Integrase catalytic domain-containing protein","Integrase_cat-core, RNaseH-like_sf, RNaseH_sf, RT_RNaseH_2, Rev_trsase/Diguanyl_cyclase, DNA/RNA_pol_sf","DNA integration, nucleic acid binding, DNA biosynthetic process, DNA-directed DNA polymerase activity, DNA polymerase complex","A0A0N5BTV5","",NA,"",NA,"",NA,"",NA
"1275","SPAL_0000928100",0.0484349065093952,0.10803201955172,0.039859601926274,0.0268030391426727,0.0337110101065663,0.0280332211008966,0,0,0.122915831060668,0,"SPAL_contig0001217","glucuronosyltransferase","UDP_glucos_trans","UDP-glycosyltransferase activity, membrane, glycosyltransferase activity, transferase activity, glucuronosyltransferase activity","A0A0N5BTV7","SSTP_0000161500",64.7059,"SRAE_2000493400 | WBGene00265181",60.7843,"",NA,"",NA
"1276","SPAL_0000928600",0.0482009457722539,0.0538789694632418,0,0.107819798359338,0.0864523311092357,0.0281743707776482,0.0647835610248124,0.133078080850302,0.163774238887926,0.0664031397522163,"SPAL_scaffold0000096","G_PROTEIN_RECEP_F1_2 domain-containing protein",NA,"membrane","A0A0N5BTW2","",NA,"",NA,"",NA,"",NA
"1277","SPAL_0000928900",0.0978624090583178,0.168440258217739,0.0404167267386648,0.0265782332742111,0,0.027451091584107,0,0.0251507679141446,0.0408272501664406,0.132470011044308,"SPAL_contig0000288","Glycogen(starch) synthase",NA,NA,"A0A0N5BTW5","",NA,"",NA,"",NA,"",NA
"1278","SPAL_0000929700",0,0,0,0,0.169149099618413,0,0,0,0,0,"SPAL_contig0000288","SCP domain-containing protein","CAP_sf",NA,"A0A0N5BTX3","SSTP_0001018100",20.4082,"SRAE_2000420700 | WBGene00264436",22.449,"SVE_0884900",57.1429,"",NA
"1279","SPAL_0000933100",0,0.164641249171493,0.121346371469227,0.0531315895832854,0.168671251629354,0.0833693652062917,0,0,0,0,"SPAL_contig0000119","",NA,NA,"A0A0N5BU07","SSTP_0000946200",49.1525,"SRAE_1000062300 | WBGene00257220",38.9831,"SVE_1040600",78.8136,"",NA
"1280","SPAL_0000934400",0,0.161595835261129,0.0793536704231626,0.054041641269652,0.168995830991731,0.0282370598513093,0.0647510628150499,0.0855921874771099,0.122874517960335,0,"SPAL_contig0000284","DUF4806 domain-containing protein",NA,NA,"A0A0N5BU20","",NA,"",NA,"",NA,"",NA
"1281","SPAL_0000934425",0,0,0,0,0,0,0,0,0,0,"SPAL_contig0000284","",NA,NA,"A0A0N5BU21","",NA,"",NA,"SVE_0915100",84.4444,"",NA
"1282","SPAL_0000934500",0,0,0,0,0,0,0.0657624848687027,0.0510223513936397,0,0,"SPAL_contig0001242","",NA,NA,"A0A0N5BU22","",NA,"",NA,"SVE_0878800",32.2917,"",NA
"1283","SPAL_0000934900",0,0,0,0,0,0,0,0.0260163179145871,0,0,"SPAL_contig0000494","",NA,NA,"A0A0N5BU26","",NA,"",NA,"",NA,"",NA
"1284","SPAL_0000935000",0,0.0809179020742567,0,0,0.101463646262029,0.0847074232934716,0,0,0,0,"SPAL_contig0000494","RNase H domain-containing protein","RNaseH_sf","nucleic acid binding","A0A0N5BU27","",NA,"",NA,"SVE_1419300",22.7811,"",NA
"1285","SPAL_0000935600",0,0.05481283786419,0.0401449160581617,0.157067634073364,0,0,0,0,0,0,"SPAL_scaffold0000093","BTB domain-containing protein","BTB/POZ_dom, SKP1/BTB/POZ_sf","protein binding","A0A0N5BU33","",NA,"",NA,"SVE_0004100",23.9583,"",NA
"1286","SPAL_0000936100",0.0490206075779363,0.323445538808119,0,0.0528744079020949,0.0671216464127532,0,0.0653686780577837,0.0764887569192767,0,0,"SPAL_contig0000576","Herpes_Helicase domain-containing protein","DNA_helicase_dom, P-loop_NTPase","helicase activity, ATP binding, hydrolase activity, nucleotide binding","A0A0N5BU38","",NA,"",NA,"SVE_0800800",21.7391,"",NA
"1287","SPAL_0000936300",0,0.053745737811678,0,0,0,0,0,0,0.0408547754367006,0,"SPAL_contig0004122","Integrase catalytic domain-containing protein","Integrase_cat-core, RNaseH-like_sf, RNaseH_sf, Integrase_H2C2","DNA integration, nucleic acid binding","A0A0N5BU40","",NA,"",NA,"SVE_1250400",35.9195,"",NA
"1288","SPAL_0000936900",0,0.073289987590893,0,0,0.100530638846385,0,0.0652771289069133,0.0254688498601886,0.0819492992955012,0,"SPAL_contig0001369","DUF1433 domain-containing protein",NA,NA,"A0A0N5BU46","",NA,"",NA,"",NA,"",NA
"1289","SPAL_0000937400",0.0486962114499277,0.027070189682345,0.0799609061962439,0,0.100487768589729,0.0276575354298025,0.130084378099036,0.0765059676628921,0.0408439717281889,0.133587625343351,"SPAL_contig0000909","",NA,NA,"A0A0N5BU51","",NA,"",NA,"",NA,"",NA
"1290","SPAL_0000938000",0,0,0,0,0,0,0,0,0,0,"SPAL_contig0001070","",NA,NA,"A0A0N5BU58","",NA,"",NA,"",NA,"",NA
"1291","SPAL_0000938100",0.0480660560182431,0.295833157373717,0.237673729217629,0.027014756491898,0.101312988789756,0.0282280943507275,0,0,0.0818208934622271,0.132510849292569,"SPAL_contig0000538","Histone-lysine N-methyltransferase","Chromo/chromo_shadow_dom, SET_dom, Post-SET_dom, Pre-SET_dom, Chromo-like_dom_sf, Chromo_domain, SET_dom_sf","histone lysine methylation, histone-lysine N-methyltransferase activity, zinc ion binding, protein binding, nucleus, transferase activity, chromosome, chromosome, centromeric region, protein methylation, histone modification","A0A0N5BU59","SSTP_0000983700",72.8285,"SRAE_2000231300 | WBGene00262523",76.392,"SVE_1576200",95.1002,"",NA
"1292","SPAL_0000938300",0,0,0,0,0,0,0,0,0,0,"SPAL_contig0002712","Group-specific protein",NA,NA,"A0A0N5BU61","",NA,"",NA,"",NA,"",NA
"1293","SPAL_0000938400",0.0480260564054863,0.0536474127437226,0.0395483664734793,0,0,0,0,0,0.0407444605872743,0,"SPAL_contig0001205","RNase H domain-containing protein","RNaseH_domain, RNaseH-like_sf, RNaseH_sf","RNA-DNA hybrid ribonuclease activity, nucleic acid binding, RNA phosphodiester bond hydrolysis, endonucleolytic","A0A0N5BU62","",NA,"SRAE_0000054200 | WBGene00256288",21.2687,"",NA,"",NA
"1294","SPAL_0000938475",0,0.107388439858121,0,0,0,0,0,0,0,0.0660557515019011,"SPAL_contig0000970","Lipoprotein","DUF1647",NA,"A0A0N5BU63","",NA,"",NA,"",NA,"",NA
"1295","SPAL_0000938775",0,0.0508170625990027,0.0404181496912311,0,0,0.0548365465570292,0,0.0591808143401386,0,0.0665683836855731,"SPAL_contig0001165","Ribosome biogenesis protein NOP53",NA,NA,"A0A0N5BU67","",NA,"",NA,"",NA,"",NA
"1296","SPAL_0000938800",0,0.027027623092327,0.0798383178532423,0,0,0,0,0.0272510977956001,0,0,"SPAL_contig0001165","HTH_Tnp_Tc3_2 domain-containing protein","Transposase_Tc1-like, Homeobox-like_sf, WH-like_DNA-bd_sf","transposition, DNA-mediated, DNA integration, DNA binding","A0A0N5BU68","",NA,"",NA,"SVE_1678700",47.9452,"",NA
"1297","SPAL_0000938900",0.0309013032060761,0.0424006788669781,0.0795948226812053,0.0537215933471367,0.0337296482375504,0.0280857705229325,0,0.153516117121182,0.0409589260360244,0.0665469903705125,"SPAL_contig0000518","RNA-directed DNA polymerase from mobile element jockey-like",NA,NA,"A0A0N5BU69","",NA,"",NA,"",NA,"",NA
"1298","SPAL_0000939000",0,0.190376667322953,0,0.0267790589012238,0.067622509489422,0.0280215381103681,0.0654555010629006,0.0258213480465302,0.0411706291099587,0,"SPAL_contig0000518","",NA,NA,"A0A0N5BU70","",NA,"",NA,"",NA,"",NA
"1299","SPAL_0000939200",0,0.0359095932965314,0.115728208938569,0.0331590648325335,0.100082014876173,0.0890425038038188,0,0.169266823475639,0,0,"SPAL_contig0000473","Integrase catalytic domain-containing protein","Integrase_cat-core, RNaseH-like_sf, RNaseH_sf, RT_RNaseH, DNA/RNA_pol_sf","DNA integration, nucleic acid binding, DNA biosynthetic process, DNA-directed DNA polymerase activity, DNA polymerase complex","A0A0N5BU72","SSTP_0000665500",9.41177,"",NA,"SVE_0270800",16.4706,"",NA
"1300","SPAL_0000939400",0.144014882913581,0.0805466741781062,0.118664372843959,0,0.0673812809914551,0,0,0,0.0408289355825572,0.0661574006721413,"SPAL_contig0000473","Astacin domain-containing protein","Peptidase_M12A, MetalloPept_cat_dom_sf","metalloendopeptidase activity, metallopeptidase activity, proteolysis","A0A0N5BU74","",NA,"",NA,"",NA,"",NA
"1301","SPAL_0000939500",0,0.0281566659954354,0.0401128173284804,0.026633406074965,0,0,0,0.0249257330468079,0,0,"SPAL_contig0002107","",NA,NA,"A0A0N5BU75","",NA,"",NA,"",NA,"",NA
"1302","SPAL_0000939750",0,0.22942512538627,0,0.0814647101415126,0.0662891050363059,0.0277869108422896,0,0.0253349216132675,0.0820810145172275,0,"SPAL_contig0000366","FMRFamide neuropeptide",NA,NA,"A0A0N5BU78","SSTP_0000540400",43.2432,"SRAE_1000161500 | WBGene00258223",35.1351,"",NA,"",NA
"1303","SPAL_0000940800",0,0,0,0,0,0,0,0.0260163370357951,0,0,"SPAL_contig0004233","","Transthyretin-like, Transthyretin-like_sf","cell surface, extracellular region","A0A0N5BU89","",NA,"",NA,"SVE_0900500",43.6782,"",NA
"1304","SPAL_0000940900",0,0.0223395224796637,0,0,0,0,0,0,0,0,"SPAL_contig0002524","Reverse transcriptase domain-containing protein",NA,NA,"A0A0N5BU90","",NA,"",NA,"SVE_1266800",82.9932,"",NA
"1305","SPAL_0000941000",0,0,0.0395758309344728,0,0.135166750709277,0.0282731485740668,0,0,0.163637110961001,0.0661981755376598,"SPAL_contig0002524","","RT_dom, Integrase_cat-core, RNaseH-like_sf, RNaseH_sf, RT_RNaseH_2, Integrase_H2C2, Rev_trsase/Diguanyl_cyclase, DNA/RNA_pol_sf","DNA integration, nucleic acid binding, DNA biosynthetic process, DNA-directed DNA polymerase activity, DNA polymerase complex","A0A0N5BU91","",NA,"",NA,"",NA,"",NA
"1306","SPAL_0000941100",0,0.0269904043829179,0.0397910608207779,0.0269547621718526,0.0337939634917645,0,0,0.0259047197356255,0,0,"SPAL_contig0001235","Serpentine receptor class gamma","7TM_GPCR_serpentine_rcpt_Srg, GPCR_Rhodpsn_7TM","transmembrane signaling receptor activity, sensory perception of chemical stimulus, membrane","A0A0N5BU92","",NA,"",NA,"",NA,"",NA
"1307","SPAL_0000941700",0,0.150038865787005,0,0,0.0337191302230753,0.0280405809857208,0.0649921722771811,0.283867480339091,0,0.0666507545153261,"SPAL_contig0000659","RNase H domain-containing protein","RNaseH-like_sf, RNaseH_sf","nucleic acid binding","A0A0N5BU98","",NA,"",NA,"SVE_0673200",30.7317,"",NA
"1308","SPAL_0000941800",0,0,0,0,0,0,0,0,0,0,"SPAL_contig0000747","Peptidase A2 domain-containing protein","Peptidase_aspartic_dom_sf",NA,"A0A0N5BU99","",NA,"",NA,"SVE_0603400",88.8268,"",NA
"1309","SPAL_0000941900",0,0,0,0,0,0,0,0.077938660017495,0.0476176807799013,0,"SPAL_contig0000747","Integrase catalytic domain-containing protein","Integrase_cat-core, RNaseH-like_sf, RNaseH_sf, RT_RNaseH, Integrase_H2C2, Rev_trsase/Diguanyl_cyclase, DNA/RNA_pol_sf","DNA integration, nucleic acid binding, DNA biosynthetic process, DNA-directed DNA polymerase activity, DNA polymerase complex","A0A0N5BUA0","",NA,"SRAE_0000072000 | WBGene00256477",76.7241,"SVE_0603500",57.069,"",NA
"1310","SPAL_0000942000",0,0.0269970752775482,0,0,0,0,0,0.0516455430982899,0.0819440837424598,0,"SPAL_contig0000747","DUF1758 domain-containing protein",NA,NA,"A0A0N5BUA1","",NA,"",NA,"",NA,"",NA
"1311","SPAL_0000942200",0.147366741729833,0.0278989870497455,0,0.0529122423810237,0.132808892639409,0,0.0650941257138143,0.2779674908588,0.0409752179406869,0,"SPAL_contig0000747","",NA,NA,"A0A0N5BUA3","",NA,"",NA,"",NA,"",NA
"1312","SPAL_0000942500",0,0,0,0,0,0,0,0,0,0,"SPAL_contig0001598","DDE_3 domain-containing protein","RNaseH_sf","nucleic acid binding","A0A0N5BUA6","",NA,"",NA,"",NA,"",NA
"1313","SPAL_0000942600",0,0.000208114568977758,0.119290382553515,0.0268200772098633,0.0673762975077841,0,0.0648384422174862,0,0.081829744313553,0,"SPAL_contig0003261","Chromo domain-containing protein","Chromo/chromo_shadow_dom, Chromo-like_dom_sf, Chromo_domain",NA,"A0A0N5BUA7","SSTP_0000396200",32.5991,"SRAE_2000239200 | WBGene00262602",33.4802,"",NA,"",NA
"1314","SPAL_0000948075",0,0,0,0,0,0.0280501997838462,0,0,0.454950308362348,0,"SPAL_contig0000373","",NA,NA,"A0A0N5BUG0","",NA,"",NA,"",NA,"",NA
"1315","SPAL_0000948100",0,0,0,0,0,0,0,0,0,0,"SPAL_contig0000373","Histone-lysine N-methyltransferase SETMAR","RNaseH_sf","nucleic acid binding","A0A0N5BYU4, A0A0N5BUG1","",NA,"",NA,"",NA,"",NA
"1316","SPAL_0000948200",0,0.027466946352475,0,0,0,0,0,0.0528760959336642,0,0,"SPAL_contig0000373","HTH_48 domain-containing protein","HTH_11, WH-like_DNA-bd_sf, Mos1_HTH",NA,"A0A0N5BUG2","",NA,"",NA,"SVE_2015500",34.2857,"",NA
"1317","SPAL_0000948233",0,0.0268432309293313,0,0,0,0,0,0,0,0,"SPAL_contig0000373","FH2 domain-containing protein",NA,NA,"A0A0N5BUG3","",NA,"",NA,"",NA,"",NA
"1318","SPAL_0000948266",0,0,0,0,0,0,0,0,0,0,"SPAL_contig0000373","Rad51 domain-containing protein","DNA_recomb/repair_Rad51_C, P-loop_NTPase",NA,"A0A0N5BUG4","",NA,"",NA,"",NA,"",NA
"1319","SPAL_0000948300",0,0.0270478419909844,0,0,0,0,0,0,0.0405909447273022,0,"SPAL_contig0000373","",NA,NA,NA,"",NA,"",NA,"",NA,"",NA
"1320","SPAL_0000948400",0,0.0269579898478396,0,0.0270455055483927,0,0,0,0,0,0,"SPAL_contig0000373","",NA,NA,NA,"",NA,"",NA,"",NA,"",NA
"1321","SPAL_0000948600",0,0.0810635611000919,0,0,0.0334027294474317,0,0.0648766975052728,0,0,0,"SPAL_contig0003256","Ig-like domain-containing protein",NA,NA,"A0A0N5BUG6","",NA,"",NA,"",NA,"",NA
"1322","SPAL_0000955650",0.0487153095810017,0.02708112829287,0.0399987056144979,0.026547940626199,0,0,0,0.0256089748989111,0,0,"SPAL_contig0000008","",NA,NA,"A0A0N5BUN6","",NA,"",NA,"",NA,"",NA
"1323","SPAL_0000955800",0,0,0,0,0,0,0,0,0,0,"SPAL_contig0000008","DHC_N2 domain-containing protein",NA,NA,"A0A0N5BUN8","",NA,"",NA,"",NA,"",NA
"1324","SPAL_0000956000",0,0,0,0,0,0,0,0,0.149062516666297,1.32287441182635e-08,"SPAL_contig0002329","DEAD domain-containing protein","DEAD/DEAH_box_helicase_dom, P-loop_NTPase","nucleic acid binding, ATP binding","A0A0N5BUP0","",NA,"",NA,"",NA,"",NA
"1325","SPAL_0000956200",0,0,0.0677726695660554,0,0,0,0,0,0.261054100478349,0.0330681282788289,"SPAL_contig0000725","Metalloendopeptidase","EGF-like_dom, Peptidase_M12A, MetalloPept_cat_dom_sf","metalloendopeptidase activity, metallopeptidase activity, proteolysis, hydrolase activity, metal ion binding, peptidase activity","A0A0N5BUP2","",NA,"",NA,"SVE_0367700",50.2825,"",NA
"1326","SPAL_0000956300",0,0,0.171000192627119,0.242516284510347,0.0338297109522833,0.0282704163697929,0,0,0.0819754497351849,0,"SPAL_contig0000725","",NA,NA,"A0A0N5BUP3","SSTP_0000665100",27.3159,"",NA,"",NA,"",NA
"1327","SPAL_0000956700",0,0,0,0,0,0,0,0.0328537726557759,0,0,"SPAL_contig0002383","",NA,NA,"A0A0N5BUP7","",NA,"",NA,"SVE_2029300",29.5302,"",NA
"1328","SPAL_0000956900",0,0,0,0,0,0,0,0,0,0,"SPAL_contig0000266","","DUF229",NA,"A0A0N5BUP9","SSTP_0001028200",59.8326,"SRAE_X000067400 | WBGene00266233",57.7406,"SVE_0215900",86.6109,"Y73F8A.35 | WBGene00013539",28.4519
"1329","SPAL_0000957000",0,0,0.0401219611883195,0.0798893410455178,0,0,0,0,0.0410644257159229,0,"SPAL_contig0000266","Sulfatase domain-containing protein","DUF229",NA,"A0A0N5BUQ0","",NA,"",NA,"",NA,"",NA
"1330","SPAL_0000957700",0.0962015892581644,0.0163335097192993,0.0404477845139554,0,0.0323254211221536,0.00243752204533916,6.51526290106856e-05,0,0.201420294804145,0.325390103434965,"SPAL_contig0001501","AAA family ATPase",NA,NA,"A0A0N5BUQ7","",NA,"",NA,"SVE_0831900",72.1311,"",NA
"1331","SPAL_0000958300",0,0.0538700943911594,0.0397671520239802,0,0,0,0.064825393595441,0.0256591169925588,0.489911678032681,0,"SPAL_contig0003028","EGF-like domain-containing protein","EGF-like_dom, Sperma_CUB_dom_sf",NA,"A0A0N5BUR4","",NA,"SRAE_2000524900 | WBGene00265509",28.1768,"",NA,"",NA
"1332","SPAL_0000958600",0,0,0,0,0,0,0,0,0.0834203217425729,0,"SPAL_contig0000592","ABC transporter ATP-binding protein",NA,NA,"A0A0N5BUR7","",NA,"",NA,"SVE_0257300",21.3592,"",NA
"1333","SPAL_0000958800",0,0,0,0.0269306817588816,0,0,0,0,0.123749865860101,0,"SPAL_contig0000584","ORF6C domain-containing protein",NA,NA,"A0A0N5BUR9","",NA,"",NA,"",NA,"",NA
"1334","SPAL_0000958900",0,0.0811330845732309,0,0,0.0672524565340046,0,0,0.102723719898507,0.0409425590716353,0.0667687601791825,"SPAL_contig0000584","SAM domain-containing protein",NA,NA,"A0A0N5BUS0","",NA,"",NA,"",NA,"",NA
"1335","SPAL_0000959000",0,0.0269148358067354,0,0,0,0,0,0,0.0407910460935116,0,"SPAL_contig0000584","",NA,NA,"A0A0N5BUS1","SSTP_0001037700",21.7877,"",NA,"SVE_1438800",6.70391,"",NA
"1336","SPAL_0000959300",0,0.103630879883969,0,0,0.0337531006997925,0.0844429653345681,0,0,0,0.0664530753406659,"SPAL_contig0000463","RNA helicase","DEAD/DEAH_box_helicase_dom, Helicase_ATP-bd, RNA_helicase_DEAD_Q_motif, P-loop_NTPase","RNA helicase activity, nucleic acid binding, ATP binding, hydrolase activity, nucleotide binding, RNA binding, helicase activity","A0A0N5BUS4","",NA,"",NA,"",NA,"glh-1 | WBGene00001598",18.5053
"1337","SPAL_0000959600",0,0.0540727720751999,0,0.026873423656256,0,0.0562067767105103,0,0,0.123092294870579,0.200108865297406,"SPAL_contig0000463","",NA,NA,"A0A0N5BUS7","",NA,"SRAE_0000047600 | WBGene00256220",64.0553,"SVE_1671200",35.023,"",NA
"1338","SPAL_0000959700",0,0.0808747620399869,0.079649054308892,0.0793858113234756,0,0,0.0648680603321876,0,0,0.266281426886129,"SPAL_contig0000463","C2H2-type domain-containing protein",NA,NA,"A0A0N5BUS8","",NA,"",NA,"SVE_2023200",26.1745,"",NA
"1339","SPAL_0000959800",0,0,0,0,0,0,0,0.0259319775300888,0.0410330246355626,0,"SPAL_contig0000463","HEPN_MAE_28990 domain-containing protein",NA,NA,"A0A0N5BUS9","SSTP_0000455500",21.0526,"",NA,"",NA,"",NA
"1340","SPAL_0000960075",0,0.0278651362511596,0,0,0,0,0,0.017553806662451,0,0,"SPAL_contig0001012","",NA,NA,"A0A0N5BUT2","",NA,"",NA,"",NA,"",NA
"1341","SPAL_0000960200",0,0.376236442560625,0,0,0.0168935172521853,0.0282705439902149,0.137208891703546,0,0,0.0330922194286848,"SPAL_contig0001012","ATP-dependent DNA helicase",NA,NA,"A0A0N5BUT4","",NA,"",NA,"SVE_0914900",23.9938,"",NA
"1342","SPAL_0000960300",0.0960650083371361,0.0268801200334514,0,0.0270186471858107,0,0,0.129224573047819,0.0518485303286491,0.0817909583089263,0.0662153835072084,"SPAL_contig0000357","Integrase catalytic domain-containing protein","Integrase_cat-core, RNaseH-like_sf, RNaseH_sf, Integrase_H2C2","DNA integration, nucleic acid binding","A0A0N5BUT5","",NA,"",NA,"",NA,"",NA
"1343","SPAL_0000960400",0.0479634991766145,0.0268677538711817,0.0790950948188819,0.0812999739100512,0,0.028308067050362,0,0.337652578063036,0.204541905543094,0.132307466926563,"SPAL_contig0000357","",NA,NA,NA,"",NA,"",NA,"",NA,"",NA
"1344","SPAL_0000960500",0,0,0.0396171132212416,0,0.0337227596175067,0,0,0,0,0,"SPAL_contig0000357","",NA,NA,"A0A0N5BUT6","SSTP_0000393600",56.9405,"SRAE_2000042900 | WBGene00260623",59.2068,"SVE_1853300",80.4533,"",NA
"1345","SPAL_0000960700",0.0483465838407883,0.243030454181658,0.0399540249447413,0.0810663511424037,0,0.0574229555738327,0,0,0.0408989841867118,0.1335445319441,"SPAL_contig0000357","VWFA domain-containing protein",NA,NA,"A0A0N5BUT8","",NA,"",NA,"",NA,"",NA
"1346","SPAL_0000960800",0,0.0822439495881908,0.0807457714798685,0,0,0.0276849195951364,0,0.025539198346979,0,0,"SPAL_contig0000357","C-type lectin domain-containing protein",NA,NA,"A0A0N5BUT9","",NA,"",NA,"",NA,"",NA
"1347","SPAL_0000960850",0,0,0,0,0.0338299464795902,0,0,0,0,0,"SPAL_contig0000357","Transposase","Neuro-gated_channel_TM_sf","membrane, ion transport","A0A0N5BUU0","",NA,"",NA,"",NA,"",NA
"1348","SPAL_0000960900",0.0479889604251137,0.0267737872946208,0.0395020045418135,0,0,0,0,0,0,0,"SPAL_contig0000357","",NA,NA,"A0A0N5BUU1","",NA,"",NA,"",NA,"",NA
"1349","SPAL_0000961000",0.048214687266943,0.219069760657647,0,0.0268557646010261,0,0,0.129519321669616,0.154905713324131,0.122670472389839,0.0663939445592534,"SPAL_contig0000459","",NA,NA,"A0A0N5BUU2","",NA,"",NA,"SVE_0293500",5.83658,"",NA
"1350","SPAL_0000961300",0,0,0,0.053260503740435,0,0,0.0659211338396191,0.0512721659270741,0.0414188128971156,0,"SPAL_contig0003647","CA domain-containing protein","Cadherin-like_dom, Cadherin-like_sf","homophilic cell adhesion via plasma membrane adhesion molecules, calcium ion binding, membrane","A0A0N5BUU5","",NA,"",NA,"",NA,"",NA
"1351","SPAL_0000961600",0.0497148247840304,0.0356006113432785,0.0400925162239981,0.0556295482335614,0.0333409688126554,0,0,0,0.611068445748112,0,"SPAL_contig0001473","Glucuronosyltransferase",NA,NA,"A0A0N5BUU8","",NA,"",NA,"",NA,"",NA
"1352","SPAL_0000961700",0,0.0960893524820829,0,0,0,0.0282945115905774,0.171036943687947,0.0567199023713484,0,0,"SPAL_contig0001273","ATP-dependent DNA helicase","DNA_helicase_dom, DNA_helicase_pif1-like, P-loop_NTPase","telomere maintenance, helicase activity, DNA helicase activity, DNA repair, ATP binding, hydrolase activity, nucleotide binding, cellular response to DNA damage stimulus, DNA recombination, DNA duplex unwinding, ATP hydrolysis activity","A0A0N5BUU9","",NA,"",NA,"SVE_0800800",43.8806,"",NA
"1353","SPAL_0000961800",0,0.0268431705712333,0,0,0,0,0,0,0,0,"SPAL_contig0001273","VTC domain-containing protein",NA,NA,"A0A0N5BUV0","SSTP_0001105700",44.6237,"SRAE_2000170300 | WBGene00261909",37.6344,"SVE_0633600",36.5591,"",NA
"1354","SPAL_0000961900",0,0.0271636760997613,0,0,0.033749537882795,0,0,0.0515428579450118,0,0,"SPAL_contig0001273","",NA,NA,"A0A0N5BUV1","SSTP_0001105700",59.2357,"SRAE_2000170300 | WBGene00261909",58.5987,"SVE_0633700",70.7006,"",NA
"1355","SPAL_0000962000",0,0.0808797086624859,0.040777710414251,0.0268381668082574,0,0,0,0,0.0409274511273172,0,"SPAL_contig0000532","glucuronosyltransferase","UDP_glucos_trans","UDP-glycosyltransferase activity, membrane, glycosyltransferase activity, transferase activity, glucuronosyltransferase activity","A0A0N5BUV2","SSTP_0000161500",71.2446,"SRAE_2000493400 | WBGene00265181",67.382,"SVE_0334800",76.3949,"",NA
"1356","SPAL_0000962700",0,0.027177439877109,0.0401011577581438,0.0264199581411593,0,0,0,0,0.0332147027346779,0,"SPAL_contig0004259","Movement protein",NA,NA,"A0A0N5BUV9","",NA,"",NA,"SVE_0292900",56.8,"",NA
"1357","SPAL_0000962800",0.162878049505208,0.0181092247007516,0.0935929154435661,0.0264912255344382,0.0447783414701712,0.018474292652028,0.0434856121188358,0.059648930090979,0.150179195307111,0.111620459963523,"SPAL_contig0000332","HTH_48 domain-containing protein","HTH_11, WH-like_DNA-bd_sf, Mos1_HTH",NA,"A0A0N5CC57","",NA,"SRAE_X000158000 | WBGene00267153",52.2727,"SVE_1498800",53.0303,"",NA
"1358","SPAL_0000962900",0.0490296422440501,0.0136327691773704,0.0603738379469861,0.0265647055911044,0.0505257514216916,0.0416786040192321,0,0.0640841704433556,0.1027105133921,0,"SPAL_contig0000332","Histone-lysine N-methyltransferase SETMAR","Transposase_1, RNaseH_sf","nucleic acid binding","A0A0N5BUW1","",NA,"",NA,"SVE_0587400",73.8462,"",NA
"1359","SPAL_0000963700",0,0.0271214983607056,0,0,0,0,0,0.128749740159375,0,0,"SPAL_contig0003078","",NA,NA,"A0A0N5BUW9","",NA,"",NA,"",NA,"",NA
"1360","SPAL_0000963800",0,0,0,0,0,0,0,0,0.000354843579594276,0.00513882924507677,"SPAL_contig0001213","Reverse transcriptase domain-containing protein",NA,NA,"A0A0N5BUX0","SSTP_0000885900",26.3393,"",NA,"SVE_2000400",20.9821,"",NA
"1361","SPAL_0000964100",0,0.053846810592194,0.0793351094603638,0.0269930148797758,0.135104109743862,0,0,0.103666483429738,0,0.0663451983298471,"SPAL_contig0001059","DDE-1 domain-containing protein","DDE_SF_endonuclease_dom","nucleic acid binding","A0A0N5BUX3","",NA,"",NA,"SVE_1784800",69.837,"",NA
"1362","SPAL_0000964200",0,0.0815895688916117,0,0,0.0337231919532265,0.0836324758701695,0.0654252061859783,0.05141797040417,0.0822095325233005,0,"SPAL_contig0001059","",NA,NA,"A0A0N5BUX4","",NA,"SRAE_0000058900 | WBGene00256335",50.6944,"SVE_1469800",79.8611,"",NA
"1363","SPAL_0000965800",0,0,0,0,0,0,0.064717950680304,0.0518418436043846,0,0,"SPAL_contig0000760","ATP-dependent DNA helicase","DNA_helicase_pif1-like, P-loop_NTPase","telomere maintenance, DNA helicase activity, DNA repair, hydrolase activity, nucleotide binding, ATP binding, cellular response to DNA damage stimulus, DNA recombination, DNA duplex unwinding, helicase activity, ATP hydrolysis activity","A0A0N5BUZ0","",NA,"",NA,"SVE_0263600",21.2987,"",NA
"1364","SPAL_0000965900",0,0.031021275293912,0.0397579542409335,0.0232397469989252,0.0710443339585665,0,0.110750921896997,0.0768451456565591,0,0,"SPAL_contig0000760","ATP-dependent DNA helicase","DNA_helicase_pif1-like, P-loop_NTPase","telomere maintenance, DNA helicase activity, DNA repair, hydrolase activity, nucleotide binding, ATP binding, cellular response to DNA damage stimulus, DNA recombination, DNA duplex unwinding, helicase activity, ATP hydrolysis activity","A0A0N5BUZ1","",NA,"",NA,"SVE_0278100",42.4812,"",NA
"1365","SPAL_0000966200",0,0.0546404626428532,0,0,0.0337449716521731,0.0278369503780068,0.131162912660941,0.0603561229505477,0,0,"SPAL_contig0001525","SH3 domain-containing protein",NA,NA,"A0A0N5BUZ4","",NA,"SRAE_0000061000 | WBGene00256357",31.5385,"SVE_0839500",40,"",NA
"1366","SPAL_0000966500",0,0.0268609798332614,0,0,0,0,0,0,0.613094049845732,0,"SPAL_contig0000695","Sulfatase domain-containing protein","DUF229, Alkaline_phosphatase_core_sf",NA,"A0A0N5BUZ7","SSTP_0001028200",49.3531,"SRAE_X000067400 | WBGene00266233",43.4381,"SVE_0215900",72.4584,"Y73F8A.35 | WBGene00013539",21.6266
"1367","SPAL_0000966600",0,0,0,0,0,0,0,0.0434281483988189,0,0,"SPAL_contig0001320","HTH_48 domain-containing protein","WH-like_DNA-bd_sf, Mos1_HTH",NA,"A0A0N5BUZ8","",NA,"",NA,"SVE_2015500",26.5152,"",NA
"1368","SPAL_0000971600",0,0,0,0,0,0,0,0,0.81799755363574,0,"SPAL_contig0000915","",NA,NA,"A0A0N5BV50, A0A0N5BV51","",NA,"",NA,"",NA,"",NA
"1369","SPAL_0000971700",0,0,0,0,0,0,0,0,0,0,"SPAL_contig0002299","",NA,NA,"A0A0N5BV51","",NA,"",NA,"",NA,"",NA
"1370","SPAL_0000972500",0.0481178890254011,0.0268913731993717,0.158537598450649,0.0538015856383417,0,0,0,0,0.163473607625558,0,"SPAL_contig0001343","Serpentine receptor class gamma","7TM_GPCR_serpentine_rcpt_Srg, GPCR_Rhodpsn_7TM","transmembrane signaling receptor activity, sensory perception of chemical stimulus, membrane","A0A0N5BV60","",NA,"",NA,"SVE_2019600",44.9511,"",NA
"1371","SPAL_0000972600",0,0,0,0,0,0,0,0,0.163599371283482,0,"SPAL_contig0001948","",NA,NA,"A0A0N5BV61","",NA,"",NA,"",NA,"",NA
"1372","SPAL_0000973900",0.0482080734529382,0.0269476084791242,0,0.0269777541572893,0.0337815133572852,0,0,0.025911573347872,0.573455288192778,0,"SPAL_contig0000056","SCP domain-containing protein","CAP_domain, CAP_sf",NA,"A0A0N5BV74","",NA,"",NA,"",NA,"",NA
"1373","SPAL_0000974600",0,0,0,0,0,0,0,0.0519104120682282,0.378427183509978,0,"SPAL_contig0000056","SCP domain-containing protein","CRISP-related, CAP_domain, CAP_sf",NA,"A0A0N5BV81","",NA,"SRAE_2000285400 | WBGene00263068",31.9892,"SVE_1038400",83.871,"",NA
"1374","SPAL_0000978700",0,0.194276842513402,0.119412669192745,0.16499905029126,0,0.0280934970527603,0.0649131956954343,0.118777252400109,0,0.0665608909571185,"SPAL_contig0000414","USP domain-containing protein","Peptidase_C19_UCH, USP_dom, Papain-like_cys_pep_sf","protein deubiquitination, cysteine-type deubiquitinase activity","A0A0N5BVC3","",NA,"",NA,"SVE_0780400",68.8034,"",NA
"1375","SPAL_0000979400",0.000216501629927211,0.0582666900821578,0,0,0.0336944189931835,0,0,0.0282957203744958,0.185542746420883,0,"SPAL_contig0002971","Integrase_H2C2 domain-containing protein","Integrase_H2C2",NA,"A0A0N5BVD1","",NA,"",NA,"",NA,"",NA
"1376","SPAL_0000980000",0,0.086496526558855,0,0.0272203106265924,0.0326929768807273,0.110832018576244,0,0,0.0405639029281352,0.131370540171246,"SPAL_contig0000261","Transposase",NA,NA,"A0A0N5BVD7","",NA,"",NA,"",NA,"",NA
"1377","SPAL_0000980100",0,0.0843428292009743,0.0400974900498905,0,0,0,0,0.0271982948753057,0.203956847498155,0,"SPAL_contig0000305","ABC transmembrane type-1 domain-containing protein","ABC1_TM_dom, ABC1_TM_sf","membrane, transmembrane transport, ATP binding, ABC-type transporter activity","A0A0N5BVD8","",NA,"",NA,"",NA,"",NA
"1378","SPAL_0000980660",0.0490660357438434,0,0,0.027925752178217,0.0329955605383201,0,0,0.0506572988023926,0,0,"SPAL_contig0000334","",NA,NA,"A0A0N5BVE4","",NA,"",NA,"",NA,"",NA
"1379","SPAL_0000980670",0.0490689351887912,0.084305783591071,0,0.10647172983184,0.0330520430208407,0,0,0.0504506295345511,0.0408943827090421,0.0664401906005409,"SPAL_contig0000334","DUF3444 domain-containing protein",NA,NA,"A0A0N5BVE5","",NA,"",NA,"",NA,"",NA
"1380","SPAL_0000980680",0,0,0,0,0,0,0,0.0260163097900868,0,0,"SPAL_contig0000334","",NA,NA,"A0A0N5BVE6","",NA,"SRAE_X000234400 | WBGene00267928",0,"SVE_0667100",0,"",NA
"1381","SPAL_0000980690",0,0,0,0,0,0,0,0,0,0,"SPAL_contig0000334","",NA,NA,"A0A0N5BVE7","",NA,"",NA,"",NA,"",NA
"1382","SPAL_0000980700",0,0.0313047745903327,0.0399515437027842,0,0,0,0,0.135315990603373,0,0,"SPAL_contig0000334","HTH_48 domain-containing protein","RNaseH_sf, Mos1_HTH","nucleic acid binding","A0A0N5BVE8","",NA,"",NA,"SVE_0025700",23.0216,"",NA
"1383","SPAL_0000980900",0,0,0,0,0,0,0,0,0,0,"SPAL_contig0000334","",NA,NA,"A0A0N5BVF0","",NA,"SRAE_2000510400 | WBGene00265358",34.3434,"SVE_1667400",68.6869,"",NA
"1384","SPAL_0000981000",0,0,0,0,0,0,0,0,0,0,"SPAL_contig0000334","CTNNB1_binding domain-containing protein",NA,NA,"A0A0N5BVF1","",NA,"",NA,"",NA,"",NA
"1385","SPAL_0000984600",0,0.0541097816242823,0.0399726457569464,0.0532033573191479,0,0,0,0,0.0818793384689352,0,"SPAL_contig0001824","DUF19 domain-containing protein",NA,NA,"A0A0N5BVI9","",NA,"",NA,"",NA,"",NA
"1386","SPAL_0000984700",0,0.0271495487679431,0,0.0266806605088891,0,0,0.0653362877042832,0.0257377909176361,0.164296418928768,0,"SPAL_contig0001824","ResIII domain-containing protein","P-loop_NTPase",NA,"A0A0N5BVJ0","",NA,"",NA,"",NA,"",NA
"1387","SPAL_0000984800",0,0,0.0396170352694829,0,0,0,0.0642762992237032,0,0,0,"SPAL_contig0003739","Integrase catalytic domain-containing protein","RNaseH_sf","nucleic acid binding","A0A0N5BVJ1","",NA,"",NA,"",NA,"",NA
"1388","SPAL_0000984900",0.195775037436001,0.191203618654073,0.0401748577740263,0.0526829663692503,0.0334399778510711,0,0.0651933863041962,0.0761702153359614,0,0,"SPAL_contig0000078","",NA,NA,"A0A0N5BVJ3","SSTP_0001022800",72.0721,"",NA,"SVE_0296200",92.7928,"",NA
"1389","SPAL_0000995700",0,0.000161346072381736,0,0,0,0,0,0.0259662885144463,0,0,"SPAL_contig0001469","Reverse transcriptase domain-containing protein","RT_dom, Rev_trsase/Diguanyl_cyclase, DNA/RNA_pol_sf",NA,"A0A0N5BVV1","",NA,"",NA,"",NA,"",NA
"1390","SPAL_0000995900",0.197643812238884,0.0833895786432114,0,0.0265507753139449,0.0670758244694055,0.0277037903426378,0,0.178574957607629,0.0412903223421831,0,"SPAL_contig0001805","40S ribosomal protein S24",NA,"membrane","A0A0N5BVV3","",NA,"",NA,"",NA,"",NA
"1391","SPAL_0001001850",0,0,0.0409000052485707,0,0,0,0,0.050253217150009,0,0,"SPAL_scaffold0000001","",NA,NA,"A0A0N5BW13","",NA,"",NA,"",NA,"",NA
"1392","SPAL_0001003450",0.0977842691651193,0.0826117662561351,0.040321439893632,0.0262666370054742,0.0663532773443194,0,0.0650574069518562,0.0504782493868331,0,0.0666455457060576,"SPAL_scaffold0000001","",NA,NA,"A0A0N5BW30","",NA,"",NA,"",NA,"",NA
"1393","SPAL_0001010150",0,0,0,0,0,0,0,0,0,0,"SPAL_scaffold0000001","",NA,NA,"A0A0N5BW99","",NA,"",NA,"",NA,"",NA
"1394","SPAL_0001013050",0,0,0,0,0,0,0,0,0,0,"SPAL_scaffold0000001","",NA,NA,"A0A0N5BWD3","",NA,"",NA,"",NA,"",NA
"1395","SPAL_0001017950",0,0.204576525484566,0.0405780440026882,0,0.22695638456267,0.112675434724038,0.0634384723120905,0.0996937874630813,0,0,"SPAL_scaffold0000001","Transposase",NA,NA,"A0A0N5BWI5","",NA,"",NA,"",NA,"",NA
"1396","SPAL_0001020850",0,0,0.121957683328879,0.0266992276290287,0.0331528921847168,0,0,0,0,0.0666429144583552,"SPAL_scaffold0000001","Plus3 domain-containing protein",NA,NA,"A0A0N5BWL4","",NA,"",NA,"SVE_0503800",48.1481,"",NA
"1397","SPAL_0001020900",0,0,0,0,0.0339558809917742,0.0283775189863879,0,0.0518161555593976,0,0,"SPAL_scaffold0000001","Transposase",NA,NA,"A0A0N5BWL5","",NA,"",NA,"",NA,"",NA
"1398","SPAL_0001021550",0,0,0,0,0,0,0.0656909777769853,0.0255385906876164,0,0,"SPAL_scaffold0000001","",NA,NA,"A0A0N5BWM2","",NA,"",NA,"",NA,"",NA
"1399","SPAL_0001022766",0,0,0,0,0,0,0,0.102320400050985,0,0.0671955506480017,"SPAL_scaffold0000001","GTP pyrophosphokinase",NA,NA,"A0A0N5BWN6","",NA,"",NA,"",NA,"",NA
"1400","SPAL_0001023550",0,0.0283739551645641,0,0,0.0320241379476144,0,0,0,0,0,"SPAL_scaffold0000001","",NA,"membrane","A0A0N5BWP5","",NA,"",NA,"",NA,"",NA
"1401","SPAL_0001028333",0,0.0582739039925977,0,0,0.0654428808464214,0,0.128255540872047,0.100358951957671,0.0407091897817676,0,"SPAL_scaffold0000001","Ovule protein",NA,NA,"A0A0N5BWU4","",NA,"",NA,"",NA,"",NA
"1402","SPAL_0001028366",0.0487822430457953,0.0285237828911642,0.0403849170150985,0,0.0655438354866958,0.0275916531285009,0.128607698618914,0.150427943914697,0,0,"SPAL_scaffold0000001","Cullin domain-containing protein",NA,"membrane","A0A0N5BWU5","",NA,"",NA,"",NA,"",NA
"1403","SPAL_0001030250",0.0495036059727321,0,0,0.0546491661033544,0.0332683839552212,0.0279607721574658,0,0.1271191855408,0.041193893775278,0.0666177450242585,"SPAL_scaffold0000001","",NA,"membrane","A0A0N5BWW4","",NA,"",NA,"",NA,"",NA
"1404","SPAL_0001036950",0,0,0,0.0271608822073649,0,0,0,0,0,0,"SPAL_scaffold0000001","",NA,NA,"A0A0N5BX33","",NA,"",NA,"",NA,"",NA
"1405","SPAL_0001041750",0.0472892120440569,0.0567778416072249,0,0.0269144795626003,0,0,0.0623480143225657,0,0,0,"SPAL_scaffold0000001","",NA,NA,"A0A0N5BX84","",NA,"",NA,"",NA,"",NA
"1406","SPAL_0001048950",0.0489315900833662,0,0,0.0262915964915923,0,0,0,0,0,0.0667959146544974,"SPAL_scaffold0000001","",NA,NA,"A0A0N5BXG0","",NA,"",NA,"",NA,"",NA
"1407","SPAL_0001049150",0,0.0573039989844495,0.040150576680938,0,0,0,0,0.0993953375498218,0.0402125932135758,0.0649444216719676,"SPAL_scaffold0000001","Ion_trans domain-containing protein",NA,NA,"A0A0N5BXG3","",NA,"",NA,"",NA,"",NA
"1408","SPAL_0001051550",0,0,0,0,0,0,0,0,0,0,"SPAL_scaffold0000001","",NA,NA,"A0A0N5BXI8","",NA,"",NA,"",NA,"",NA
"1409","SPAL_0001055750",0.0484571101777095,0.0582055797049863,0.0404574634934603,0,0.0975842717016746,0,0.063763230289497,0.249896727860308,0.0404309156259793,0.261489386487358,"SPAL_scaffold0000001","Ubiquitin-like domain-containing protein",NA,NA,"A0A0N5BXN4","",NA,"",NA,"",NA,"",NA
"1410","SPAL_0001056050",0,0,0,0,0,0,0,0,0,0,"SPAL_scaffold0000001","",NA,NA,"A0A0N5BXN8","",NA,"",NA,"",NA,"",NA
"1411","SPAL_0001058350",0,0.0287595805803703,0,0,0.0322030918399138,0,0,0,0,0.064850299620626,"SPAL_scaffold0000001","Ovule protein",NA,NA,"A0A0N5BXR3","",NA,"",NA,"",NA,"",NA
"1412","SPAL_0001059350",0.0491380324583848,0.0833638167269093,0.0405617824704821,0.158495694783307,0.0333151865678409,0.110078162307194,0.0652495524412123,0.0506666370198341,0.20515966300091,0,"SPAL_scaffold0000001","",NA,NA,"A0A0N5BXS4","",NA,"",NA,"",NA,"",NA
"1413","SPAL_0001060025",0,4.25969715859638e-08,0,0.208382686096097,0,0.411896638450217,0,0,2.17645546385383e-06,0,"SPAL_scaffold0000001","Plasmodium vivax Vir protein",NA,NA,"A0A0N5BXT2","SSTP_0000970300",74.2424,"SRAE_2000269400 | WBGene00262905",61.6162,"SVE_0459000",94.4444,"",NA
"1414","SPAL_0001061633",0,0.0551234856228904,0,0,0,0.0276287998579969,0,0,0,0,"SPAL_contig0000084","DUF4373 domain-containing protein",NA,"membrane","A0A0N5BXV0","",NA,"",NA,"",NA,"",NA
"1415","SPAL_0001061666",0,0.0806499325260394,0.0394328159651422,0,0,0,0,0,0,0,"SPAL_contig0000084","",NA,NA,"A0A0N5BXV1","",NA,"",NA,"",NA,"",NA
"1416","SPAL_0001062250",0.0486418901221353,0.162445443227576,0.119967948547087,0.0800336104169401,0.134679444267852,0.167490273680861,0,0.0771549283250282,0.0819830000162338,0.0668365547966962,"SPAL_contig0002217","SEA domain-containing protein",NA,NA,"A0A0N5BXV9","",NA,"",NA,"",NA,"",NA
"1417","SPAL_0001062400",0,0,0,0,0,0,0.0629396286656625,0,0.0419059839813462,0,"SPAL_contig0001908","SAP domain-containing protein",NA,NA,"A0A0N5BXW1","",NA,"",NA,"",NA,"",NA
"1418","SPAL_0001062600",0,0,0,0,0,0,0,0,0,0,"SPAL_contig0004022","Phosphoprotein",NA,NA,"A0A0N5BXW3","",NA,"SRAE_0000054000 | WBGene00256286",2.5,"SVE_0612300",8.75,"",NA
"1419","SPAL_0001063100",0,0.0280078157814459,0,0.0265677221353153,0,0.0276296237655407,0,0,0.0411651569941918,0,"SPAL_contig0000803","",NA,NA,NA,"",NA,"",NA,"",NA,"",NA
"1420","SPAL_0001063700",0,0.0590241164252661,0.0408049311992628,0,0.0323015438228815,0,0.0632401091731849,0.397641120138956,0.0404237414679897,0,"SPAL_contig0001563","TGF_BETA_2 domain-containing protein",NA,NA,"A0A0N5BXX4","",NA,"",NA,"",NA,"",NA
"1421","SPAL_0001065900",0,0,0,0,0.0397491392014286,0,0,0.022573258191593,0.476315995505436,0,"SPAL_contig0004081","Transposase",NA,NA,"A0A0N5BXZ6","",NA,"",NA,"",NA,"",NA
"1422","SPAL_0001066000",0,0.0539651662459324,0,0.0808599094467258,0,0,0,0.105350599143261,0,0.0665246222065548,"SPAL_contig0000950","Serpentine receptor class gamma","7TM_GPCR_serpentine_rcpt_Srg, GPCR_Rhodpsn_7TM","transmembrane signaling receptor activity, sensory perception of chemical stimulus, membrane","A0A0N5BXZ7","",NA,"",NA,"SVE_1857100",79.9283,"",NA
"1423","SPAL_0001066300",0,0.0269347104372751,0,0,0,0,0,0,0.100924509620704,0,"SPAL_contig0004165","ATP-dependent DNA helicase",NA,NA,"A0A0N5BY00","",NA,"",NA,"",NA,"",NA
"1424","SPAL_0001066500",0,0,0,0,0,0,0.0652717671490215,0.0257016069666829,0,0,"SPAL_contig0002399","Astacin domain-containing protein","Peptidase_M12A, MetalloPept_cat_dom_sf","metalloendopeptidase activity, metallopeptidase activity, proteolysis","A0A0N5BY02","",NA,"",NA,"SVE_1092800",73.6842,"",NA
"1425","SPAL_0001066600",0,0,0,0,0,0,0,0.0260162662123177,0,0,"SPAL_contig0001896","BTB domain-containing protein",NA,NA,"A0A0N5BY04","SSTP_0000844900",0,"",NA,"SVE_1220000",91.0256,"",NA
"1426","SPAL_0001066700",0,0,0,0,0,0,0.0276777792233557,0.0663850375623403,0,0,"SPAL_contig0003498","LINE-like reverse transcriptase",NA,NA,"A0A0N5BY05","",NA,"",NA,"",NA,"",NA
"1427","SPAL_0001072200",0,0.107776475909044,0.0794358233465366,0,0.0674987140409647,0.0281503596062977,0.194400758698421,0.243004354879029,0.0818811784690106,0,"SPAL_contig0003406","GIY-YIG domain-containing protein",NA,NA,"A0A0N5BY61","",NA,"",NA,"SVE_1869100",24.5675,"",NA
"1428","SPAL_0001072300",0,0,0,0,0,0,0,0.0520326486202561,0,0,"SPAL_contig0000570","",NA,NA,"A0A0N5BY62","",NA,"",NA,"",NA,"",NA
"1429","SPAL_0001072700",0,0.0305265070314665,0,0,0,0,0,0.160657275119382,0,0,"SPAL_contig0002946","Aminoglycoside phosphotransferase",NA,NA,"A0A0N5BY66","",NA,"",NA,"SVE_0137900",86.1111,"",NA
"1430","SPAL_0001072800",0,0.0686632858957673,0,0,0,0,0,0,0.0407188421617847,0,"SPAL_contig0000420","HTH_Tnp_Tc3_1 domain-containing protein","Homeobox-like_sf, Tc3_transposase_DNA-bd_dom, WH-like_DNA-bd_sf","DNA binding","A0A0N5BY67","",NA,"",NA,"",NA,"",NA
"1431","SPAL_0001072900",0,0.0270002825746177,0,0,0,0,0.0649874292531706,0.0256698919207204,0.0408914940330226,0,"SPAL_contig0000420","DDE_3 domain-containing protein","RNaseH_sf, Tc1-like_DDE_dom","nucleic acid binding","A0A0N5BY68","",NA,"",NA,"SVE_1012800",70.2381,"W08F4.1 | WBGene00021091",9.52381
"1432","SPAL_0001073200",0,0,0,0,0,0,0,0.0260163718434948,0,0,"SPAL_contig0002771","Protein kinase domain-containing protein","Prot_kinase_dom, Ser-Thr/Tyr_kinase_cat_dom, Kinase-like_dom_sf, Protein_kinase_ATP_BS","protein kinase activity, protein phosphorylation, ATP binding, nucleotide binding","A0A0N5BY71","",NA,"",NA,"",NA,"",NA
"1433","SPAL_0001073300",0,0.0538692399537684,6.13056473966646e-05,0,0,0.0844414007419043,0.194326058464356,0.0776167062044116,0,0,"SPAL_contig0002860","Peptidase C76 domain-containing protein",NA,NA,"A0A0N5BY72","",NA,"",NA,"SVE_0797900",56.6102,"",NA
"1434","SPAL_0001073600",0,0.188116689924124,0.0395552770820714,0.0813349885160937,0.0676375636264879,0.028319820047026,0,0.0779670401981393,0.163678302128846,0.066166928376627,"SPAL_contig0000942","Reverse transcriptase domain-containing protein","RT_dom, Znf_CCHC, Znf_CCHC_sf, RT_RNaseH, Integrase_H2C2, Rev_trsase/Diguanyl_cyclase, DNA/RNA_pol_sf","nucleic acid binding, zinc ion binding, cytoplasm, enzyme binding","A0A0N5BY74","",NA,"",NA,"SVE_0217800",7.90244,"",NA
"1435","SPAL_0001073700",0,0,0,0,0.0338590347393819,0.0282837592824786,0,0.0259828784584686,0.0929789876228962,0,"SPAL_contig0002602","MULE domain-containing protein","MULE_transposase_dom",NA,"A0A0N5BY75","",NA,"",NA,"SVE_2014600",18.3246,"",NA
"1436","SPAL_0001074350",0,0,0,0.0278312946572746,0,0,0.0647031940308727,0.0506145654370743,0,0,"SPAL_contig0000030","",NA,"membrane","A0A0N5BY82","",NA,"",NA,"",NA,"",NA
"1437","SPAL_0001077100",0,0.0268432367661481,0,0,0,0,0,0,0,0,"SPAL_contig0000730","DUF3883 domain-containing protein",NA,NA,"A0A0N5BYB0","",NA,"",NA,"SVE_1869100",26.2774,"",NA
"1438","SPAL_0001077200",0,0.0269165689972712,0.0793087643781287,0.107999338949288,0,0.0282157385651719,0.129427175097823,0,0.0409320993121196,0,"SPAL_contig0000730","CCHC-type domain-containing protein","Znf_CCHC, Znf_CCHC_sf","nucleic acid binding, zinc ion binding, cytoplasm, enzyme binding","A0A0N5BYB1","",NA,"",NA,"SVE_1662200",81.0881,"",NA
"1439","SPAL_0001077300",0,0.0807144015798979,0.158456152712598,0.270864255091682,0,0.113192424954604,0,0.0259786553341113,0.0818952128817338,0,"SPAL_contig0000730","Reverse transcriptase domain-containing protein","RT_dom, Peptidase_aspartic_dom_sf, RT_RNaseH_2, Rev_trsase/Diguanyl_cyclase, DNA/RNA_pol_sf",NA,"A0A0N5BYB2","",NA,"",NA,"SVE_1662100",75.641,"",NA
"1440","SPAL_0001077400",0,0.0539130361755636,0.0794766178624881,0.350133699975394,0,0.0281549305508485,0.06483206314182,0,0,0,"SPAL_contig0000730","Integrase catalytic domain-containing protein","Integrase_cat-core, RNaseH-like_sf, RNaseH_sf, Integrase_H2C2","DNA integration, nucleic acid binding","A0A0N5BYB3","",NA,"",NA,"",NA,"",NA
"1441","SPAL_0001077500",0,0,0.0396178228834234,0,0,0,0,0,0.122309036273125,0,"SPAL_contig0001737","Hyaluronidase","Aldolase_TIM, Glycoside_hydrolase_SF, Hyaluronidase","hyalurononglucosaminidase activity, carbohydrate metabolic process","A0A0N5BYB4","",NA,"",NA,"SVE_1992100",38.2609,"",NA
"1442","SPAL_0001077600",0,0,0,0,0,0,0,0,0.0408998414144186,0,"SPAL_contig0001737","Hyaluronidase","Aldolase_TIM, Glycoside_hydrolase_SF, Hyaluronidase","hyalurononglucosaminidase activity, carbohydrate metabolic process, hydrolase activity, metabolic process, hydrolase activity, acting on glycosyl bonds","A0A0N5BYB5","",NA,"",NA,"",NA,"",NA
"1443","SPAL_0001077700",0,0,0,0,0.033732804516506,0,0.0656153087274166,0.146985491416369,0,0,"SPAL_contig0001128","Endo/exonuclease/phosphatase domain-containing protein","Endo/exonu/phosph_ase_sf",NA,"A0A0N5BYB6","",NA,"",NA,"SVE_0633000",57.5,"",NA
"1444","SPAL_0001077800",0,0,0,0,0,0,0,0,0,0,"SPAL_contig0002245","",NA,NA,"A0A0N5BYB7","",NA,"",NA,"SVE_0900500",45.1613,"",NA
"1445","SPAL_0001077900",0,0,0,0,0,0,0,0,0,0,"SPAL_contig0000251","Endo/exonuclease/phosphatase domain-containing protein","Endo/exonu/phosph_ase_sf",NA,"A0A0N5BYB8","",NA,"",NA,"SVE_1411000",22.5641,"",NA
"1446","SPAL_0001079600",0,0.0271698074726242,0.240762936674104,0.239301134311336,0.033665009660405,0.0556214016461893,0,0,0.0820636809874676,0.0670724921418955,"SPAL_contig0002124","TLC domain-containing protein",NA,"membrane","A0A0N5BYD5","",NA,"",NA,"",NA,"",NA
"1447","SPAL_0001079700",0,0.0270177209187832,0.119704201025894,0,0,0.0278822379217217,0,0,0.163671507075287,0,"SPAL_contig0002124","Ribosomal_L30 domain-containing protein",NA,NA,"A0A0N5BYD6","",NA,"",NA,"",NA,"",NA
"1448","SPAL_0001080133",0,0,0.0409673743937226,0,0,0,0,0.0503378730975572,0,0.131707212849641,"SPAL_scaffold0000054","",NA,NA,"A0A0N5BYE1","",NA,"",NA,"",NA,"",NA
"1449","SPAL_0001080166",0,0.0292249448003056,0,0.0556591530161078,0.0648440344612167,0.0281684398956454,0,0.199385398069553,0.0403515135983389,0,"SPAL_scaffold0000054","",NA,NA,"A0A0N5BYE2","",NA,"",NA,"",NA,"",NA
"1450","SPAL_0001081233",0,0.0292447523856434,0,0,0.0648879833464929,0,0,0.049880052514159,0,0,"SPAL_scaffold0000054","",NA,"membrane","A0A0N5BYF5","",NA,"",NA,"",NA,"",NA
"1451","SPAL_0001081266",0,0,0,0.0268293385843185,0,0,0.131165947549214,0.101910149756296,0,0.0671626397427828,"SPAL_scaffold0000054","HTH LytTR-type domain-containing protein",NA,NA,"A0A0N5BYF6","",NA,"",NA,"",NA,"",NA
"1452","SPAL_0001081700",0.0491340248712938,0.21932631061837,0.16141391396375,0.0264552590222208,0,0.0276459974828356,0,0.0509992171265641,0.0821780871503221,0,"SPAL_scaffold0000054","Barrier to autointegration factor","BAF_prot, BAF_sf","DNA binding, nucleus","A0A0N5BYG1","",NA,"",NA,"SVE_1362200",11.6071,"",NA
"1453","SPAL_0001081900",0,0,0.0806335549522979,0.160483278831938,0,0.0839332580138939,0,0,0.0412525552719274,0,"SPAL_contig0000824","Ovule protein",NA,NA,"A0A0N5BYG4","",NA,"",NA,"SVE_1463800",39.5833,"",NA
"1454","SPAL_0001082400",0,0.0272827771798162,0,0.0267978947408661,0,0.0560761686062066,0,0,0.123799019747018,0,"SPAL_contig0003958","RT_RNaseH domain-containing protein","RT_RNaseH, DNA/RNA_pol_sf",NA,"A0A0N5BYG9","",NA,"",NA,"SVE_1335700",19.0789,"",NA
"1455","SPAL_0001082500",0,0.136908222641208,0,0.133932363575595,0.067838563810499,0.112078125515455,0,0.206674628258415,0.165394614628486,0,"SPAL_contig0003958","Integrase catalytic domain-containing protein","Integrase_cat-core, RNaseH-like_sf, RNaseH_sf","DNA integration, nucleic acid binding","A0A0N5BYH0","",NA,"",NA,"SVE_1155000",70,"",NA
"1456","SPAL_0001082600",0.195754235247354,0.136048943253418,0.0401703616303222,0.0530478343106741,0.0672593128210807,0.0277405793391909,0,0,0,0,"SPAL_contig0001102","Glucuronosyltransferase",NA,NA,"A0A0N5BYH1","",NA,"",NA,"",NA,"",NA
"1457","SPAL_0001082700",0,0,0,0,0,0,0,0,0,0,"SPAL_contig0002925","CCHC-type domain-containing protein",NA,NA,"A0A0N5BYH2","",NA,"",NA,"SVE_1155300",63.7168,"",NA
"1458","SPAL_0001082900",0.0476361166067262,0,0.0396918002573604,0,0,0,0,0,0,0,"SPAL_contig0003921","Ovule protein",NA,NA,"A0A0N5BYH4","",NA,"",NA,"",NA,"",NA
"1459","SPAL_0001083250",0,0.0269861528946845,0.0398547458862605,0,0.0335755930343733,0,0.0649545905365807,0.0256559796745843,0,0,"SPAL_contig0000346","",NA,NA,"A0A0N5BYH8","",NA,"",NA,"SVE_0668200",50.8982,"",NA
"1460","SPAL_0001083500",0.0484455454032254,0,0,0,0,0,0,0,0.121263799149544,0,"SPAL_contig0002975","LRAT domain-containing protein",NA,NA,"A0A0N5BYI1","",NA,"",NA,"SVE_0033900",1.5625,"",NA
"1461","SPAL_0001084400",1.05976739106615e-09,0,0.536639332888432,0,0,0,0,0,0,0,"SPAL_contig0000061","Nuclear receptor domain-containing protein","Znf_hrmn_rcpt, Znf_NHR/GATA","sequence-specific DNA binding, DNA-binding transcription factor activity, zinc ion binding, regulation of transcription, DNA-templated, metal ion binding, nucleus, DNA binding, transcription, DNA-templated","A0A0N5BYJ0","SSTP_0001035300",61.8182,"SRAE_1000135300 | WBGene00257958",63.0303,"SVE_0956400",67.8788,"nhr-17 | WBGene00003616",42.4242
"1462","SPAL_0001085050",0.046996711915482,0.0582239727702357,0,0.0290047296941634,0,0,0,0.138712425915975,0,0.0658141984433258,"SPAL_contig0000061","Transposase",NA,NA,"A0A0N5BYJ7","",NA,"",NA,"",NA,"",NA
"1463","SPAL_0001086900",0,0,0.0395732357961552,0,0,0,0,0,0.414377832379959,0,"SPAL_contig0001718","Metalloendopeptidase","EGF-like_dom, Peptidase_M12A, MetalloPept_cat_dom_sf, Sperma_CUB_dom_sf","metalloendopeptidase activity, metallopeptidase activity, proteolysis, hydrolase activity, metal ion binding, peptidase activity, zinc ion binding","A0A0N5BYL7","SSTP_0000966100",39.7516,"SRAE_2000524800 | WBGene00265508",37.5776,"SVE_0251500",68.6335,"",NA
"1464","SPAL_0001087000",0,0,0,0,0,0,0,0,0,0,"SPAL_contig0001718","Metalloendopeptidase","Peptidase_M12A, Peptidase_Metallo, MetalloPept_cat_dom_sf","metalloendopeptidase activity, metallopeptidase activity, proteolysis, zinc ion binding, hydrolase activity, metal ion binding, peptidase activity","A0A0N5BYL8","SSTP_0000966100",37.9592,"SRAE_2000524800 | WBGene00265508",35.9184,"",NA,"",NA
"1465","SPAL_0001087200",0,0,0,0.0543217014612042,0,0,0,0,0,0,"SPAL_contig0003525","DNA primase",NA,NA,"A0A0N5BYM0","",NA,"",NA,"",NA,"",NA
"1466","SPAL_0001087300",0,0,0,0,0,0,0,0,0,0,"SPAL_contig0001149","50S ribosomal protein L29",NA,NA,"A0A0N5BYM1","",NA,"",NA,"",NA,"",NA
"1467","SPAL_0001087600",0,0,0,0,0,0,0,0,0,0,"SPAL_contig0000212","",NA,NA,NA,"",NA,"",NA,"",NA,"",NA
"1468","SPAL_0001088375",0,0.0538408328512596,0.0396486342110708,0.0270511631512091,0.033810309777556,0.0282654629145247,0.0647110709524352,0.0519148157148433,0,0,"SPAL_contig0000306","Protein with signal anchor",NA,"membrane","A0A0N5BYN2","",NA,"",NA,"SVE_0734500",18.5106,"",NA
"1469","SPAL_0001088400",0,0.0268755312050265,0,0,0,0.0282837961337715,0.0645868738014967,0,0,0,"SPAL_contig0000306","OTU domain-containing protein",NA,NA,"A0A0N5BYN3","",NA,"SRAE_0000079200 | WBGene00256551",1.27479,"",NA,"",NA
"1470","SPAL_0001088500",0,0.0537326726628217,0,0.216999477244023,0.0338222362710869,0,0.193649786784435,0.0519930273606165,0.204575582938794,0,"SPAL_contig0000306","ATP-dependent DNA helicase","AAA+_ATPase, DNA_helicase_pif1-like, Helitron_helicase-like, P-loop_NTPase","telomere maintenance, DNA helicase activity, DNA repair, hydrolase activity, nucleotide binding, ATP binding, cellular response to DNA damage stimulus, DNA recombination, DNA duplex unwinding, helicase activity, ATP hydrolysis activity","A0A0N5BYN4","",NA,"",NA,"SVE_1921700",17.2161,"",NA
"1471","SPAL_0001088600",0.0966872046832681,0.0864342381729767,0,0,0,0.0830986371536483,0,0.156903635253183,0.0807030017054693,0,"SPAL_contig0000306","Secreted protein",NA,NA,"A0A0N5BYN5","",NA,"",NA,"",NA,"",NA
"1472","SPAL_0001089025",0,0.0539637251177398,0,0,0,0,0.0649372032554231,0.591131144377469,0,0,"SPAL_contig0002661","7TM_GPCR_Srx domain-containing protein","7TM_GPCR_serpentine_rcpt_Srv","membrane","A0A0N5BYP0","SSTP_0000396800",44.4444,"SRAE_0000009500 | WBGene00255832",40.5556,"SVE_0654600",37.7778,"",NA
"1473","SPAL_0001089300",0,0.109344856177624,0.120546923818398,0.0789135709638505,0.0667824269268584,0,0.130327042956031,0,0.0408833862485949,0,"SPAL_contig0000468","Biogenesis of lysosome-related organelles complex 1 subunit 1",NA,NA,"A0A0N5BYP3","",NA,"",NA,"",NA,"",NA
"1474","SPAL_0001089350",0,0,0,0,0,0,0.0644802741622647,0,0,0,"SPAL_contig0000468","",NA,NA,"A0A0N5BYP4","",NA,"",NA,"",NA,"",NA
"1475","SPAL_0001089400",0,0.0270102491924444,0.0399045357407707,0,0,0,0,0.0511789175050456,0,0,"SPAL_contig0000468","",NA,NA,"A0A0N5BYP5","",NA,"",NA,"",NA,"",NA
"1476","SPAL_0001089500",0.0481445048031125,0.0807577000583914,0,0,0.101285674317902,0.0845748194114826,0,0.18131658140649,0,0.132679603035704,"SPAL_contig0000468","",NA,NA,"A0A0N5BYP6","",NA,"",NA,"SVE_1419300",47.2934,"",NA
"1477","SPAL_0001089700",0,0,0,0,0,0,0,0,0.040899822774856,0,"SPAL_contig0002337","Serpentine receptor class gamma","7TM_GPCR_serpentine_rcpt_Srv","membrane","A0A0N5BYP8","",NA,"",NA,"SVE_2000010666",45.3875,"",NA
"1478","SPAL_0001091500",0,0.0537174788978726,0,0,0,0,0,0.0260013075742395,0,0,"SPAL_contig0000963","Reverse transcriptase domain-containing protein","RT_dom, Aspartic_peptidase_AS, Peptidase_aspartic_dom_sf, RT_RNaseH_2, Integrase_H2C2, Rev_trsase/Diguanyl_cyclase, DNA/RNA_pol_sf","aspartic-type endopeptidase activity, proteolysis","A0A0N5BYR6","SSTP_0000067100",15.9091,"",NA,"",NA,"",NA
"1479","SPAL_0001091600",0,0,0,0,0,0,0,0,0,0,"SPAL_contig0001588","DUF1768 domain-containing protein","NADAR, YbiA-like_sf",NA,"A0A0N5BYR7","",NA,"",NA,"",NA,"",NA
"1480","SPAL_0001091900",0.0481890808022341,0.0538169750144278,0.0396792802709995,0,0.0336727570942509,0,0,0.0258042992313058,0.0408681368829208,0,"SPAL_contig0000536","Integrase catalytic domain-containing protein","Integrase_cat-core, RNaseH-like_sf, RNaseH_sf","DNA integration, nucleic acid binding","A0A0N5BYS0","SSTP_0000000900",13.6187,"SRAE_0000048500 | WBGene00256229",12.8405,"SVE_0761500",26.07,"",NA
"1481","SPAL_0001092200",0,0,0,0,0.0337618342254149,0,0,0,0.0409823522362898,0,"SPAL_contig0000434","",NA,NA,"A0A0N5BYS3","SSTP_0001061500",29.2,"",NA,"",NA,"",NA
"1482","SPAL_0001092400",0.145773269594666,0.0811494687659819,0.0798097204059725,0.288728776865008,0,0,0,0,0.0406887292926463,0.0665273434510009,"SPAL_contig0000434","",NA,NA,"A0A0N5BYS5","",NA,"",NA,"",NA,"",NA
"1483","SPAL_0001092500",0,0,0,0,0,0,0,0,0,0,"SPAL_contig0000434","Mariner Mos1 transposase","RNaseH_sf","nucleic acid binding","A0A0N5BYS6","",NA,"",NA,"",NA,"",NA
"1484","SPAL_0001092600",0,0.0388220035132763,0,0,0.0719178992481249,0.089501585700261,0,0.0779282453753486,0.170519614017826,0,"SPAL_contig0002804","RT_RNaseH_2 domain-containing protein","RT_RNaseH_2, Rev_trsase/Diguanyl_cyclase, DNA/RNA_pol_sf",NA,"A0A0N5BYS8","",NA,"SRAE_0000054000 | WBGene00256286",2.3766,"SVE_0612300",2.3766,"",NA
"1485","SPAL_0001093000",0,0.0452716686197623,0,0.0268980432744607,0.0917024218377169,0,0,0.0677776016213097,0.0563855495859358,0.133241463458206,"SPAL_contig0000394","HTH_48 domain-containing protein","Transposase_1, RNaseH_sf, Mos1_HTH","nucleic acid binding","A0A0N5BYT2","SSTP_0000811500",54.661,"",NA,"",NA,"",NA
"1486","SPAL_0001093100",0.0480833337269055,0,0,0,0,0.0282323978158022,0,0.0400108647788297,0.148064784341313,0.066277556805121,"SPAL_contig0000394","DDE_Tnp_1_7 domain-containing protein","PGBD",NA,"A0A0N5BYT3","",NA,"",NA,"",NA,"",NA
"1487","SPAL_0001093200",0,0.107796747308844,0.0794730907299652,0.107550554961252,0,0,0,0.0775396272695301,0.0409305009647201,0.0664530818097249,"SPAL_contig0001029","HTH_48 domain-containing protein","Transposase_1, WH-like_DNA-bd_sf, RNaseH_sf, Mos1_HTH","nucleic acid binding","A0A0N5BYT4","",NA,"",NA,"SVE_1851600",53.4615,"",NA
"1488","SPAL_0001093600",0,0.0269009832449868,0,0.0270915223242505,0.0676465026714134,0.084907805570731,0,0,0,0.132499082999787,"SPAL_contig0000480","C2H2-type domain-containing protein",NA,NA,"A0A0N5BYT8","",NA,"",NA,"SVE_0813700",85.241,"",NA
"1489","SPAL_0001093700",0.0485907510325905,0.0562533348903122,0.04018582582019,0.026543714115858,0,0,0.0642351795687678,0.0249580975179627,0.0810794635720643,0,"SPAL_contig0001290","BZIP domain-containing protein",NA,NA,"A0A0N5BYT9","",NA,"",NA,"",NA,"",NA
"1490","SPAL_0001093800",0,0,1.68108130116431e-07,0,1.4094835624578e-06,0,0,1.13869868194518e-08,0,0,"SPAL_contig0001290","SURF6 domain-containing protein",NA,NA,"A0A0N5BYU0, A0A0N5BHZ8","",NA,"",NA,"",NA,"",NA
"1491","SPAL_0001094000",0,0.280523331339802,0.107904452770994,0,0,0.368566663102762,0,0,0,0,"SPAL_contig0001888","",NA,NA,"A0A0N5BYU2","SSTP_0000277300",69.3642,"SRAE_X000141000 | WBGene00266978",0,"SVE_1278600",95.9538,"",NA
"1492","SPAL_0001094100",0,0,0,0.0396015939314993,0.0341291020059621,0,0,0,0,0,"SPAL_contig0001627","USP domain-containing protein","Peptidase_C19_UCH, USP_dom, Papain-like_cys_pep_sf","protein deubiquitination, cysteine-type deubiquitinase activity","A0A0N5BYU3","",NA,"",NA,"SVE_0780400",74.4361,"",NA
"1493","SPAL_0001094300",0.0809353468352663,0.260108997306551,0.0400160235039655,0.0451048465832511,0.15807894050316,0.0257883788341089,0,0.00998128802263069,0.24142130789862,0.0469106175693655,"SPAL_contig0001452","IclR-ED domain-containing protein",NA,NA,"A0A0N5BYU5","",NA,"",NA,"SVE_0672000",3.75,"",NA
"1494","SPAL_0001094400",0,0.135261113532661,0,0.0806493182474712,0.0337900008890679,0,0,0,0.246316757903847,0,"SPAL_contig0001452","Phage_integrase domain-containing protein","Integrase_catalytic, DNA_brk_join_enz, Integrase-like_cat_sf","DNA integration, DNA recombination, DNA binding","A0A0N5BYU6","",NA,"",NA,"SVE_2000000",43.2558,"",NA
"1495","SPAL_0001094500",0,0,0.0395507195062519,0,0,0,0.266735617198525,0.0875659399636256,0,0,"SPAL_contig0001452","ATP-dependent DNA helicase","DNA_helicase_dom, DNA_helicase_pif1-like, P-loop_NTPase","telomere maintenance, helicase activity, DNA helicase activity, DNA repair, ATP binding, hydrolase activity, nucleotide binding, cellular response to DNA damage stimulus, DNA recombination, DNA duplex unwinding, ATP hydrolysis activity","A0A0N5BYU7","",NA,"",NA,"SVE_0800800",44.5441,"",NA
"1496","SPAL_0001094600",0,0.0269776300396701,0,0,0,0,0,0,0.0813927240901023,0,"SPAL_contig0000567","Integrase_H2C2 domain-containing protein",NA,NA,"A0A0N5BYU8","",NA,"",NA,"SVE_0737900",41.791,"",NA
"1497","SPAL_0001094700",0,0,0,0,0.0339000052981344,0.0283057870698225,0,0,0,0,"SPAL_contig0000567","","Peptidase_aspartic_dom_sf",NA,"A0A0N5BYU9","",NA,"",NA,"SVE_0368500",66.954,"",NA
"1498","SPAL_0001094800",0,0,0,0,0.0336741504746482,0,0,0,0.0821781641132685,0,"SPAL_contig0000567","BACK domain-containing protein",NA,NA,"A0A0N5BYV0","",NA,"",NA,"SVE_0737700",69.2913,"",NA
"1499","SPAL_0001094900",0,0.0270877098159213,0.0397151479162369,0,0,0,0,0,0.0403045308944664,0,"SPAL_contig0000801","BZIP domain-containing protein",NA,NA,"A0A0N5BYV1","",NA,"",NA,"",NA,"",NA
"1500","SPAL_0001095000",0.0973731752282386,0.0270725632954084,0.0399610202577618,0,0.00521175766696997,0,0,0.0520762526772551,0.0815797864297295,0,"SPAL_contig0000801","",NA,"membrane","A0A0N5BYV2","",NA,"",NA,"",NA,"",NA
"1501","SPAL_0001095100",0,0,0,0,0,0,0,0,0,0,"SPAL_contig0000644","PRESAN domain-containing protein",NA,NA,"A0A0N5BYV3","",NA,"",NA,"SVE_0291900",34.8315,"",NA
"1502","SPAL_0001095400",0.0490069264230175,0.155795707386345,0.0402461807476726,0.158836190264238,0.0336084861481711,0.0553934601785314,0.196081561706191,0.127949474987112,0.12311049202126,0,"SPAL_contig0003370","",NA,NA,"A0A0N5BYV6","",NA,"",NA,"",NA,"",NA
"1503","SPAL_0001095600",0,0,0.119773112622563,0.0532418580237721,0,0,0.0650516104145793,0,0.109119029991236,0,"SPAL_contig0001295","Zn_ribbon_recom domain-containing protein",NA,NA,"A0A0N5BYV8","",NA,"",NA,"",NA,"",NA
"1504","SPAL_0001095800",0,0,0,0,0,0,0,0,0,0,"SPAL_contig0003871","Reverse transcriptase domain-containing protein","RT_dom, DNA/RNA_pol_sf",NA,"A0A0N5BYW0","",NA,"",NA,"SVE_1928000",73.3696,"",NA
"1505","SPAL_0001097200",0.0481465456467312,0.0807360652998334,0.0396611473186014,0.107751016851266,0.0337342954800779,0,0,0.0258743139729187,0.12271651077957,0.0663321099928346,"SPAL_scaffold0000052","",NA,NA,"A0A0N5BYX3","SSTP_0001197700",69.4704,"",NA,"SVE_0087500",77.2586,"F35D2.1 | WBGene00018039",37.0717
"1506","SPAL_0001097850",0,0.0857470085715105,0.0400529233862758,0.0808787041250546,0,0,0,0.0247883711022469,0.160459335506072,0,"SPAL_scaffold0000052","KTSC domain-containing protein","RNaseH_sf","nucleic acid binding","A0A0N5BYY0","",NA,"",NA,"",NA,"",NA
"1507","SPAL_0001100100",0,0,0,0,0,0,0,0,0,0,"SPAL_contig0002977","REJ domain-containing protein",NA,NA,"A0A0N5BZ05","",NA,"",NA,"",NA,"",NA
"1508","SPAL_0001100300",0.0976774930790136,0.108706847813652,0.0802040372839538,0,0.167520534229604,0.027624544699887,0.0651346550075932,0.203844806416776,0.163616913879219,0,"SPAL_contig0002977","Helicase ATP-binding domain-containing protein","DEAD/DEAH_box_helicase_dom, Helicase_ATP-bd, P-loop_NTPase","nucleic acid binding, ATP binding, hydrolase activity, nucleotide binding, RNA binding, helicase activity, RNA helicase activity","A0A0N5BZ07","",NA,"",NA,"",NA,"",NA
"1509","SPAL_0001100500",0,0,0.0199801920972377,0.0155054912686759,0,0.0158449010730557,0,0,0,0,"SPAL_contig0001069","G_PROTEIN_RECEP_F1_2 domain-containing protein","7TM_GPCR_serpentine_rcpt_Srv","membrane","A0A0N5BZ09","SSTP_0001168200",54.1353,"SRAE_1000020400 | WBGene00256798",57.8947,"SVE_0338600",81.203,"",NA
"1510","SPAL_0001103500",0,0.0301147885291712,0.0362912660813991,0.0281816118728205,0,0.123140783310414,0.052890547619847,0.0836969555386124,0,0,"SPAL_contig0000498","60S ribosomal protein L13a",NA,NA,"A0A0N5BZ39","SSTP_0001072900",28.2051,"",NA,"SVE_1777600",52.5641,"",NA
"1511","SPAL_0001103900",0,0.340124362478296,0,0,0.100229694134344,0.143975157487574,0,0.0764656951305539,0,0,"SPAL_contig0001318","",NA,NA,NA,"",NA,"",NA,"",NA,"",NA
"1512","SPAL_0001104100",0.0479439798834998,0,0.0451448139664386,0.0542256071554869,0.0338120073733905,0,0.19362462331646,0.0779607301396918,0,0,"SPAL_contig0001745","RNA-directed DNA polymerase","RT_dom, Integrase_cat-core, RNaseH-like_sf, Peptidase_aspartic_dom_sf, RNaseH_sf, RT_RNaseH, Integrase_H2C2, Rev_trsase/Diguanyl_cyclase, DNA/RNA_pol_sf","DNA integration, nucleic acid binding, DNA biosynthetic process, DNA-directed DNA polymerase activity, DNA polymerase complex","A0A0N5BZ45","",NA,"SRAE_0000074100 | WBGene00256498",5.93081,"SVE_1122200",8.97858,"",NA
"1513","SPAL_0001104300",0,0,0,0,0,0,0,0,0,0,"SPAL_contig0003287","Transposase",NA,NA,"A0A0N5BZ47","",NA,"",NA,"",NA,"",NA
"1514","SPAL_0001104400",0,0.0268432303287635,0,0,0,0,0,0,0,0,"SPAL_contig0003287","RECA_2 domain-containing protein","DNA_recomb/repair_Rad51_C, RecA_monomer-monomer_interface, RecA_ATP-bd, P-loop_NTPase","ATP-dependent activity, acting on DNA, DNA metabolic process, DNA repair, DNA binding, ATP binding, nucleotide binding, ATP-dependent DNA damage sensor activity","A0A0N5BZ48","SSTP_0000693700",50.6024,"SRAE_2000310900 | WBGene00263329",50,"",NA,"rad-51 | WBGene00004297",36.747
"1515","SPAL_0001104425",0,0,0,0,0,0,0,0,0,0,"SPAL_contig0003287","",NA,NA,"A0A0N5BZ49","",NA,"",NA,"",NA,"",NA
"1516","SPAL_0001106000",0,0,0.0395827321062676,0,0,0,0,0,0.122191652177511,0.0661871570190212,"SPAL_contig0000104","EGF-like domain-containing protein",NA,NA,"A0A0N5BZ65","SSTP_0000391000",25,"SRAE_2000071900 | WBGene00260918",19.7368,"SVE_1208500",52.193,"",NA
"1517","SPAL_0001106150",0.048380820031545,0.0538577678088625,0.0397760181370671,0.0265280397180724,0,0,0,0,0.122302822876624,0.0664773065111787,"SPAL_contig0000104","Transposase",NA,NA,"A0A0N5BZ67","SSTP_0000391000",20.8589,"SRAE_2000071900 | WBGene00260918",20.2454,"",NA,"",NA
"1518","SPAL_0001108100",0,0.165067768750524,0.120473903280127,0,0,0,0,0.0250811114801592,0.0406234372882764,0.0662402554775127,"SPAL_contig0000104","RING-type domain-containing protein","Znf_RING, Znf_RING/FYVE/PHD, RFWD3","interstrand cross-link repair, protein ubiquitination, ubiquitin-protein transferase activity, nucleus, membrane, metal ion binding","A0A0N5BZ87","",NA,"SRAE_1000030100 | WBGene00256895",40.6593,"SVE_1649200",14.2857,"",NA
"1519","SPAL_0001108150",0,0.0272242294662671,0,0.0267817265086905,0,0,0,0,0,0,"SPAL_contig0000104","CPBP family intramembrane metalloprotease",NA,"membrane","A0A0N5BZ88","SSTP_0000511500",66.242,"SRAE_2000128200 | WBGene00261485",63.6943,"SVE_1858100",74.5223,"",NA
"1520","SPAL_0001108600",0,0.0288063724663931,0.201834015734587,0.190196082841319,0.0650091602049096,0,0.127710592412836,0.0249826282832579,0,0,"SPAL_contig0001472","HTH_48 domain-containing protein",NA,NA,"A0A0N5BZ93","",NA,"",NA,"SVE_0155000",70.5882,"",NA
"1521","SPAL_0001109800",0,0.0295045470383802,0.0400533748069935,0,0,0.0276312845483936,0.0703343060997294,0.350634568997242,0,0.0668639967256347,"SPAL_contig0003139","RNA-dependent RNA polymerase","RNaseH_sf","nucleic acid binding","A0A0N5BZA5","",NA,"",NA,"",NA,"",NA
"1522","SPAL_0001110400",0,0,0,0,0,0,0,0,0.0408998800888032,0,"SPAL_contig0003051","",NA,NA,"A0A0N5BZB1","",NA,"",NA,"",NA,"",NA
"1523","SPAL_0001110500",0,0.0268776642133801,0,0,0.0336944987918703,0,0,0,0,0.0662454337042565,"SPAL_contig0000622","DNA-directed RNA polymerase III subunit RPC3",NA,NA,"A0A0N5BZB2","",NA,"SRAE_0000053800 | WBGene00256284",20.8589,"SVE_0271600",83.7423,"",NA
"1524","SPAL_0001110600",0,0.0268432167692539,0,0,0,0,0,0,0,0,"SPAL_contig0000622","",NA,NA,"A0A0N5BZB3","",NA,"SRAE_0000071000 | WBGene00256462",0,"SVE_0271700",87.5598,"",NA
"1525","SPAL_0001111100",0,0.0805781878245498,0,0,0.033808092904278,0,0,0,0.0409016450404795,0,"SPAL_contig0001279","Reverse transcriptase domain-containing protein","RT_dom, DNA/RNA_pol_sf",NA,"A0A0N5BZB8","",NA,"",NA,"SVE_0852200",15.2047,"",NA
"1526","SPAL_0001111500",0.0480901245107996,0.0807186427097503,0.356680204277764,0.189160753763092,0.0337838684215765,0.0282370626585462,0,0,0.247920997007592,0,"SPAL_contig0001859","SCP domain-containing protein","CRISP-related, CAP_domain, CAP_sf",NA,"A0A0N5BZC2","",NA,"SRAE_2000076500 | WBGene00260965",16.3265,"SVE_0671900",26.3039,"",NA
"1527","SPAL_0001111600",0.0963416477805101,0,0,0,0,0,0,0.0442575761697655,0,0.0669249349752137,"SPAL_contig0000837","",NA,NA,"A0A0N5BZC3","",NA,"",NA,"SVE_0743400",64.1509,"",NA
"1528","SPAL_0001111700",0,0,0,0,0,0,0,0,0,0,"SPAL_contig0002549","Chloramphenicol acetyltransferase",NA,NA,"A0A0N5BZC4","SSTP_0000545000",58.3333,"SRAE_1000230200 | WBGene00258916",58.3333,"",NA,"",NA
"1529","SPAL_0001111800",0,0.0268431897819155,0,0,0,0,0,0,0,0,"SPAL_contig0001773","BTB domain-containing protein","BTB/POZ_dom, MATH/TRAF_dom, TRAF-like, SKP1/BTB/POZ_sf","protein binding","A0A0N5BZC5","",NA,"",NA,"",NA,"",NA
"1530","SPAL_0001111900",0,0.0567963856227682,0,0,0.0664110492036847,0.0276100175667115,0,0,0,0,"SPAL_contig0001773","TLC domain-containing protein",NA,"membrane","A0A0N5BZC6","SSTP_0000840300",54.2169,"SRAE_1000237400 | WBGene00258989",51.8072,"",NA,"",NA
"1531","SPAL_0001112000",0.0652145478414094,0.195375218838895,0.119379373627458,0.026900940068481,0,0.0281249040450276,0,0.0258645984137238,0.0819523346703568,0,"SPAL_contig0002665","Reverse transcriptase domain-containing protein","RT_dom, Rev_trsase/Diguanyl_cyclase, DNA/RNA_pol_sf",NA,"A0A0N5BZC8","",NA,"",NA,"SVE_1919400",79.1165,"",NA
"1532","SPAL_0001112200",0,0.0269276091546009,0,0.0269642870830276,0,0,0.129502737384478,0.0258970978656929,0,0.0663667198782322,"SPAL_contig0002037","Endo/exonuclease/phosphatase domain-containing protein","Swc5/CFDP1/2, Endo/exonu/phosph_ase_sf",NA,"A0A0N5BZD0","",NA,"",NA,"SVE_0277800",38.253,"",NA
"1533","SPAL_0001112300",0.0974717399719262,0.162529344750563,0.0800195040777256,0,0.134156696940059,0.0277009754682857,0,0.0766211429257201,0.0408866942286045,0.334270107741734,"SPAL_contig0002037","","7TM_GPCR_serpentine_rcpt_Srd","membrane","A0A0N5BZD1","SSTP_0001213200 | SSTP_0001213200",40.146,"SRAE_2000467000 | WBGene00264906",28.4672,"SVE_0878300",84.6715,"",NA
"1534","SPAL_0001112450",0,0.0807761804299539,0,0,0.0335643492863804,0,0.0647929278139378,0,0,0,"SPAL_contig0000301","Protein F16",NA,NA,"A0A0N5BZD3","",NA,"",NA,"",NA,"",NA
"1535","SPAL_0001112600",0,0.0268933222416433,0,0,0,0,0,0.0259678747553431,0,0,"SPAL_contig0000301","Sulfatase domain-containing protein","DUF229, Alkaline_phosphatase_core_sf",NA,"A0A0N5BZD5","SSTP_0001028200",56.0703,"SRAE_X000067400 | WBGene00266233",39.7764,"",NA,"Y73F8A.35 | WBGene00013539",24.4409
"1536","SPAL_0001113000",0,0.026843156377332,0,0,0,0,0,0,0,0,"SPAL_contig0000301","TldD/PmbA family protein",NA,NA,"A0A0N5BZD9","",NA,"",NA,"",NA,"",NA
"1537","SPAL_0001113100",0,0.0618917120590844,0,0.0368950239167778,0,0,0.0647003912673797,0,0,0,"SPAL_contig0003424","ULP_PROTEASE domain-containing protein","Peptidase_C48_C, Papain-like_cys_pep_sf, Nep1/2-like","cysteine-type peptidase activity, proteolysis, deNEDDylase activity","A0A0N5BZE0","",NA,"",NA,"",NA,"",NA
"1538","SPAL_0001113300",0.205893794193917,0.118489502324855,0,0.0356368648422538,0,0,0.202990369446651,0.112548172581936,0.0485367051782545,0.0911382530464889,"SPAL_contig0004281","COesterase domain-containing protein","Innexin","membrane, plasma membrane, gap junction","A0A0N5BZE2","",NA,"",NA,"",NA,"inx-1 | WBGene00002123",92.7835
"1539","SPAL_0001113600",0,0,0.28356267319538,0.0271192112340219,0,0.0276996692021846,0,0,0,0,"SPAL_contig0002327","50S ribosomal protein L23",NA,NA,"A0A0N5BZE5","",NA,"",NA,"",NA,"",NA
"1540","SPAL_0001113700",0,0,0,0,0,0,0,0,0,0,"SPAL_contig0003727","Integrase_H2C2 domain-containing protein","RT_RNaseH_2, Integrase_H2C2, DNA/RNA_pol_sf",NA,"A0A0N5BZE6","",NA,"",NA,"",NA,"",NA
"1541","SPAL_0001113800",0.0480750863119832,0,0.0395946952807496,0,0,0,0.193796936783047,0.128974444654794,0,0,"SPAL_contig0000893","DDE_Tnp_1_7 domain-containing protein",NA,NA,"A0A0N5BZE7","",NA,"",NA,"",NA,"",NA
"1542","SPAL_0001113900",0,0.0426005372942122,0,0,0,0,0,0.0259103521187766,0,0,"SPAL_contig0000677","F-box domain-containing protein","F-box_dom, F-box-like_dom_sf","protein binding","A0A0N5BZE8","",NA,"",NA,"",NA,"",NA
"1543","SPAL_0001113975",0,0,0,0,0,0,0,0,0,0,"SPAL_contig0002864","Thiolase_C domain-containing protein","Mycobac_pentapep",NA,"A0A0N5BZE9","",NA,"",NA,"",NA,"",NA
"1544","SPAL_0001114000",0,0,0,0,0,0,0,0.0260163418930643,0,0,"SPAL_contig0002864","E3 SUMO-protein ligase NSE2",NA,NA,"A0A0N5BZF0","",NA,"",NA,"",NA,"",NA
"1545","SPAL_0001114100",0.0484224975498029,0.0269567028249101,0.11282227247143,0.0644302293476832,0.0335339344036274,0,0,0,0,0.133089465918389,"SPAL_contig0004332","NOSIC domain-containing protein",NA,NA,"A0A0N5BZF1","SSTP_0000289600",9.58084,"",NA,"",NA,"",NA
"1546","SPAL_0001116000",0,0.283492461004587,0.039878854820969,0.100904604544407,0.0581566567911696,0.109556983776651,0.0449803912651946,0.0678199450616018,0,0.0166047717575567,"SPAL_contig0003555","RNase H domain-containing protein","RNaseH_domain, RNaseH-like_sf, RNaseH_sf","RNA-DNA hybrid ribonuclease activity, nucleic acid binding, RNA phosphodiester bond hydrolysis, endonucleolytic","A0A0N5BZH0","",NA,"",NA,"SVE_0673200",20.7729,"",NA
"1547","SPAL_0001116100",0,0,0,0,0,0,0,0,0,0,"SPAL_contig0001874","RNA-directed DNA polymerase","DNA/RNA_pol_sf",NA,"A0A0N5BZH1","SSTP_0000665300",2.63158,"",NA,"",NA,"",NA
"1548","SPAL_0001117700",0,0,0,0,0,0,0,0,0,0,"SPAL_contig0001675","DDE_3 domain-containing protein","RNaseH_sf","nucleic acid binding","A0A0N5BZI7","SSTP_0001270000",58.209,"",NA,"",NA,"",NA
"1549","SPAL_0001117800",0,0,0.0399218002177083,0.0269000351434296,0,0,0,0.0258825133811168,0.0821294307002595,0,"SPAL_contig0001595","ATP-dependent DNA helicase","DNA_helicase_pif1-like, P-loop_NTPase","telomere maintenance, DNA helicase activity, DNA repair, hydrolase activity, nucleotide binding, ATP binding, cellular response to DNA damage stimulus, DNA recombination, DNA duplex unwinding, helicase activity, ATP hydrolysis activity","A0A0N5BZI8","",NA,"",NA,"SVE_1921400",21.4612,"",NA
"1550","SPAL_0001118000",0,0.0768573013737913,0.0396443749862008,0.0134612186716198,0,0,0.129374140865216,0,0.122658588303302,0,"SPAL_contig0000355","",NA,NA,"A0A0N5BZJ0","",NA,"",NA,"SVE_0768500",14.7799,"",NA
"1551","SPAL_0001118800",0,0,0,0.0270925001928586,0,0,0,0,0.041003279855215,0,"SPAL_contig0003279","Retrovirus-related Pol polyprotein from transposon TNT 1-94",NA,NA,"A0A0N5BZJ7","",NA,"",NA,"",NA,"",NA
"1552","SPAL_0001120900",0,0.108206810592776,0.0391878084484814,0,0,0,0,0,0,0,"SPAL_contig0002816","",NA,NA,"A0A0N5BZL8","",NA,"",NA,"SVE_1781900",27.0588,"",NA
"1553","SPAL_0001121000",0,0,0,0,0.0337917284583631,0,0.0647776706873289,0.0518526763671434,0,0,"SPAL_scaffold0000066","DDE_Tnp_IS1595 domain-containing protein","Tnp_ISXO2-like",NA,"A0A0N5BZL9","SSTP_0000642300",22.7528,"SRAE_X000163900 | WBGene00267213",27.2472,"SVE_0328900",46.3483,"",NA
"1554","SPAL_0001121100",0,0,0,0,0,0,0,0.0260163418930643,0,0,"SPAL_scaffold0000066","",NA,NA,"A0A0N5BZM0","",NA,"",NA,"SVE_0768500",31.0559,"",NA
"1555","SPAL_0001121200",0.0485663218466021,0,0,0,0.0673810477446357,0,0,0.0257545474428755,0,0,"SPAL_scaffold0000066","BTB domain-containing protein","BTB/POZ_dom, SKP1/BTB/POZ_sf","protein binding","A0A0N5BZM1","",NA,"",NA,"",NA,"",NA
"1556","SPAL_0001121300",0,0.0269975121636586,0,0.0270057434936624,0,0,0,0,0,0,"SPAL_scaffold0000066","FERM domain-containing protein",NA,NA,"A0A0N5BZM2","",NA,"",NA,"SVE_0768600",32.0261,"",NA
"1557","SPAL_0001121400",0,0.0541599944181923,0.120020015035089,0,0.033661762679338,0.0278963749627272,0,0,0,0,"SPAL_scaffold0000066","DUF1768 domain-containing protein","NADAR, YbiA-like_sf",NA,"A0A0N5BZM3","",NA,"",NA,"",NA,"",NA
"1558","SPAL_0001121600",0.0494588323327508,0,0.0408247383481396,0.0531563853241432,0,0.0277030675566395,0,0.102053067272514,0,0,"SPAL_scaffold0000066","",NA,NA,"A0A0N5BZM5","",NA,"",NA,"",NA,"",NA
"1559","SPAL_0001121700",0,0,0,0,0.0338298017118758,0,0,0,0,0,"SPAL_scaffold0000066","Recep_L_domain domain-containing protein",NA,NA,"A0A0N5BZM6","",NA,"",NA,"",NA,"",NA
"1560","SPAL_0001121800",0,0.0807578450057034,0,0.0811625081991505,0.101434811464114,0.0565362964652138,0.12941515234598,0.233633099295195,0,0.13262667406694,"SPAL_scaffold0000066","Ribonuclease H","Znf_CCHC, Aspartic_peptidase_AS, RNaseH_domain, RNaseH-like_sf, Peptidase_aspartic_dom_sf, RNaseH_sf, Znf_CCHC_sf","RNA-DNA hybrid ribonuclease activity, aspartic-type endopeptidase activity, nucleic acid binding, proteolysis, zinc ion binding, transferase activity, cytoplasm, nucleotidyltransferase activity, RNA phosphodiester bond hydrolysis, endonucleolytic, RNA-templated DNA biosynthetic process, RNA-directed DNA polymerase activity, enzyme binding","A0A0N5BZM7","",NA,"",NA,"SVE_1330500",15.2401,"",NA
"1561","SPAL_0001121900",0,0.107113779191418,0.0395566745039489,0,0,0,0,0,0,0.0661162449803303,"SPAL_scaffold0000066","",NA,NA,"A0A0N5BZM8","",NA,"",NA,"SVE_1330100",78.2609,"",NA
"1562","SPAL_0001122000",0,0,0,0,0,0,0.064480320559438,0,0,0,"SPAL_scaffold0000066","",NA,NA,"A0A0N5BZM9","",NA,"",NA,"",NA,"",NA
"1563","SPAL_0001122100",0,0,0,0,0,0,0,0,0,0,"SPAL_contig0000481","HEPN domain-containing protein",NA,NA,"A0A0N5BZN0","",NA,"",NA,"SVE_1926800",11.0132,"",NA
"1564","SPAL_0001122200",0,0.0539545896326077,0,0,0.101385722011039,0.0281917930684287,0.424305320353485,0.357105623813972,0,0,"SPAL_contig0000481","C2H2-type domain-containing protein",NA,NA,"A0A0N5BZN1","",NA,"",NA,"SVE_1926800",9.18367,"",NA
"1565","SPAL_0001122300",0,0.0269340396002814,0,0,0.033745377794922,0,0.0647726670170589,0.129382524080114,0,0,"SPAL_contig0000481","",NA,NA,NA,"",NA,"",NA,"",NA,"",NA
"1566","SPAL_0001122400",0,0,0,0.0271608432798589,0,0,0,0,0,0,"SPAL_contig0000481","Peptidase C76 domain-containing protein","Papain-like_cys_pep_sf",NA,"A0A0N5BZN2","",NA,"",NA,"SVE_1308900",0,"",NA
"1567","SPAL_0001122600",0,0,0.0396218797454646,0.027053694030501,0.0338023087199006,0,0.0646698808745387,0.0613569430944455,0.122810380785753,0,"SPAL_contig0003271","Integrase catalytic domain-containing protein","Integrase_cat-core, RNaseH-like_sf, AT_hook_DNA-bd_motif, RNaseH_sf","DNA integration, nucleic acid binding, DNA binding","A0A0N5BZN4","",NA,"SRAE_0000067100 | WBGene00256420",22.179,"SVE_0775500",23.7354,"",NA
"1568","SPAL_0001122900",0,0.0274532543502665,0.0807397993281577,0.0264277688001837,0,0,0,0.0254774168441522,0.164317083928932,0,"SPAL_contig0001403","3'-5' exonuclease domain-containing protein",NA,NA,"A0A0N5BZN7","",NA,"",NA,"",NA,"",NA
"1569","SPAL_0001125700",0,0.0268453582193347,0.0790366113104548,0,0,0,0,0,0.0408689500002371,0,"SPAL_contig0001080","Endonuclease","RT_dom, Aspartic_peptidase_AS, Peptidase_aspartic_dom_sf, RT_RNaseH_2, Rev_trsase/Diguanyl_cyclase, DNA/RNA_pol_sf","aspartic-type endopeptidase activity, proteolysis","A0A0N5BZR6","",NA,"",NA,"SVE_0764800",85.6448,"",NA
"1570","SPAL_0001125800",0,0,0,0,0,0,0,0.0535810357033412,0,0,"SPAL_contig0000967","",NA,"membrane","A0A0N5BZR7","SSTP_0000095500",60.4938,"SRAE_2000208400 | WBGene00262291",60.4938,"SVE_0414400",92.5926,"",NA
"1571","SPAL_0001126000",0,0,0,0,0,0,0,0,0,0,"SPAL_contig0003553","NAD-specific glutamate dehydrogenase",NA,NA,"A0A0N5BZS0","",NA,"",NA,"",NA,"",NA
"1572","SPAL_0001126100",0,0,0.0399006249781582,0,0,0,0,0,0,0.0653892170153763,"SPAL_contig0000842","DDE_3 domain-containing protein","RNaseH_sf","nucleic acid binding","A0A0N5BZS1","SSTP_0001270000",36.25,"",NA,"SVE_0886900",70,"",NA
"1573","SPAL_0001126200",0.0479414296133322,0.0268614789585473,0.158133037212858,0.271155291814939,0.0676266718543024,0,0,0.103954703065862,0.245437659376889,0,"SPAL_contig0001450","CCHC-type domain-containing protein","RT_dom, Znf_CCHC, Peptidase_aspartic_dom_sf, Znf_CCHC_sf, Rev_trsase/Diguanyl_cyclase, DNA/RNA_pol_sf","nucleic acid binding, zinc ion binding, cytoplasm, enzyme binding","A0A0N5BZS2","SSTP_0000289200",4,"SRAE_0000046800 | WBGene00256212",7.60784,"SVE_1124000",5.72549,"",NA
"1574","SPAL_0001126300",0,0,0,0,0,0,0,0,0,0,"SPAL_contig0002089","Bravo_FIGEY domain-containing protein",NA,NA,"A0A0N5BZS3","",NA,"",NA,"",NA,"",NA
"1575","SPAL_0001126800",0.0482834331653853,0.296558417516673,0,0.0537713847018844,0,0.056216626231248,0.0648492270653171,0.0775437468028861,0.122830377087317,0.0664861220860889,"SPAL_contig0000262","F-box domain-containing protein",NA,NA,"A0A0N5BZS8","SSTP_0001163300",39.5257,"SRAE_1000081300 | WBGene00257413",22.1344,"SVE_0083900",84.9802,"",NA
"1576","SPAL_0001129300",0,0.0539764443382094,0,0,0.0627248984921198,0,0,0,0,0,"SPAL_contig0000133","Phage protein",NA,NA,"A0A0N5BZV5","",NA,"",NA,"",NA,"",NA
"1577","SPAL_0001129400",0.0978870016074097,0.0544253250212801,0,0.0534407803100972,0.0337810393541375,0.0279568434403598,0,0.077327597456375,0.123475892712961,0,"SPAL_contig0000133","",NA,NA,"A0A0N5BZV6","SSTP_0000702700",13.3333,"",NA,"",NA,"",NA
"1578","SPAL_0001133200",0,0.18990629555362,0.158126305977622,0,0.135261690418689,0.0283262221563791,0.129075042574267,0.103965302947705,0.122721520472225,0,"SPAL_contig0000812","CCHC-type domain-containing protein","Integrase_cat-core, Znf_CCHC, Peptidase_A2_cat, RNaseH-like_sf, Peptidase_aspartic_dom_sf, RNaseH_sf, Znf_CCHC_sf, RT_RNaseH_2, Integrase_H2C2, Rev_trsase/Diguanyl_cyclase, DNA/RNA_pol_sf","DNA integration, aspartic-type endopeptidase activity, nucleic acid binding, proteolysis, zinc ion binding, hydrolase activity, cytoplasm, DNA biosynthetic process, DNA-directed DNA polymerase activity, DNA polymerase complex, enzyme binding","A0A0N5BZZ5","SSTP_0000986300",40.3522,"SRAE_1000163800 | WBGene00258246",55.1724,"SVE_0270100",88.4079,"",NA
"1579","SPAL_0001133400",0,0,0,0,0,0,0.0644801536901492,0,0,0,"SPAL_contig0001623","Cylicin-2",NA,NA,"A0A0N5BZZ7","",NA,"",NA,"",NA,"",NA
"1580","SPAL_0001133800",0,0.107456952681434,0.0395382390454417,0.027114070444048,0,0.0283212991255402,0.129093810594553,0.0259882615692143,0.163635495435929,0.0661390382671569,"SPAL_contig0001072","Reverse transcriptase domain-containing protein","RT_dom, DNA/RNA_pol_sf",NA,"A0A0N5C001","SSTP_0000831100",37.8965,"",NA,"SVE_1439800",21.4524,"",NA
"1581","SPAL_0001133900",0.0964024285436384,0.0269343271493297,0,0,0.0674878085277003,0.0281506641583001,0,0,0,0,"SPAL_contig0001072","DUF2797 domain-containing protein",NA,NA,"A0A0N5C002","",NA,"SRAE_0000073600 | WBGene00256493",86.1953,"SVE_1439300",31.9865,"",NA
"1582","SPAL_0001134700",0,0.107784912942478,0.119125057456771,0,0.0337856872679803,0.0564087129432289,0,0.0518338348245065,0.0409621313888951,0,"SPAL_contig0000020","BTB domain-containing protein","BTB/POZ_dom, MATH/TRAF_dom, TRAF-like, SKP1/BTB/POZ_sf","protein binding","A0A0N5C010","",NA,"",NA,"",NA,"",NA
"1583","SPAL_0001135000",0,0.134962174153408,0,0,0.0337095706491881,0.0280430324513094,0,0,0.122877339721002,0.133194623026111,"SPAL_contig0000020","BTB domain-containing protein","BTB/POZ_dom, MATH/TRAF_dom, TRAF-like, SKP1/BTB/POZ_sf","protein binding","A0A0N5C013","",NA,"SRAE_2000161000 | WBGene00261815",9.43396,"",NA,"",NA
"1584","SPAL_0001135366",0,0,0,0,0.0333631013744481,0,0.0654001393161983,0.0512623991680619,0,0.0670506172568498,"SPAL_contig0000020","Secreted protein",NA,"membrane","A0A0N5C019","",NA,"",NA,"",NA,"",NA
"1585","SPAL_0001135700",0,0.0280422754165023,0.0405470272391748,0,0.033158386835362,0.0275242272101036,0,0.0252775838621916,0.0409995529280364,0.0666025850590266,"SPAL_contig0000020","",NA,NA,"A0A0N5C024","",NA,"",NA,"SVE_0379500",65.4762,"",NA
"1586","SPAL_0001135900",0,0.0536863849085232,0,0,0,0,0,0,0,0,"SPAL_contig0000020","Serpentine receptor class gamma","7TM_GPCR_serpentine_rcpt_Srg, GPCR_Rhodpsn_7TM","transmembrane signaling receptor activity, sensory perception of chemical stimulus, membrane","A0A0N5C026","",NA,"",NA,"",NA,"",NA
"1587","SPAL_0001137350",0,0.058067808943855,0.121315505232469,0,0.0325102617393153,0.0278429326860671,0,0.0748961755738714,0,0,"SPAL_contig0000020","",NA,NA,"A0A0N5C041","",NA,"",NA,"",NA,"",NA
"1588","SPAL_0001139600",0.0489619837372966,0,0.0403774735232735,0,0.199147007010766,0.0548066600568046,0,0,0,0.0667027662391841,"SPAL_contig0000542","Transposase",NA,NA,"A0A0N5C065","SSTP_0000480100",26.8817,"SRAE_2000420700 | WBGene00264436",25.8065,"SVE_0884600",63.4409,"",NA
"1589","SPAL_0001140400",0,0,0,0,0,0,0,0.0197323861299567,0,0,"SPAL_contig0003765","",NA,NA,NA,"",NA,"",NA,"",NA,"",NA
"1590","SPAL_0001140500",0,0.0538883933556856,0.0397131734836964,0.0539006513616485,0,0.028170161768397,0.13991232398193,0.315447774652198,0,0.066417910008287,"SPAL_contig0002623","ANF_receptor domain-containing protein","Peripla_BP_I",NA,"A0A0N5C073","SSTP_0001143400",30.1639,"",NA,"",NA,"",NA
"1591","SPAL_0001140900",0,0,0,0,0,0,0.119474521814864,0.0257945937125647,0.0409555972912953,0,"SPAL_contig0000658","CULLIN_2 domain-containing protein",NA,NA,"A0A0N5C077","",NA,"",NA,"SVE_1674100",24.0385,"",NA
"1592","SPAL_0001142166",0,0.10798707970233,0,0.0270062264641765,0.101490839224186,0,0,0,0,0,"SPAL_contig0000380","Rab-GAP TBC domain-containing protein",NA,NA,"A0A0N5C091","",NA,"",NA,"SVE_1274200",23.7785,"",NA
"1593","SPAL_0001142300",0.0480481574247082,0.0537689649356118,0,0,0,0.0282205627070564,0,0,0,0,"SPAL_contig0000380","DUF659 domain-containing protein",NA,NA,"A0A0N5C093","",NA,"",NA,"SVE_1274600",29.0749,"",NA
"1594","SPAL_0001142325",0,0.162273296266267,0,0,0,0,0.259436041593866,0.225400064656475,0,0,"SPAL_contig0000380","ATPase_AAA_core domain-containing protein",NA,NA,"A0A0N5C094","",NA,"",NA,"",NA,"",NA
"1595","SPAL_0001142700",0,0,0,0.0543216667865773,0,0,0,0,0,0,"SPAL_contig0003718","Lipase_3 domain-containing protein","AB_hydrolase",NA,"A0A0N5C097","SSTP_0000537800 | SSTP_0000537800",45.0704,"",NA,"SVE_0342900",60.0939,"",NA
"1596","SPAL_0001142775",0,0.0805295086202333,0,0,0,0,0,0,0,0,"SPAL_contig0000383","Biogenesis of lysosome-related organelles complex 1 subunit BLS1",NA,NA,"A0A0N5C098","",NA,"",NA,"SVE_1277800",70.1031,"",NA
"1597","SPAL_0001142800",0,0.0805295964332657,0,0,0,0,0,0,0,0,"SPAL_contig0000383","C2H2-type domain-containing protein",NA,NA,"A0A0N5C099","",NA,"",NA,"SVE_1278300",82.3529,"",NA
"1598","SPAL_0001142900",0,0.0539301866209003,0.03972815747159,0.0540777343523107,0,0.056514353281495,0,0.0519191888624815,0,0,"SPAL_contig0000383","MADF domain-containing protein",NA,NA,"A0A0N5C0A0","",NA,"",NA,"SVE_1278000",32.4397,"",NA
"1599","SPAL_0001143200",0,0.0274520658627216,0,0.0608535174728562,0,0.0554366895413046,0.131188263016908,0.0357940561655148,0.164686877421521,0.121633209086572,"SPAL_contig0002164","Helicase ATP-binding domain-containing protein","DEAD/DEAH_box_helicase_dom, Helicase_ATP-bd, P-loop_NTPase","nucleic acid binding, ATP binding, hydrolase activity, nucleotide binding, RNA binding, helicase activity","A0A0N5C0A3","",NA,"",NA,"",NA,"",NA
"1600","SPAL_0001143400",0,0.0577700493296067,0.0802115739383618,0.46759976154955,0,0.0278408081423044,0,0.0246332492091892,0.0371380631834705,0,"SPAL_contig0002559","Integrase",NA,NA,"A0A0N5C0A5","",NA,"",NA,"SVE_0155000",73.7705,"",NA
"1601","SPAL_0001143600",0,0,0.0160639800677105,0,0.0292086609890526,0,0,0,0,0,"SPAL_contig0002559","","Di-copper_centre_dom_sf",NA,"A0A0N5C0A7","",NA,"",NA,"",NA,"",NA
"1602","SPAL_0001143800",0,0,0,0,0,0,0,0,0,0,"SPAL_contig0000371","Conserved domain protein",NA,NA,"A0A0N5C0A9","",NA,"",NA,"",NA,"",NA
"1603","SPAL_0001144200",0,0.0449851080022063,0.019903414924464,0.0268993588385576,0,0,0,0.0808035545150848,0.0390334245240831,0,"SPAL_contig0001546","Tachykinin",NA,NA,"A0A0N5C0B3","",NA,"",NA,"SVE_0743600",80,"",NA
"1604","SPAL_0001145300",0,0.107762038929736,0.158866081476314,0.0807291799972028,0,0,0,0.077580929144463,0.122784165651592,0.0664213154652192,"SPAL_contig0000246","Serpentine receptor class gamma","7TM_GPCR_serpentine_rcpt_Srg, GPCR_Rhodpsn_7TM","transmembrane signaling receptor activity, sensory perception of chemical stimulus, membrane","A0A0N5C0C4","",NA,"",NA,"",NA,"",NA
"1605","SPAL_0001145400",0,0.312352170736733,0.0404533999374573,0.134041371253656,0,0.0551037483851312,0.0646181092404022,0.0251527465485815,0.081508629762007,0.0660242880969184,"SPAL_contig0000246","RNA polymerase subunit sigma-70",NA,NA,"A0A0N5C0C5","",NA,"",NA,"SVE_2010700",25,"",NA
"1606","SPAL_0001145700",0,0,0,0,0,0,0.0816718228397759,0.0993933658656627,0,0,"SPAL_contig0002105","CCHC-type domain-containing protein","Znf_CCHC, Peptidase_aspartic_dom_sf, Znf_CCHC_sf","nucleic acid binding, zinc ion binding, cytoplasm, enzyme binding","A0A0N5C0C8","",NA,"",NA,"SVE_0769000",12.5506,"",NA
"1607","SPAL_0001145800",0,0.029499270265058,0,0.0330245117215356,0,0,0,0,0,0,"SPAL_contig0002105","Integrase catalytic domain-containing protein","Integrase_cat-core, RNaseH-like_sf, RNaseH_sf, Integrase_H2C2","DNA integration, nucleic acid binding","A0A0N5C0C9","",NA,"",NA,"SVE_1317600",56.2319,"",NA
"1608","SPAL_0001146500",0,0,0,0,0,0.0283646012101357,0,0,0,0,"SPAL_contig0001607","",NA,NA,"A0A0N5C0D6","",NA,"",NA,"",NA,"",NA
"1609","SPAL_0001146600",0,0.189860764743426,0,0,0.16881870652929,0.30816232760331,0.0652794140517154,0.0516076314516949,0,0,"SPAL_contig0001607","",NA,NA,"A0A0N5C0D7","SSTP_0000700200",41.8605,"",NA,"SVE_0798200",89.5349,"",NA
"1610","SPAL_0001146700",0,0,0,0,0,0,0,0,0,0,"SPAL_contig0001607","Secreted protein",NA,"membrane","A0A0N5C0D8","",NA,"",NA,"",NA,"",NA
"1611","SPAL_0001147400",0,0.0271033545648872,0,0,0,0,0,0,0.0406619179172806,0,"SPAL_contig0000676","",NA,NA,"A0A0N5C0E5","",NA,"",NA,"",NA,"",NA
"1612","SPAL_0001147500",0,0,0,0,0,0,0,0.0510254775387763,0,0,"SPAL_contig0001427","CCHC-type domain-containing protein","Znf_CCHC, Znf_CCHC_sf","nucleic acid binding, zinc ion binding, cytoplasm, enzyme binding","A0A0N5C0E6","",NA,"",NA,"SVE_1285400",48.495,"",NA
"1613","SPAL_0001147600",0,0.0806143399105224,0.062090751772572,0,0.0675502273223063,0,0.193750180629283,0.285341396231241,0,0,"SPAL_contig0002360","Rhoptry neck protein 5",NA,NA,"A0A0N5C0E7","",NA,"",NA,"",NA,"",NA
"1614","SPAL_0001161300",0,0.0268599337762959,0,0,0,0,0,0,0.490494638569868,0,"SPAL_contig0001667","Metalloendopeptidase","CUB_dom, Peptidase_M12A, Peptidase_Metallo, MetalloPept_cat_dom_sf, Astacin-like_dom, Sperma_CUB_dom_sf","metalloendopeptidase activity, metallopeptidase activity, proteolysis, zinc ion binding, hydrolase activity, metal ion binding, peptidase activity","A0A0N5C0T6","",NA,"SRAE_2000523700 | WBGene00265497",29.4221,"",NA,"",NA
"1615","SPAL_0001161400",0,0,0,0,0,0,0,0,0.531699877247755,0,"SPAL_contig0001667","Metalloendopeptidase","Peptidase_M12A, Peptidase_Metallo, MetalloPept_cat_dom_sf","metalloendopeptidase activity, metallopeptidase activity, proteolysis, zinc ion binding, hydrolase activity, metal ion binding, peptidase activity","A0A0N5C0T7","",NA,"SRAE_2000523700 | WBGene00265497",42.1053,"",NA,"",NA
"1616","SPAL_0001161900",0,0.0809862563150101,0.0796195890449351,0.05383843260199,0.16887684020462,0.0281435117128538,0,0.0258806571470754,0.122990433343304,0.0665747219112497,"SPAL_contig0000741","",NA,NA,NA,"",NA,"",NA,"",NA,"",NA
"1617","SPAL_0001162200",0.0479637027851762,0,0,0.0270800314303272,0,0,0,0,0.0408967390229702,0.132296735772219,"SPAL_contig0001572","THAP-type domain-containing protein",NA,NA,"A0A0N5C0U4","",NA,"SRAE_0000071000 | WBGene00256462",7.17762,"SVE_0271700",75.4258,"",NA
"1618","SPAL_0001162300",0,0.026878407754991,0.0440019791696238,0.0270715381016743,0,0,0.0718698602844464,0.0259614968340778,0.204556968408976,0,"SPAL_contig0002993","Reverse transcriptase domain-containing protein","RT_dom, RNaseH-like_sf, RNaseH_sf, RT_RNaseH, Integrase_H2C2, Rev_trsase/Diguanyl_cyclase, DNA/RNA_pol_sf","nucleic acid binding, DNA biosynthetic process, DNA-directed DNA polymerase activity, DNA polymerase complex","A0A0N5C0U5","",NA,"SRAE_0000074200 | WBGene00256499",28.0236,"",NA,"",NA
"1619","SPAL_0001162600",0,0,0,0,0,0,0,0,0,0,"SPAL_contig0001261","Endo/exonuclease/phosphatase domain-containing protein","Swc5/CFDP1/2, Endo/exonu/phosph_ase_sf",NA,"A0A0N5C0U8","",NA,"",NA,"SVE_0277800",54.0084,"",NA
"1620","SPAL_0001163000",0,0,0,0,0,0,0,0,0,0,"SPAL_contig0002658","",NA,NA,"A0A0N5C0V1","SSTP_0000626100",79.6875,"SRAE_1000291300 | WBGene00259530",82.8125,"SVE_0363500",95.3125,"",NA
"1621","SPAL_0001163200",0,0.0372046368006132,0,0,0.0983646166974349,0.0945367379432981,0,0.0781718107322589,0.0592638107812948,0,"SPAL_contig0003141","MFS transporter",NA,NA,"A0A0N5C0V3","",NA,"",NA,"",NA,"",NA
"1622","SPAL_0001163900",0,0.134620100732271,0.158671573155454,0.0539921085307967,0.0337784037881195,0,0.129468415531286,0.0518379104406033,0,0,"SPAL_contig0001326","Reverse transcriptase Ty1/copia-type domain-containing protein","RVT_2, DNA/RNA_pol_sf",NA,"A0A0N5C0W0","",NA,"",NA,"",NA,"",NA
"1623","SPAL_0001164000",0,0,0.0674629987664187,0,0.00812190029328335,0.0217416285955703,0.0776754273244545,0.0803177743899179,0.00139198902436753,0,"SPAL_contig0003317","",NA,NA,"A0A0N5C0W1","",NA,"",NA,"",NA,"",NA
"1624","SPAL_0001164400",0.048214203331885,0.0807297398835862,0,0,0,0,0,0.0257710305550358,0,0,"SPAL_contig0004206","THUMP domain-containing protein","DUF1280",NA,"A0A0N5C0W5","",NA,"SRAE_X000009700 | WBGene00265652",42.9787,"SVE_1013100",1.70213,"",NA
"1625","SPAL_0001164900",0,0,0,0,0,0.0290676592090432,0.0662352308030669,0.102797122197435,0,0,"SPAL_contig0000162","Ovule protein",NA,NA,"A0A0N5C0X0","",NA,"",NA,"",NA,"",NA
"1626","SPAL_0001166300",0,0.0542730827712822,0.0400581666346898,0.116028591860006,0,0.05622147323478,0,0.0776355334288382,0,0,"SPAL_contig0002734","Phage_integrase domain-containing protein","Integrase_catalytic, DNA_brk_join_enz, Integrase-like_cat_sf","DNA integration, DNA recombination, DNA binding","A0A0N5C0Y4","",NA,"",NA,"SVE_1099100",53.4392,"",NA
"1627","SPAL_0001166500",0,0.0550995131305742,0.0401047130409103,0,0,0.0272080554668479,0.0645289446750243,0,0,0.0660746084267795,"SPAL_contig0003283","polo kinase","POLO_box_dom, POLO_box_1, POLO_box_dom_sf","protein binding, nucleotide binding, ATP binding, kinase activity, phosphorylation, protein serine/threonine kinase activity","A0A0N5C0Y6","",NA,"",NA,"SVE_1882800",56.1798,"",NA
"1628","SPAL_0001166600",0,0,0,0,0,0,0,0.0257154097961267,0.124138242617807,0,"SPAL_contig0003324","Transposase",NA,NA,"A0A0N5C0Y7","",NA,"",NA,"",NA,"",NA
"1629","SPAL_0001166700",0,0.0548067972920108,0.080511435289696,0.0322777851087067,0,0,0.0653122957446618,0.101612948779611,0.0409707027859654,0,"SPAL_contig0003838","",NA,NA,"A0A0N5C0Y8","",NA,"",NA,"SVE_0905500",33.6449,"",NA
"1630","SPAL_0001168300",0,0,0.0394916900789667,0,0,0,0,0,0,0,"SPAL_contig0003157","DHB7","SDR_fam, NAD(P)-bd_dom_sf",NA,"A0A0N5C104","SSTP_0000612000 | SSTP_0000612000",78.626,"SRAE_1000066600 | WBGene00257263",77.8626,"SVE_0682900",88.5496,"drd-5 | WBGene00018885",34.3511
"1631","SPAL_0001169800",0,0,0,0,0,0,0,0.0260163427022192,0,0,"SPAL_contig0003776","HTH_48 domain-containing protein","Homeobox-like_sf, ArsR-like_HTH, WH-like_DNA-bd_sf, RNaseH_sf, Mos1_HTH","nucleic acid binding","A0A0N5C120","SSTP_0000706100",9.03614,"",NA,"",NA,"",NA
"1632","SPAL_0001169900",0,0,0,0,0,0,0,0,0,0,"SPAL_contig0003776","Histone-lysine N-methyltransferase SETMAR","RNaseH_sf","nucleic acid binding","A0A0N5C121","",NA,"",NA,"SVE_0587400",65.7895,"",NA
"1633","SPAL_0001171600",0,0.0816190742066239,0.0803990776299556,0.0267445437364953,0,0.0280011038812011,0,0.0257975643328071,0.123497695336901,0,"SPAL_contig0000081","",NA,NA,NA,"",NA,"",NA,"",NA,"",NA
"1634","SPAL_0001173500",0,0.0274032184154156,0,0.0267725218923838,0.101771224217922,0.507887316283307,0,0.0258283805595902,0.0827085637420747,0,"SPAL_contig0000081","DNA-directed RNA polymerase",NA,NA,"A0A0N5C157","",NA,"SRAE_1000329000 | WBGene00259907",30.1471,"SVE_1810100",23.5294,"",NA
"1635","SPAL_0001174200",0,0.0597846706357059,0.356314783432078,0.301863062723336,0,0.0565437293597521,0,0,0.0818369246254496,0.0662223063049271,"SPAL_contig0003325","Retrotransposable element","RT_dom, Integrase_cat-core, RNaseH-like_sf, RNaseH_sf, RT_RNaseH_2, Integrase_H2C2, Rev_trsase/Diguanyl_cyclase, DNA/RNA_pol_sf","DNA integration, nucleic acid binding, DNA biosynthetic process, DNA-directed DNA polymerase activity, DNA polymerase complex","A0A0N5C164","",NA,"",NA,"SVE_1306200",41.1467,"",NA
"1636","SPAL_0001174300",0,0,0.0257888903212676,0,0,0,0,0.0256307636469559,0,0.0665382750030559,"SPAL_contig0000612","Helitron_like_N domain-containing protein","Helitron_helicase-like",NA,"A0A0N5C165","",NA,"",NA,"",NA,"",NA
"1637","SPAL_0001174900",0,0.0270296426991877,0,0,0,0.0280885347147391,0,0,0.0820352227348896,0,"SPAL_contig0003675","Reverse transcriptase domain-containing protein","RT_dom, DNA/RNA_pol_sf",NA,"A0A0N5C171","",NA,"",NA,"",NA,"",NA
"1638","SPAL_0001175000",0,0.0269853479437869,0,0.0270251057819272,0,0.0564913050848804,0.40806089834063,0.317178138337006,0,0,"SPAL_contig0001089","Reverse transcriptase domain-containing protein","RT_dom, Rev_trsase/Diguanyl_cyclase, DNA/RNA_pol_sf",NA,"A0A0N5C172","",NA,"",NA,"",NA,"",NA
"1639","SPAL_0001175100",0,0.241828081492289,0.079091637263987,0.0542457208556777,0.10146929503808,0.0283302237122424,0.258239299904028,0.0519918757609547,0,0,"SPAL_contig0001089","Endonuclease","RT_dom, Integrase_cat-core, Znf_CCHC, Peptidase_A2_cat, RNaseH-like_sf, Peptidase_aspartic_dom_sf, RNaseH_sf, Znf_CCHC_sf, RT_RNaseH_2, Integrase_H2C2, Rev_trsase/Diguanyl_cyclase, DNA/RNA_pol_sf","DNA integration, aspartic-type endopeptidase activity, nucleic acid binding, proteolysis, zinc ion binding, hydrolase activity, cytoplasm, DNA biosynthetic process, DNA-directed DNA polymerase activity, DNA polymerase complex, enzyme binding","A0A0N5C173","SSTP_0000665900",76.5176,"",NA,"",NA,"",NA
"1640","SPAL_0001175200",0,0,0,0,0,0,7.72432667698577e-07,0,0,0,"SPAL_contig0001621","DEAD domain-containing protein","DEAD/DEAH_box_helicase_dom, P-loop_NTPase","nucleic acid binding, ATP binding, hydrolase activity, nucleotide binding, RNA binding, helicase activity","A0A0N5C174","",NA,"",NA,"SVE_0709800",31.2757,"",NA
"1641","SPAL_0001175300",0,0,0,0,0,0,0,0,0,0,"SPAL_contig0001621","Glyco_hydro_30C domain-containing protein","Glyco_hydro_b, GH30_C",NA,"A0A0N5C175","",NA,"",NA,"",NA,"",NA
"1642","SPAL_0001175500",0,0,6.47744026641228e-06,0.132868355320219,0,0,0,0.00953480041962274,0.00239659906082847,0,"SPAL_contig0001987","DUF4476 domain-containing protein",NA,NA,"A0A0N5C177","SSTP_0000289600",7.64331,"",NA,"",NA,"",NA
"1643","SPAL_0001175600",0,0.144741153500766,0,0.000355232671457717,0,0,0,0,0,0.0383203261379347,"SPAL_contig0003969","USP domain-containing protein","Peptidase_C19_UCH, USP_dom, Papain-like_cys_pep_sf","protein deubiquitination, cysteine-type deubiquitinase activity","A0A0N5C178","",NA,"",NA,"SVE_0780400",39.8844,"",NA
"1644","SPAL_0001175800",0,0.0313414758158699,0,0,0.0337765779599609,0,0.0645566108923573,0,0.0408871082275104,0,"SPAL_contig0002845","Integrase catalytic domain-containing protein","Integrase_cat-core, RNaseH-like_sf, RNaseH_sf, RT_RNaseH_2, Integrase_H2C2, Rev_trsase/Diguanyl_cyclase, DNA/RNA_pol_sf","DNA integration, nucleic acid binding, DNA biosynthetic process, DNA-directed DNA polymerase activity, DNA polymerase complex","A0A0N5C180","",NA,"",NA,"",NA,"",NA
"1645","SPAL_0001176300",0,0.162958783999889,0,0,0.0843531700734971,0.0359962502116213,0,0.0258471733452588,0.105228110019431,0.206449164035819,"SPAL_contig0001487","C2H2-type domain-containing protein",NA,NA,"A0A0N5C185","SSTP_0000680300",45.2055,"",NA,"SVE_1937400",70.3196,"",NA
"1646","SPAL_0001178100",0,0,0,0,0,0,0,0,0,0,"SPAL_contig0003074","BZIP domain-containing protein",NA,NA,"A0A0N5C1A4","",NA,"",NA,"SVE_1308700",26.257,"",NA
"1647","SPAL_0001178200",0,0.0807275731608723,0,0.0540111294746731,0,0,0.194077511919576,0,0,0,"SPAL_contig0003074","UDENN domain-containing protein",NA,NA,"A0A0N5C1A5","",NA,"",NA,"SVE_1152600",31.2808,"",NA
"1648","SPAL_0001178700",0,0.054246116216022,0.120209211067105,0.0799057245238761,0.0673432467444843,0,0.130535302596532,0.102772267501031,0,0,"SPAL_contig0004342","Carn_acyltransf domain-containing protein",NA,NA,"A0A0N5C1B0","",NA,"",NA,"SVE_1330200",0,"",NA
"1649","SPAL_0001178800",0,0.107721589540491,0,0.0270726978234571,0.0338302042241756,0,0,0,0,0,"SPAL_contig0001340","DDE_Tnp_1_7 domain-containing protein","PGBD",NA,"A0A0N5C1B1","",NA,"",NA,"",NA,"",NA
"1650","SPAL_0001179600",0.0969068444854397,0.296848979387093,0,0,0,0.0278904277421904,0,0,0.449749735093554,0,"SPAL_contig0003024","Glycosyltransferase family 92 protein",NA,NA,"A0A0N5C1B9","",NA,"",NA,"SVE_0882200",91.4286,"",NA
"1651","SPAL_0001179700",0,0.0541701272177667,0,0.107674962277804,0,0,0,0,0,0,"SPAL_contig0000663","RT_RNaseH_2 domain-containing protein",NA,NA,"A0A0N5C1C0","SSTP_0001144300",0,"",NA,"SVE_1918800",84.2593,"",NA
"1652","SPAL_0001179800",0.0480994869939412,0.080501377159923,0,0,0,0,0,0,0.081450936014711,0,"SPAL_contig0000663","",NA,NA,"A0A0N5C1C1","",NA,"",NA,"SVE_1918900",59.3607,"",NA
"1653","SPAL_0001179825",0,0,0,0.0269677727542048,0,0,0,0,0,0.0665387977574898,"SPAL_contig0000663","",NA,NA,"A0A0N5C1C2","",NA,"",NA,"SVE_1919000",77.1127,"",NA
"1654","SPAL_0001180200",0,0.105307409272412,0,0,0,0,0,0.0144621789572848,0.0530050898741097,0,"SPAL_contig0002362","HTH_48 domain-containing protein","WH-like_DNA-bd_sf, Mos1_HTH",NA,"A0A0N5C1C6","",NA,"",NA,"SVE_2015500",34.3434,"",NA
"1655","SPAL_0001180500",0,0.0827286351731778,0,0,0,0.0275377700349117,0,0,0.0410178491958768,0,"SPAL_contig0000665","Biogenesis of lysosome-related organelles complex 1 subunit 7",NA,NA,"A0A0N5C1D0","",NA,"",NA,"",NA,"",NA
"1656","SPAL_0001180800",0.168153921630778,0.0538031581831054,0,0,0,0.056411026991751,0.0646761482379403,0.0837204453356723,0,0,"SPAL_contig0003826","ANF_receptor domain-containing protein","ANF_lig-bd_rcpt, Peripla_BP_I","membrane","A0A0N5C1D3","",NA,"",NA,"",NA,"",NA
"1657","SPAL_0001180900",0.0481875086787714,0.19238557622958,0,0.013478181221036,0,0.0281751314792255,0.129537165871431,0,0,0,"SPAL_contig0002466","",NA,NA,"A0A0N5C1D4","",NA,"",NA,"SVE_0768500",15.0943,"",NA
"1658","SPAL_0001181000",0,0.0813370717679077,0.0400075396457769,0,0.0669053337165248,0,0,0.0254485565581104,0,0.0667662936525518,"SPAL_contig0002466","BTB domain-containing protein","BTB/POZ_dom, SKP1/BTB/POZ_sf","protein binding","A0A0N5C1D5","",NA,"",NA,"",NA,"",NA
"1659","SPAL_0001181800",0,0.135619039970294,0,0.0534900526537167,0.033746860558638,0,0.0652859208543932,0.0257819494843456,0.0410762598033398,0,"SPAL_contig0000319","WS_DGAT_C domain-containing protein",NA,NA,"A0A0N5C1E3","",NA,"",NA,"SVE_0327200",44.3114,"",NA
"1660","SPAL_0001182850",0.0471549485412231,0.0582612832772393,0,0,0.031703503910619,0,0,0,0,0,"SPAL_scaffold0000039","",NA,NA,"A0A0N5C1F3","",NA,"",NA,"",NA,"",NA
"1661","SPAL_0001184900",0,0,0,0,0,0,0,0,0.368099143605255,0,"SPAL_contig0001583","Hyaluronidase","Aldolase_TIM, Glycoside_hydrolase_SF, Hyaluronidase","hyalurononglucosaminidase activity, carbohydrate metabolic process, hydrolase activity, metabolic process, hydrolase activity, acting on glycosyl bonds","A0A0N5C1H4","SSTP_0000638200",57.9336,"SRAE_X000016500 | WBGene00265721",46.8635,"",NA,"chhy-1 | WBGene00011923",28.4133
"1662","SPAL_0001185000",0,0.0546762210684367,0,0.0268877686250553,0,0.0562718194731741,0,0,0,0,"SPAL_contig0002199","Protein kinase domain-containing protein","Kinase-like_dom_sf",NA,"A0A0N5C1H5","SSTP_0000700400",39.4904,"",NA,"SVE_1244600",82.1656,"",NA
"1663","SPAL_0001185100",0.0490431176392387,0,0,0,0.10110433952306,0.0277998769413765,0,0,0,0,"SPAL_contig0002199","Biogenesis of lysosome-related organelles complex 1 subunit KXD1",NA,NA,"A0A0N5C1H6","",NA,"",NA,"SVE_1453700",66.4122,"",NA
"1664","SPAL_0001185125",0,0,0,0,0,0,0,0,0,0,"SPAL_contig0002199","",NA,NA,"A0A0N5C1H7","",NA,"",NA,"SVE_0368400",87.3418,"",NA
"1665","SPAL_0001185325",0,0.0545856421677217,0,0.0267199732647508,0.0338242680783747,0,0,0,0,0,"SPAL_contig0000403","DUF2326 domain-containing protein",NA,NA,"A0A0N5C1I0","SSTP_0000704750",14.8936,"",NA,"",NA,"",NA
"1666","SPAL_0001185400",0,0,0.0398904854733597,0.0597784623922798,0,0,0.0696920161285764,0.340104873407803,0,0.0666912034751267,"SPAL_scaffold0000038","Craniofacial development protein 2-like","Endo/exonu/phosph_ase_sf",NA,"A0A0N5C1I1","",NA,"",NA,"SVE_0677200",30,"",NA
"1667","SPAL_0001190675",0.094042585548407,0.0273336831045138,0,0,0,0,0,0,0,0,"SPAL_contig0000768","60S ribosomal protein L27",NA,NA,"A0A0N5C1N4","",NA,"",NA,"",NA,"",NA
"1668","SPAL_0001190700",0,0.0279874395091956,0,0,0.01942286863482,0.0554854152467823,0,0,0,0,"SPAL_contig0000768","Histone-lysine N-methyltransferase SETMAR","RNaseH_sf","nucleic acid binding","A0A0N5C1N5","SSTP_0000004800",63.3028,"",NA,"",NA,"",NA
"1669","SPAL_0001190800",0.0489558243796331,0.0559121816889745,0.161571389431259,0.0264855902436198,0.428997506022124,0.0274182881655687,0,0,0,0,"SPAL_contig0002151","",NA,NA,"A0A0N5C1N6","",NA,"",NA,"SVE_0278500",49.3976,"",NA
"1670","SPAL_0001192400",0,0.0270724888240425,0,0,0.0338190755101536,0.0281409804235018,0,0.0258928025343654,0.0821713740564561,0,"SPAL_contig0000908","LAG1_DNAbind domain-containing protein",NA,NA,"A0A0N5C1Q2","",NA,"",NA,"",NA,"",NA
"1671","SPAL_0001192500",0,0.0268660853407959,0,0,0,0,0.19373812362245,0.0777256054879383,0,0.0661818816621918,"SPAL_contig0000908","Reverse transcriptase domain-containing protein",NA,NA,"A0A0N5C1Q3","SSTP_0001128700",36.3825,"",NA,"SVE_1778500",21.6216,"",NA
"1672","SPAL_0001192700",0.143956901864005,0.0806116867993476,0.0465621961340825,0,0.14113234496161,0.0884484811537247,0.129149975749362,0.227521866766211,0.131242148512242,0,"SPAL_contig0002766","CCHC-type domain-containing protein","Znf_CCHC, Peptidase_aspartic_dom_sf, RT_RNaseH_2, Rev_trsase/Diguanyl_cyclase, DNA/RNA_pol_sf","nucleic acid binding, zinc ion binding","A0A0N5C1Q5","",NA,"SRAE_0000054000 | WBGene00256286",1.42045,"SVE_0612300",0.852273,"",NA
"1673","SPAL_0001193100",0,0,0,0,0,0,0,0,0.0409079673072295,0,"SPAL_contig0001332","",NA,NA,"A0A0N5C1Q9","",NA,"",NA,"SVE_0278500",46.5909,"",NA
"1674","SPAL_0001193225",0,0,0,0.0880207070204494,0,4.87588546804272e-10,0,0,0,0,"SPAL_contig0001332","",NA,NA,"A0A0N5C1R1","",NA,"",NA,"SVE_0318300",78.5714,"",NA
"1675","SPAL_0001193600",0,0.0268432320369994,0,0,0,0,0,0,0,0,"SPAL_contig0001468","NBPF",NA,NA,"A0A0N5C1R6","",NA,"SRAE_1000049000 | WBGene00257087",64.2857,"SVE_0078600",85.7143,"",NA
"1676","SPAL_0001193700",0,0.188389348131638,0.0396569721166384,0.0269608660632502,0.0337491725107661,0,0.064713034276666,0.103563803050001,0.0409141726048722,0.0663261773109241,"SPAL_contig0001468","","NA-bd_OB-fold",NA,"A0A0N5C1R7","",NA,"",NA,"SVE_1654400",12.2449,"",NA
"1677","SPAL_0001193800",0,0.112323472908938,0,0.026601133231175,0,0.0552522578905932,0.196131769376936,0.304636993898593,0,0.0670004625549909,"SPAL_contig0000275","",NA,NA,"A0A0N5C1R8","",NA,"",NA,"",NA,"",NA
"1678","SPAL_0001194100",0,0,0,0,0,0,0,0,0,0,"SPAL_contig0000275","Integrase_H2C2 domain-containing protein","Integrase_H2C2",NA,"A0A0N5C1S1","SSTP_0000943500",1.42857,"",NA,"SVE_1334000",46.4286,"",NA
"1679","SPAL_0001194200",0,0,0,0,0,0,0,0,0,0,"SPAL_contig0000275","Helitron_like_N domain-containing protein",NA,NA,"A0A0N5C1S2","",NA,"",NA,"SVE_0292800",57.1429,"",NA
"1680","SPAL_0001196200",0,0.0538763715331193,0,0,0,0.028269569436871,0,0.0259637206764524,0.286832134437665,0,"SPAL_scaffold0000031","Glycosyltransferase family 17","Glyco_trans_14","glycosyltransferase activity, membrane, transferase activity, Golgi membrane","A0A0N5C1U2","",NA,"",NA,"",NA,"T14B4.9 | WBGene00020503",23.918
"1681","SPAL_0001198433",0,0.0562449815111474,0.121675663233482,0.0266374872079463,0,0.0275339357633825,0.0649522560571835,0.100975255481078,0.0818486123278309,0,"SPAL_scaffold0000031","Rad51 domain-containing protein","DNA_recomb/repair_Rad51_C, P-loop_NTPase",NA,"A0A0N5C1W5","",NA,"",NA,"",NA,"",NA
"1682","SPAL_0001200800",0,0.0539004613573517,0.0397132155330521,0.107974109793681,0.0675860838991245,0.0846369517019227,0.12960825941404,0.0518470786990703,0.12290842701603,0,"SPAL_scaffold0000031","COesterase domain-containing protein","CarbesteraseB, AB_hydrolase",NA,"A0A0N5C1Z0","",NA,"",NA,"SVE_0777300",10.9467,"",NA
"1683","SPAL_0001202200",0,0.107592742959478,0,0.108392174881541,0.0338257099144824,0.0390173534706794,0.235376754553442,0.272787355150349,0.1228313899248,0,"SPAL_scaffold0000031","Integrase catalytic domain-containing protein","RT_dom, Integrase_cat-core, RNaseH-like_sf, RNaseH_sf, RT_RNaseH_2, Integrase_H2C2, Rev_trsase/Diguanyl_cyclase, DNA/RNA_pol_sf","DNA integration, nucleic acid binding, DNA biosynthetic process, DNA-directed DNA polymerase activity, DNA polymerase complex","A0A0N5C203","",NA,"",NA,"",NA,"",NA
"1684","SPAL_0001202400",0,0.0268090756066154,0.118625880043138,0,0,0,0,0,0,0,"SPAL_contig0002285","SCP domain-containing protein","CAP_sf",NA,"A0A0N5C205","SSTP_0001018100",26.4463,"SRAE_2000420700 | WBGene00264436",26.4463,"SVE_0884900",71.0744,"",NA
"1685","SPAL_0001202600",0,0,0,0,0,0,0,0,0,0,"SPAL_contig0002285","Site-specific DNA-methyltransferase (adenine-specific)",NA,NA,"A0A0N5C207","",NA,"SRAE_X000141200 | WBGene00266980",83.0189,"",NA,"",NA
"1686","SPAL_0001202668",0,0,0,0,0,0,0,0,0,0.0660649313895681,"SPAL_contig0000194","",NA,NA,"A0A0N5C208","",NA,"",NA,"",NA,"",NA
"1687","SPAL_0001202700",0,0,0.0397407870131387,0.0270053979871679,0.0338117475103766,0,0,0,0,0,"SPAL_contig0000194","DC_STAMP domain-containing protein",NA,"membrane","A0A0N5C210","SSTP_0000328200",47.5904,"",NA,"SVE_0323900",43.0723,"",NA
"1688","SPAL_0001202800",0,0.0268432194230097,0,0,0,0,0,0,0,0,"SPAL_contig0000194","General transcription factor II-I repeat domain-containing protein 2B",NA,NA,"A0A0N5C211","SSTP_0000328300",29.5455,"",NA,"SVE_0323800",74.2424,"",NA
"1689","SPAL_0001202900",0,0,0,0,0,0,0.0651685965634222,0.0256911591463998,0.0819637352678851,0,"SPAL_contig0000194","",NA,NA,"A0A0N5C212","",NA,"",NA,"SVE_1489800",56.6879,"",NA
"1690","SPAL_0001202933",0.0973053008975353,0.0542350965693991,0,0,0,0.0274628397170858,0.0648922354529081,0,0,0,"SPAL_contig0000194","Transcriptional regulator",NA,NA,"A0A0N5C213","",NA,"",NA,"",NA,"",NA
"1691","SPAL_0001202966",0,0.0538897951797613,0,0,0,0,0,0,0.0407456459090345,0,"SPAL_contig0000194","HTH_Tnp_Tc3_2 domain-containing protein",NA,NA,"A0A0N5C214","SSTP_0000563600",31.0811,"",NA,"",NA,"",NA
"1692","SPAL_0001203000",0,0.053686436767528,0,0,0,0,0,0,0,0,"SPAL_contig0000194","Transposable element Tc3 transposase","RNaseH_sf","nucleic acid binding","A0A0N5C215","",NA,"",NA,"",NA,"",NA
"1693","SPAL_0001205100",0,0,0,0,0,0,0,0,0,0,"SPAL_contig0002715","DCB domain-containing protein",NA,NA,"A0A0N5C238","",NA,"",NA,"",NA,"",NA
"1694","SPAL_0001205200",0,0.00976484467402492,0.00368416830773732,0,0,0,0,0,0,0,"SPAL_contig0000810","RNase H domain-containing protein","RNaseH_domain, RNaseH-like_sf, RNaseH_sf","RNA-DNA hybrid ribonuclease activity, nucleic acid binding, RNA phosphodiester bond hydrolysis, endonucleolytic","A0A0N5C239","",NA,"",NA,"SVE_0673200",19.8068,"",NA
"1695","SPAL_0001205400",0.0482682648799818,0.0809070670511726,0,0.0269561167273423,0,0.0281778166696944,0.19457932262104,0.242085940008465,0,0,"SPAL_contig0000929","","7TM_GPCR_serpentine_rcpt_Srt","membrane","A0A0N5C241","SSTP_0000425500 | SSTP_0000425500",64.1379,"SRAE_2000446800 | WBGene00264700",53.4483,"SVE_0350500",80.6897,"srt-23 | WBGene00021947",32.069
"1696","SPAL_0001205900",0,0.0536863696704705,0,0,0,0,0,0,0,0,"SPAL_contig0001808","Product",NA,NA,"A0A0N5C246","SSTP_0001272100",1.03093,"",NA,"",NA,"",NA
"1697","SPAL_0001207500",0.144852270571746,0.0287586607498161,0,0.0271325958610435,0,0,0,0.0497877789290187,0.0402704140768892,0.130216521911393,"SPAL_contig0003669","Ovule protein",NA,NA,"A0A0N5C262","",NA,"",NA,"",NA,"",NA
"1698","SPAL_0001209000",0.048401981230299,0.188340322055165,0.0397377769626706,0,0,0,0,0.0253853531525193,0,0.0664165907405421,"SPAL_contig0000167","Secreted protein",NA,NA,"A0A0N5C277","SSTP_0000540400",43.1655,"SRAE_1000161500 | WBGene00258223",38.8489,"SVE_1163400",72.6619,"",NA
"1699","SPAL_0001209125",0,0,0,0,0,0,0,0,0,0,"SPAL_contig0001567","Ovule protein",NA,NA,"A0A0N5C279","",NA,"",NA,"SVE_0698200",55.3191,"",NA
"1700","SPAL_0001209200",0.0949336963682975,0,0,0,0,0,0,0,0,0.0666372995022866,"SPAL_contig0004252","Capsid and scaffold protein",NA,NA,"A0A0N5C280","",NA,"",NA,"",NA,"",NA
"1701","SPAL_0001209300",0,0,0.0233546907797172,0,0,0,0,0,0,0.0659898688086228,"SPAL_contig0002858","BTB domain-containing protein","BTB/POZ_dom, SKP1/BTB/POZ_sf","protein binding","A0A0N5C281","",NA,"",NA,"SVE_0772400",21.2598,"",NA
"1702","SPAL_0001209400",0.0481573833908683,0.0537740877184549,0,0,0.0336359952143128,0,0,0,0.244981291727088,0,"SPAL_contig0002858","BTB domain-containing protein","BTB/POZ_dom, MATH/TRAF_dom, TRAF-like, SKP1/BTB/POZ_sf","protein binding","A0A0N5C282","",NA,"",NA,"SVE_0772400",38.1526,"",NA
"1703","SPAL_0001209500",0,0,0,0,0.0338298680878922,0,0,0,0,0,"SPAL_contig0001715","RNase H type-1 domain-containing protein","RNaseH_domain, RNaseH-like_sf, RNaseH_sf","RNA-DNA hybrid ribonuclease activity, nucleic acid binding, RNA phosphodiester bond hydrolysis, endonucleolytic","A0A0N5C283","",NA,"SRAE_0000054200 | WBGene00256288",32.3529,"",NA,"",NA
"1704","SPAL_0001209600",0,0,0,0,0,0,0,0,0,0,"SPAL_contig0003484","",NA,NA,"A0A0N5C284","",NA,"",NA,"",NA,"",NA
"1705","SPAL_0001209700",0.0596725851913989,0.0424828764856545,0,0,0,0,0,0,0,0,"SPAL_contig0002304","Endo/exonuclease/phosphatase domain-containing protein","Endo/exonuclease/phosphatase, Endo/exonu/phosph_ase_sf","catalytic activity","A0A0N5C285","",NA,"",NA,"SVE_0633000",25.0836,"",NA
"1706","SPAL_0001210200",0,0.02680264205974,0.0395513078659173,0,0,0,0,0,0,0,"SPAL_contig0001319","General stress protein",NA,NA,"A0A0N5C290","",NA,"",NA,"",NA,"",NA
"1707","SPAL_0001210400",0,0,0.281422814328876,0,0.0347024977095921,1.493369450756e-09,0,0.00699165239246597,0,0,"SPAL_contig0003574","ULP_PROTEASE domain-containing protein",NA,NA,"A0A0N5C292","SSTP_0000564500",46.5347,"SRAE_1000293000 | WBGene00259547",19.802,"SVE_0158100",87.1287,"",NA
"1708","SPAL_0001210475",0,0,0,0,0,0,0,0,0,0.0660650279648801,"SPAL_contig0000710","Movement protein",NA,"membrane","A0A0N5C293","",NA,"",NA,"",NA,"",NA
"1709","SPAL_0001210500",0,0.0536959464130827,0,0,0,0,0,0,0.0408926825496701,0,"SPAL_contig0000710","Reverse transcriptase domain-containing protein","RT_dom, Aspartic_peptidase_AS, Peptidase_aspartic_dom_sf, RT_RNaseH_2, Integrase_H2C2, Rev_trsase/Diguanyl_cyclase, DNA/RNA_pol_sf","aspartic-type endopeptidase activity, proteolysis","A0A0N5C294","SSTP_0000067100",16.0215,"",NA,"SVE_1279400",22.3656,"",NA
"1710","SPAL_0001216400",0,0,0.040073503951073,0,0.0335925170072925,0.0277450839157344,0,0,0.0409517983837199,0.133921166520534,"SPAL_contig0000016","RING-type domain-containing protein","Znf_RING, Znf_RING/FYVE/PHD","metal ion binding","A0A0N5C2F4","",NA,"",NA,"SVE_0637000",31.3869,"",NA
"1711","SPAL_0001218250",0.148328166769566,0,0.040712435711751,0.0265558892469014,0.0335844661172112,0.110905200066058,0,0.153230433444313,0.0825974368378094,0,"SPAL_contig0000076","",NA,NA,"A0A0N5C2H3","",NA,"",NA,"SVE_2007200",51.0204,"",NA
"1712","SPAL_0001219000",0.0488171744914587,0.0542755111963482,0.0801644935511415,0.0798104565735558,0.0336566414352324,0.0278288045342562,0,0.17963761571216,0,0.134020161749125,"SPAL_contig0000076","Group-specific protein",NA,"membrane","A0A0N5C2I1","",NA,"",NA,"",NA,"",NA
"1713","SPAL_0001219200",0,0,0,0,0,0,0,0,0,0,"SPAL_contig0000076","LIM zinc-binding domain-containing protein","Znf_LIM","metal ion binding","A0A0N5C2I3","SSTP_0000666800",91.954,"SRAE_X000088800 | WBGene00266450",91.954,"SVE_0839800",91.954,"exc-9 | WBGene00017644",63.2184
"1714","SPAL_0001219450",0,0,0.0397210783380106,0,0,0,0,0,0.0406638853168554,0,"SPAL_scaffold0000095","Tnp_zf-ribbon_2 domain-containing protein","PGBD, PGBD4_C_Znf-ribbon",NA,"A0A0N5C2I6","",NA,"",NA,"",NA,"",NA
"1715","SPAL_0001219500",0,0,0,0,0,0,0,0,0,0,"SPAL_scaffold0000095","DDE_Tnp_1_7 domain-containing protein","PGBD",NA,"A0A0N5C2I7, A0A0N5BDU7","",NA,"",NA,"",NA,"",NA
"1716","SPAL_0001219600",0,0,0,0,0,0,0,0,0,0,"SPAL_contig0000671","",NA,"membrane","A0A0N5C2I8","",NA,"",NA,"",NA,"",NA
"1717","SPAL_0001221100",0.241096604018895,0.0807929832105917,0.277950468078206,0.0268802955052257,0.0337101107262652,0,0,0.0258368056335742,0,0.0664046139393529,"SPAL_contig0000558","DDE_Tnp_1_7 domain-containing protein","PGBD",NA,"A0A0N5C2K1","",NA,"",NA,"",NA,"",NA
"1718","SPAL_0001221200",0.192723996910033,0.0538275104923529,0.158712495369304,0.0268782984267182,0.101094127902793,0,0.0647321472688108,0.0774937040744942,0.0817716387783606,0.132714144308761,"SPAL_contig0000558","DDE_Tnp_1_7 domain-containing protein","PGBD",NA,"A0A0N5C2K2","",NA,"",NA,"",NA,"",NA
"1719","SPAL_0001221300",0.048912735091744,0,0,0,0.0672238916761193,0,0,0.0255774924518044,0.0409914097305734,0,"SPAL_contig0000558","DUF4806 domain-containing protein",NA,NA,"A0A0N5C2K3","",NA,"",NA,"",NA,"",NA
"1720","SPAL_0001221500",0,0,0,0,0,0,0,0,0.777097902401776,0,"SPAL_contig0001679","HTH_48 domain-containing protein","CAP_sf",NA,"A0A0N5C2K5","",NA,"SRAE_2000285400 | WBGene00263068",26.4026,"SVE_1038700",15.8416,"",NA
"1721","SPAL_0001221600",0,0,0,0,0,0,0,0,0.0817998602639889,0,"SPAL_contig0003603","DUF2156 domain-containing protein",NA,NA,"A0A0N5C2K6","",NA,"",NA,"SVE_0253800",86.2069,"",NA
"1722","SPAL_0001221800",0,0.0541925820951942,0,0,0.0335282372715669,0,0,0,0.522793617087019,0,"SPAL_contig0002581","",NA,NA,"A0A0N5C2K8","",NA,"",NA,"",NA,"",NA
"1723","SPAL_0001222000",0,0.111514969115471,0,0.0535224724378211,0.135547671966233,0.139769777682779,0,0.0706048630607245,0,0,"SPAL_contig0002714","Helicase C-terminal domain-containing protein","Helicase_C, P-loop_NTPase",NA,"A0A0N5C2L0","",NA,"",NA,"",NA,"helq-1 | WBGene00021905",56.3107
"1724","SPAL_0001222200",0,0.0270636959224007,0,0.0270328130051341,0.271109697719285,0.0847781900870203,0,0.0259785566617707,0,0,"SPAL_contig0001264","Serpentine receptor class gamma","7TM_GPCR_serpentine_rcpt_Srg, GPCR_Rhodpsn_7TM","transmembrane signaling receptor activity, sensory perception of chemical stimulus, membrane","A0A0N5C2L2","",NA,"",NA,"",NA,"",NA
"1725","SPAL_0001222300",0,0,0,0.0274238063410489,0,0,0,0,0,0,"SPAL_contig0001264","Glutamate decarboxylase","PyrdxlP-dep_de-COase, PyrdxlP-dep_Trfase_major, PyrdxlP-dep_Trfase, Pyridoxal-P_BS","carboxy-lyase activity, carboxylic acid metabolic process, pyridoxal phosphate binding, catalytic activity, lyase activity, carbon-carbon lyase activity","A0A0N5C2L3, A0A0N5BCG8","",NA,"SRAE_2000082000 | WBGene00261020",78.3019,"SVE_0419800",92.4528,"unc-25 | WBGene00006762",69.8113
"1726","SPAL_0001222400",0,0.0540609800683532,0.0398748042026889,0.188287935403267,0.0675694742890955,0,0,0.0258738568291711,0,0,"SPAL_contig0000256","DUF3591 domain-containing protein","TAF1_HAT_dom, TAF1","TBP-class protein binding, transcription factor TFIID complex, histone acetyltransferase activity, transcription by RNA polymerase II, nucleus, RNA polymerase II general transcription initiation factor binding, histone modification","A0A0N5C2L4","SSTP_0000749300",85.5263,"SRAE_2000297500 | WBGene00263194",85.0877,"SVE_1588000",91.2281,"taf-1 | WBGene00006382",44.2982
"1727","SPAL_0001222500",0,0.054087544018223,0.0397284627129128,0.135111352855456,0.0337886633245978,0.0283458723682025,0,0.129815825812401,0.0410673111759104,0.0664443820417276,"SPAL_contig0000256","DUF3591 domain-containing protein","TAF1_HAT_dom, TAF1","TBP-class protein binding, transcription factor TFIID complex, histone acetyltransferase activity, transcription by RNA polymerase II, nucleus, RNA polymerase II general transcription initiation factor binding, histone modification","A0A0N5C2L5","SSTP_0000749300",87.1069,"SRAE_2000297500 | WBGene00263194",86.478,"SVE_1588000",88.0503,"taf-1 | WBGene00006382",50
"1728","SPAL_0001222600",0,0.0268973294850277,0.0792737521765234,0.0269336101622902,0,0,0.129357033203238,0,0.0408866882527996,0,"SPAL_contig0000256","RING-type domain-containing protein","Znf_RING, Znf_RING/FYVE/PHD, RFWD3","interstrand cross-link repair, protein ubiquitination, ubiquitin-protein transferase activity, nucleus, metal ion binding","A0A0N5C2L6","",NA,"SRAE_1000030100 | WBGene00256895",23.565,"SVE_1649200",24.7734,"",NA
"1729","SPAL_0001222700",0.0490982757430585,0.110624382056019,0.0404836969042215,0.0263591409093224,0.0332923661378063,0.0549631451617705,0.0653060125429833,0.253207157074791,0.0409821003175469,0.133835062746358,"SPAL_contig0000256","Secreted protein",NA,NA,"A0A0N5C2L7","",NA,"",NA,"",NA,"",NA
"1730","SPAL_0001222800",0,0.0268765896363001,0.118704682723327,0.0270761227325927,0,0,0.064588958919246,0.0778927862717294,0.0818217013800805,0,"SPAL_contig0000256","AAA_12 domain-containing protein","P-loop_NTPase, DNA2/NAM7-like_C, DNA2/NAM7-like, SF1_C_Upf1",NA,"A0A0N5C2L8","SSTP_0000423400",16.3151,"SRAE_2000481500 | WBGene00265061",16.3151,"SVE_0348800",16.5963,"C05C10.2 | WBGene00007329",14.4866
"1731","SPAL_0001222900",0,0.0269109086585009,0,0,0,0,0,0,0.0407969090458263,0,"SPAL_contig0000256","",NA,NA,"A0A0N5C2L9","",NA,"",NA,"",NA,"",NA
"1732","SPAL_0001223000",0,0,0.039556197876582,0.0270766174587604,0,0,0.129141409625453,0,0.0409029169871596,0,"SPAL_contig0000256","AAA_12 domain-containing protein","P-loop_NTPase, DNA2/NAM7-like_C, DNA2/NAM7-like, SF1_C_Upf1",NA,"A0A0N5C2M0","SSTP_0000423400",15.4967,"SRAE_2000481500 | WBGene00265061",15.0993,"SVE_0348800",15.6291,"C05C10.2 | WBGene00007329",15.3642
"1733","SPAL_0001223100",0,0,0,0,0.0338485561244002,0,0,0.0260020621608679,0,0,"SPAL_contig0000256","Helicase ATP-binding domain-containing protein","Helicase_ATP-bd, P-loop_NTPase, DNA2/NAM7-like_C",NA,"A0A0N5C2M1","",NA,"",NA,"",NA,"",NA
"1734","SPAL_0001223200",0,0,0.0794800218366387,0.0269912450939399,0,0,0,0,0,0,"SPAL_contig0000256","RPA_C domain-containing protein","NA-bd_OB-fold",NA,"A0A0N5C2M2","",NA,"",NA,"",NA,"",NA
"1735","SPAL_0001223300",0,0,0,0,0,0.0283508731561059,0,0.052057958279038,0,0,"SPAL_contig0000256","RNA helicase","NA-bd_OB-fold",NA,"A0A0N5C2M3","",NA,"",NA,"",NA,"",NA
"1736","SPAL_0001223700",0,0,0,0,0,0,0,0,0,0,"SPAL_contig0000400","",NA,NA,NA,"",NA,"",NA,"",NA,"",NA
"1737","SPAL_0001223800",0,0,0,0,0,0,0,0,0,0,"SPAL_contig0000400","",NA,"membrane","A0A0N5C2M8","",NA,"",NA,"",NA,"",NA
"1738","SPAL_0001224100",0,0,0,0,0,0,0,0,0.0409000670828907,0,"SPAL_contig0000807","Histone-lysine N-methyltransferase SETMAR","RNaseH_sf","nucleic acid binding","A0A0N5C2N1","SSTP_0000841400",55.0725,"",NA,"",NA,"",NA
"1739","SPAL_0001224200",0,0,0.0207694619751568,0,0.112606093104074,0,0,0,0.0201831193220198,0.0983717753524673,"SPAL_contig0000807","Conserved domain protein",NA,NA,"A0A0N5C2N2","",NA,"",NA,"",NA,"",NA
"1740","SPAL_0001225500",0,0,0,0.0271608739012889,0,0,0,0,0,0,"SPAL_contig0001566","",NA,NA,"A0A0N5C2P5","",NA,"",NA,"",NA,"",NA
"1741","SPAL_0001225600",0,0,0,0,0,0,0,0,0.21319294843678,0,"SPAL_contig0001717","Exported protein",NA,NA,"A0A0N5C2P6","",NA,"",NA,"",NA,"",NA
"1742","SPAL_0001225775",0,0,0,0.0268044399780857,0,0,0,0,0,0.0669456236029221,"SPAL_contig0000443","",NA,NA,"A0A0N5C2P8","",NA,"",NA,"SVE_1266000",36.5169,"",NA
"1743","SPAL_0001225800",0.0480650326745245,0,0,0.0541135271750759,0.033802701417572,0,0,0.0259569535880435,0,0.066265749342369,"SPAL_contig0000443","Integrase catalytic domain-containing protein","Integrase_cat-core, RNaseH-like_sf, RNaseH_sf, RT_RNaseH, Integrase_H2C2, Rev_trsase/Diguanyl_cyclase, DNA/RNA_pol_sf","DNA integration, nucleic acid binding, DNA biosynthetic process, DNA-directed DNA polymerase activity, DNA polymerase complex","A0A0N5C2P9","SSTP_0000067100",62.3819,"",NA,"SVE_1779700",70.6994,"",NA
"1744","SPAL_0001225900",0,0,0,0,0,0,0.128960507641002,0,0,0,"SPAL_contig0000443","Reverse transcriptase domain-containing protein",NA,NA,"A0A0N5C2Q0","SSTP_0001073000",66.129,"",NA,"",NA,"",NA
"1745","SPAL_0001226300",0,0,0,0.0270515706639546,0,0.000981424651650308,0.0648692136423574,0.0519446933065614,0.0410246353491415,0,"SPAL_contig0000443","Peptidase A2 domain-containing protein","Peptidase_aspartic_dom_sf","membrane","A0A0N5C2Q4","SSTP_0000665300",10.2703,"",NA,"",NA,"",NA
"1746","SPAL_0001226400",0,0,0,0,0,0,0,0,0,0,"SPAL_contig0001305","FF domain-containing protein",NA,NA,"A0A0N5C2Q5","",NA,"",NA,"",NA,"",NA
"1747","SPAL_0001226500",0,0,0,0,0,0,0,0,0,0,"SPAL_contig0003187","Peptidase A2 domain-containing protein","Peptidase_aspartic_dom_sf, DNA/RNA_pol_sf",NA,"A0A0N5C2Q6","",NA,"",NA,"SVE_1661400",8.50394,"",NA
"1748","SPAL_0001227200",0,0,0,0,0,0,0,0,0,0,"SPAL_contig0003254","DedA family protein",NA,NA,"A0A0N5C2R0","",NA,"",NA,"",NA,"",NA
"1749","SPAL_0001228800",0,0.0268650912998801,0,0,0,0.0282632773056022,0.0645640873925185,0,0,0.0661619535023705,"SPAL_contig0002319","Reverse transcriptase","Znf_CCHC, Aspartic_peptidase_AS, Peptidase_aspartic_dom_sf, Znf_CCHC_sf","aspartic-type endopeptidase activity, nucleic acid binding, proteolysis, zinc ion binding, cytoplasm, enzyme binding","A0A0N5C2S8","",NA,"",NA,"SVE_0260200",4.72561,"",NA
"1750","SPAL_0001228900",2.33166105405835e-07,0.0933502496399013,0.116253823903332,0,4.47290915068225e-09,0.0316528092453168,0,0.59933789158915,0,0,"SPAL_contig0000315","Secreted protein",NA,NA,"A0A0N5C2S9","",NA,"",NA,"",NA,"",NA
"1751","SPAL_0001229800",0,0.0347905592991278,0,0,0,0,0,0.0451805863922462,0.514322830819364,0,"SPAL_contig0000221","Metalloendopeptidase","EGF-like_dom, Peptidase_M12A, Peptidase_Metallo, MetalloPept_cat_dom_sf","metalloendopeptidase activity, metallopeptidase activity, proteolysis, zinc ion binding, hydrolase activity, metal ion binding, peptidase activity","A0A0N5C2U1","SSTP_0001129700",39.8089,"",NA,"SVE_0249900",48.0892,"",NA
"1752","SPAL_0001230800",0.0481819173730852,0.0269157431843082,0,0.134424535261288,0,0,0.258942922510788,0.103346144800343,0.204452512402554,0.0663602540108377,"SPAL_contig0000797","Serpentine receptor class gamma","7TM_GPCR_serpentine_rcpt_Srg, GPCR_Rhodpsn_7TM","transmembrane signaling receptor activity, sensory perception of chemical stimulus, membrane","A0A0N5C2V1","",NA,"",NA,"",NA,"",NA
"1753","SPAL_0001231400",0,0.026899248287581,0.079229003984614,0.0289284874809898,0.0337922595351464,0,0,0.0259466040252179,0,0.0662607941904393,"SPAL_contig0002254","Integrase catalytic domain-containing protein","Integrase_cat-core, RNaseH-like_sf, RNaseH_sf, Integrase_H2C2","DNA integration, nucleic acid binding","A0A0N5C2V7","SSTP_0000666200",11.3546,"",NA,"",NA,"",NA
"1754","SPAL_0001231500",0,0,0,0.0542286809380443,0,0,0,0.0260609987695164,0,0,"SPAL_contig0003607","ELM2 domain-containing protein",NA,NA,"A0A0N5C2V8","SSTP_0001272100",2.23881,"",NA,"",NA,"",NA
"1755","SPAL_0001232400",0,0.0807428111182486,0.148707939894089,0.134891360165234,0.0675220248076501,0.0281945818064589,0.129425473839101,0,0.0409219950145723,0.198973859326362,"SPAL_contig0003657","Nop domain-containing protein",NA,NA,"A0A0N5C2W7","SSTP_0000289600",14.4044,"",NA,"",NA,"",NA
"1756","SPAL_0001234050",0,0.115645932004863,0,0,0.0327828761597204,0,0.128824828654336,0.150830201049281,0.0406754457111521,0,"SPAL_contig0000114","",NA,NA,"A0A0N5C2Y4","",NA,"",NA,"",NA,"",NA
"1757","SPAL_0001235300",0.121097537577409,0.105269453332344,0.167653373518981,0.186111806492464,0.0767686352174917,0.122127739516402,0.094215539781354,0.0396651497576943,0.0456905648952552,0,"SPAL_contig0001182","Peptidase_C39_2 domain-containing protein",NA,NA,"A0A0N5C2Z7","",NA,"",NA,"",NA,"",NA
"1758","SPAL_0001244950",0,0.0564846000521152,0,0.198560902421133,0,0.0326334573188691,0.147116463779085,0.148532141515711,0.0475691018764129,0,"SPAL_scaffold0000011","SCP-2 sterol transfer family protein",NA,NA,"A0A0N5C395","",NA,"",NA,"",NA,"",NA
"1759","SPAL_0001247300",0.170397073952389,0.09893249346025,0.170294371975513,0.141007078487286,0,0,0,0.0258608079502713,0.0784827194871265,0.132619605844441,"SPAL_scaffold0000011","Gln-synt_C domain-containing protein","Gln_synth_cat_dom, Gln_synth/guanido_kin_cat_dom, Gln_synth_gly_rich_site, Gln_synt_N_sf","glutamine biosynthetic process, glutamate-ammonia ligase activity, nitrogen compound metabolic process, catalytic activity","A0A0N5C3B9","SSTP_0000634900",77.8481,"SRAE_1000318300 | WBGene00259800",79.4304,"SVE_1948200",85.1266,"gln-3 | WBGene00001604",68.3544
"1760","SPAL_0001247600",0,0.0509422422774238,0,0,0,0.0350946670280235,0,0,0,0,"SPAL_scaffold0000011","CCHC-type domain-containing protein","Znf_CCHC, Znf_CCHC_sf","nucleic acid binding, zinc ion binding, cytoplasm, enzyme binding","A0A0N5C3C2","SSTP_0001282700",21.118,"SRAE_X000199900 | WBGene00267577",72.0497,"SVE_1667500",65.528,"",NA
"1761","SPAL_0001249800",0,0.0723132734299923,0,0.0136442244857342,0,0.0138714940799515,0,0.0124537544174681,0,0.0652979371793295,"SPAL_contig0001438","",NA,NA,"A0A0N5BTS1","",NA,"",NA,"",NA,"",NA
"1762","SPAL_0001249900",0,0,0.0398163813891918,0.0269635891458421,0,0,0,0.025914991002283,0.0410240088601003,0,"SPAL_contig0002300","Peptidase A2 domain-containing protein","Aspartic_peptidase_AS, Peptidase_aspartic_dom_sf","aspartic-type endopeptidase activity, proteolysis","A0A0N5C3E9","SSTP_0000639000",7.74908,"",NA,"SVE_1266400",1.10701,"",NA
"1763","SPAL_0001250000",0,0.0538066136915602,0.0396367023875401,0,0.0337542993604368,0.0563878531337,0.12936736141033,0.310814184424896,0.0409091157221551,0.0662940088484501,"SPAL_contig0003131","SAP domain-containing protein","SAP_dom, SAP_dom_sf",NA,"A0A0N5C3F0","",NA,"",NA,"SVE_0814100",11.9681,"",NA
"1764","SPAL_0001250100",0.0481491575073893,0.08074044508139,0.0396632988621637,0,0,0.0281569194958739,0,0.0258757176063842,0.0818154452815373,0,"SPAL_contig0000350","Restriction endonuclease",NA,NA,"A0A0N5C3F1","",NA,"",NA,"",NA,"",NA
"1765","SPAL_0001250200",0.0479715565225758,0.161200091433396,0.237304059554305,0.108315956739956,0,0.0565754925116638,0,0,0.286300421433111,0.0661579383126133,"SPAL_contig0000350","C2H2-type domain-containing protein",NA,NA,"A0A0N5C3F2","",NA,"",NA,"",NA,"",NA
"1766","SPAL_0001250300",0,0,0,0.0267591894636327,0,0,0.0655124430612291,0.0516233259245647,0.0411883773351838,0,"SPAL_contig0000350","Transposase",NA,NA,"A0A0N5C3F3","",NA,"",NA,"",NA,"",NA
"1767","SPAL_0001250400",0,0,0,0,0,0,0,0.0260163043404772,0,0,"SPAL_contig0000350","HTH_7 domain-containing protein","RNaseH_sf","nucleic acid binding, membrane","A0A0N5C3F4","",NA,"",NA,"",NA,"",NA
"1768","SPAL_0001250500",0,0.0538035283134322,0.0396456795426035,0,0,0,0,0.0258650875693008,0.0408902267972855,0,"SPAL_contig0001522","Astacin domain-containing protein","EGF-like_dom, Peptidase_M12A, MetalloPept_cat_dom_sf","metalloendopeptidase activity, metallopeptidase activity, proteolysis","A0A0N5C3F6","",NA,"",NA,"",NA,"",NA
"1769","SPAL_0001250700",0,0.0268432334671563,0,0,0,0,0,0,0,0,"SPAL_contig0001293","RT_RNaseH_2 domain-containing protein","RT_RNaseH_2, DNA/RNA_pol_sf",NA,"A0A0N5C3F8","SSTP_0001270200",0,"",NA,"SVE_0895200",65.566,"",NA
"1770","SPAL_0001251750",0,0,0,0,0,0,0,0,0,0,"SPAL_scaffold0000059","",NA,NA,"A0A0N5C3H0","",NA,"",NA,"",NA,"",NA
"1771","SPAL_0001252500",0,0,0,0,0,0,0,0,0,0,"SPAL_contig0003709","",NA,NA,NA,"",NA,"",NA,"",NA,"",NA
"1772","SPAL_0001252900",0.0483585523592252,0.114870432054297,0.0417678048913152,0.165377631673276,0,0.0840316038459814,0.0686802954516848,0.133215212801194,0,0.0665459079487512,"SPAL_contig0000501","",NA,NA,"A0A0N5C3I4","SSTP_0001082300",63.1579,"SRAE_1000048100 | WBGene00257077",65.5502,"",NA,"",NA
"1773","SPAL_0001253000",0.0479700440564782,0.107483169150429,0.0395525795104812,0.081301960977301,0.0676199503949792,0.0283089539536989,0.12913525430618,0.103921597144408,0.163648879634944,0,"SPAL_contig0000501","DUF659 domain-containing protein",NA,NA,"A0A0N5C3I5","SSTP_0000665100",30.8102,"",NA,"",NA,"",NA
"1774","SPAL_0001253300",0,0,0,0,0,0,0,0,0,0,"SPAL_contig0001591","F-box domain-containing protein","F-box_dom, F-box-like_dom_sf","protein binding","A0A0N5BBI0","",NA,"",NA,"",NA,"",NA
"1775","SPAL_0001253500",0,0,0.106766457968294,0.0164298145101698,0,0,0.0737604815956059,0.0326171205031812,0,0,"SPAL_contig0001969","Reverse transcriptase domain-containing protein","RT_dom, Rev_trsase/Diguanyl_cyclase, DNA/RNA_pol_sf",NA,"A0A0N5B5G5","SSTP_0000067500",52.6946,"",NA,"",NA,"",NA
"1776","SPAL_0001253800",0,0,0,0,0,0,0,0.339072135033202,0,0,"SPAL_contig0002515","Histone-lysine N-methyltransferase SETMAR","RNaseH_sf","nucleic acid binding","A0A0N5C3J3","",NA,"",NA,"",NA,"",NA
"1777","SPAL_0001253900",0.0487643871556167,0,0.0400187759875474,0,0.0332558387113021,0,0.129855880222742,0.479820127529394,0,0.0666533476944465,"SPAL_contig0002515","HTH_48 domain-containing protein","HTH_11, WH-like_DNA-bd_sf, Mos1_HTH",NA,"A0A0N5C3J4","",NA,"",NA,"SVE_2015500",29.9065,"",NA
"1778","SPAL_0001254500",0.0485121675916236,0.372884572872872,0,0,0.094850901298718,0,0,0,0,0,"SPAL_contig0000226","",NA,NA,"A0A0N5C3K0","SSTP_0000322300",43.5644,"",NA,"SVE_0328300",81.1881,"",NA
"1779","SPAL_0001254600",0.0968198998627928,0.053826594325649,0,0,0.0333720801252106,0,0,0,0,0,"SPAL_contig0000226","",NA,"membrane","A0A0N5C3K1","SSTP_0000945700",56.25,"SRAE_1000062900 | WBGene00257226",60.4167,"SVE_0328400",82.6389,"",NA
"1780","SPAL_0001254650",0,0.0544371910408847,0,0.0267890894873133,0.0338282801462457,0,0,0,0,0,"SPAL_contig0000226","BESS domain-containing protein",NA,NA,"A0A0N5C3K2","",NA,"",NA,"",NA,"",NA
"1781","SPAL_0001254700",0,0.415443876537859,0,0.0806961711107928,0.0380747412803726,0.0281400265651145,0,0.0518198395366956,0.164848344121877,0,"SPAL_contig0000226","G_PROTEIN_RECEP_F1_2 domain-containing protein",NA,"membrane","A0A0N5C3K3","SSTP_0000322300",42.9348,"",NA,"SVE_0329200",82.6087,"",NA
"1782","SPAL_0001254716",0,0.108269770685098,0.0399396956773863,0.0806946012678576,0.0338089733160192,0.112519472879869,0,0.0258836496511283,0.0410758693945441,0,"SPAL_contig0000226","",NA,"membrane","A0A0N5C3K4","SSTP_0000322300",42.7907,"",NA,"",NA,"",NA
"1783","SPAL_0001257100",9.19015391127282e-07,0,0,0,0.00454854749737284,0,0,0,0,0,"SPAL_contig0000116","RING-type domain-containing protein","Znf_RING, Znf_RING/FYVE/PHD","metal ion binding","A0A0N5C3N0","",NA,"",NA,"SVE_1081900",72.093,"",NA
"1784","SPAL_0001259375",0,0.0539475799367731,0.0393008076369725,0,0,0,0,0,0,0,"SPAL_scaffold0000035","Secreted protein",NA,NA,"A0A0N5C3Q3","",NA,"",NA,"",NA,"",NA
"1785","SPAL_0001261350",0.0971434530573856,0,0.0810863825259975,0.0275264678233217,0,0,0.127989249584196,0.225271144253018,0.0406129244756518,0,"SPAL_scaffold0000035","",NA,NA,"A0A0N5C3S5","",NA,"",NA,"",NA,"",NA
"1786","SPAL_0001264125",0.0979420103195681,0.362450411872227,0.0807780208657709,0.0264098017506815,0.0330298816894595,0,0,0.151075930547585,0.16331213749086,0.066423853647694,"SPAL_scaffold0000035","TilS_C domain-containing protein",NA,NA,"A0A0N5C3V6","",NA,"",NA,"",NA,"",NA
"1787","SPAL_0001264200",0,1.16795370353612e-07,0.138965815310944,0.0589629548574126,0,0,0.242729229182389,0.176213174586167,0.0409225738717705,0,"SPAL_contig0003320","DUF4238 domain-containing protein",NA,NA,"A0A0N5C3V7","",NA,"",NA,"SVE_0914900",41.8919,"",NA
"1788","SPAL_0001267400",0,0,0,0,0,0,0,0,0.367044305168468,0.0662550124613007,"SPAL_contig0001130","TIGR04076 family protein",NA,NA,"A0A0N5C3Z1","",NA,"",NA,"",NA,"",NA
"1789","SPAL_0001267600",0,0,0,0,0,0,0,0,0.122699633045361,0,"SPAL_contig0002800","CUB domain-containing protein",NA,NA,"A0A0N5C3Z3","",NA,"",NA,"",NA,"",NA
"1790","SPAL_0001267700",0,0,0,0,0,0,0,0,0.0408998386467778,0,"SPAL_contig0002800","MULE domain-containing protein","MULE_transposase_dom",NA,"A0A0N5C3Z4","",NA,"",NA,"",NA,"",NA
"1791","SPAL_0001271900",0,0.0536741957605348,0.0395662453428953,0,0,0,0,0,0.489210635025625,0.132339294289699,"SPAL_contig0001111","SCP domain-containing protein","CRISP-related, CAP_domain, CAP_sf","membrane","A0A0N5C434","",NA,"",NA,"",NA,"",NA
"1792","SPAL_0001272400",0,0.138787205907094,0,0.0265904648242326,0.0336438811597045,0.0555472799530463,0.329115776321284,0.153503978427508,0.124112554317602,0,"SPAL_contig0002317","BHLH domain-containing protein",NA,NA,"A0A0N5C439","",NA,"",NA,"",NA,"",NA
"1793","SPAL_0001276100",0,0.0856942652834899,0.0898803516135126,0.0528624280582464,0.127119848291088,0,0,0,0.0307832651290874,0.0505838749265603,"SPAL_contig0003092","Conserved domain protein",NA,NA,"A0A0N5C477","",NA,"",NA,"",NA,"",NA
"1794","SPAL_0001276366",0,0.0838905913171963,0.0814858534003581,0.0796613204712765,0,0.0276436742867076,0,0.228902177182104,0,0,"SPAL_scaffold0000014","DUF4371 domain-containing protein",NA,NA,"A0A0N5C481","",NA,"",NA,"",NA,"",NA
"1795","SPAL_0001276400",0,0.0858018334163528,0,0.0480489532728347,0,0.0276896442990426,0,0.0755319019353951,0,0.0659717712135322,"SPAL_scaffold0000014","Skp1 domain-containing protein",NA,NA,"A0A0N5C482","",NA,"",NA,"SVE_0905500",41.0959,"",NA
"1796","SPAL_0001276500",0.0631426875134083,0.0387219238892555,0.0211931560839542,0,0,0.0548277440626917,0,0.0389348144226274,0.0408339289219894,0.0348811171997748,"SPAL_scaffold0000014","DUF1738 domain-containing protein",NA,NA,"A0A0N5C483","",NA,"",NA,"",NA,"",NA
"1797","SPAL_0001279200",0,0.134710218029532,0.0396963166247507,0.0270060597566998,0.101387611781804,0.141118952285173,0.064779456895807,0.103721997951746,0.163857288012828,0,"SPAL_scaffold0000014","AMP-binding domain-containing protein","AMP-dep_Synth/Lig_com, AMP-binding_CS, ANL_N_sf, AMP-bd_C_sf",NA,"A0A0N5C4B1","",NA,"",NA,"",NA,"",NA
"1798","SPAL_0001283700",0,0,0,0,0,0,0,0,0,0,"SPAL_scaffold0000014","",NA,NA,"A0A0N5C4F6","",NA,"",NA,"",NA,"",NA
"1799","SPAL_0001283800",0,0.0537876329630289,0,0,0.0377599926036396,0,0.105325874323525,0,0,0,"SPAL_scaffold0000014","Retrotrans_gag domain-containing protein",NA,NA,"A0A0N5C4F7","",NA,"",NA,"SVE_0094500",71.7557,"",NA
"1800","SPAL_0001284000",0.144417512195197,0.296214951006548,0,0.0270278805581664,0.067602182311661,0.0564872903521782,0,0.155656570519023,0,0.132696751394504,"SPAL_scaffold0000014","T2SSE_N domain-containing protein",NA,NA,"A0A0N5C4F9","",NA,"",NA,"",NA,"",NA
"1801","SPAL_0001284200",0,0.107491242760836,0.0395560928876858,0.0271002421044206,0.0338109717517138,0,0.0645733285768205,0.0259805592247141,0,0,"SPAL_scaffold0000014","",NA,NA,NA,"",NA,"",NA,"",NA,"",NA
"1802","SPAL_0001284300",0,0,0,0,0,0,0,0.0260163188610059,0,0,"SPAL_contig0001440","GT23 domain-containing protein",NA,NA,"A0A0N5C4G1","",NA,"",NA,"SVE_0723600",34.5098,"",NA
"1803","SPAL_0001284400",0,0.0810409384169026,0.0797556618772501,0.133732270987072,0,0,0.0650059822051917,0.10302901920108,0.204779346284519,0,"SPAL_contig0001440","Dimer_Tnp_hAT domain-containing protein",NA,NA,"A0A0N5C4G2","",NA,"",NA,"SVE_0597100",87.766,"",NA
"1804","SPAL_0001285400",0,0.00324398169786988,0,0,0,0,0,0,0,0,"SPAL_contig0003044","RNA-directed DNA polymerase",NA,NA,"A0A0N5C4H2","",NA,"",NA,"SVE_1317600",81.5534,"",NA
"1805","SPAL_0001285700",0,0,0,0.0271184927046826,0,0,0,0.0260569658485147,0,0,"SPAL_contig0000328","DUF223 domain-containing protein",NA,NA,"A0A0N5C4H5","",NA,"",NA,"SVE_1246700",5.15464,"",NA
"1806","SPAL_0001285800",0,0.134464680860343,0.0396019716427977,0.0541014527464475,0.0337928761427847,0,0,0,0.0409215979529404,0,"SPAL_contig0000328","Dimer_Tnp_hAT domain-containing protein","HATC_C_dom, RNaseH-like_sf","protein dimerization activity","A0A0N5C4H6","",NA,"",NA,"SVE_1481300",22.963,"",NA
"1807","SPAL_0001285900",0,0.0272757497915957,0,0,0,0,0,0.076815092107229,0,0,"SPAL_contig0000328","",NA,NA,"A0A0N5C4H7","",NA,"",NA,"SVE_1481400",11.0236,"",NA
"1808","SPAL_0001286300",0.049202211147186,0,0,0.0529422563703447,0.0333388256032941,0,0,0,0,0.133913074620888,"SPAL_contig0001656","",NA,NA,NA,"",NA,"",NA,"",NA,"",NA
"1809","SPAL_0001286500",0,0.0271224061176423,0,0.0535931995188988,0.0337769831481863,0,0,0,0.041095918843975,0,"SPAL_contig0002571","CCHC-type domain-containing protein",NA,NA,"A0A0N5C4I3","",NA,"",NA,"",NA,"",NA
"1810","SPAL_0001286700",0,0.0270896848053666,0,0,0,0,0,0.0257145567439538,0.0410046607762818,0,"SPAL_contig0001313","Halomucin",NA,NA,"A0A0N5C4I5","",NA,"",NA,"",NA,"",NA
"1811","SPAL_0001287000",0,0,0,0,0,0,0,0,0.0408999134269,0,"SPAL_contig0001063","LRR containing protein",NA,NA,"A0A0N5C4I8","SSTP_0001128700",46.7532,"",NA,"SVE_1778500",6.49351,"",NA
"1812","SPAL_0001287300",0,0,0.0394916297476763,0,0,0,0,0,0,0,"SPAL_contig0002255","DUF1758 domain-containing protein","Aspartic_peptidase_AS","aspartic-type endopeptidase activity, proteolysis","A0A0N5C4J2","",NA,"",NA,"",NA,"",NA
"1813","SPAL_0001287500",0,0,0,0,0,0,0,0,0,0,"SPAL_contig0001220","Recep_L_domain domain-containing protein",NA,NA,"A0A0N5C4J4","",NA,"",NA,"",NA,"",NA
"1814","SPAL_0001287600",0,0,0.0394915588482224,0,0,0,0,0,0,0,"SPAL_contig0002449","Reverse transcriptase domain-containing protein","RT_dom",NA,"A0A0N5C4J5","SSTP_0000708400",83.8235,"",NA,"",NA,"",NA
"1815","SPAL_0001287700",0,0,0,0,0,0,0.124700916352819,0.179693150472156,0,0.0691205590357986,"SPAL_contig0003264","",NA,NA,"A0A0N5C4J6","",NA,"",NA,"",NA,"",NA
"1816","SPAL_0001287725",0.0480401966345646,0.0554804863130486,0,0.0786081414149246,0,0,0,0,0,0,"SPAL_contig0003264","",NA,NA,"A0A0N5C4J7","",NA,"",NA,"",NA,"",NA
"1817","SPAL_0001288000",0,0.026827788610693,0.0395141805934773,0,0,0,0,0,0,0,"SPAL_contig0003285","",NA,NA,"A0A0N5C4K0","",NA,"",NA,"SVE_1557900",59.1611,"",NA
"1818","SPAL_0001290600",0.0482994714812032,0.0808092819283842,0,0,0.0336313435400819,0,0.0648087037269929,0.23167321464796,0.122608011712733,0,"SPAL_contig0000101","COesterase domain-containing protein","CarbesteraseB, AB_hydrolase",NA,"A0A0N5C4M6","",NA,"",NA,"",NA,"",NA
"1819","SPAL_0001292200",0,0.0268419194381069,0.0395220097632444,0,0,0,0.0645108760417372,0,0.0408508426265824,0,"SPAL_contig0001167","ATP-dependent DNA helicase",NA,NA,"A0A0N5C4P2","",NA,"",NA,"",NA,"",NA
"1820","SPAL_0001292400",0,0.0275826801748081,0,0,0,0.0276571315704909,0,0.0764792010483743,0,0.134642113146423,"SPAL_contig0001009","",NA,NA,"A0A0N5C4P4","",NA,"",NA,"",NA,"",NA
"1821","SPAL_0001292500",0,0.0807151753264122,0.039656135185793,0,0.0337113817794156,0,0.0647019432672219,0.258513612213009,0,0,"SPAL_contig0001009","",NA,NA,NA,"",NA,"",NA,"",NA,"",NA
"1822","SPAL_0001292600",0,0,0,0,0,0,0,0,0,0,"SPAL_contig0001009","HD_domain domain-containing protein",NA,NA,"A0A0N5C4P5","",NA,"",NA,"",NA,"",NA
"1823","SPAL_0001292700",0,0,0,0.0269492578683258,0,0,0.122180036679154,0.035207934390588,0,0,"SPAL_contig0001009","",NA,NA,"A0A0N5C4P6","SSTP_0001272100",2.27273,"",NA,"",NA,"",NA
"1824","SPAL_0001292800",0,0,0,0,0,0,0,0,0.889845560052885,0,"SPAL_contig0002533","Metalloendopeptidase","EGF-like_dom, Peptidase_M12A, MetalloPept_cat_dom_sf, Sperma_CUB_dom_sf","metalloendopeptidase activity, metallopeptidase activity, proteolysis, hydrolase activity, metal ion binding, peptidase activity","A0A0N5C3I3, A0A0N5C4P7","",NA,"",NA,"SVE_0647700",72.0798,"",NA
"1825","SPAL_0001292900",0.0207175369655353,0,0.0113477488469493,0,0.0287887981577348,0,0.0462126968782927,0.0657587384476984,0,0,"SPAL_contig0002533","Retrotrans_gag domain-containing protein",NA,NA,"A0A0N5C4P8","",NA,"",NA,"SVE_1248600",1.25,"",NA
"1826","SPAL_0001294600",0,0.0268432061087879,0,0,0,0,0,0,0,0,"SPAL_contig0000216","DNA repair and recombination protein RadA","DNA_recomb/repair_Rad51_C, RecA_monomer-monomer_interface, RecA_ATP-bd, P-loop_NTPase","ATP-dependent activity, acting on DNA, DNA metabolic process, DNA repair, DNA binding, ATP binding, nucleotide binding, ATP-dependent DNA damage sensor activity","A0A0N5C4R5","SSTP_0000693700",60.3896,"SRAE_2000310900 | WBGene00263329",61.6883,"SVE_1603400",66.8831,"rad-51 | WBGene00004297",40.2597
"1827","SPAL_0001294800",0,0,0,0,0,0,0,0,0,0,"SPAL_contig0000216","HTH_48 domain-containing protein","Homeobox-like_sf, ArsR-like_HTH, WH-like_DNA-bd_sf, RNaseH_sf, Mos1_HTH","nucleic acid binding","A0A0N5C4R7","SSTP_0000706100",9.03614,"",NA,"",NA,"",NA
"1828","SPAL_0001294900",0,0,0,0,0,0.028402505280416,0,0.0779446887819631,0,0,"SPAL_contig0000216","",NA,"membrane","A0A0N5C4R8","",NA,"",NA,"",NA,"",NA
"1829","SPAL_0001295700",0,0.0554050202681918,0.24262289857945,0,0,0.0274349515688875,0.130097680697057,0.0505108720045963,0.245434366559902,0,"SPAL_contig0000662","Peptidase_M16_M domain-containing protein",NA,NA,"A0A0N5C4S6","",NA,"",NA,"SVE_0400600",73.6264,"",NA
"1830","SPAL_0001297900",0,0,0,0.0543217197829155,0,0,0,0,0,0,"SPAL_contig0000879","USP domain-containing protein","USP_dom, Papain-like_cys_pep_sf",NA,"A0A0N5C4V0","",NA,"",NA,"",NA,"",NA
"1831","SPAL_0001298200",0,0,0,0,0,0,0,0,0,0,"SPAL_contig0004044","Plasmodium variant antigen protein Cir/Yir/Bir",NA,NA,"A0A0N5C4V3","",NA,"",NA,"SVE_0197200",37.8788,"",NA
"1832","SPAL_0001298300",0,0,0,0,0,0,0,0,0,0,"SPAL_contig0003856","Reverse transcriptase domain-containing protein",NA,NA,"A0A0N5C4V4","",NA,"",NA,"",NA,"",NA
"1833","SPAL_0001298800",0,0,0.0422639732316961,0,0,0,0,0,0,0,"SPAL_contig0002776","Dynein_C domain-containing protein","Dynein_C",NA,"A0A0N5C4V9","",NA,"",NA,"",NA,"",NA
"1834","SPAL_0001298900",0,0.0269538831202919,0.0397537005065321,0.432453807331517,0,0.0282779999698466,0,0,0,0,"SPAL_contig0002776","C2 NT-type domain-containing protein",NA,NA,"A0A0N5C4W0","",NA,"",NA,"",NA,"",NA
"1835","SPAL_0001299100",0.0485575944057394,0.0829366641515004,0,0.0261869088920344,0,0,0.192787176759887,0,0,0.0658632510819628,"SPAL_contig0000497","Nucleic acid-binding protein",NA,NA,"A0A0N5C4W2","",NA,"",NA,"",NA,"",NA
"1836","SPAL_0001299300",0,0.0326379698886133,0.0790960399920473,0,0,0,0,0,0.490015891615137,0,"SPAL_contig0000704","SCP domain-containing protein","CRISP-related, Serralysin-like_metalloprot_C, CAP_domain, CAP_sf",NA,"A0A0N5C4W4","",NA,"SRAE_2000076500 | WBGene00260965",19.5704,"SVE_0672300",54.1766,"",NA
"1837","SPAL_0001299400",0,0,0,0,0,0,0,0,0,0,"SPAL_contig0000704","Recep_L_domain domain-containing protein",NA,NA,"A0A0N5C4W5","",NA,"",NA,"",NA,"",NA
"1838","SPAL_0001299700",0.0731173301680186,0.040835575971123,0,0,0.0166307605801993,0,0.318077794993103,0.145232999580281,0,0.196307842551682,"SPAL_contig0002666","Transcriptional regulator",NA,NA,"A0A0N5BE34","",NA,"",NA,"",NA,"",NA
"1839","SPAL_0001300200",0,0,0.0400984729605844,0,0,0.0964262291034262,0,0,0,0,"SPAL_contig0002174","NET domain-containing protein",NA,NA,"A0A0N5C4X3","",NA,"",NA,"SVE_0831900",64.9682,"",NA
"1840","SPAL_0001300300",0,0.053819457270409,0,0.0541106705209365,0.0338062969934864,0,0,0.0778730296224764,0.0818857398644037,0.0662861493605979,"SPAL_contig0002174","Reverse transcriptase","Peptidase_aspartic_dom_sf",NA,"A0A0N5C4X4","",NA,"",NA,"SVE_1981700",41.502,"",NA
"1841","SPAL_0001300400",0,0,0,0,0,0,0,0,0.122699663365964,0,"SPAL_contig0000145","Lipase_3 domain-containing protein","Fungal_lipase-like, AB_hydrolase","lipid metabolic process","A0A0N5C4X5","SSTP_0000537800 | SSTP_0000537800",52.2124,"",NA,"SVE_0342900",66.0767,"",NA
"1842","SPAL_0001300900",0.0480160147563154,0.10748193481775,0.0395739086658793,0,0,0.02821897458068,0.129179232999255,0.103654720058691,0.122640544866999,0.198576728653964,"SPAL_contig0000145","Glycosyltransferase family 92 protein","Glyco_transf_92","membrane, glycosyltransferase activity, transferase activity","A0A0N5C4Y0","SSTP_0000537700",56.6116,"SRAE_2000459800 | WBGene00264830",57.2314,"SVE_0343500",78.3058,"",NA
"1843","SPAL_0001303200",0,3.60510145219391e-07,0,0,9.86169553884589e-07,0,0,0,0.00133202308509117,0,"SPAL_contig0000145","PALP domain-containing protein","TrpB-like_PALP, TrpB-like_PALP_sf",NA,"A0A0N5C505","SSTP_0000536000",68.2432,"SRAE_2000457900 | WBGene00264811",69.9324,"SVE_0345900",84.4595,"cysl-2 | WBGene00010759",54.7297
"1844","SPAL_0001303900",0,0,0,0,0,0,0,0,0,0,"SPAL_contig0000889","TilS_C domain-containing protein",NA,NA,"A0A0N5C512","",NA,"",NA,"",NA,"",NA
"1845","SPAL_0001304100",0,0.107471665051844,0.0395500273060259,0,0.0338017705655818,0,0,0.0259723618800439,0.0818105931109578,0,"SPAL_contig0001245","OTU domain-containing protein",NA,NA,"A0A0N5C515","",NA,"SRAE_0000079200 | WBGene00256551",9.29966,"",NA,"",NA
"1846","SPAL_0001304200",0,0.0282883238218513,0.038280500335351,0.0270261167389685,0,0,0,0,0.442968025113757,0,"SPAL_contig0000520","Ovule protein",NA,NA,"A0A0N5C516","",NA,"",NA,"",NA,"",NA
"1847","SPAL_0001304400",0,0,0,0.0538748978595867,0.0338642532195743,0.0281717130680439,0.130478040138146,0.103694755040714,0.123441185014318,0,"SPAL_contig0000520","Arginine deiminase",NA,NA,"A0A0N5C518","SSTP_0001133600",34.434,"",NA,"SVE_1186700",34.9057,"",NA
"1848","SPAL_0001304700",0,0,0.0399438286431264,0,0,0,0.0650263546595981,0.0255081645349778,0,0,"SPAL_contig0001129","Reverse transcriptase domain-containing protein","RT_dom, DNA/RNA_pol_sf",NA,"A0A0N5C521","",NA,"",NA,"SVE_1903600",37.6812,"",NA
"1849","SPAL_0001304725",0,0.0274313707066201,0,0.0264538308830131,0,0,0,0,0.0410999283102361,0,"SPAL_contig0001129","Transposase",NA,NA,"A0A0N5C522","",NA,"",NA,"",NA,"",NA
"1850","SPAL_0001305816",0,0,0,0.0271608972569075,0,0,0,0,0,0,"SPAL_contig0000878","",NA,NA,"A0A0N5C528","",NA,"",NA,"",NA,"",NA
"1851","SPAL_0001305832",0,0,0,0.0268548939841333,0,0,0.0650306311071939,0,0.0410170055341324,0,"SPAL_contig0000878","Reverse transcriptase domain-containing protein",NA,NA,"A0A0N5C529","",NA,"",NA,"SVE_1160800",40.3756,"",NA
"1852","SPAL_0001312000",0,0,0,0,0,0,0,0,0,0,"SPAL_contig0002268","Reverse transcriptase domain-containing protein","RT_dom, Rev_trsase/Diguanyl_cyclase, DNA/RNA_pol_sf",NA,"A0A0N5C593","SSTP_0000067500",71.6667,"",NA,"",NA,"",NA
"1853","SPAL_0001312400",0,0.0538724938505476,0.0795262976948278,0,0.100744958266969,0,0.259277999246183,0.0513706290387315,0.0816778776501393,0.0664770684137277,"SPAL_contig0001280","Integrase catalytic domain-containing protein","Integrase_cat-core, RNaseH-like_sf, RNaseH_sf","DNA integration, nucleic acid binding","A0A0N5C597","",NA,"SRAE_0000079000 | WBGene00256549",5.82011,"SVE_1964300",20.1058,"",NA
"1854","SPAL_0001312500",0.0479882146813238,0.161242373499924,0.118688391086885,0.108312773013339,0.135191359550337,0.0848627182280718,0.0645807943510634,0.0519303284045062,0.122724304155435,0.06617753799243,"SPAL_contig0001280","",NA,NA,NA,"",NA,"",NA,"",NA,"",NA
"1855","SPAL_0001312600",0.0479168193450582,0.21644348188373,0.0790282559612808,0,0.190349130949438,0,0,0.102952646448631,0,0.0660993828418751,"SPAL_contig0000339","CCHC-type domain-containing protein","RT_dom, Znf_CCHC, RNaseH_domain, RNaseH-like_sf, RNaseH_sf, Znf_CCHC_sf, Rev_trsase/Diguanyl_cyclase, DNA/RNA_pol_sf","RNA-DNA hybrid ribonuclease activity, nucleic acid binding, zinc ion binding, metal ion binding, cytoplasm, RNA phosphodiester bond hydrolysis, endonucleolytic, DNA biosynthetic process, DNA-directed DNA polymerase activity, DNA polymerase complex, enzyme binding","A0A0N5C598","",NA,"",NA,"SVE_1655600",18.4975,"",NA
"1856","SPAL_0001312700",0,0,0,0,0,0,0,0,0,0,"SPAL_contig0001419","Prophage protein","Microvir_H","viral entry into host cell","A0A0N5C599","",NA,"",NA,"",NA,"",NA
"1857","SPAL_0001312800",0,0,0,0,0,0,0,0,0,0,"SPAL_contig0001419","Capsid protein (F protein)","Microviridae_protein_F, Spike_G, Capsid/spike_ssDNA_virus, Microviridae_protein_F_sf","modulation by virus of host process, structural molecule activity","A0A0N5C5A0","",NA,"",NA,"",NA,"",NA
"1858","SPAL_0001312900",0,0,0,0,0,0,0,0,0,0,"SPAL_contig0001419","External scaffolding protein D","Scaffold_D, Scaffold_D_sf","viral procapsid maturation","A0A0N5C5A1","",NA,"",NA,"",NA,"",NA
"1859","SPAL_0001313000",0,0,0,0,0,0,0,0,0,0,"SPAL_contig0001419","Internal scaffolding protein B","Phage_B, Phage_B_sf","viral capsid assembly","A0A0N5C5A2","",NA,"",NA,"",NA,"",NA
"1860","SPAL_0001313100",0,0,0,0,0,0,0,0,0,0,"SPAL_contig0003756","Reverse transcriptase domain-containing protein","Peptidase_aspartic_dom_sf",NA,"A0A0N5C5A3","",NA,"",NA,"SVE_1780500",25.9657,"",NA
"1861","SPAL_0001313400",0,0.0807446380813204,0,0,0.0337398151815382,0,0,0,0,0,"SPAL_contig0000362","G_PROTEIN_RECEP_F1_2 domain-containing protein","7TM_GPCR_serpentine_rcpt_Str","membrane","A0A0N5C5A6","",NA,"",NA,"SVE_0342700",68.2099,"",NA
"1862","SPAL_0001313800",0,0,0,0,0,0,0,0,0,0,"SPAL_contig0000362","",NA,NA,NA,"",NA,"",NA,"",NA,"",NA
"1863","SPAL_0001313900",0,0.0283334306316957,0,0.0536620297371742,0.0332796688576475,0.0277320900846969,0.0653869738491501,0.101673409150008,0.0412298993334367,0,"SPAL_contig0003292","",NA,NA,"A0A0N5C5B0","",NA,"",NA,"",NA,"",NA
"1864","SPAL_0001318600",0,0,0.0397886401720786,0.0533109952866075,0,0,0.0648572973325572,0,0.0408491244163478,0.0665790941798538,"SPAL_contig0000033","KH_dom_type_1 domain-containing protein","Mxt","positive regulation of translation, eukaryotic initiation factor 4E binding","A0A0N5C5F8","",NA,"",NA,"",NA,"",NA
"1865","SPAL_0001319000",0,0.0272931188245171,0.241718656234857,0.372151614397802,0,0.111207511225843,0,0,0.0411220224995785,0,"SPAL_contig0000033","",NA,NA,"A0A0N5C5G2","SSTP_0000289600",27.907,"",NA,"SVE_0597500",41.0853,"",NA
"1866","SPAL_0001319500",0,0.0268854000996721,0.118735740850458,0.0812888495135747,0,0.0283059000744151,0,0,0.163711971157396,0,"SPAL_contig0000831","MYND-type domain-containing protein","DUF1258",NA,"A0A0N5C5G7","",NA,"",NA,"",NA,"",NA
"1867","SPAL_0001319700",0,0.076299943639259,0,0.0107596166173162,0.0330987210946061,0.0550200104100467,0,0.283332784153104,0,0,"SPAL_contig0001585","Copine domain-containing protein","Copine_C",NA,"A0A0N5C5G8","",NA,"",NA,"",NA,"",NA
"1868","SPAL_0001320000",0.0483441800367869,0.134629383375895,0,0,0.0335323487766421,0,0.0648018665449009,0.358852021525739,0,0.0664684884488881,"SPAL_scaffold0000106","FoP_duplication domain-containing protein",NA,NA,"A0A0N5C5H1","",NA,"",NA,"SVE_0346400",51.1364,"",NA
"1869","SPAL_0001320700",0,0.107425913414703,0,0,0,0,0,0,0.0404089214073614,0.0611154287189088,"SPAL_contig0000475","Reverse transcriptase domain-containing protein",NA,NA,"A0A0N5C5H7","SSTP_0000885900",27.3543,"",NA,"SVE_2000400",21.5247,"",NA
"1870","SPAL_0001320800",0,0.322705762790759,0,0.108420013501858,0.033826173434651,0.113259311803668,0.0646232840050195,0.0651659524798971,0.0818778987351657,0,"SPAL_contig0000475","3'-5' exonuclease domain-containing protein",NA,NA,"A0A0N5C5H8","SSTP_0000886000",31.3997,"",NA,"SVE_1305100",5.54855,"",NA
"1871","SPAL_0001320900",0,0.0560347062130277,0.0405015265911634,0.0530672047273131,0.0331359383754949,0.0275054793133149,0,0,0,0.13320639312756,"SPAL_contig0002484","DM13 domain-containing protein",NA,NA,"A0A0N5C5H9","",NA,"",NA,"SVE_2007700",50.5882,"",NA
"1872","SPAL_0001321100",0.0613026507909838,0.145795315978635,0,0.0359058066276775,0.0337619518148363,0.0473516677056607,0.0649968921144501,0.284946342158526,0.201310066618636,0,"SPAL_contig0000583","MIF4G domain-containing protein",NA,NA,"A0A0N5C5I1","",NA,"",NA,"SVE_1556100",44.843,"",NA
"1873","SPAL_0001321400",0,0.0270316107578876,0,0.0268368448356269,0,0,0,0.0516599486465917,0.0410126734731754,0.066697250037467,"SPAL_contig0001048","",NA,NA,"A0A0N5C5I4","SSTP_0001166700",14.9758,"SRAE_1000053900 | WBGene00257136",19.8068,"SVE_0079000",42.5121,"",NA
"1874","SPAL_0001321425",0,0.605118152418871,0,0,0,0,0,0.051541201004136,0.0409904860549015,0,"SPAL_contig0001048","Tr-type G domain-containing protein","T_Tr_GTP-bd_dom, EF-4, P-loop_NTPase","GTP binding, GTPase activity","A0A0N5C5I5","",NA,"",NA,"",NA,"",NA
"1875","SPAL_0001321500",0,0.0547875624356977,0,0.0264830283224791,0,0,0,0,0.0411101672268246,0,"SPAL_contig0001482","Major sperm protein",NA,NA,"A0A0N5C5I6","",NA,"",NA,"",NA,"",NA
"1876","SPAL_0001321525",0,0.0811082070359515,0,0.0539235566952843,0,0,0,0.0777631941277433,0.0821185594675624,0,"SPAL_contig0001482","Integrase_H2C2 domain-containing protein",NA,NA,"A0A0N5C5I7","",NA,"",NA,"",NA,"",NA
"1877","SPAL_0001321775",0,0,0,0,0,0,0,0,0.0408998996813625,0,"SPAL_contig0000367","Reverse transcriptase domain-containing protein",NA,NA,"A0A0N5C5J0","",NA,"",NA,"",NA,"",NA
"1878","SPAL_0001321800",0,0.0269518893396464,0,0,0.0336841909251714,0,0,0,0.450023858310026,0,"SPAL_contig0000367","",NA,NA,"A0A0N5C5J1","",NA,"",NA,"SVE_0202200",28.3186,"",NA
"1879","SPAL_0001322200",0,0,0,0,0,0,0,0,0,0,"SPAL_contig0000367","SERPIN domain-containing protein",NA,NA,"A0A0N5C5J5","",NA,"",NA,"",NA,"",NA
"1880","SPAL_0001322600",0,0.0554859196924672,0.203189858310377,0.185495876102289,0.0669463073995264,0.0553005278366618,0,0,0,0,"SPAL_contig0001061","COesterase domain-containing protein",NA,NA,"A0A0N5C5J8","SSTP_0000666200",0,"",NA,"",NA,"",NA
"1881","SPAL_0001322700",0,0.0269594569768748,0,0.081119802957937,0,0,0,0.025958968862396,0.081992638093573,0,"SPAL_contig0000455","Retrotrans_gag domain-containing protein",NA,NA,"A0A0N5C5J9","SSTP_0000642500",25.9162,"SRAE_X000037800 | WBGene00265937",5.75916,"SVE_1106700",12.3037,"",NA
"1882","SPAL_0001322800",0,0.0806976919578132,0,0,0,0.0282844980630643,0.129299097682119,0.0519351767178993,0,0,"SPAL_contig0000455","Reverse transcriptase domain-containing protein","Peptidase_aspartic_dom_sf, LDOC1-rel, Rev_trsase/Diguanyl_cyclase, DNA/RNA_pol_sf","membrane","A0A0N5C5K0","SSTP_0000665300",9.61214,"",NA,"",NA,"",NA
"1883","SPAL_0001323200",0,0.0536893447110623,0.0395096600869817,0,0,0,0,0,0.0817580291085282,0,"SPAL_contig0000937","Reverse transcriptase domain-containing protein","RT_dom",NA,"A0A0N5C5K5","",NA,"",NA,"SVE_0595500",5.8032,"",NA
"1884","SPAL_0001325300",0,0,0.121536328549004,0.0266073126739465,0.0337871062002699,0,0,0.0513595246653725,0.123894906638378,0,"SPAL_contig0000049","Transposase",NA,NA,"A0A0N5C5M6","",NA,"",NA,"",NA,"",NA
"1885","SPAL_0001325400",0,0,0,0.0543217478025777,0,0,0,0,0,0,"SPAL_contig0000049","","RNaseH_sf","nucleic acid binding","A0A0N5C5M7","",NA,"",NA,"",NA,"",NA
"1886","SPAL_0001325500",0.049067642171821,0,0.162117391311593,0,0.0329965296420396,0,0,0.58878974661728,0.0947966750561479,0.0664196923309525,"SPAL_contig0001787","",NA,NA,"A0A0N5C5M8","",NA,"",NA,"",NA,"",NA
"1887","SPAL_0001325800",0.0974625721546797,0.0270875300104395,0,0.052876846850229,0,0,0.0650710894801315,0.0765291859848104,0,0.0668144068522799,"SPAL_contig0000014","",NA,NA,"A0A0N5C5N1","",NA,"",NA,"SVE_0104700",38.0597,"",NA
"1888","SPAL_0001330500",0,0,0,0,0,0,0,0,0,0,"SPAL_contig0004255","Integrase catalytic domain-containing protein","Integrase_cat-core, RNaseH-like_sf, RNaseH_sf","DNA integration, nucleic acid binding","A0A0N5C5S8","",NA,"",NA,"",NA,"",NA
"1889","SPAL_0001330600",0,0,0,0,0,0,0,0,0.0854135548571903,0,"SPAL_contig0000780","ATP-dependent DNA helicase","DNA_helicase_pif1-like, P-loop_NTPase","telomere maintenance, DNA helicase activity, DNA repair, hydrolase activity, nucleotide binding, ATP binding, cellular response to DNA damage stimulus, DNA recombination, DNA duplex unwinding, helicase activity, ATP hydrolysis activity","A0A0N5C5S9","",NA,"",NA,"SVE_0800800",33.1707,"",NA
"1890","SPAL_0001330700",0,0.0536863341081288,0,0,0,0,0,0,0,0,"SPAL_contig0000780","Integrase catalytic domain-containing protein","Integrase_cat-core, RNaseH-like_sf, RNaseH_sf","DNA integration, nucleic acid binding","A0A0N5C5T0","",NA,"",NA,"",NA,"",NA
"1891","SPAL_0001330800",0,0,0,0,0.0337272955529025,0,0,0,0.0408882190815209,0.0662849123586599,"SPAL_contig0000780","Reverse transcriptase domain-containing protein","Rev_trsase/Diguanyl_cyclase, DNA/RNA_pol_sf",NA,"A0A0N5C5T1","SSTP_0000844900",0.877193,"",NA,"SVE_0725000",91.2281,"",NA
"1892","SPAL_0001331100",0,0,0,0,0,0.0276085537692339,0,0.0521386695197257,0,0,"SPAL_contig0000351","",NA,NA,"A0A0N5C5T4","",NA,"",NA,"",NA,"",NA
"1893","SPAL_0001331500",0.0484111277027319,0.065399785388798,0,0,0.10189570875187,0.0818375076572276,0.324751407894104,0.0440554230711773,0.0409517562440584,0,"SPAL_contig0001869","RNase H domain-containing protein","RNaseH_domain, RNaseH-like_sf, RNaseH_sf","RNA-DNA hybrid ribonuclease activity, nucleic acid binding, RNA phosphodiester bond hydrolysis, endonucleolytic","A0A0N5C5T8","SSTP_0001074500",41.1765,"",NA,"SVE_0372100",51.4706,"",NA
"1894","SPAL_0001331600",0,0.0536863268579379,0,0,0,0,0,0,0,0,"SPAL_contig0001448","",NA,NA,"A0A0N5C5T9","",NA,"",NA,"",NA,"",NA
"1895","SPAL_0001331625",0,0.0546947590022427,0.242015221665595,0.265178372441242,0.0336733205762878,0,0,0.0256003964039762,0.082247277049338,0,"SPAL_contig0001448","",NA,NA,"A0A0N5C5U0","",NA,"",NA,"",NA,"",NA
"1896","SPAL_0001331700",0,0,0,0,0,0,0,0,0,0,"SPAL_contig0001390","Peptidase A2 domain-containing protein","Peptidase_aspartic_dom_sf",NA,"A0A0N5C5U1","",NA,"",NA,"SVE_0368500",43.3862,"",NA
"1897","SPAL_0001331900",0,0.108136146265711,0.0798491750790204,0.106621468630772,0.033633999842085,0,0.195213176351954,0.0256960488721605,0,0.0667411810164774,"SPAL_contig0002751","BPTI/Kunitz inhibitor domain-containing protein",NA,NA,"A0A0N5C5U3","",NA,"",NA,"",NA,"",NA
"1898","SPAL_0001332500",0.0964340783637005,0.198109902948079,0.0846980966747738,0.107642030711403,0.134930324738826,0.0281311480431628,0.0647850088647001,0.0331700461786067,0.0409251415971042,0.132820617393678,"SPAL_contig0002502","Zinc finger, CCHC-type",NA,NA,"A0A0N5C5U9","",NA,"",NA,"",NA,"",NA
"1899","SPAL_0001332600",0,0.0974698405579371,0,0,0.0337057235251232,0,0,0.0731177986244025,0.0960303563740754,0,"SPAL_contig0000465","Integrase catalytic domain-containing protein","Integrase_cat-core, RNaseH-like_sf, RNaseH_sf","DNA integration, nucleic acid binding","A0A0N5C5V0","SSTP_0001039100",62.1795,"SRAE_X000232300 | WBGene00267907",54.4872,"SVE_0893500",41.6667,"",NA
"1900","SPAL_0001333600",0.0961830679306532,0.242219266626811,0,0.0811568760245156,0.101419799912483,0.141329821939068,0,0,0.286621557861705,0,"SPAL_contig0000136","Cytochrome P450 18a1 (inferred by orthology to a D. melanogaster protein)","Cyt_P450, Cyt_P450_E_grp-I, Cyt_P450_CS, Cyt_P450_sf","oxidoreductase activity, acting on paired donors, with incorporation or reduction of molecular oxygen, iron ion binding, heme binding, monooxygenase activity, metal ion binding, oxidoreductase activity","A0A0N5C5W0","",NA,"",NA,"",NA,"",NA
"1901","SPAL_0001336000",0,0.0677275729150269,0.141893317168137,0.112524736263064,0,0.0306043703046869,0.0734324658472679,0.0837847624556922,0.041110838882035,0,"SPAL_contig0000589","",NA,NA,"A0A0N5C5Y5","SSTP_0001082300",59.8485,"SRAE_1000048100 | WBGene00257077",61.3636,"",NA,"",NA
"1902","SPAL_0001336800",0,0.110290015311867,0,0.0266064834119886,0.0675395739888608,0,0,0.205163290569367,0.247943508406872,0,"SPAL_contig0000721","Helicase C-terminal domain-containing protein","P-loop_NTPase",NA,"A0A0N5C5Z2","",NA,"",NA,"",NA,"",NA
"1903","SPAL_0001337000",0,0,0,0,0,0,0,0.026016293560584,0,0,"SPAL_contig0000271","Astacin domain-containing protein",NA,NA,"A0A0N5C5Z4","",NA,"",NA,"SVE_0200000",60.804,"",NA
"1904","SPAL_0001337500",0.0478772045096706,0,0,0,0,0,0,0,0,0,"SPAL_contig0000271","Histone-lysine N-methyltransferase SETMAR","RNaseH_sf","nucleic acid binding","A0A0N5C5Z9","SSTP_0000004800",56.3492,"",NA,"SVE_1655400",72.2222,"",NA
"1905","SPAL_0001337800",0,0.0268874975234951,0.0396637673722227,0,0,0,0.129356507726704,0.0257369198122667,0.0408139358494739,0.33161270647142,"SPAL_contig0001500","",NA,NA,"A0A0N5C602","",NA,"",NA,"SVE_0909000",63.5965,"",NA
"1906","SPAL_0001337900",0,0.000434970898888084,0,0,0,0,0.0384284962087727,0,0,0,"SPAL_contig0003925","Shugoshin_C domain-containing protein",NA,NA,"A0A0N5C603","",NA,"",NA,"SVE_1334800",31.5018,"",NA
"1907","SPAL_0001338600",0,0.255232964943022,0.12102233774521,0.187969711766754,0.0327758761792517,0.357211596756949,0,0,0,0,"SPAL_contig0000410","Glycosyl transferase",NA,NA,"A0A0N5C610","",NA,"",NA,"",NA,"",NA
"1908","SPAL_0001338800",0.0950192030634607,0.0293497306418888,0.0406496108296402,0,0.0638839427593019,0.0295300987791852,0,0.0238511065738681,0,0,"SPAL_contig0002903","",NA,NA,"A0A0N5C612","",NA,"",NA,"",NA,"",NA
"1909","SPAL_0001338900",0,0,0,0,0,0,0,0,0,0,"SPAL_contig0001038","",NA,NA,NA,"",NA,"",NA,"",NA,"",NA
"1910","SPAL_0001338975",0,0,0,0,0,0,0,0.0151897604787465,0.0362958054000579,0,"SPAL_contig0000813","",NA,NA,"A0A0N5C614","",NA,"",NA,"",NA,"",NA
"1911","SPAL_0001339000",0,0,0,0,0.0674975210572158,0,0,0,0.0817816268472662,0.0662390595846576,"SPAL_contig0000813","Endo/exonuclease/phosphatase domain-containing protein","Endo/exonu/phosph_ase_sf",NA,"A0A0N5C615","",NA,"",NA,"SVE_1411000",10.5516,"",NA
"1912","SPAL_0001339100",0.0479767960896207,0.0268692121040455,0,0,0,0.0282890145479123,0,0.025965340138837,0.286324060306426,0.198493247684159,"SPAL_contig0000813","DNA helicase",NA,NA,"A0A0N5C616","SSTP_0000876600",56.5941,"",NA,"",NA,"",NA
"1913","SPAL_0001339400",0,0.0660368195848489,0.0397872992770712,0.207943283480786,0,0.0842874465661671,0.169120160229257,0.051681328138722,0.122871338755242,0.133066382795738,"SPAL_scaffold0000019","ING domain-containing protein",NA,NA,"A0A0N5C619","",NA,"",NA,"SVE_1277500",30.1255,"",NA
"1914","SPAL_0001339500",0,0,0,0,0,0,0,0,0.0651912105014672,0,"SPAL_scaffold0000019","STAS domain-containing protein","SLC26A/SulP_fam, STAS_dom, STAS_dom_sf","membrane, transmembrane transport","A0A0N5C620","",NA,"",NA,"",NA,"",NA
"1915","SPAL_0001339600",0.28863967136367,0.314074622608122,0,0.053833520006554,0,0,0,0,0.0415650901871679,0.140568585136809,"SPAL_scaffold0000019","Sulfate_transp domain-containing protein","SLC26A/SulP_fam, SLC26A/SulP_dom","membrane, transmembrane transport","A0A0N5C621","SSTP_0000735200",76.3975,"SRAE_0000018800 | WBGene00255927",78.5714,"SVE_0240000",84.7826,"",NA
"1916","SPAL_0001339700",0,0.0302174879184782,0,0,0.032577683069819,0,0,0,0.040338647576904,0,"SPAL_scaffold0000019","",NA,NA,"A0A0N5C622","",NA,"",NA,"",NA,"",NA
"1917","SPAL_0001339800",0,0.304733148113551,0,0.0271075108353318,0.101455502453253,0,0.0645838870390187,0.0519736260019173,0.0409225227192639,0,"SPAL_scaffold0000019","RNA helicase","Helicase_C, DNA/RNA_helicase_DEAH_CS, Helicase-assoc_dom, DEAD/DEAH_box_helicase_dom, Helicase_ATP-bd, P-loop_NTPase","helicase activity, nucleic acid binding, ATP binding, hydrolase activity, nucleotide binding, RNA helicase activity","A0A0N5C623","",NA,"",NA,"SVE_1453800",75.3731,"rha-1 | WBGene00004355",29.3177
"1918","SPAL_0001339900",0,0,0,0,0,0,0,0,0,0,"SPAL_scaffold0000019","",NA,NA,"A0A0N5C624","",NA,"",NA,"SVE_1453900",39.5062,"",NA
"1919","SPAL_0001340000",0,0.0804616553287749,0,0,0,0,0.0645347330363253,0,0,0,"SPAL_scaffold0000019","",NA,NA,"A0A0N5C625","",NA,"",NA,"SVE_1453400",22,"",NA
"1920","SPAL_0001340100",0,0.107699351599714,0,0.108305347850168,0.0338289112095975,0,0,0.0259763988400258,0.163871320750779,0,"SPAL_scaffold0000019","Protein kinase domain-containing protein","Prot_kinase_dom, Ser/Thr_kinase_AS, Kinase-like_dom_sf, Protein_kinase_ATP_BS","protein kinase activity, protein phosphorylation, ATP binding, nucleotide binding","A0A0N5C626","",NA,"",NA,"SVE_1454200",91.7466,"",NA
"1921","SPAL_0001340200",0.0483095415371068,0.107582214618593,0,0,0.0334629240697347,0,0,0,0,0,"SPAL_scaffold0000019","DUF1768 domain-containing protein","NADAR, YbiA-like_sf",NA,"A0A0N5C627","",NA,"",NA,"",NA,"",NA
"1922","SPAL_0001340300",0,0.0268978736769401,0.03960530271947,0.0270725924548482,0.0676192341619205,0,0,0.0519342286987249,0.0409348606381756,0,"SPAL_scaffold0000019","DUF4806 domain-containing protein",NA,NA,"A0A0N5C628","SSTP_0000700100",22.2781,"",NA,"SVE_1557700",88.2747,"",NA
"1923","SPAL_0001340500",0,0,0,0,0,0,0,0,0,0,"SPAL_scaffold0000019","",NA,NA,"A0A0N5C630","",NA,"",NA,"SVE_1557900",75.2747,"",NA
"1924","SPAL_0001340600",0,0.0268789817307378,0.0396899621856868,0,0.033470531699879,0,0,0,0,0.066354371377612,"SPAL_scaffold0000019","Smr domain-containing protein",NA,NA,"A0A0N5C631","",NA,"",NA,"SVE_1557900",72,"",NA
"1925","SPAL_0001340700",0,0.0732068285095794,0.0395448540803277,0,0.0674770129969684,0,0.0645444018429296,0,0,0,"SPAL_scaffold0000019","Protein kinase domain-containing protein","Prot_kinase_dom, Ser/Thr_kinase_AS, Kinase-like_dom_sf, Protein_kinase_ATP_BS","protein kinase activity, protein phosphorylation, ATP binding, nucleotide binding","A0A0N5C632","",NA,"",NA,"SVE_1558000",85,"",NA
"1926","SPAL_0001340800",0,0,0,0,0,0,0,0,0,0,"SPAL_scaffold0000019","Imm63 domain-containing protein",NA,NA,"A0A0N5C633","",NA,"",NA,"SVE_1943300",38.5185,"",NA
"1927","SPAL_0001340900",0,0.0268892552037653,0.0792719816546456,0,0.033683192463642,0,0,0,0.040858538020561,0,"SPAL_scaffold0000019","HA2 domain-containing protein","Helicase-assoc_dom, P-loop_NTPase","helicase activity","A0A0N5C634","",NA,"",NA,"SVE_0612900",51.0274,"",NA
"1928","SPAL_0001341100",0.0242442187385747,0.0404645626154194,0.0597865352422726,0,0.167636361025356,0,0,0.0384053346449145,0.142907124016078,0,"SPAL_scaffold0000019","Biogenesis of lysosome-related organelles complex 1 subunit 2",NA,NA,"A0A0N5C636","",NA,"",NA,"SVE_0611000",25.1572,"",NA
"1929","SPAL_0001342500",0.0486616700331935,0.0811828364394561,0.159788202402088,0.0263653349043174,0,0,0.129922253839988,0.279854987656825,0,0.133398072741165,"SPAL_scaffold0000019","",NA,NA,"A0A0N5C650","",NA,"",NA,"",NA,"",NA
"1930","SPAL_0001342600",0.0485740624478437,0.108046265566505,0.0798125423979216,0,0.0335334109581825,0.0277556550063631,0.0649931997245948,0.153543717603914,0.204268129385851,0.0667059324335448,"SPAL_scaffold0000019","Na_Ca_ex domain-containing protein",NA,"membrane","A0A0N5C651","",NA,"",NA,"",NA,"",NA
"1931","SPAL_0001342700",0,0.0272717410712265,0.0402192756214969,0.0264150683648428,0,0,0.065275388381262,0.127489663644671,0.0409898895208438,0,"SPAL_scaffold0000019","",NA,NA,"A0A0N5C652","",NA,"",NA,"",NA,"",NA
"1932","SPAL_0001342900",0,0.053975727235016,0.0795853126992409,0.0269299025823317,0.0337766607581943,0,0,0.025886273967237,0.122971697860033,0,"SPAL_scaffold0000019","Histone-lysine N-methyltransferase, H3 lysine-79 specific","DOT1_dom, SAM-dependent_MTases_sf, H3-K79_meTrfase","histone H3-K79 methylation, histone methyltransferase activity (H3-K79 specific), histone-lysine N-methyltransferase activity, regulation of cell cycle, transferase activity, nucleus, methylation, methyltransferase activity, chromatin organization","A0A0N5C654","",NA,"",NA,"",NA,"",NA
"1933","SPAL_0001344300",0.09643878405814,0.107767040684955,0.0397140963048582,0.0269288675940991,0,0.0281493325564707,0,0.051750332474206,0,0.0664184337227195,"SPAL_scaffold0000019","Serpentine Receptor, class Z",NA,"membrane","A0A0N5C668","SSTP_0000837100",46.8966,"SRAE_1000322800 | WBGene00259845",47.2414,"SVE_0379800",51.3793,"",NA
"1934","SPAL_0001346150",0,0.0536862888783495,0,0,0,0,0,0,0,0,"SPAL_scaffold0000019","Reverse transcriptase domain-containing protein","RT_dom",NA,"A0A0N5C688","",NA,"",NA,"",NA,"",NA
"1935","SPAL_0001346200",0.317190476812836,0.0959238668183973,0.13615898377424,0.130249613801588,0,0,0,0,0,0.150725640165039,"SPAL_scaffold0000019","HTH_48 domain-containing protein","Mos1_HTH",NA,"A0A0N5C689","",NA,"",NA,"SVE_1186800",31.1111,"",NA
"1936","SPAL_0001346300",0,0,0,0,0,0,0,0,0,0,"SPAL_scaffold0000019","",NA,NA,"A0A0N5C690","",NA,"",NA,"SVE_1920700",31.8182,"",NA
"1937","SPAL_0001346400",0,0.135615571205564,0,0,0.101433019497505,0.0280883307360202,0,0,0,0,"SPAL_scaffold0000089","",NA,NA,"A0A0N5C691","SSTP_0001158100",41.1765,"SRAE_1000042500 | WBGene00257021",38.5027,"SVE_0088900",52.4064,"",NA
"1938","SPAL_0001346450",0,0,0,0,0,0,0,0,0.0408998824833104,0,"SPAL_scaffold0000089","",NA,NA,"A0A0N5C692","",NA,"",NA,"",NA,"",NA
"1939","SPAL_0001346500",0,0.134215719170442,0,0,0,0,0,0,0,0,"SPAL_scaffold0000089","BTB domain-containing protein","BTB/POZ_dom, SKP1/BTB/POZ_sf","protein binding","A0A0N5C693","",NA,"",NA,"",NA,"",NA
"1940","SPAL_0001346700",0,0,0,0.0543217169102954,0,0,0,0,0,0,"SPAL_scaffold0000089","MFS domain-containing protein","MFS_trans_sf","membrane","A0A0N5C696","",NA,"",NA,"",NA,"",NA
"1941","SPAL_0001347400",0,0.00688850964944098,0,0,0,0,0,0,0,0,"SPAL_contig0003061","CLD20 protein",NA,"membrane","A0A0N5C6A3","SSTP_0000268000",48.4127,"SRAE_1000041300 | WBGene00257009",52.381,"",NA,"",NA
"1942","SPAL_0001348100",0.0475617658742962,0.0270214042238737,0,0,0,0,0,0,0,0,"SPAL_contig0003671","ATP synthase-coupling factor 6, mitochondrial",NA,NA,"A0A0N5C6B0","SSTP_0000289300",65.9091,"",NA,"SVE_1228400",44.3182,"",NA
"1943","SPAL_0001348300",0,0.027291818862048,0,0,0,0.0275389991272709,0,0,0.0818498784522479,0.0669033129712754,"SPAL_scaffold0000103","HTH_48 domain-containing protein","WH-like_DNA-bd_sf, Mos1_HTH",NA,"A0A0N5C6B2","SSTP_0000843600",39.823,"SRAE_X000162100 | WBGene00267194",38.0531,"SVE_1972200",64.6018,"",NA
"1944","SPAL_0001348500",0,0.117202618404975,0.162050034544016,0.140215197163609,0.128280438486242,0.170728645669314,0,0.0740233088080026,0.0401341133198012,0.0649661836096644,"SPAL_contig0000304","Ovule protein",NA,NA,"A0A0N5C6B4","",NA,"",NA,"",NA,"",NA
"1945","SPAL_0001348600",0,0.214883190122597,0.118596184956926,0.0271124551939333,0.0676213946844933,0,0.0645373137288308,0.0519723544071865,0,0.0661288789524888,"SPAL_contig0000304","Reverse transcriptase domain-containing protein","Integrase_cat-core, RNaseH_domain, RNaseH-like_sf, RNaseH_sf, Rev_trsase/Diguanyl_cyclase, DNA/RNA_pol_sf","DNA integration, RNA-DNA hybrid ribonuclease activity, nucleic acid binding, RNA phosphodiester bond hydrolysis, endonucleolytic, DNA biosynthetic process, DNA-directed DNA polymerase activity, DNA polymerase complex","A0A0N5C6B5","",NA,"",NA,"SVE_1161900",11.5602,"",NA
"1946","SPAL_0001348700",0,0,0,0,0,0,0,0,0,0,"SPAL_contig0000304","PPC domain-containing protein","DUF1280",NA,"A0A0N5C6B6","",NA,"",NA,"",NA,"",NA
"1947","SPAL_0001348800",0,0,0,0,0,0,0,0,0,0,"SPAL_contig0000304","",NA,NA,"A0A0N5C6B7","",NA,"",NA,"",NA,"",NA
"1948","SPAL_0001348900",0.0483126934660334,0.0538968342199362,0,0,0,0.0280002751557451,0,0,0,0,"SPAL_contig0001586","",NA,NA,"A0A0N5C6B8","",NA,"",NA,"",NA,"",NA
"1949","SPAL_0001351575",0,0,0,0,0,0,0.262710767560604,0.0255435631920244,0,0,"SPAL_contig0000507","Secreted protein",NA,NA,"A0A0N5C6E6","",NA,"",NA,"",NA,"",NA
"1950","SPAL_0001351600",0,0,0.0395029319492449,0,0,0,0,0,0,0.0660462225978476,"SPAL_contig0000507","BZIP domain-containing protein",NA,NA,"A0A0N5C6E7","",NA,"",NA,"SVE_0879200",71.0784,"",NA
"1951","SPAL_0001352175",0.048800428780471,0.115646122829538,0.0804968302214911,0.0263178684612795,0,0,0,0.366539166028342,0.0406857569618476,0.132385260555482,"SPAL_contig0000202","",NA,NA,"A0A0N5C6F3","",NA,"",NA,"",NA,"",NA
"1952","SPAL_0001352400",0,0,0,0,0,0,0,0,0,0.0660650050928605,"SPAL_contig0000202","Retrotransposon protein",NA,NA,"A0A0N5C6F5","",NA,"",NA,"",NA,"",NA
"1953","SPAL_0001352450",0,0.0274442973615085,0,0,0,0.0277459915038734,0,0,0,0,"SPAL_contig0000202","Aa_trans domain-containing protein",NA,"membrane","A0A0N5C6F6","",NA,"",NA,"",NA,"",NA
"1954","SPAL_0001352500",0,0.0268432454596642,0,0,0,0,0,0,0,0,"SPAL_contig0000202","HTH_48 domain-containing protein","Mos1_HTH",NA,"A0A0N5C6F7","",NA,"",NA,"",NA,"",NA
"1955","SPAL_0001352600",0,0.0808021188008442,0,0,0.033745377794922,0,0.129545334034118,0.0517530945170181,0,0,"SPAL_contig0000202","DUF4140 domain-containing protein",NA,NA,"A0A0N5C6F8","",NA,"",NA,"",NA,"",NA
"1956","SPAL_0001353000",0.343625037610669,0.139547532593663,0,0,0,0.0549151335274515,0,0.0352344528488129,0,0,"SPAL_contig0003773","Secreted protein",NA,NA,"A0A0N5C6G2","",NA,"",NA,"SVE_0881100",64.3678,"",NA
"1957","SPAL_0001353200",0,0.053983936370831,0,0.0269339983349803,0.0337817978301661,0,0.0649220787364507,0.0258902109950387,0.0409968001838084,0,"SPAL_contig0001700","DUF148 domain-containing protein",NA,NA,"A0A0N5C6G4","",NA,"",NA,"SVE_0278300",43.5115,"",NA
"1958","SPAL_0001353225",0,0.0275940206971092,0,0.0264257723151481,0,0,0,0,0,0,"SPAL_contig0001700","ML domain-containing protein",NA,NA,"A0A0N5C6G5","",NA,"",NA,"",NA,"",NA
"1959","SPAL_0001353300",0.0494684570911912,0,0,0.0265762584662992,0,0.027733470456008,0.131648305476634,0.485196757617069,0.165312961633763,0,"SPAL_contig0001139","PA domain-containing protein","PA_domain, Peptidase_M28B, PA_dom_sf",NA,"A0A0N5C6G6","",NA,"",NA,"",NA,"",NA
"1960","SPAL_0001353475",0,0,0,0,0,0,0,0,0.122699881861449,0,"SPAL_contig0000453","",NA,NA,"A0A0N5C6G8","",NA,"",NA,"",NA,"",NA
"1961","SPAL_0001353500",0,0.138356352608743,0,0,0.0337498536938136,0,0,0,0.0409062461807637,0,"SPAL_contig0000453","REPA_OB_2 domain-containing protein","NA-bd_OB-fold, REPA_OB_2",NA,"A0A0N5C6G9","SSTP_0000861300",8.15217,"",NA,"",NA,"R03H10.6 | WBGene00019858",11.9565
"1962","SPAL_0001354200",0,0,0,0,0,0,0,0,0,0,"SPAL_contig0000190","Anoctamin",NA,"membrane","A0A0N5C6H6, A0A0N5CFM0","",NA,"",NA,"",NA,"",NA
"1963","SPAL_0001354500",0.0972854719454708,0.109173965851341,0.0400345155387522,0.0261179692398655,0,0,0,0,0.121915048479089,0,"SPAL_contig0000190","Phlebovirus_G2 domain-containing protein",NA,NA,"A0A0N5C6H9","",NA,"",NA,"",NA,"",NA
"1964","SPAL_0001354600",0,0,0.0394917189593791,0,0,0,0,0,0,0,"SPAL_contig0000190","Trafficking protein particle complex subunit",NA,NA,"A0A0N5C6I0","",NA,"",NA,"",NA,"",NA
"1965","SPAL_0001354800",0,0.080924498073303,0,0,0.135178787533221,0.0281929989044638,0,0,0.0819819359097558,0,"SPAL_contig0000190","",NA,NA,"A0A0N5C6I2","",NA,"",NA,"SVE_1679100",60.2694,"",NA
"1966","SPAL_0001354900",0,0.0665152381989032,0.0395535331857151,0.0541267908249285,0,0,0.0850103797777551,0,0.0408941598619796,0,"SPAL_contig0000190","Reverse transcriptase domain-containing protein","RT_dom, DNA/RNA_pol_sf",NA,"A0A0N5C6I3","",NA,"",NA,"SVE_0796900",12.5894,"",NA
"1967","SPAL_0001355200",0,0.0269026944402765,0,0,0,0,0.194072142429626,0.0258765844700149,0.0408967700513615,0,"SPAL_contig0000165","7TM_GPCR_Srx domain-containing protein",NA,"membrane","A0A0N5C6I6","",NA,"",NA,"",NA,"",NA
"1968","SPAL_0001356300",0,0.0942132213765506,0.0398482667296306,0,0,0,0,0.13206093932097,0,0,"SPAL_contig0000165","Integrase_H2C2 domain-containing protein",NA,NA,"A0A0N5C6J7","SSTP_0000665500",1.19048,"",NA,"SVE_1302700",79.7619,"",NA
"1969","SPAL_0001356400",0,0.0807551544074388,0.118974574853042,0.0269964939228896,0.168875259392,0,0.19415735093663,0.233260424991897,0.0818661738221799,0,"SPAL_contig0001830","Reverse transcriptase domain-containing protein",NA,NA,"A0A0N5C6J8","",NA,"",NA,"SVE_1303500",37.7309,"",NA
"1970","SPAL_0001356700",0.108906451837235,0,0,0.0328691990429415,0,0,0,0.236267666069499,0,0.0798412713585692,"SPAL_contig0004389","",NA,NA,"A0A0N5C6K1","",NA,"",NA,"",NA,"",NA
"1971","SPAL_0001356800",0,0,0,0,0,0,0,0,0,0,"SPAL_contig0003308","Transmembrane protein 175",NA,"membrane","A0A0N5C6K2","SSTP_0000626000",16.0804,"SRAE_1000291400 | WBGene00259531",15.5779,"SVE_0157700",34.1709,"",NA
"1972","SPAL_0001356900",0,0.0536695653104933,0,0,0,0,0.0645004372621573,0,0,0,"SPAL_contig0003246","THAP-type domain-containing protein",NA,NA,"A0A0N5C6K3","",NA,"SRAE_0000071000 | WBGene00256462",11.412,"SVE_0271700",89.942,"",NA
"1973","SPAL_0001357100",0,0,0,0,0,0,0,0,0,0,"SPAL_contig0003689","Archease domain-containing protein",NA,NA,"A0A0N5C6K5","",NA,"",NA,"",NA,"",NA
"1974","SPAL_0001363300",0,0.0811817845599983,0,0,0,0.0281370256521902,0,0,0,0,"SPAL_contig0003611","DUF4218 domain-containing protein",NA,NA,"A0A0N5C6R8","",NA,"",NA,"SVE_0813700",91.3636,"",NA
"1975","SPAL_0001363400",0,0.0893729178036414,0.0396739456972032,0.0606211346092244,0.0780804425578988,0.032547935134006,0.0707688084367221,0.0898684593983865,0,0.06635623869334,"SPAL_contig0002954","Peptidase A2 domain-containing protein","Aspartic_peptidase_AS, Peptidase_aspartic_dom_sf","aspartic-type endopeptidase activity, proteolysis","A0A0N5C6R9","SSTP_0000066850",2.15633,"",NA,"SVE_0270600",4.31267,"",NA
"1976","SPAL_0001363900",0,0.026998447367029,0,0,0,0,0,0,0.406649489185837,0,"SPAL_contig0003162","DUF2188 domain-containing protein",NA,NA,"A0A0N5C6S4","",NA,"",NA,"SVE_0395800",29.6875,"",NA
"1977","SPAL_0001364000",0,0.068729514798548,0,0.0294592206197681,0,0,0.194605591510256,0.0988651410278361,0,0,"SPAL_contig0001016","HTH_48 domain-containing protein","Transposase_1, WH-like_DNA-bd_sf, RNaseH_sf","nucleic acid binding","A0A0N5C6S5","SSTP_0000841400",59.1973,"",NA,"",NA,"",NA
"1978","SPAL_0001364100",0,0,0,0.0810113866390618,0,0,0,0.0259774802271387,0.0411997495383563,0,"SPAL_contig0001016","BTB domain-containing protein","BTB/POZ_dom, SKP1/BTB/POZ_sf","protein binding","A0A0N5C6S6","",NA,"",NA,"",NA,"",NA
"1979","SPAL_0001364300",0,0,0,0,0,0,0,0,0,0,"SPAL_contig0000746","Aminoglycoside phosphotransferase",NA,NA,"A0A0N5C6S8","",NA,"",NA,"",NA,"",NA
"1980","SPAL_0001364400",0.264189595518504,0.0671704970680685,0.000388814243879549,0,0.0337206747916509,0,0,0.0258794450044934,0,0.0662014459526866,"SPAL_contig0000746","KIX domain-containing protein","KIX_dom, KIX_dom_sf","transcription coregulator activity, regulation of transcription, DNA-templated, nucleus, metabolic process, transcription, DNA-templated","A0A0N5C6S9","SSTP_0001226400",26.3158,"SRAE_X000083700 | WBGene00266399",28.5714,"SVE_1137300",72.4311,"",NA
"1981","SPAL_0001365000",0,0,0,0.108643508820314,0,0,0,0,0,0,"SPAL_contig0003075","Tetratricopeptide repeat protein 30",NA,NA,"A0A0N5C6T5","",NA,"",NA,"",NA,"",NA
"1982","SPAL_0001365200",0,0.109312203401031,0,0.194441991925962,0.059310183819082,0,0,0,0,0.103819101177538,"SPAL_contig0002967","DCB domain-containing protein",NA,NA,"A0A0N5C6T7","",NA,"",NA,"",NA,"",NA
"1983","SPAL_0001366900",0,0.188320011124238,0,0,0,0,0,0.259411963338,0.0869954375981216,0,"SPAL_contig0001927","Endo/exonuclease/phosphatase domain-containing protein","Endo/exonu/phosph_ase_sf",NA,"A0A0N5C6V4","",NA,"",NA,"SVE_1100200",31.1441,"",NA
"1984","SPAL_0001367600",0,0.15185201988057,0.15841502649913,0.030722876815785,0.229682219317457,0.141429938734172,0,0.0259682865115364,0.122803621490895,0.132489041672764,"SPAL_contig0000506","DDE_Tnp_1_7 domain-containing protein","PGBD, PGBD4_C_Znf-ribbon",NA,"A0A0N5C6W1","",NA,"",NA,"",NA,"",NA
"1985","SPAL_0001367700",0,0.0270241729250297,0.199308517486964,0.0807211641611421,0.033786206760679,0,0,0.0517572305664188,0,0,"SPAL_contig0000506","Reverse transcriptase domain-containing protein","Rev_trsase/Diguanyl_cyclase, DNA/RNA_pol_sf",NA,"A0A0N5C6W2","SSTP_0000454500",0,"",NA,"SVE_1523800",18.8034,"",NA
"1986","SPAL_0001367800",0,0.0808835566866018,0,0,0,0.056481046054403,0,0,0,0,"SPAL_contig0000506","Tyr recombinase domain-containing protein","DNA_brk_join_enz, Integrase-like_cat_sf","DNA integration, DNA recombination, DNA binding","A0A0N5C6W3","SSTP_0000454300",39.2157,"",NA,"SVE_1151700",17.9272,"",NA
"1987","SPAL_0001368100",0,0.026921933515333,0.0397045294333615,0.0268336455775756,0,0,0.0647599316093002,0,0.0408810039017279,0,"SPAL_contig0000732","ODV-EC27",NA,NA,"A0A0N5C6W6","",NA,"",NA,"SVE_1304900",38.6179,"",NA
"1988","SPAL_0001368200",0,0,0,0,0.0339546208329119,0,0,0.0259207567548255,0,0,"SPAL_contig0000732","",NA,NA,"A0A0N5C6W7","",NA,"",NA,"",NA,"",NA
"1989","SPAL_0001368600",0,0,0,0,0,0,0,0,0,0,"SPAL_scaffold0000072","",NA,NA,"A0A0N5C6X1","",NA,"",NA,"",NA,"",NA
"1990","SPAL_0001368700",0,0,0,0,0.0677972765293098,0,0,0.0519270349006536,0,0,"SPAL_scaffold0000072","",NA,NA,"A0A0N5C6X2","",NA,"",NA,"",NA,"",NA
"1991","SPAL_0001368800",0.0479665099031045,0.175383798653833,0.118618958536451,0,0,0,0.215674778454113,0.0495672518969211,0.0620714939639197,0,"SPAL_scaffold0000072","ATP-dependent DNA helicase","DNA_helicase_dom, DNA_helicase_pif1-like, P-loop_NTPase","telomere maintenance, helicase activity, DNA helicase activity, DNA repair, ATP binding, hydrolase activity, nucleotide binding, cellular response to DNA damage stimulus, DNA recombination, DNA duplex unwinding, ATP hydrolysis activity","A0A0N5C6X3","",NA,"",NA,"SVE_0800800",51.6722,"",NA
"1992","SPAL_0001369100",0,0.1079511722842,0.119372487563938,0.00128238273793939,0.0624262392767312,0.028160873125732,0.259641721312881,0.155348424490573,0.0819859677673284,0,"SPAL_contig0002196","Integrase catalytic domain-containing protein","Integrase_cat-core, RNaseH-like_sf, RNaseH_sf","DNA integration, nucleic acid binding","A0A0N5C6X6","SSTP_0000665500",18.797,"",NA,"SVE_1302700",59.0226,"",NA
"1993","SPAL_0001369300",0,0,0.0396543130948835,0.0269969609516319,0.0337738732848625,0,0.0647131904636295,0,0,0,"SPAL_contig0000770","BZIP domain-containing protein",NA,NA,"A0A0N5C6X8","",NA,"",NA,"SVE_0883300",54.047,"",NA
"1994","SPAL_0001369400",0,0,0,0.0271231502670724,0,0,0,0.02605261585432,0,0,"SPAL_contig0000770","F-box domain-containing protein","F-box-like_dom_sf","protein binding","A0A0N5C6X9","",NA,"",NA,"",NA,"",NA
"1995","SPAL_0001369500",0,0.0271388441992208,0,0,0,0,0,0.10293386316223,0,0,"SPAL_contig0000770","LAGLIDADG_2 domain-containing protein","RNaseH-like_sf",NA,"A0A0N5C6Y0","",NA,"",NA,"SVE_0113700",37.6623,"",NA
"1996","SPAL_0001369600",0,0.084510016711445,0.0406270290770033,0,0.0331321125201485,0.0275804561755627,0,0.0505728475966553,0.0409934504957428,0,"SPAL_contig0001330","",NA,NA,"A0A0N5C6Y1","",NA,"",NA,"",NA,"",NA
"1997","SPAL_0001369700",0,0.0831908374029333,0.0810935075392896,0.184826521138116,0,0.0550364338417309,0.0653372710672219,0.152131933966103,0,0.0669824137682973,"SPAL_contig0001330","Conserved domain protein",NA,NA,"A0A0N5C6Y2","",NA,"",NA,"",NA,"",NA
"1998","SPAL_0001369800",0,0,0,0,0.0338298124994595,0,0,0,0,0,"SPAL_contig0001330","DNA-binding protein",NA,NA,"A0A0N5C6Y3","",NA,"",NA,"",NA,"",NA
"1999","SPAL_0001369900",0,0.0275208055941152,0.0576185759216125,0.0457226132307394,0,0,0,0,0,0,"SPAL_contig0001664","USP domain-containing protein","Peptidase_C19_UCH, USP_dom, Papain-like_cys_pep_sf","protein deubiquitination, cysteine-type deubiquitinase activity","A0A0N5C6Y4","",NA,"",NA,"SVE_0780400",71.9101,"",NA
"2000","SPAL_0001370550",0.0249424653217814,0.00819817506364612,0,0,0.0234798753713113,0.0180394128047565,0,0,0,0,"SPAL_contig0000308","Reverse transcriptase domain-containing protein",NA,NA,"A0A0N5C6Z1","SSTP_0000064900",59.7222,"",NA,"SVE_1661700",90.2778,"",NA
"2001","SPAL_0001373900",0.0993141342108152,0.025887923237273,0,0,0,0,0,0,0,0,"SPAL_contig0000244","Transposase",NA,NA,"A0A0N5C724","",NA,"",NA,"",NA,"",NA
"2002","SPAL_0001374600",0,0.0276894550069438,0,0,0,0.0557094981207678,0,0.051377159389559,0,0,"SPAL_contig0000244","COesterase domain-containing protein","CarbesteraseB, AB_hydrolase",NA,"A0A0N5C731","",NA,"",NA,"",NA,"",NA
"2003","SPAL_0001375000",0.080710482489034,0,0,0,0,0,0.387723124162754,0.159853249627516,0,0,"SPAL_contig0002805","GIT domain-containing protein",NA,NA,"A0A0N5C735","",NA,"",NA,"SVE_1921000",22.6361,"",NA
"2004","SPAL_0001390000",0,0,0,0.0271608072642456,0,0,0,0,0,0,"SPAL_contig0000169","",NA,NA,"A0A0N5C7I7","",NA,"",NA,"SVE_1859100",0,"",NA
"2005","SPAL_0001390200",0,0,0.0803931900107676,0,0,0.0278687930472418,0,0,0,0,"SPAL_contig0003562","",NA,NA,"A0A0N5C7I9","",NA,"",NA,"",NA,"",NA
"2006","SPAL_0001390600",0.146338820346543,0,0.0400526763501967,0,0,0,0,0.0252745112421456,0.652071018223015,0,"SPAL_contig0003415","Ribosomal protein S16",NA,NA,"A0A0N5C7J3","",NA,"",NA,"SVE_1576500",43.5185,"",NA
"2007","SPAL_0001391000",0,0,0,0,0,0,0.0644799997736951,0,0,0,"SPAL_contig0000917","Peptidase C76 domain-containing protein","Papain-like_cys_pep_sf",NA,"A0A0N5C7J7","",NA,"",NA,"",NA,"",NA
"2008","SPAL_0001392450",0,0,0,0,0,0,0,0,0,0,"SPAL_scaffold0000053","Transposase",NA,NA,"A0A0N5C7L2","",NA,"",NA,"",NA,"",NA
"2009","SPAL_0001393700",0,0.0268954436267153,0.0792615552023509,0,0.0674579617449975,0,0.0646706271070783,0.0258760412716333,0,0,"SPAL_contig0002321","Serine/arginine repetitive matrix protein 2-like",NA,NA,"A0A0N5C7M5","",NA,"",NA,"SVE_0877800",50.289,"",NA
"2010","SPAL_0001393800",0,0,0,0,0,0,0,0,0,0,"SPAL_contig0002257","Phage protein",NA,NA,"A0A0N5C7M6","",NA,"",NA,"",NA,"",NA
"2011","SPAL_0001394500",0,0.0269690654350177,0.0398185396229849,0,0,0,0,0.0513925180637887,0.122639339215733,0,"SPAL_contig0002551","DNA_ligase_A_N domain-containing protein",NA,NA,"A0A0N5C7N3","",NA,"",NA,"SVE_0293500",3.84615,"",NA
"2012","SPAL_0001394675",0,0.04914707486567,0,0,0,0,0.0651155396644966,0.203313573002814,0.0408904660464447,0,"SPAL_contig0002926","Ovule protein",NA,NA,"A0A0N5C7N5","",NA,"",NA,"",NA,"",NA
"2013","SPAL_0001394800",0,0.0805798817089091,0.079067112023824,0.027102804529738,0,0,0.129076478306234,0.051958304718189,0.163599853724232,0.0661306887770195,"SPAL_contig0000969","Reverse transcriptase","RT_dom, Integrase_cat-core, RNaseH-like_sf, RNaseH_sf, RT_RNaseH_2, Integrase_H2C2, Rev_trsase/Diguanyl_cyclase, DNA/RNA_pol_sf","DNA integration, nucleic acid binding, DNA biosynthetic process, DNA-directed DNA polymerase activity, DNA polymerase complex","A0A0N5C7N7","",NA,"",NA,"",NA,"",NA
"2014","SPAL_0001395100",0,0.0557701508981123,0,0,0.0333762376098423,0,0,0.0253929613985677,0,0,"SPAL_contig0003691","COesterase domain-containing protein","CarbesteraseB, AB_hydrolase",NA,"A0A0N5C7P0","",NA,"",NA,"",NA,"",NA
"2015","SPAL_0001395400",0,0.136032616469064,0.36161821472623,0.0798042582746908,0,0,0,0.0769767234957202,0.0410727952165447,0,"SPAL_contig0000349","RING-type domain-containing protein","Znf_RING/FYVE/PHD",NA,"A0A0N5C7P3","",NA,"",NA,"",NA,"",NA
"2016","SPAL_0001397600",0,0.0225758783112217,0,0,0,0.00922420635899807,0,0.00850479984672779,0,0.0336706618775864,"SPAL_contig0004170","HTH CENPB-type domain-containing protein","HTH_CenpB_DNA-bd_dom, Homeobox-like_sf",NA,"A0A0N5C7R5","",NA,"",NA,"",NA,"",NA
"2017","SPAL_0001397700",0,0,0,0,0,0,0,0,0.0111901720535846,0,"SPAL_contig0003848","",NA,NA,"A0A0N5C7R6","",NA,"",NA,"",NA,"",NA
"2018","SPAL_0001397800",0,0,0,0,0,0,0,0,0,0,"SPAL_contig0003848","EF-hand_13 domain-containing protein","EF_hand_dom, EF-hand-dom_pair, EF-hand_13","calcium ion binding","A0A0N5C7R7","SSTP_0001260400",45.4259,"SRAE_1000019600 | WBGene00256790",54.2587,"SVE_0009500",70.347,"F43B10.1 | WBGene00018373",27.1293
"2019","SPAL_0001397900",0,0,0,0,0,0,0,0.0375519136792784,0,0,"SPAL_contig0003447","Fes1 domain-containing protein",NA,NA,"A0A0N5C7R8","",NA,"SRAE_0000046200 | WBGene00256206",23.4177,"SVE_0610900",35.443,"",NA
"2020","SPAL_0001400500",0,0,0,0,0,0,0.130942342615511,0.179365838391637,0,0,"SPAL_contig0001418","DEP domain-containing protein",NA,NA,"A0A0N5C7U3","",NA,"",NA,"",NA,"",NA
"2021","SPAL_0001400700",0.048594700910222,0,0,0.0268945061829495,0,0,0,0.122733730972715,0,0,"SPAL_contig0004132","Integrase catalytic domain-containing protein",NA,NA,"A0A0N5C7U5","SSTP_0000289500",39.5122,"",NA,"SVE_0597600",65.3659,"",NA
"2022","SPAL_0001401400",0,0.0424438360480498,0,0,0,0,0,0.0358707326417453,0,0,"SPAL_contig0000568","",NA,NA,"A0A0N5C7V2","",NA,"",NA,"",NA,"",NA
"2023","SPAL_0001401500",0,0.0271182947979452,0.0400175393388405,0,0.0334485368693531,0,0,0.0254429214556309,0,0.133518347230302,"SPAL_contig0001510","",NA,NA,"A0A0N5C7V3","",NA,"",NA,"",NA,"",NA
"2024","SPAL_0001401700",0,0,0,0,0.0338256446144477,0,0,0.0259573665437306,0.271708516043832,0,"SPAL_contig0002703","N-acetylgalactosaminide beta-1,3-galactosyltransferase","Fringe-like","glycosyltransferase activity, membrane, protein glycosylation, glycoprotein-N-acetylgalactosamine 3-beta-galactosyltransferase activity","A0A0N5C7V5","",NA,"SRAE_2000490900 | WBGene00265156",71.2281,"",NA,"",NA
"2025","SPAL_0001402100",0,0.247952770798454,0.0808836797926093,0,0,0.248554975884175,0,0.0690397376041799,0,0,"SPAL_contig0000277","",NA,NA,"A0A0N5C7V9","",NA,"",NA,"",NA,"",NA
"2026","SPAL_0001402400",0,0.169911336407512,0,0.0503989283552836,0.14024163735011,0,0,0.0542128360017015,0,0.0323117531593542,"SPAL_contig0002469","",NA,NA,"A0A0N5C7W2","",NA,"",NA,"SVE_1220200",72.1805,"",NA
"2027","SPAL_0001402500",0,0,0,0,0,0,0,0,0,0,"SPAL_contig0003337","Endo/exonuclease/phosphatase domain-containing protein","Swc5/CFDP1/2, Endo/exonu/phosph_ase_sf",NA,"A0A0N5C7W3","",NA,"",NA,"SVE_0277800",52.4793,"",NA
"2028","SPAL_0001402700",0.0943457044960281,0.0831974098990068,0.0404115466124162,0.0993059062408827,0.0331543629307199,0,0,0.0856285436641832,0.0817362358505732,0.0665831554607273,"SPAL_contig0000993","Histone-lysine N-methyltransferase SETMAR","RNaseH_sf","nucleic acid binding","A0A0N5C7W5","",NA,"",NA,"SVE_0587400",67.7778,"",NA
"2029","SPAL_0001403000",0,0.0268431876259649,0,0,0,0,0,0,0,0,"SPAL_contig0003108","Sporozoite invasion-associated protein 2",NA,NA,"A0A0N5C7W8","SSTP_0000947000",18.7845,"",NA,"SVE_1063100",40.3315,"",NA
"2030","SPAL_0001403300",0,0.0807937523597022,0.0793697760870401,0.0269765930366342,0,0.197360972078098,0.0647581542000818,0.0259067196283412,0,0.0663728048233311,"SPAL_contig0000326","",NA,"membrane","A0A0N5C7X2","",NA,"",NA,"SVE_0877800",50.8824,"",NA
"2031","SPAL_0001403400",0,0.0269376942146941,0.0794064653259084,0,0.0337544549454482,0.0281641334798477,0.129558858231241,0.0258854147319056,0.0818759283116899,0,"SPAL_contig0000326","F-box domain-containing protein",NA,NA,"A0A0N5C7X3","SSTP_0000289600",19.3443,"",NA,"",NA,"",NA
"2032","SPAL_0001403500",0,0.0894596217487325,0.0392352947168681,0,0,0,0,0,0,0.19046559597932,"SPAL_contig0001589","DUF1080 domain-containing protein",NA,NA,"A0A0N5C7X4","",NA,"",NA,"",NA,"",NA
"2033","SPAL_0001403700",0,0,0,0,0,0,0,0,0,0,"SPAL_contig0001589","Integrase catalytic domain-containing protein","Integrase_cat-core, RNaseH-like_sf, RNaseH_sf","DNA integration, nucleic acid binding","A0A0N5C7X6","SSTP_0001073000",58.3333,"",NA,"",NA,"",NA
"2034","SPAL_0001404050",0.0489584260909054,0.170415056307043,0,0.0268148952778588,0,0.0275585416635741,0.0646337466292408,0.377383207464154,0.0407642368926233,0.132080696736084,"SPAL_scaffold0000005","",NA,NA,"A0A0N5C7Y0","",NA,"",NA,"",NA,"",NA
"2035","SPAL_0001407850",0,0,0,0,0,0,0,0,0,0,"SPAL_scaffold0000005","",NA,NA,"A0A0N5C819","",NA,"",NA,"",NA,"",NA
"2036","SPAL_0001407933",0,0,0,0,0,0,0,0,0,0,"SPAL_scaffold0000005","",NA,NA,"A0A0N5C821","",NA,"",NA,"",NA,"",NA
"2037","SPAL_0001410850",0.193419127731614,0.168652557455653,0,0,0.129945604836202,0,0,0,0,0.195310619665206,"SPAL_scaffold0000005","",NA,NA,"A0A0N5C853","",NA,"",NA,"",NA,"",NA
"2038","SPAL_0001414533",0,0.0563881666265302,0,0,0,0,0,0.0247815609179737,0,0,"SPAL_scaffold0000005","",NA,NA,"A0A0N5C892","",NA,"",NA,"",NA,"",NA
"2039","SPAL_0001417550",0,0,0,0,0,0,0.0644801842150805,0,0,0,"SPAL_scaffold0000005","",NA,NA,"A0A0N5C8C5","",NA,"",NA,"",NA,"",NA
"2040","SPAL_0001420250",0,0.0579339398285419,0,0.0276083946893983,0.128399273664854,0.111718898188674,0,0,0.0800055747981125,0,"SPAL_scaffold0000005","",NA,"membrane","A0A0N5C8F4","",NA,"",NA,"",NA,"",NA
"2041","SPAL_0001422950",0,0.0286440496314898,0,0,0,0,0,0.14640625788632,0,0,"SPAL_scaffold0000005","",NA,NA,"A0A0N5C8I3","",NA,"",NA,"",NA,"",NA
"2042","SPAL_0001423950",0,0.0273339698402283,0,0,0.0332247853970537,0,0,0,0,0,"SPAL_scaffold0000005","",NA,NA,"A0A0N5C8J4","",NA,"",NA,"",NA,"",NA
"2043","SPAL_0001428050",0.0487833561678452,0.0281692727206,0,0,0.0328550001013853,0,0,0.100309173052018,0,0,"SPAL_scaffold0000005","",NA,"membrane","A0A0N5C8N9","",NA,"",NA,"",NA,"",NA
"2044","SPAL_0001429400",0.0482096357319972,0.188579463781203,0,0.0538782046911696,0.0675049767587714,0,0,0,0,0,"SPAL_scaffold0000005","","Sulfotransferase, Chst-1","positive regulation of response to oxidative stress, chondroitin sulfate biosynthetic process, chondroitin 4-sulfotransferase activity, sulfotransferase activity, membrane","A0A0N5C8Q4","SSTP_0001113400",60.2007,"SRAE_2000465250 | WBGene00264888",28.7625,"SVE_0574900",91.6388,"K07H8.8 | WBGene00019508",17.3913
"2045","SPAL_0001431650",0,0.0548020855331871,0.0401103441973813,0.0261160490634428,0,0,0,0,0,0.0663003979742123,"SPAL_scaffold0000005","",NA,"membrane","A0A0N5C8S6","",NA,"",NA,"",NA,"",NA
"2046","SPAL_0001431833",0,0.0289043564341577,0,0,0,0.0557386085376398,0,0.0246227908680272,0,0,"SPAL_scaffold0000005","",NA,NA,"A0A0N5C8S9","",NA,"",NA,"",NA,"",NA
"2047","SPAL_0001431866",0,0,0,0,0,0,0,0,0,0,"SPAL_scaffold0000005","",NA,NA,"A0A0N5C8T0","",NA,"",NA,"",NA,"",NA
"2048","SPAL_0001432850",0,0,0,0,0,0,0,0,0,0,"SPAL_scaffold0000005","Transposase",NA,"membrane","A0A0N5C8U2","",NA,"",NA,"",NA,"",NA
"2049","SPAL_0001435000",0,0,0,0,0,0,0,0,0,0,"SPAL_contig0000241","DUF5641 domain-containing protein",NA,NA,"A0A0N5C8W6","",NA,"",NA,"SVE_0699000",89.2216,"",NA
"2050","SPAL_0001435200",0.0482445445363306,0.0537801257236429,0,0,0,0,0,0.0256593704865885,0,0.0663619069215346,"SPAL_scaffold0000027","Homeobox domain-containing protein","Homeobox_dom, Homeobox-like_sf, Homeobox_CS, Homeobox_metazoa, TLX1/2/3","DNA-binding transcription factor activity, RNA polymerase II-specific, DNA-binding transcription factor activity, regulation of transcription, DNA-templated, DNA binding, nucleus, regulation of transcription by RNA polymerase II","A0A0N5C8W8","SSTP_0000482300",51.0309,"SRAE_X000192200 | WBGene00267499",56.701,"SVE_0302700",87.1134,"ceh-63 | WBGene00045215",18.0412
"2051","SPAL_0001443600",0,0.0538768493000967,0,0,0,0,0,0.0517928986111338,0.169459622372455,0,"SPAL_contig0002974","SCP domain-containing protein","CRISP-related, CAP_domain, CAP_sf",NA,"A0A0N5C953","",NA,"SRAE_2000076500 | WBGene00260965",23.0284,"SVE_0673400",64.0379,"",NA
"2052","SPAL_0001443700",0,0.0540832918691487,0.0171774677510079,0.0269633282520159,0,0.0281898017070543,0,0.0259235950818588,0,0,"SPAL_contig0000830","",NA,NA,"A0A0N5C954","",NA,"",NA,"",NA,"",NA
"2053","SPAL_0001446600",0,0,0.200877485371951,0.213184495954264,0,0.0278751808170511,0.0654263546156844,0,0.0411061532143201,0,"SPAL_contig0003890","DUF4476 domain-containing protein",NA,NA,"A0A0N5C983","SSTP_0000289600",16.6667,"",NA,"",NA,"",NA
"2054","SPAL_0001446900",0,0,0,0,0,0,0,0,0,0,"SPAL_contig0001742","AAA_11 domain-containing protein","P-loop_NTPase",NA,"A0A0N5C986","",NA,"",NA,"",NA,"",NA
"2055","SPAL_0001447000",0.0898615978668553,0,0,0,0.126318104051126,0,0,0,0,0,"SPAL_contig0001742","AAA_12 domain-containing protein","P-loop_NTPase, DNA2/NAM7-like_C, SF1_C_Upf1",NA,"A0A0N5C987","",NA,"",NA,"",NA,"",NA
"2056","SPAL_0001447100",0.0711746215733024,0.107730458016162,0,0,0.100499503788136,0.0281515367082083,0,0.0258751073810899,0.163711411212836,0.0663917919180511,"SPAL_contig0001742","RNase H domain-containing protein",NA,NA,"A0A0N5C988","",NA,"",NA,"SVE_1310400",47.4916,"",NA
"2057","SPAL_0001447200",0,0.145629089645735,0,0.0276130465323141,0.0326260844359678,0.0279611241140829,0,0.125225357443892,0,0.196894848497038,"SPAL_contig0003844","Coagulation factor V",NA,NA,"A0A0N5C989","",NA,"",NA,"",NA,"",NA
"2058","SPAL_0001447400",0,0,0,0,0,0.0282921256725903,0,0,0.0820096599967681,0,"SPAL_contig0000447","Glyco_transf_64 domain-containing protein","Exostosin, GT64, Nucleotide-diphossugar_trans","protein glycosylation, glycosyltransferase activity, membrane, transferase activity, endoplasmic reticulum membrane","A0A0N5C991","",NA,"",NA,"",NA,"",NA
"2059","SPAL_0001448000",0,0.118274103752669,0.0397197800502781,0.05386865558299,0,0.112619765454623,0.129977525250565,0.173946455021446,0.081888308472656,0.0665601755591875,"SPAL_contig0002489","HTH CENPB-type domain-containing protein","DDE_SF_endonuclease_dom, HTH_CenpB_DNA-bd_dom, Homeobox-like_sf","nucleic acid binding","A0A0N5C997","",NA,"",NA,"",NA,"",NA
"2060","SPAL_0001448100",0,0.0269220019719944,0,0,0,0,0,0,0.12234050210187,0,"SPAL_contig0000322","Transthyretin-like family protein","Transthyretin-like, Transthyretin-like_sf","cell surface, extracellular region","A0A0N5C998","SSTP_0001212500",26.7442,"SRAE_2000506900 | WBGene00265321",26.1628,"SVE_1575100",71.5116,"",NA
"2061","SPAL_0001448300",0,0,0,0,0.0336892358349712,0,0,0,0.0410710431742048,0,"SPAL_contig0000322","Metalloendopeptidase","Peptidase_M12A, Peptidase_Metallo, MetalloPept_cat_dom_sf","metalloendopeptidase activity, metallopeptidase activity, proteolysis, zinc ion binding, hydrolase activity, membrane, metal ion binding, peptidase activity","A0A0N5C9A0","SSTP_0000114550",31.8841,"",NA,"",NA,"",NA
"2062","SPAL_0001448400",0,0,0,0.0271608568847943,0,0,0,0,0,0,"SPAL_contig0000322","CUB domain-containing protein","CUB_dom, Sperma_CUB_dom_sf","membrane","A0A0N5C9A1","",NA,"",NA,"",NA,"",NA
"2063","SPAL_0001451600",0,0,0,0,0,0,0,0,0,0,"SPAL_contig0002266","",NA,NA,NA,"",NA,"",NA,"",NA,"",NA
"2064","SPAL_0001451700",0,0,0,0.0270663078697686,0,0,0,0.0522146791672227,0,0,"SPAL_contig0001937","Flocculation protein FLO11-like",NA,NA,"A0A0N5C9D3","",NA,"",NA,"SVE_0037700",58.2734,"",NA
"2065","SPAL_0001452750",0,0.113518726272517,0,0.0537445110188386,0,0,0.0643663781666698,0.250712174285112,0,0.197193091285201,"SPAL_contig0000074","",NA,"membrane","A0A0N5C9E4","",NA,"",NA,"",NA,"",NA
"2066","SPAL_0001454600",0,0,0.0400139520788318,0,0.0337402691236476,0.0197186801061142,0.0652175480801832,0.171125714020303,0,0,"SPAL_contig0000755","Integrase catalytic domain-containing protein","Integrase_cat-core, RNaseH-like_sf, RNaseH_sf","DNA integration, nucleic acid binding","A0A0N5C9G2","",NA,"",NA,"",NA,"",NA
"2067","SPAL_0001454700",0.0480382450327656,0.0268923928392647,0,0.0811905115394405,0,0,0,0.0519184286088242,0.0818504056173148,0,"SPAL_contig0000755","Reverse transcriptase domain-containing protein","RT_dom, RNaseH_sf, RT_RNaseH_2, Integrase_H2C2, Rev_trsase/Diguanyl_cyclase, DNA/RNA_pol_sf","nucleic acid binding, DNA metabolic process","A0A0N5C9G3","",NA,"",NA,"SVE_0764800",86.4726,"",NA
"2068","SPAL_0001454800",0,0.0269092839633177,0,0,0.033741058736699,0,0,0,0.0409068665150384,0,"SPAL_contig0001581","2-oxoisovalerate dehydrogenase subunit alpha","DH_E1, THDP-binding","oxidoreductase activity, acting on the aldehyde or oxo group of donors, disulfide as acceptor, oxidoreductase activity, 3-methyl-2-oxobutanoate dehydrogenase (2-methylpropanoyl-transferring) activity","A0A0N5C9G4","SSTP_0000240500",67.359,"SRAE_2000061900 | WBGene00260815",67.0623,"SVE_1888000",70.3264,"bckd-1A | WBGene00012713",51.0386
"2069","SPAL_0001455200",0,0,0,0,0,0,0,0,0,0,"SPAL_contig0003286","",NA,NA,NA,"",NA,"",NA,"",NA,"",NA
"2070","SPAL_0001455800",0,0.0813783926193654,0.0400616091025307,0.0267419387343337,0,0,0,0.154677123908607,0,0,"SPAL_contig0000372","Endo/exonuclease/phosphatase domain-containing protein",NA,NA,"A0A0N5C9H4","",NA,"",NA,"SVE_0125100",37.3494,"",NA
"2071","SPAL_0001456000",0.0713507525201483,0,0,0,0,0,0,0,0,0.0514785199427026,"SPAL_contig0002212","",NA,NA,"A0A0N5C9H6","",NA,"",NA,"",NA,"",NA
"2072","SPAL_0001456300",0,0.0268431917829476,0,0,0,0,0,0,0,0,"SPAL_contig0004128","SET domain protein",NA,NA,"A0A0N5C9H9","",NA,"",NA,"",NA,"",NA
"2073","SPAL_0001456475",0,0,0.0395725738863402,0,0,0,0.0643482093209397,0,0,0,"SPAL_contig0000237","",NA,NA,"A0A0N5C9I1","",NA,"",NA,"",NA,"",NA
"2074","SPAL_0001457300",0,0.0270741139760099,0,0.0270451992772177,0,0.141361030106661,0,0.259900001904896,0,0,"SPAL_contig0003892","Peptidase A2 domain-containing protein","Peptidase_aspartic_dom_sf",NA,"A0A0N5C9J0","",NA,"",NA,"SVE_1155300",48.5714,"",NA
"2075","SPAL_0001458100",0,0,0,0,0.0676527592329732,0,0,0.0873882761256689,0.0422380079948122,0,"SPAL_contig0001764","Metalloendopeptidase","EGF-like_dom, Peptidase_M12A, MetalloPept_cat_dom_sf, Sperma_CUB_dom_sf","metalloendopeptidase activity, metallopeptidase activity, proteolysis, hydrolase activity, metal ion binding, peptidase activity","A0A0N5C9J8","",NA,"",NA,"SVE_1575800",78.4195,"",NA
"2076","SPAL_0001458500",0,0.0806554239257827,0.0395904930909469,0.135214428872884,0.0675660134638771,0,0.0646198866810797,0.285369199273382,0,0.0662214269776188,"SPAL_contig0000445","MULE domain-containing protein","MULE_transposase_dom",NA,"A0A0N5C9K3","",NA,"",NA,"SVE_0026200",26.1111,"",NA
"2077","SPAL_0001458600",0,0.0268391072243833,0,0,0,0,0.0644897512887111,0,0,0,"SPAL_scaffold0000079","ATP-dependent DNA helicase","DNA_helicase_pif1-like, P-loop_NTPase","telomere maintenance, DNA helicase activity, DNA repair, hydrolase activity, nucleotide binding, ATP binding, cellular response to DNA damage stimulus, DNA recombination, DNA duplex unwinding, helicase activity, ATP hydrolysis activity","A0A0N5C9K4","",NA,"",NA,"",NA,"pif-1 | WBGene00004028",14.5689
"2078","SPAL_0001458700",0,0.0807733859550744,0.158655569225723,0.0270165983079319,0,0,0,0.0259337057291845,0.1637883750464,0,"SPAL_scaffold0000079","Recep_L_domain domain-containing protein",NA,NA,"A0A0N5C9K5","",NA,"",NA,"",NA,"",NA
"2079","SPAL_0001458800",0,0.0537099333226534,0,0,0,0,0.0645759744265976,0,0.204106747405424,0,"SPAL_scaffold0000079","",NA,NA,"A0A0N5C9K6","",NA,"",NA,"SVE_1246700",7.0122,"",NA
"2080","SPAL_0001458900",0,0,0,0.0268798179434566,0.0677939209227908,0,0,0,0.123740340453049,0,"SPAL_scaffold0000079","DUF1768 domain-containing protein","NADAR, YbiA-like_sf",NA,"A0A0N5C9K7","",NA,"",NA,"SVE_1245300",44.186,"",NA
"2081","SPAL_0001458950",0,0.0541921199483195,0,0.0269951784281884,0.0338864968774909,0.0282258270301689,0,0,0,0,"SPAL_scaffold0000079","Late expression factor-5",NA,NA,"A0A0N5C9K8","",NA,"",NA,"SVE_1782800",74.6888,"",NA
"2082","SPAL_0001459000",0,0.161792775318849,0,0,0.0337795848909357,0.140890374498754,0,0.0518018244683033,0.204873838695408,0.0664752755239157,"SPAL_scaffold0000079","RNase H domain-containing protein",NA,NA,"A0A0N5C9K9","",NA,"",NA,"SVE_1782700",46.4164,"",NA
"2083","SPAL_0001459100",0,0.134448887311025,0.0397123849701026,0,0.0334596418722552,0,0.064721452659956,0,0,0,"SPAL_scaffold0000079","BTB domain-containing protein",NA,NA,"A0A0N5C9L0","",NA,"",NA,"",NA,"",NA
"2084","SPAL_0001459300",0,0.0775672668945164,0,0.0269770896751633,0,0,0,0,0,0,"SPAL_contig0001193","Integrase catalytic domain-containing protein","Integrase_cat-core, RNaseH-like_sf, RNaseH_sf","DNA integration, nucleic acid binding","A0A0N5C9L2","SSTP_0000665500",46.0674,"",NA,"SVE_1778700",29.2135,"",NA
"2085","SPAL_0001459600",0,0.21493407079565,0.118642984163237,0.108370826745526,0.0676052570910831,0,0.12911789738028,0.0779209302067067,0.122714404719309,0.0661536872645224,"SPAL_contig0000553","SWIM-type domain-containing protein","Znf_SWIM","zinc ion binding","A0A0N5C9L5","",NA,"",NA,"SVE_0801400",10,"",NA
"2086","SPAL_0001459850",0,0,0,0.10864307911838,0,0,0,0,0,0,"SPAL_contig0000330","",NA,NA,"A0A0N5C9L8","",NA,"",NA,"",NA,"",NA
"2087","SPAL_0001460000",0,0.0811211507456211,0.039896810386234,0.0268831965404302,0.0337826978127097,0,0,0.0517326234315221,0,0,"SPAL_contig0000330","",NA,NA,"A0A0N5C9M0","",NA,"",NA,"SVE_1277200",2.73973,"",NA
"2088","SPAL_0001460350",0,0,0,0,0,0.0283644189328456,0,0,0,0,"SPAL_contig0000330","CHAD domain-containing protein",NA,NA,"A0A0N5C9M4","",NA,"",NA,"",NA,"",NA
"2089","SPAL_0001460400",0,0.0335673858781399,0,0,0.0338801739270649,0.0558756834178956,0,0.0515376529599542,0,0,"SPAL_contig0000330","Reverse transcriptase domain-containing protein",NA,NA,"A0A0N5C9M5","",NA,"",NA,"SVE_1308400",27.2,"",NA
"2090","SPAL_0001460425",0,0.130066239810712,0.119851983258024,0.0268104524576383,0.03374960020987,0,0,0.0288232957003498,0.410398286244741,0,"SPAL_contig0000330","Adhesive plaque matrix protein",NA,NA,"A0A0N5C9M6","",NA,"",NA,"",NA,"",NA
"2091","SPAL_0001460700",0,0,0,0,0,0,0,0,0,0,"SPAL_contig0001233","",NA,NA,NA,"",NA,"",NA,"",NA,"",NA
"2092","SPAL_0001461500",0,0.107471685723629,0.118622018780162,0.189914114313126,0.135307293213119,0.0566749512370092,0,0,0,0,"SPAL_contig0001378","Integrase catalytic domain-containing protein","RT_dom, Integrase_cat-core, Aspartic_peptidase_AS, RNaseH-like_sf, RNaseH_sf, RT_RNaseH, Integrase_H2C2, Rev_trsase/Diguanyl_cyclase, DNA/RNA_pol_sf","DNA integration, aspartic-type endopeptidase activity, nucleic acid binding, proteolysis, transferase activity, nucleotidyltransferase activity, RNA-templated DNA biosynthetic process, RNA-directed DNA polymerase activity, DNA biosynthetic process, DNA-directed DNA polymerase activity, DNA polymerase complex","A0A0N5C9N6","",NA,"SRAE_X000169300 | WBGene00267268",5.06156,"",NA,"",NA
"2093","SPAL_0001461600",0.0480844249354274,0,0.0396269754453391,0.0270226231727719,0,0,0,0.0644414102779384,0.108537542661936,0,"SPAL_contig0002479","DUF659 domain-containing protein",NA,NA,"A0A0N5C9N7","SSTP_0001128700",40.3587,"",NA,"SVE_1778500",22.1973,"",NA
"2094","SPAL_0001461700",0,1.01437284682371e-06,0,0.0048686724275854,0,0,0.0961945501284471,0,0,0.0664074852714068,"SPAL_contig0004190","CCHC-type domain-containing protein",NA,NA,"A0A0N5C9N8","",NA,"",NA,"SVE_0270400",52.3013,"",NA
"2095","SPAL_0001461800",0,0.00629580796205707,0.0227247321256246,0,0.0512737050724171,0.0746022699106788,1.30158002780609e-07,0,0.0187072615792233,0.240829589712389,"SPAL_contig0004387","VKc domain-containing protein",NA,"membrane","A0A0N5C9N9","SSTP_0000876000",94.1176,"SRAE_X000157000 | WBGene00267143",92.6471,"SVE_0783900",100,"",NA
"2096","SPAL_0001462200",0,0,0,0,0,0,0.0644800895967609,0,0,0,"SPAL_contig0003540","RT_RNaseH_2 domain-containing protein","RT_RNaseH, RT_RNaseH_2, DNA/RNA_pol_sf",NA,"A0A0N5C9P3","",NA,"",NA,"SVE_0217800",2.7088,"",NA
"2097","SPAL_0001462300",9.20332036217646e-08,0.0270455527547579,0,0,0,0,0,0,0.0813327999184091,0,"SPAL_contig0002497","SCP domain-containing protein","CRISP-related, CAP_domain, Allrgn_V5/Tpx1_CS, SCP_GAPR1-like, CAP_sf","extracellular region","A0A0N5C509, A0A0N5C9P4","SSTP_0000512900",39.6648,"",NA,"SVE_0897400",77.6536,"scl-12 | WBGene00019178",22.905
"2098","SPAL_0001467500",0,0,0,0,0,0,0,0,0,0,"SPAL_contig0000003","HTH_48 domain-containing protein","Mos1_HTH",NA,"A0A0N5C9U6","",NA,"",NA,"SVE_0229200",43.038,"",NA
"2099","SPAL_0001467600",0.0489822060305327,0,0,0.0262993377592275,0,0,0.0651064007405591,0,0,0,"SPAL_contig0000003","Histone-lysine N-methyltransferase SETMAR","RNaseH_sf","nucleic acid binding","A0A0N5C9U7","SSTP_0000004800",56,"",NA,"",NA,"",NA
"2100","SPAL_0001468050",0,0,0,0,0,0,0,0,0,0,"SPAL_contig0000003","",NA,"membrane","A0A0N5C9V2","",NA,"",NA,"",NA,"",NA
"2101","SPAL_0001474700",0,0.0270086569948504,0.0398127070444132,0.0269957324052344,0,0.0282192278017273,0,0.0778182440724898,0,0,"SPAL_contig0000003","PIR Superfamily Protein",NA,NA,"A0A0N5CA22","",NA,"",NA,"",NA,"",NA
"2102","SPAL_0001474800",0,0,0,0,0,0,0,0,0,0,"SPAL_contig0000003","DDE_3 domain-containing protein","RNaseH_sf","nucleic acid binding","A0A0N5CA23","SSTP_0001270000",58.209,"",NA,"",NA,"",NA
"2103","SPAL_0001475000",0.0482977508395489,0.0269909582805162,0,0,0,0,0,0,0.0403233937042498,0,"SPAL_contig0000003","DDE_3 domain-containing protein","RNaseH_sf","nucleic acid binding","A0A0N5CA24","SSTP_0000811500",56.7308,"",NA,"",NA,"",NA
"2104","SPAL_0001475100",0,0,0,0,0,0.0283645795835624,0,0,0,0,"SPAL_contig0003409","RES domain-containing protein",NA,NA,"A0A0N5CA25","",NA,"",NA,"",NA,"",NA
"2105","SPAL_0001475200",0,0.0540869504642506,0,0.568007039798823,0,0.113089452186169,0,0,0,0,"SPAL_contig0003409","Homeobox domain-containing protein","Homeobox_dom, Homeobox-like_sf","DNA binding, nucleus","A0A0N5CA26","",NA,"",NA,"",NA,"",NA
"2106","SPAL_0001475400",0,0.134535559927436,0.0396013822137003,0,0,0,0,0.0258428438848989,0,0,"SPAL_contig0001316","Peptidase C76 domain-containing protein","Papain-like_cys_pep_sf",NA,"A0A0N5CA28","",NA,"",NA,"SVE_0797900",48.7973,"",NA
"2107","SPAL_0001475500",0,0.103533691885103,0,0.0809667687096838,0.101277812527804,0,0.0646746991946483,0,0,0.0662836177916649,"SPAL_contig0001316","Helitron_like_N domain-containing protein",NA,NA,"A0A0N5CA29","SSTP_0000508800",15.2284,"",NA,"",NA,"",NA
"2108","SPAL_0001475675",0,0.0268003805294414,0.0734968274893375,0,0,0,0,0,0,0,"SPAL_contig0001039","",NA,NA,"A0A0N5CA31","",NA,"SRAE_0000074100 | WBGene00256498",9.40594,"SVE_1122200",2.9703,"",NA
"2109","SPAL_0001475800",0,0.0485185842103084,0,0,0,0,0,0,0,0,"SPAL_contig0001281","USP domain-containing protein","USP_dom, Papain-like_cys_pep_sf",NA,"A0A0N5CA33","",NA,"",NA,"",NA,"",NA
"2110","SPAL_0001476100",0,0.0535982086417922,0,0,0,0,0,0,0,0.0661738511023186,"SPAL_contig0002171","ANF_receptor domain-containing protein","ANF_lig-bd_rcpt, Peripla_BP_I","membrane","A0A0N5CA36","SSTP_0001143400",21.519,"",NA,"",NA,"",NA
"2111","SPAL_0001476200",0,0,0.0397052065958655,0,0,0,0,0.025876557732608,0,0,"SPAL_contig0001794","Disease resistance protein",NA,NA,"A0A0N5CA37","",NA,"",NA,"SVE_1473900",31.4189,"",NA
"2112","SPAL_0001476300",0,0,0,0,0,0,0,0,0,0,"SPAL_contig0001794","Mitochondrial ATP synthase regulatory component factor B",NA,NA,"A0A0N5CA38","",NA,"",NA,"SVE_1473900",28.8591,"",NA
"2113","SPAL_0001476400",0.0483686277123003,0,0.199094166831072,0.294023415034521,0.0337416263712171,0,0,0.0775260499491238,0.0409765334562724,0,"SPAL_contig0001794","Integrase catalytic domain-containing protein","Integrase_cat-core, RNaseH-like_sf, RNaseH_sf","DNA integration, nucleic acid binding","A0A0N5CA39","SSTP_0000066000",22.6087,"",NA,"SVE_1473800",46.5217,"",NA
"2114","SPAL_0001476500",0,0.0352298977518803,0.0692777449837927,0,0,0.00470255352843135,0,0.0257141438272862,0,0,"SPAL_contig0002947","Integrase catalytic domain-containing protein",NA,NA,"A0A0N5CA40","SSTP_0000707366",10.8844,"",NA,"SVE_0687500",45.5782,"",NA
"2115","SPAL_0001476700",0,0.0274946249480617,0,0,0,0,0.0629595510857952,0,0,0,"SPAL_contig0001049","Adaptin_N domain-containing protein",NA,NA,"A0A0N5CA41","SSTP_0000280400",70.5128,"SRAE_1000302800 | WBGene00259645",74.359,"SVE_0934100",82.0513,"",NA
"2116","SPAL_0001476800",0.0480601108020519,0.160447739599246,0,0,0,0,0,0,0,0,"SPAL_contig0001049","",NA,NA,"A0A0N5CA42","SSTP_0000280400",66.129,"SRAE_1000302800 | WBGene00259645",72.5806,"SVE_0362600",82.2581,"",NA
"2117","SPAL_0001476900",0,0.0892859068170207,0,0.0818501569652523,0,0.0290295511715585,0,0.0289714729130354,0,0,"SPAL_contig0001049","Metalloendopeptidase","Peptidase_M12A, Peptidase_Metallo, MetalloPept_cat_dom_sf, Astacin-like_dom","metalloendopeptidase activity, metallopeptidase activity, proteolysis, zinc ion binding, hydrolase activity, metal ion binding, peptidase activity","A0A0N5CA43","SSTP_0000738300",60.3687,"",NA,"",NA,"",NA
"2118","SPAL_0001477200",0,0.109755754580486,0.0871565544805734,0,0,0,0.20355592463932,0.222607079532828,0,0,"SPAL_contig0000624","Integrase catalytic domain-containing protein","Integrase_cat-core, RNaseH-like_sf, RNaseH_sf, RT_RNaseH_2, Integrase_H2C2, DNA/RNA_pol_sf","DNA integration, nucleic acid binding, DNA biosynthetic process, DNA-directed DNA polymerase activity, DNA polymerase complex","A0A0N5CA46","SSTP_0000289500",46.5306,"",NA,"SVE_0597600",64.2857,"",NA
"2119","SPAL_0001477500",0,0.0545183649673914,0,0.122862943123721,0,0.027935778954939,0.0655832651636677,0,0,0,"SPAL_contig0000900","USP domain-containing protein","Peptidase_C19_UCH, USP_dom, Papain-like_cys_pep_sf","protein deubiquitination, cysteine-type deubiquitinase activity","A0A0N5CA49","",NA,"",NA,"SVE_0780400",71.3287,"",NA
"2120","SPAL_0001477900",0,0,0,0,0,0,0,0,0,0,"SPAL_contig0001203","",NA,NA,"A0A0N5CA54","",NA,"",NA,"SVE_0263800",31.3333,"",NA
"2121","SPAL_0001478000",0,0.296482572864078,0,0,0,0.0564029357381719,0,0,0.409689036560181,0,"SPAL_contig0003201","Hexosyltransferase","Glyco_trans_14","glycosyltransferase activity, membrane, transferase activity, Golgi membrane","A0A0N5CA55","SSTP_0000941300",68.5185,"SRAE_2000511600 | WBGene00265370",74.3827,"SVE_1217600",90.4321,"T14B4.9 | WBGene00020503",25.6173
"2122","SPAL_0001478450",0,0,0,0,0.0336515287132638,0,0.461381038877734,0.358252545473993,0,0,"SPAL_contig0000413","Secreted protein",NA,NA,"A0A0N5CA60","",NA,"",NA,"",NA,"",NA
"2123","SPAL_0001478700",0,0,0,0.0271349400230662,0,0,0,0.0520825217164722,0,0,"SPAL_contig0002080","Helitron_like_N domain-containing protein",NA,NA,"A0A0N5CA63","",NA,"",NA,"",NA,"",NA
"2124","SPAL_0001478800",0,0.107437356928098,0,0,0.0337461128056424,0,0.215430801896062,0,0.0817358216600452,0.0661601926599534,"SPAL_contig0002080","Peptidase C76 domain-containing protein","Papain-like_cys_pep_sf",NA,"A0A0N5CA64","",NA,"",NA,"SVE_1308900",11.7534,"",NA
"2125","SPAL_0001479000",0.0959987696279728,0.107496739414845,0,0.054115564009159,0,0.0565359404747937,0.129174638076606,0,0.286312243242267,0.198557747788983,"SPAL_contig0002772","Reverse transcriptase domain-containing protein","RT_dom, DNA/RNA_pol_sf",NA,"A0A0N5CA66","",NA,"",NA,"SVE_1925700",1.10585,"",NA
"2126","SPAL_0001482100",0,0,0,0,0,0,0,0,0.0571317402997918,0,"SPAL_contig0000042","Saposin B-type domain-containing protein","SaposinB_dom, Saposin-like",NA,"A0A0N5CA98","",NA,"",NA,"SVE_0856000",63.9175,"",NA
"2127","SPAL_0001483600",0,0,0,0,0,0,0,0,0,0,"SPAL_contig0003374","Cytochrome P450",NA,NA,"A0A0N5CAB3","",NA,"",NA,"",NA,"",NA
"2128","SPAL_0001483700",0.047947253214186,0.0268527418357593,0,0,0,0,0.06452898643734,0.0259495608269111,0,0,"SPAL_contig0001108","DNA_MISMATCH_REPAIR_2 domain-containing protein","DNA_mismatch_repair_MutS_C, DNA_mismatch_repair_MutS-lik_N, DNA_mmatch_repair_MutS_con_dom, DNA_mismatch_repair_MutS_N, DNA_mismatch_repair_MutS/MSH, P-loop_NTPase, DNA_mismatch_repair_MutS_sf, MutS_con_dom_sf, MutS_family","mismatch repair, mismatched DNA binding, ATP binding, nucleotide binding, DNA binding, cellular response to DNA damage stimulus, ATP-dependent DNA damage sensor activity","A0A0N5CAB4","",NA,"",NA,"",NA,"msh-6 | WBGene00003422",30.5236
"2129","SPAL_0001483800",0,0.055574479157856,0.0203149839988937,0.0793739016313649,0.0333986250512518,0.0413620389638186,0,0,0.0205609984300224,0,"SPAL_contig0001108","","HATPase_C_sf, MutL/Mlh/Pms","mismatch repair complex, ATP hydrolysis activity, mismatch repair, ATP-dependent DNA damage sensor activity","A0A0N5CAB6","",NA,"",NA,"",NA,"",NA
"2130","SPAL_0001483900",0,0.055574479157856,0.0203149839988937,0.0793739016313649,0.0333986250512518,0.0413620389638186,0,0,0.0205609984300224,0,"SPAL_contig0001108","","HATPase_C_sf, MutL/Mlh/Pms","mismatch repair complex, ATP hydrolysis activity, mismatch repair, ATP-dependent DNA damage sensor activity","A0A0N5CAB6","",NA,"",NA,"",NA,"",NA
"2131","SPAL_0001484500",0,0.0282648557965541,0,0.0267780041882767,0.033364177862917,0,0,0.126240847568287,0,0,"SPAL_contig0002288","Histone-lysine N-methyltransferase SETMAR","RNaseH_sf","nucleic acid binding","A0A0N5CAC3","",NA,"",NA,"",NA,"",NA
"2132","SPAL_0001484900",0.049288339670756,0.110382181817716,0,0.0560310577243629,0.0335230790443673,0.027662594375606,0,0.0509541096627103,0.0411875924625644,0.134598461608651,"SPAL_contig0001624","Cytochrome P450",NA,NA,"A0A0N5CAC7","",NA,"",NA,"",NA,"",NA
"2133","SPAL_0001485900",0,0.026917912774145,0,0,0,0,0,0.103776724166568,0,0,"SPAL_contig0001935","C2H2-type domain-containing protein",NA,NA,"A0A0N5CAD7","",NA,"",NA,"",NA,"",NA
"2134","SPAL_0001486100",0.0829468954543651,0.101030919721386,0.073648536255457,0.056942939025751,0,0.0592133704711813,0,0,0.0681917895324287,0,"SPAL_contig0001000","AB hydrolase-1 domain-containing protein","DUF1057, AB_hydrolase","membrane","A0A0N5CAD9","SSTP_0000073500",63.0435,"",NA,"",NA,"",NA
"2135","SPAL_0001486500",0,0,0,0,0,0,0,0.0520328248267046,0,0,"SPAL_contig0000344","DUF1758 domain-containing protein",NA,NA,"A0A0N5CAE3","",NA,"",NA,"",NA,"",NA
"2136","SPAL_0001486600",0,0.0268431903675079,0,0,0,0,0,0,0,0,"SPAL_contig0000344","DDE_3 domain-containing protein","RNaseH_sf, Tc1-like_DDE_dom","nucleic acid binding","A0A0N5CAE4","SSTP_0001270000",20.9524,"",NA,"SVE_0886900",40.9524,"",NA
"2137","SPAL_0001486900",0,0.0542213264629069,0.0400345160511931,0.0802857161936273,0,0,0,0.0515841005847472,0,0,"SPAL_contig0000987","",NA,NA,"A0A0N5CAE7","",NA,"",NA,"",NA,"",NA
"2138","SPAL_0001487000",0,0.0811774897619326,0,0.0267168397491434,0.0673779679728301,0,0.0651245827317186,0.180230385531276,0.296844611426735,0.0668004026099265,"SPAL_contig0000987","",NA,NA,"A0A0N5CAE8","",NA,"",NA,"",NA,"",NA
"2139","SPAL_0001487100",0.036439010288766,0.0268067945977352,0.0197942298278111,0,0,0,0.193566736652935,0,0.0406007016082652,0,"SPAL_contig0000987","",NA,NA,NA,"",NA,"",NA,"",NA,"",NA
"2140","SPAL_0001487300",0,0,0,0,0.0480330000289492,0,0.225168202104277,0.0955741892028959,0,0,"SPAL_contig0004057","HTH_48 domain-containing protein","Transposase_1, RNaseH_sf, Mos1_HTH","nucleic acid binding","A0A0N5CAF0","SSTP_0000811500",57.2034,"",NA,"",NA,"",NA
"2141","SPAL_0001490100",0,0.0268592937541184,0.079057815021238,0.108476925720357,0.0338142278720139,0.0283258507470912,0.0645329190102724,0,0.409048926534979,0.0661237767262922,"SPAL_contig0001071","Reverse transcriptase","RT_dom, Integrase_cat-core, Aspartic_peptidase_AS, RNaseH-like_sf, AT_hook_DNA-bd_motif, Peptidase_aspartic_dom_sf, Retropepsin-like_bacterial, RNaseH_sf, RT_RNaseH_2, Rev_trsase/Diguanyl_cyclase, DNA/RNA_pol_sf","DNA integration, aspartic-type endopeptidase activity, nucleic acid binding, proteolysis, DNA binding, transferase activity, nucleotidyltransferase activity, RNA-templated DNA biosynthetic process, RNA-directed DNA polymerase activity, DNA biosynthetic process, DNA-directed DNA polymerase activity, DNA polymerase complex","A0A0N5CAH8","SSTP_0000004700",45.2722,"SRAE_X000108300 | WBGene00266647",53.0802,"",NA,"",NA
"2142","SPAL_0001490300",0.166288000180478,0.0377247802437379,0,0.232388972128213,0,0,0.164355068310959,0.178777265961874,0,0.0897153572794464,"SPAL_contig0002086","Integrase catalytic domain-containing protein","Integrase_cat-core, RNaseH-like_sf, RNaseH_sf, RT_RNaseH_2, Integrase_H2C2, DNA/RNA_pol_sf","DNA integration, nucleic acid binding, DNA biosynthetic process, DNA-directed DNA polymerase activity, DNA polymerase complex","A0A0N5CAI0","",NA,"",NA,"",NA,"",NA
"2143","SPAL_0001490500",0,0.130252674557906,0,0,0,0.027991203338667,0,0,0,0.0434302648511369,"SPAL_contig0000393","Retrotrans_gag domain-containing protein",NA,NA,"A0A0N5CAI2","",NA,"",NA,"SVE_0094500",93.9698,"",NA
"2144","SPAL_0001491300",0,0.0269593657829689,0.0397442576547076,0.0807856835122733,0.0337580717406501,0.028150457147802,0.0648407180569017,0.0517568194356312,0.204783870516377,0.199403262850034,"SPAL_contig0000689","Serpentine receptor class gamma","7TM_GPCR_serpentine_rcpt_Sra, 7TM_GPCR_serpentine_rcpt_Srg, GPCR_Rhodpsn_7TM","transmembrane signaling receptor activity, sensory perception of chemical stimulus, G protein-coupled receptor activity, membrane, G protein-coupled receptor signaling pathway","A0A0N5CAJ1","",NA,"",NA,"SVE_2026500",49.6403,"",NA
"2145","SPAL_0001491800",0.0963384260139648,0.269137235013054,0.079387323044828,0.161404808659234,0.0337121731260934,0,0,0,0.204474255564293,0,"SPAL_scaffold0000084","Helicase C-terminal domain-containing protein","P-loop_NTPase",NA,"A0A0N5CAJ6","SSTP_0000843300",13.4483,"SRAE_0000057100 | WBGene00256317",26.8966,"",NA,"",NA
"2146","SPAL_0001491900",0.048132584009636,0.187675068655953,0,0,0,0,0.0645247424947722,0,0.0812666771019815,0.0661813575295357,"SPAL_scaffold0000084","Helicase ATP-binding domain-containing protein","DEAD/DEAH_box_helicase_dom, Helicase_ATP-bd, P-loop_NTPase","nucleic acid binding, ATP binding","A0A0N5CAJ7","",NA,"",NA,"",NA,"",NA
"2147","SPAL_0001492000",0.0967384173383871,0.40500591177126,0,0,0.202601814771261,0.0562521472752098,0,0.0517372137477111,0,0,"SPAL_scaffold0000084","Alba domain-containing protein",NA,NA,"A0A0N5CAJ8","",NA,"",NA,"",NA,"",NA
"2148","SPAL_0001492025",0.0491508221018622,0.109802253400287,0,0,0,0.0552287815378045,0,0.0509338265049122,0,0,"SPAL_scaffold0000084","BLOC-1-related complex subunit 7",NA,NA,"A0A0N5CAJ9","",NA,"",NA,"",NA,"",NA
"2149","SPAL_0001493300",0,0.108500196081945,0,0.0267258198141894,0,0.027965403178108,0.0652811772975085,0.206119443215827,0.0410676690409152,0.133925056958614,"SPAL_contig0001114","Retrovirus-related Pol polyprotein from transposon TNT 1-94","RNaseH_sf","nucleic acid binding","A0A0N5CAL2","",NA,"",NA,"",NA,"",NA
"2150","SPAL_0001493400",0,0,0,0.027152158797242,0,0.085121183646302,0,0,0,0,"SPAL_contig0001114","Metalloendopeptidase","Peptidase_M12A, MetalloPept_cat_dom_sf","metalloendopeptidase activity, metallopeptidase activity, proteolysis, hydrolase activity, metal ion binding, peptidase activity","A0A0N5CAL3","",NA,"",NA,"",NA,"",NA
"2151","SPAL_0001493500",0,0,0,0,0,0,0,0,0,0,"SPAL_contig0001211","",NA,NA,NA,"",NA,"",NA,"",NA,"",NA
"2152","SPAL_0001493700",0,0,0.0394917256458586,0,0,0,0,0,0,0,"SPAL_contig0000953","",NA,NA,"A0A0N5CAL6","",NA,"",NA,"",NA,"",NA
"2153","SPAL_0001493800",0,0.0538916813205848,0,0,0,0.0282564695508515,0,0,0,0,"SPAL_contig0003348","Integrase_H2C2 domain-containing protein","Integrase_H2C2, Rev_trsase/Diguanyl_cyclase, DNA/RNA_pol_sf",NA,"A0A0N5CAL7","SSTP_0000688850",33.5821,"",NA,"SVE_1450500",0.497512,"",NA
"2154","SPAL_0001494600",0,0.132135969830161,0,0,0.137903688327518,0,0,0,0,0,"SPAL_contig0002962","RNase H domain-containing protein","RNaseH_domain, RNaseH-like_sf, RNaseH_sf","RNA-DNA hybrid ribonuclease activity, nucleic acid binding, RNA phosphodiester bond hydrolysis, endonucleolytic","A0A0N5CAM5","",NA,"",NA,"SVE_0673200",24.8201,"",NA
"2155","SPAL_0001494675",0,0.0822358756654123,0,0.0265994726166911,0,0,0,0,0,0,"SPAL_contig0000483","",NA,NA,"A0A0N5CAM6","SSTP_0000381100",28.6885,"",NA,"SVE_0763600",68.8525,"",NA
"2156","SPAL_0001494700",0,0,0,0,0,0,0,0,0,0,"SPAL_contig0000483","Recep_L_domain domain-containing protein",NA,"membrane","A0A0N5CAM7","SSTP_0000381100",9.64912,"",NA,"SVE_0763600",24.5614,"",NA
"2157","SPAL_0001495000",0,0,0,0,0,0,0,0,0.769973103050987,0.0330896468844532,"SPAL_contig0001090","Metalloendopeptidase","EGF-like_dom, Peptidase_M12A, MetalloPept_cat_dom_sf","metalloendopeptidase activity, metallopeptidase activity, proteolysis, hydrolase activity, metal ion binding, peptidase activity","A0A0N5CAN0","",NA,"",NA,"SVE_0367700",49.435,"",NA
"2158","SPAL_0001495200",0.0474605767494941,0.11781652096846,0,0,0.0656822728917653,0.0633940068788745,0,0.0642000075480398,0.0429606176316089,0,"SPAL_contig0001212","",NA,"membrane","A0A0N5CAN2","",NA,"",NA,"",NA,"",NA
"2159","SPAL_0001497700",0,0.0272918403065031,0,0,0,0.027771701746552,0.130963688932691,0.0768604068792923,0.164383088764811,0,"SPAL_contig0002680","Ovule protein","Aldolase_TIM",NA,"A0A0N5CAQ7","",NA,"",NA,"SVE_1992100",44.8819,"",NA
"2160","SPAL_0001502600",0,0.111201529412285,0.16288889522079,0.212434782699627,0.134170449336481,0.0554151480629127,0,0.0255141196499813,0.123888032876126,0,"SPAL_contig0000012","ANK_REP_REGION domain-containing protein","Ankyrin_rpt-contain_sf",NA,"A0A0N5CAV8","",NA,"",NA,"SVE_1913600",40.625,"",NA
"2161","SPAL_0001505300",0,0.0725127160808382,0.125514848950941,0.0321184594223415,0.0337770221864666,0.0562825001681623,0.297333278545599,0.0804184290585565,0.127701894079228,0,"SPAL_contig0000012","SCP domain-containing protein","CAP_domain, CAP_sf",NA,"A0A0N5CAY7","",NA,"",NA,"SVE_0207600",21.371,"",NA
"2162","SPAL_0001505400",0,0.0379915320107217,0.079178894726246,0,0,0,0,0,0.122358959797826,0,"SPAL_contig0000012","SCP domain-containing protein","CAP_domain, CAP_sf",NA,"A0A0N5CAY8","",NA,"",NA,"SVE_0207400",59.9251,"",NA
"2163","SPAL_0001505500",0,0.0429087551469742,0,0.033037259336511,0,0,0,0.103618634931175,0.123265000604387,0,"SPAL_contig0000012","SCP domain-containing protein","CAP_domain, CAP_sf",NA,"A0A0N5CAY9","",NA,"",NA,"SVE_0207400",57.5893,"",NA
"2164","SPAL_0001505600",0.0501732147726881,0.110542407265792,0.0396217187303903,0,0,0,0.0646187614975515,0.463677172693833,0,0,"SPAL_contig0000012","SCP domain-containing protein","CAP_sf",NA,"A0A0N5CAZ0","",NA,"",NA,"SVE_0207100",65.5319,"",NA
"2165","SPAL_0001505700",0,0,0,0,0.0336656167436753,0,0.129816273859323,0.128809332341996,0.245527498813906,0.199709442101248,"SPAL_contig0000012","SCP domain-containing protein","CAP_domain, CAP_sf",NA,"A0A0N5CAZ1","",NA,"",NA,"SVE_0206200",43.2836,"",NA
"2166","SPAL_0001508125",0,0.114797671439022,0.0405678370535521,0,0.0985591364607555,0.110912182953521,0,0.050264881301132,0.0407008294824966,0,"SPAL_contig0000012","Reverse transcriptase",NA,NA,"A0A0N5CB17","",NA,"",NA,"",NA,"",NA
"2167","SPAL_0001513400",0,0.0537370610165146,0,0,0,0.0283267154589459,0,0,0.0818316465879504,0,"SPAL_contig0000793","RNA-directed DNA polymerase","RT_dom, Integrase_cat-core, Znf_CCHC, RNaseH-like_sf, Peptidase_aspartic_dom_sf, RNaseH_sf, Znf_CCHC_sf, RT_RNaseH, Integrase_H2C2, Rev_trsase/Diguanyl_cyclase, DNA/RNA_pol_sf","DNA integration, nucleic acid binding, zinc ion binding, cytoplasm, DNA biosynthetic process, DNA-directed DNA polymerase activity, DNA polymerase complex, enzyme binding","A0A0N5CB72","",NA,"",NA,"",NA,"",NA
"2168","SPAL_0001513500",0,0,0,0,0,0.0283645295686288,0,0,0,0,"SPAL_contig0003883","DUF4806 domain-containing protein",NA,NA,"A0A0N5CB73","SSTP_0000702700",34.413,"",NA,"SVE_1474200",22.2672,"",NA
"2169","SPAL_0001513700",0,0,0,0.0270687327167883,0.0676737340235612,0,0,0.100644500584358,0,0.132759928284514,"SPAL_contig0003698","Integrase catalytic domain-containing protein","Integrase_cat-core, RNaseH-like_sf, RNaseH_sf, Integrase_H2C2","DNA integration, nucleic acid binding","A0A0N5CB74","",NA,"",NA,"",NA,"",NA
"2170","SPAL_0001514100",0,0,0,0,0,0,0,0,0,0,"SPAL_contig0003297","Protein kinase domain-containing protein","Prot_kinase_dom, Ser/Thr_kinase_AS, Kinase-like_dom_sf, Protein_kinase_ATP_BS","protein kinase activity, protein phosphorylation, ATP binding, nucleotide binding, protein serine/threonine kinase activity","A0A0N5CB78","SSTP_0000905900",98.9474,"SRAE_1000249200 | WBGene00259107",98.9474,"SVE_0952100",100,"",NA
"2171","SPAL_0001516200",0,0.0544695783854976,0.0402215509528302,0.0532582633731717,0,0,0,0.0770566975616184,0,0,"SPAL_contig0000079","",NA,"membrane","A0A0N5CB99","",NA,"",NA,"",NA,"",NA
"2172","SPAL_0001517400",0,0.0270284069069768,0,0,0,0.0836250159585895,0,0,0.122781608800854,0.066725767613835,"SPAL_contig0002823","Chromo domain-containing protein",NA,NA,"A0A0N5CBB1","",NA,"",NA,"",NA,"",NA
"2173","SPAL_0001517500",0,0.0538152364239816,0,0,0,0.0282966708143946,0,0,0,0,"SPAL_contig0001436","MchC protein",NA,NA,"A0A0N5CBB2","",NA,"",NA,"SVE_0725600",7.59076,"",NA
"2174","SPAL_0001517700",0,0.0372206903599018,0,0,0,0.0282121221213182,0.070199894752921,0.0342492436089526,0,0,"SPAL_contig0000808","Reverse transcriptase domain-containing protein","RT_dom, Rev_trsase/Diguanyl_cyclase, DNA/RNA_pol_sf",NA,"A0A0N5CBB4","",NA,"",NA,"",NA,"",NA
"2175","SPAL_0001518800",0,0,0,0,0.0988195498099005,0,0,0,0,0,"SPAL_contig0003056","Reverse transcriptase Ty1/copia-type domain-containing protein","RVT_2, Rev_trsase/Diguanyl_cyclase, DNA/RNA_pol_sf",NA,"A0A0N5CBC5","",NA,"",NA,"",NA,"",NA
"2176","SPAL_0001519300",0,0.109951535602664,0,0,0.101073229406847,0.0344899143760527,0,0.037416406621897,0,0.099337369123664,"SPAL_contig0003221","",NA,NA,"A0A0N5CBD0","",NA,"",NA,"SVE_0709800",29.8246,"",NA
"2177","SPAL_0001519500",0.0832412876366737,0.0482474397346426,0,0.0416749069546696,0,0.0841061167272948,0.0675224449376343,0.29859624303793,0,0.0666292950715256,"SPAL_contig0001095","Peptidase A2 domain-containing protein","Peptidase_A2_cat, Peptidase_aspartic_dom_sf, Znf_CCHC_sf","aspartic-type endopeptidase activity, nucleic acid binding, proteolysis, zinc ion binding, hydrolase activity","A0A0N5CBD2","",NA,"",NA,"SVE_1229200",32.0388,"",NA
"2178","SPAL_0001519800",0,0,0.0792027560059585,0,0,0.0282194856435603,0.0646322551285507,0,0,0,"SPAL_contig0001088","Reverse transcriptase domain-containing protein","RT_dom, RT_RNaseH, Rev_trsase/Diguanyl_cyclase, DNA/RNA_pol_sf",NA,"A0A0N5CBD4","",NA,"",NA,"",NA,"",NA
"2179","SPAL_0001519900",0,0,0,0,0,0,0,0,0.426106357386051,0,"SPAL_contig0003363","",NA,NA,NA,"",NA,"",NA,"",NA,"",NA
"2180","SPAL_0001520000",0,0,0,0,0,0,0,0,0,0.0660650814143673,"SPAL_contig0003464","Helitron_like_N domain-containing protein","Helitron_helicase-like",NA,"A0A0N5CBD5","",NA,"",NA,"",NA,"",NA
"2181","SPAL_0001522200",0,0,0,0,0.033829810302895,0,0,0,0,0,"SPAL_scaffold0000074","MATE efflux family protein","7TM_GPCR_serpentine_rcpt_Srv","membrane","A0A0N5CBF6","SSTP_0000393100 | SSTP_0000393100",78.481,"SRAE_2000043400 | WBGene00260628",79.7468,"SVE_1853900",82.2785,"",NA
"2182","SPAL_0001522400",0,0.0537766264495139,0.0396129288271353,0.0269707273154027,0,0,0.0646459156833072,0,0.0817777682154599,0,"SPAL_scaffold0000074","Radical SAM protein","DUF1258",NA,"A0A0N5CBF8","",NA,"",NA,"",NA,"",NA
"2183","SPAL_0001522500",0,0.111780741343668,0.0406803463441177,0.132635443849738,0.0333690872416183,0.0551972715861082,0.0654551452823665,0.126953567147019,0.0822984480913188,0,"SPAL_scaffold0000074","Herpes_Helicase domain-containing protein","DNA_helicase_dom, P-loop_NTPase","helicase activity, ATP binding, hydrolase activity, nucleotide binding","A0A0N5CBF9","",NA,"",NA,"SVE_0800800",7.86517,"",NA
"2184","SPAL_0001522600",0,0,0,0,0,0,0,0,0,0,"SPAL_contig0002129","Mariner Mos1 transposase","RNaseH_sf","nucleic acid binding","A0A0N5CBG0","",NA,"",NA,"",NA,"",NA
"2185","SPAL_0001523000",0,0,0.114826932530645,0.0798893410455178,0,0,0,0,0.226838753948903,0,"SPAL_contig0002062","SCP domain-containing protein","CRISP-related, CAP_domain, CAP_sf",NA,"A0A0N5CBG4","SSTP_0000517700",28.9655,"SRAE_2000077100 | WBGene00260971",34.4828,"",NA,"",NA
"2186","SPAL_0001523100",0,0,0,0,0,0,0,0.026016392971602,0,0,"SPAL_contig0000849","CDT1 domain-containing protein",NA,NA,"A0A0N5CBG5","",NA,"",NA,"",NA,"",NA
"2187","SPAL_0001523200",0,0,0,0,0,0,0,0.0267368427300504,0,0,"SPAL_contig0000849","Histone-lysine N-methyltransferase SETMAR","RNaseH_sf","nucleic acid binding","A0A0N5CBG6","SSTP_0000841400",57.2917,"",NA,"",NA,"",NA
"2188","SPAL_0001527200",0,0,0,0,0.0338514051838987,0,0,0.0259998539557588,0,0,"SPAL_contig0001303","Mab-21 domain-containing protein","DUF1258",NA,"A0A0N5CBK6","",NA,"",NA,"",NA,"",NA
"2189","SPAL_0001527300",0,0,0,0,0,0,0,0,0,0,"SPAL_contig0001303","Helicase ATP-binding domain-containing protein",NA,NA,"A0A0N5CBK7","",NA,"",NA,"SVE_1304800",14.5631,"",NA
"2190","SPAL_0001527400",0,0,0,0,0,0.0279080510720583,0,0,0.100427253944902,0,"SPAL_contig0001804","Glucuronosyltransferase",NA,"membrane","A0A0N5CBK8","SSTP_0000161500",66.6667,"SRAE_2000493400 | WBGene00265181",63.0952,"SVE_0789100",78.5714,"",NA
"2191","SPAL_0001527700",0,0.0806578708495958,0.158416296882817,0,0,0,0,0.103623566998591,0.490715801079076,0,"SPAL_contig0000687","Metalloendopeptidase","EGF-like_dom, Peptidase_M12A, Peptidase_Metallo, MetalloPept_cat_dom_sf, Sperma_CUB_dom_sf","metalloendopeptidase activity, metallopeptidase activity, proteolysis, zinc ion binding, hydrolase activity, metal ion binding, peptidase activity","A0A0N5CBL0","",NA,"",NA,"SVE_1956900",66.4286,"",NA
"2192","SPAL_0001529300",0,0.0134215904932574,0,0,0,0,0,0,0,0,"SPAL_contig0000458","Glyco_hydro_30C domain-containing protein","Glyco_hydro_b, GH30_C",NA,"A0A0N5CBM6","",NA,"",NA,"",NA,"",NA
"2193","SPAL_0001529700",0,0.433362762525657,0.0399968612326407,0.106924037281048,0.10113924327991,0.08391018289997,0,0,0,0.200583975125673,"SPAL_contig0000458","DUF1768 domain-containing protein","NADAR, YbiA-like_sf",NA,"A0A0N5CBN0","",NA,"",NA,"SVE_1671300",70.7602,"",NA
"2194","SPAL_0001530100",0,0,0,0,0,0,0,0.0260163042178366,0,0,"SPAL_contig0001010","MutS_IV domain-containing protein","DNA_mismatch_repair_MutS_clamp, DNA_mismatch_repair_MutS_sf, MutS_family","mismatch repair, mismatched DNA binding, ATP binding, ATP-dependent DNA damage sensor activity","A0A0N5CBN6","SSTP_0000813400",43.6681,"SRAE_1000039200 | WBGene00256988",44.5415,"",NA,"msh-2 | WBGene00003418",25.7642
"2195","SPAL_0001530200",0,0.215153007922672,0.0792546389458743,0,0.0674628947045789,0,0.0646659853184331,0.0517589533979169,0,0,"SPAL_contig0001010","MUTSd domain-containing protein","DNA_mismatch_repair_MutS_core, DNA_mismatch_repair_MutS_sf, MutS_family","mismatch repair, mismatched DNA binding, ATP binding, ATP-dependent DNA damage sensor activity","A0A0N5CBN7","",NA,"",NA,"",NA,"",NA
"2196","SPAL_0001530300",0.0481311044485473,0.0804974199591996,0,0,0,0,0,0,0.0407007012631726,0,"SPAL_contig0001010","F-box domain-containing protein","F-box_dom, DNA_helicase_DnaB-like_C, Twinkle-like, P-loop_NTPase, F-box-like_dom_sf","5'-3' DNA helicase activity, DNA helicase activity, DNA replication, single-stranded DNA binding, protein binding, ATP binding, DNA duplex unwinding","A0A0N5CBN8","",NA,"",NA,"",NA,"twnk-1 | WBGene00018514",42.7136
"2197","SPAL_0001530400",0.241962383068984,0.134777983159285,0,0,0.0335790173579197,0,0,0.154035810565171,0.0817054777352346,0.0665387047551035,"SPAL_contig0000733","COesterase domain-containing protein",NA,NA,"A0A0N5CBN9","",NA,"",NA,"",NA,"",NA
"2198","SPAL_0001530600",0,0.0537541343691559,0.0395759642208711,0,0.033780418345409,0.0282575834462452,0.0645974753709358,0,0.204507206081758,0,"SPAL_contig0000733","MULE domain-containing protein","MULE_transposase_dom",NA,"A0A0N5CBP1","",NA,"",NA,"SVE_2016400",4.4905,"",NA
"2199","SPAL_0001530700",0,0.126716179875749,0,0.0268052814585502,0.03384766188257,0.0280504344493926,0.0655370191831916,0.0504773413314502,0,0,"SPAL_contig0000733","USP domain-containing protein","Peptidase_C19_UCH, USP_dom, Papain-like_cys_pep_sf","protein deubiquitination, cysteine-type deubiquitinase activity","A0A0N5CBP2","",NA,"",NA,"SVE_0780400",68.75,"",NA
"2200","SPAL_0001530800",0,0.0280287108821223,0,0,0,0.0275109132646149,0.390066458616568,0.412563172236912,0.0409797207340722,0.0665703682349133,"SPAL_contig0000396","G_PROTEIN_RECEP_F1_2 domain-containing protein",NA,"membrane","A0A0N5CBP3","SSTP_0000537400 | SSTP_0000537400",58.3333,"SRAE_2000459500 | WBGene00264827",45.2381,"",NA,"",NA
"2201","SPAL_0001531150",0.0487723493581611,0.162698750137559,0,0,0.0483585556049146,0.0833810837749153,0,0.0512634123670065,0,0.133884518217223,"SPAL_contig0000396","7TM_GPCR_Srx domain-containing protein",NA,"membrane","A0A0N5CBP7","",NA,"",NA,"",NA,"",NA
"2202","SPAL_0001537100",0,0.0806639278934096,0,0.0813259958922595,0,0.0283180664678183,0.129223221961946,0.0519804570232168,0.204676701333065,0,"SPAL_contig0000342","Reverse transcriptase domain-containing protein","RT_dom, Peptidase_aspartic_dom_sf, Rev_trsase/Diguanyl_cyclase, DNA/RNA_pol_sf",NA,"A0A0N5CBV9","",NA,"SRAE_2000447000 | WBGene00264702",50,"SVE_0763000",63.0282,"",NA
"2203","SPAL_0001537200",0,0.0806498186606678,0.158333689352492,0.0811783176056886,0,0,0.0646106104949977,0.0778622749247916,0.204564717269428,0,"SPAL_contig0000342","Integrase catalytic domain-containing protein","Integrase_cat-core, RNaseH-like_sf, RNaseH_sf, Integrase_H2C2","DNA integration, nucleic acid binding","A0A0N5CBW0","",NA,"SRAE_X000235300 | WBGene00267937",60.8624,"SVE_0762900",72.8027,"",NA
"2204","SPAL_0001537400",0,0.0268432100080893,0,0,0,0,0,0,0,0,"SPAL_contig0001726","HTH_11 domain-containing protein","HTH_11, WH-like_DNA-bd_sf",NA,"A0A0N5CBW2","",NA,"",NA,"SVE_2015500",34.7368,"",NA
"2205","SPAL_0001537500",0,0.0270968714451728,0,0,0,0,0.0651060523303698,0.28079792206002,0,0,"SPAL_contig0001726","Mariner Mos1 transposase","Transposase_1, RNaseH_sf","nucleic acid binding, membrane","A0A0N5CBW3","SSTP_0000706100",43.7037,"",NA,"",NA,"",NA
"2206","SPAL_0001537575",0,0,0,0,0,0.0283431332699606,0,0.161281643761856,0,0,"SPAL_contig0000621","Endo/exonuclease/phosphatase domain-containing protein","Endo/exonu/phosph_ase_sf",NA,"A0A0N5CBW4","",NA,"",NA,"SVE_0140600",7.12468,"",NA
"2207","SPAL_0001537800",0.145859110985358,0.0811138796223825,0,0.0265711204133492,0,0.0278027623033565,0.0650680431008571,0,0,0.0667732097327734,"SPAL_contig0002757","DUF148 domain-containing protein","ANIS5_cation-bd",NA,"A0A0N5CBW7","SSTP_0001129000",56.2092,"SRAE_1000276100 | WBGene00259377",57.5163,"",NA,"",NA
"2208","SPAL_0001538100",0,0,0,0,0,0,0.101411830991002,0,0.0625487244747042,0,"SPAL_contig0001689","Reverse transcriptase domain-containing protein",NA,NA,"A0A0N5CBX0, A0A0N5C4H2","",NA,"",NA,"SVE_1317600",80,"",NA
"2209","SPAL_0001538500",0,0.0274335941410493,0,0,0,0,0,0.0253973598573535,0.0410015788192844,0,"SPAL_contig0000795","",NA,"membrane","A0A0N5CBX4","",NA,"SRAE_2000467200 | WBGene00264908",40.9524,"SVE_0248700",0,"",NA
"2210","SPAL_0001538800",0,0,0.0404987444471798,0.0531970573117401,0,0,0,0.026153844269691,0.288991627063631,0,"SPAL_contig0000404","HTH_48 domain-containing protein","ArsR-like_HTH, WH-like_DNA-bd_sf, WH_DNA-bd_sf, Mos1_HTH",NA,"A0A0N5CBX7","SSTP_0000100600",67.7966,"",NA,"SVE_1677800",82.2034,"",NA
"2211","SPAL_0001538900",0,0,0,0,0,0,0,0.0514814627113454,0.372044613738902,0,"SPAL_contig0000404","Histone-lysine N-methyltransferase SETMAR","RNaseH_sf","nucleic acid binding","A0A0N5CBX8","SSTP_0000679900",70.4918,"SRAE_X000208700 | WBGene00267665",60.6557,"SVE_0295600",56.5574,"",NA
"2212","SPAL_0001538950",0,0.0543411421795799,0,0.0267973627134966,0,0.0280399790149545,0.0653972995129282,0.0258317897737422,0.0411493932525147,0,"SPAL_contig0000404","",NA,NA,"A0A0N5CBX9","",NA,"",NA,"",NA,"",NA
"2213","SPAL_0001539025",0,0,0,0,0,0,0,0,0,0,"SPAL_contig0000404","Guanylate kinase-like domain-containing protein",NA,NA,"A0A0N5CBY1","",NA,"",NA,"SVE_1698100",68.9655,"",NA
"2214","SPAL_0001539100",0,0.0808832454277209,0,0,0,0.0563268632124913,0,0.0258892392137973,0.122893361363342,0.132936108817297,"SPAL_contig0003710","MFS domain-containing protein","MFS, MFS_trans_sf","transmembrane transport, transmembrane transporter activity, membrane","A0A0N5CBY2","SSTP_0000697600",70.6294,"SRAE_2000389100 | WBGene00264118",63.986,"SVE_0731900",70.6294,"",NA
"2215","SPAL_0001539500",0,0,0,0.0271608009485377,0,0,0,0,0,0,"SPAL_contig0002725","HTH myb-type domain-containing protein","Homeobox-like_sf",NA,"A0A0N5CBY6","",NA,"",NA,"SVE_0614000",3.0303,"",NA
"2216","SPAL_0001539600",0,0.145023942639845,0.0653928955309086,0.0852576606742257,0,0,0.0312876439514034,0.0773496057154823,0.0409509538824251,0,"SPAL_contig0002725","Integrase catalytic domain-containing protein","Integrase_cat-core, RNaseH-like_sf, RNaseH_sf","DNA integration, nucleic acid binding","A0A0N5CBY7","",NA,"",NA,"SVE_0212200",10.396,"",NA
"2217","SPAL_0001539700",0.0488237362264469,0.108547894619861,0.0801625432186336,0.0795606765228733,0.0335992349114638,0.055495951807512,0.130459866221222,0.0511684599171903,0,0.20092564842571,"SPAL_contig0000051","HTH_Tnp_IS630 domain-containing protein","Transposase_14, WH-like_DNA-bd_sf, RNaseH_sf","nucleic acid binding","A0A0N5CBY8","",NA,"",NA,"",NA,"",NA
"2218","SPAL_0001542200",0.0473296236548763,0.108617859601476,0,0,0,0,0,0,0,0,"SPAL_contig0000051","",NA,NA,"A0A0N5CC13","",NA,"",NA,"",NA,"",NA
"2219","SPAL_0001542700",0,0.108386238338898,0.0800170698678629,0.187470393826107,0,0,0,0.0516062697083452,0,0,"SPAL_contig0000051","",NA,NA,"A0A0N5CC18","",NA,"",NA,"SVE_1781600",47.7528,"",NA
"2220","SPAL_0001543100",0,0.0546755586718596,0.0387797505981008,0,0,0,0,0,0,0,"SPAL_contig0000382","",NA,NA,"A0A0N5CC22","",NA,"",NA,"",NA,"",NA
"2221","SPAL_0001543200",0.144487223306573,0.134642811575365,0,0.0269812011625509,0.0337717865710927,0.0563974542919288,0.194249252185989,0,0.286578573777143,0,"SPAL_contig0000382","Nop domain-containing protein",NA,NA,"A0A0N5CC23","SSTP_0000289600",17.2414,"",NA,"SVE_0894700",65.2299,"",NA
"2222","SPAL_0001543300",0,0.107420877670334,0.0790364738939449,0.10853769396563,0.0338211624411647,0,0.193555652544149,0.312006835993912,0.122715797694727,0,"SPAL_contig0000382","Reverse transcriptase domain-containing protein","RT_dom, Integrase_cat-core, Aspartic_peptidase_AS, RNaseH-like_sf, Peptidase_aspartic_dom_sf, RNaseH_sf, RT_RNaseH_2, Integrase_H2C2, Rev_trsase/Diguanyl_cyclase, DNA/RNA_pol_sf","DNA integration, aspartic-type endopeptidase activity, nucleic acid binding, proteolysis, transferase activity, nucleotidyltransferase activity, RNA-templated DNA biosynthetic process, RNA-directed DNA polymerase activity, DNA biosynthetic process, DNA-directed DNA polymerase activity, DNA polymerase complex","A0A0N5CC24","",NA,"",NA,"",NA,"",NA
"2223","SPAL_0001543700",0,0,0,0.0269810724860788,0,0,0,0,0.041172621409016,0,"SPAL_contig0002638","Zinc finger MYM-type protein 1-like","RNaseH-like_sf",NA,"A0A0N5CC28","",NA,"",NA,"",NA,"",NA
"2224","SPAL_0001545325",0.0489876339979262,0,0,0,0,0.029426297060404,0.126423141371207,0.0250200811884389,0,0,"SPAL_contig0000193","",NA,NA,"A0A0N5CC45","",NA,"",NA,"",NA,"",NA
"2225","SPAL_0001545400",0.041033654840052,0.125050098295739,0.00708112097682629,0.0663677777135325,0,0,0.189912377064661,0,0.0650551537474859,0,"SPAL_contig0003121","AbrB/MazE/SpoVT family DNA-binding domain-containing protein",NA,NA,"A0A0N5CC46","",NA,"",NA,"",NA,"",NA
"2226","SPAL_0001545700",0.0490547231760784,0,0,0,0.0333697032474067,0,0,0.126831385558613,0.1638217724347,0.0669785820852136,"SPAL_contig0000280","",NA,NA,"A0A0N5CC49","",NA,"",NA,"",NA,"",NA
"2227","SPAL_0001545800",0,0,0.0400447304771795,0,0,0.0278992001379796,0.195686477477661,0.128575222564802,0.164079502208532,0,"SPAL_contig0000280","",NA,NA,"A0A0N5CC50","",NA,"",NA,"SVE_0733100",44.586,"",NA
"2228","SPAL_0001545900",0,0.0269344694322559,0,0,0,0,0.194443654872232,0.462211061566136,0.0408341358445542,0.13294868288407,"SPAL_contig0000280","Serine/arginine repetitive matrix protein 2-like",NA,NA,"A0A0N5CC51","",NA,"",NA,"",NA,"",NA
"2229","SPAL_0001546000",0,0,0.0396878392916269,0,0,0,0.0647367451719291,0.129015410145107,0.0719810190846594,0,"SPAL_contig0000280","BZIP domain-containing protein",NA,NA,"A0A0N5CC52","",NA,"",NA,"SVE_0878200",30.0395,"",NA
"2230","SPAL_0001546100",0,0.053763865694498,0.039612910973908,0,0,0,0.258561982427384,0.232714357213774,0.122596495537324,0,"SPAL_contig0000280","",NA,NA,"A0A0N5CC53","",NA,"",NA,"",NA,"",NA
"2231","SPAL_0001546500",0.162878049505208,0.0181092247007516,0.0935929154435661,0.0264912255344382,0.0447783414701712,0.018474292652028,0.0434856121188358,0.059648930090979,0.150179195307111,0.111620459963523,"SPAL_contig0000389","HTH_48 domain-containing protein","HTH_11, WH-like_DNA-bd_sf, Mos1_HTH",NA,"A0A0N5CC57","",NA,"SRAE_X000158000 | WBGene00267153",52.2727,"SVE_1498800",53.0303,"",NA
"2232","SPAL_0001546600",0.0480224885861196,0.0803378127709117,0.0394661911709742,0,0,0,0,0,0,0,"SPAL_contig0000389","PUM-HD domain-containing protein","Pumilio_RNA-bd_rpt, ARM-like, ARM-type_fold, PUM-HD","RNA binding","A0A0N5CC58","",NA,"",NA,"",NA,"",NA
"2233","SPAL_0001546900",0,0.0539009194517025,0.0796044529576562,0,0.0335261680356233,0,0.454070868001648,0.153675421603895,0,0.133058642760052,"SPAL_contig0000389","",NA,NA,"A0A0N5CC61","",NA,"",NA,"SVE_0633800",57.8313,"",NA
"2234","SPAL_0001547200",0,0.249565419032793,0.203203837111899,0.0794954059340608,0.234369595840113,0.0276556429882386,0,0,0,0,"SPAL_contig0000389","",NA,NA,"A0A0N5CC64","",NA,"",NA,"",NA,"",NA
"2235","SPAL_0001547500",0,0.042679321053229,0,0,0.0337962712157432,0,0.064617607027727,0,0,0,"SPAL_contig0000930","CCHC-type domain-containing protein","RT_dom, Znf_CCHC, Znf_CCHC_sf, Rev_trsase/Diguanyl_cyclase, DNA/RNA_pol_sf","nucleic acid binding, zinc ion binding, cytoplasm, enzyme binding","A0A0N5CC67","",NA,"",NA,"",NA,"",NA
"2236","SPAL_0001555100",0.0479496028652469,0.161118210447704,0,0,0,0,0.0645305315638346,0.0259473239280117,0,0,"SPAL_contig0000811","C2H2-type domain-containing protein",NA,NA,"A0A0N5CCE1","",NA,"",NA,"SVE_1990600",4.34783,"",NA
"2237","SPAL_0001555200",0,0,0,0,0,0,0,0.0260163362096772,0,0,"SPAL_contig0000811","",NA,NA,"A0A0N5CCE2","",NA,"",NA,"",NA,"",NA
"2238","SPAL_0001555300",0,0.0814176447958771,0,0,0.0337609780842066,0.0279954726364357,0.065321524184411,0.0515840382144552,0,0,"SPAL_contig0001652","Integrase catalytic domain-containing protein",NA,NA,"A0A0N5CCE3","SSTP_0000704300",34.9398,"",NA,"",NA,"",NA
"2239","SPAL_0001555400",0,0.206882621004406,0.0396086524657093,0.027022907558264,0,0,0,0,0.122736187188126,0,"SPAL_contig0001652","Peptidase C76 domain-containing protein",NA,NA,"A0A0N5CCE4","",NA,"",NA,"SVE_0724900",24.5726,"",NA
"2240","SPAL_0001555700",0,0.0269770402481065,0,0,0,0.028175007420011,0.420468782712691,0.236453441485052,0,0,"SPAL_contig0001150","HTH_48 domain-containing protein","Transposase_1, Homeobox-like_sf, RNaseH_sf, Mos1_HTH","nucleic acid binding","A0A0N5CCE7","",NA,"",NA,"",NA,"",NA
"2241","SPAL_0001560100",0.14437225858907,0.107602850618923,0,0,0.101168186193782,0.0281477181222536,0,0,0,0.0663026336306987,"SPAL_contig0000100","G_PROTEIN_RECEP_F1_2 domain-containing protein",NA,"membrane","A0A0N5CCJ5","",NA,"SRAE_2000494200 | WBGene00265189",60.6154,"",NA,"",NA
"2242","SPAL_0001560840",0,0,0,0,0,0,0,0,0,0,"SPAL_contig0000267","",NA,NA,"A0A0N5CCK6","SSTP_0001212500",31.7647,"SRAE_2000506900 | WBGene00265321",29.4118,"SVE_1575100",81.1765,"",NA
"2243","SPAL_0001560900",0,0,0,0,0,0,0,0,0,0,"SPAL_contig0003178","DUF1758 domain-containing protein",NA,NA,"A0A0N5CCK7","",NA,"",NA,"SVE_1250800",60.7843,"",NA
"2244","SPAL_0001561000",0,0,0,0,0,0,0.129901258796955,0.124470459202699,0,0.0666376464699764,"SPAL_contig0003178","",NA,NA,"A0A0N5CCK8","",NA,"",NA,"SVE_1250800",36.7089,"",NA
"2245","SPAL_0001561100",0,0,0.0806035959201706,0.239553681085726,0,0,0,0,0,0,"SPAL_contig0000939","Troponin T",NA,NA,"A0A0N5CCK9","",NA,"",NA,"",NA,"",NA
"2246","SPAL_0001561200",0,0.0271702945818816,0.200715743292276,0.454156628476128,0.0675023944684272,0.0559101387417638,0,0,0.0822284829630991,0,"SPAL_contig0000939","DDE_Tnp_1_7 domain-containing protein",NA,NA,"A0A0N5CCL0","",NA,"",NA,"SVE_1781600",41.9355,"",NA
"2247","SPAL_0001561300",0,0,0.159566617258805,0.348555956296558,0,0,0.130060822193199,0.0258103125018234,0.204991449861019,0,"SPAL_contig0000939","Integrase catalytic domain-containing protein","Integrase_cat-core, RNaseH-like_sf, RNaseH_sf","DNA integration, nucleic acid binding","A0A0N5CCL1","SSTP_0000844700",45.7711,"",NA,"",NA,"",NA
"2248","SPAL_0001561500",0,0,0,0,0,0,0,0.00644035133384535,0,0,"SPAL_contig0002739","RNase H domain-containing protein","RNaseH_domain, RNaseH-like_sf, RNaseH_sf","RNA-DNA hybrid ribonuclease activity, nucleic acid binding, RNA phosphodiester bond hydrolysis, endonucleolytic","A0A0N5B1X6, A0A0N5CCL3","SSTP_0001074500",67.3077,"",NA,"",NA,"",NA
"2249","SPAL_0001563000",0,0,0,0,0,0,0,0.0258842972834726,0.0684338275643859,0,"SPAL_contig0001981","",NA,NA,"A0A0N5CCM8","",NA,"",NA,"",NA,"",NA
"2250","SPAL_0001563200",0,0,0,0,0,0,0.261170921812195,0.0904958711428871,0,0,"SPAL_contig0001587","LIM zinc-binding domain-containing protein","Nebulin_repeat, Znf_LIM","metal ion binding, cytoplasm","A0A0N5B319, A0A0N5CCN0, A0A0N5BF04","SSTP_0000095600",83.7696,"SRAE_2000208300 | WBGene00262290",83.2461,"SVE_0414300",95.8115,"F42H10.3 | WBGene00018367",56.5445
"2251","SPAL_0001563400",0,0.0539793679241522,0,0.0804156483519143,0,0,0.207699981136678,0.286312206715387,0.0484690146709434,0.14035745655858,"SPAL_contig0003284","Myb_DNA-bind_3 domain-containing protein",NA,NA,"A0A0N5CCN2","",NA,"",NA,"",NA,"",NA
"2252","SPAL_0001563600",0,0.107726270127568,0,0.0270331922169662,0,0,0.194235092657538,0.0778416820206313,0,0,"SPAL_contig0002054","C2H2-type domain-containing protein","Znf_C2H2_type, Znf_C2H2_sf",NA,"A0A0N5CCN4","",NA,"",NA,"",NA,"",NA
"2253","SPAL_0001563700",0.0986562309131278,0.167827929543702,0,0.0265519759818471,0.100200888904575,0.0276243917987091,0.327580717123792,0.228729573204965,0,0,"SPAL_contig0002054","",NA,NA,"A0A0N5CCN5","",NA,"",NA,"",NA,"",NA
"2254","SPAL_0001563900",0,0,0,0,0.0338299401361345,0,0,0,0,0,"SPAL_contig0002769","Major sperm protein",NA,"membrane","A0A0N5CCN7","SSTP_0000444000",2.74725,"",NA,"SVE_1547800",18.6813,"",NA
"2255","SPAL_0001566800",0,0.0851401597651908,0,0.0638962048929005,0.0342612348978457,0,0,0.0419635383830855,0,0,"SPAL_contig0000040","Transcriptional regulator",NA,NA,"A0A0N5CCR8","",NA,"",NA,"",NA,"",NA
"2256","SPAL_0001566900",0,0,0,0,0.0337369959013673,0,0.129447228925384,0.0776276138607823,0.0818195426993271,0.0663409052769104,"SPAL_contig0000040","G_PROTEIN_RECEP_F1_2 domain-containing protein","GPCR_Rhodpsn_7TM, 7TM_GPCR_serpentine_rcpt_Srx","membrane","A0A0N5CCR9","SSTP_0000498700",42.3197,"SRAE_X000094550 | WBGene00266508",39.8119,"SVE_0690200",97.1787,"",NA
"2257","SPAL_0001568900",0.143092582484714,0.0554533917485777,0,0,0,0,0,0,0,0.0642186810270922,"SPAL_contig0000040","","Sulfotransferase, Chst-1","positive regulation of response to oxidative stress, chondroitin sulfate biosynthetic process, chondroitin 4-sulfotransferase activity, sulfotransferase activity, membrane","A0A0N5CCT9","",NA,"",NA,"",NA,"",NA
"2258","SPAL_0001569500",0,0.0546755586718596,0.0775596168023945,0,0,0,0,0,0,0,"SPAL_contig0000040","",NA,NA,"A0A0N5CCU5","",NA,"",NA,"",NA,"",NA
"2259","SPAL_0001571350",0,0.224396083509943,0,0.0265988293873899,0.0333812566518424,0,0.130890505944916,0.193185093146551,0,0,"SPAL_contig0000058","Type VI secretion protein",NA,NA,"A0A0N5CCW4","",NA,"",NA,"",NA,"",NA
"2260","SPAL_0001571850",0,0,0,0,0,0,0,0,0.0818000052396443,0,"SPAL_contig0000058","",NA,NA,"A0A0N5CCX0","",NA,"",NA,"",NA,"",NA
"2261","SPAL_0001572900",0,0,0,0,0,0,0,0.0299172280172668,0,0,"SPAL_contig0001509","",NA,NA,"A0A0N5CCY1","",NA,"",NA,"SVE_0883300",58.4838,"",NA
"2262","SPAL_0001573100",0,0.0545111867078327,0,0.026893323095796,0.0144758833684127,0.000965849400290669,0,0,0,0,"SPAL_contig0002138","Reverse transcriptase domain-containing protein",NA,NA,"A0A0N5CCY3","",NA,"",NA,"SVE_1251500",32.3529,"",NA
"2263","SPAL_0001573600",0,0,0,0.0270664504714952,0,0,0,0.130535273910376,0,0,"SPAL_contig0002375","ANF_receptor domain-containing protein","ANF_lig-bd_rcpt, Peripla_BP_I","membrane","A0A0N5CCY8","SSTP_0001143400",19.8718,"",NA,"",NA,"",NA
"2264","SPAL_0001573900",0.122367193446296,4.34798999531721e-07,0,0,0,0,0,0,0,0,"SPAL_contig0004182","TM2 domain-containing protein","TM2","membrane","A0A0N5CCZ2, A0A0N5CIG2","SSTP_0000552000",86.8613,"SRAE_1000339100 | WBGene00260008",81.0219,"SVE_1938700",97.0803,"Y66D12A.21 | WBGene00013446",35.0365
"2265","SPAL_0001574100",0,0.107767597980551,0.0397599888658991,0,0,0,0,0.0503423711517823,0,0,"SPAL_contig0003591","",NA,NA,NA,"",NA,"",NA,"",NA,"",NA
"2266","SPAL_0001574200",0,0,0,0,0,0,0,0.0780488275142297,0,0,"SPAL_contig0003469","",NA,NA,"A0A0N5CCZ4","",NA,"",NA,"",NA,"",NA
"2267","SPAL_0001577350",0.0490743660807939,0.193498545041703,0.0404639823316515,0.289808270374276,0,0.027468158315796,0.13054817400582,0.126541925683838,0.122886622065918,0,"SPAL_scaffold0000008","Histidine-rich glycoprotein",NA,NA,"A0A0N5CD27","",NA,"",NA,"SVE_0982100",89.3617,"",NA
"2268","SPAL_0001597500",0,0,0.0877554278651614,0.0110509523508644,0.268451802141187,0.0059166929615156,0,0.198158171394075,0.0240270554373577,0,"SPAL_contig0000177","",NA,NA,"A0A0N5CDN1","",NA,"",NA,"SVE_0796900",64.5161,"",NA
"2269","SPAL_0001597800",0,0,0.0397937367658586,0,0,0.0281873834950235,0,0.0259120113802199,0.779189843533968,0,"SPAL_contig0001493","Glyco_trans_2-like domain-containing protein","Glyco_trans_2-like, Nucleotide-diphossugar_trans","membrane","A0A0N5CDN4","SSTP_0001240500",73.2143,"SRAE_X000124600 | WBGene00266812",75.7143,"",NA,"gly-10 | WBGene00001635",46.0714
"2270","SPAL_0001598000",0,0.0551100737272452,0,0,0,0.0277865244409168,0,0.0153834151795074,0.0798105647591911,0,"SPAL_contig0002617","DUF4325 domain-containing protein",NA,NA,"A0A0N5CDN6","SSTP_0001109100",11.5044,"",NA,"",NA,"",NA
"2271","SPAL_0001600300",0,0.203125528270685,0,0.0418888233686179,0,0,0.388709294190912,0.139938488687601,0,0,"SPAL_contig0004056","Integrase catalytic domain-containing protein","Integrase_cat-core, RNaseH-like_sf, RNaseH_sf","DNA integration, nucleic acid binding","A0A0N5CDR0","",NA,"",NA,"SVE_0324400",10.8696,"",NA
"2272","SPAL_0001604068",0.24438803555443,0,0,0,0.0336466312447147,0,0,0.0512507310568375,0,0,"SPAL_contig0000679","","YbiA-like_sf",NA,"A0A0N5CDU8","",NA,"",NA,"",NA,"",NA
"2273","SPAL_0001604084",0.0482779559235465,0.0558912131357152,0,0,0,0,0,0.0247974337976298,0,0,"SPAL_contig0000679","",NA,NA,"A0A0N5CDU9","",NA,"",NA,"",NA,"",NA
"2274","SPAL_0001604300",0,0.0807079372161269,0,0,0.0337740493870071,0,0.0646741388591741,0.233316164424384,0,0,"SPAL_contig0000679","Integrase catalytic domain-containing protein","Integrase_cat-core, RNaseH-like_sf, RNaseH_sf, Integrase_H2C2","DNA integration, nucleic acid binding","A0A0N5CDV2","",NA,"",NA,"SVE_1418500",24,"",NA
"2275","SPAL_0001605000",0.0492675468646402,0,0,0.0268081306472428,0,0.0276616106352784,0.0651210973239511,0,0,0,"SPAL_contig0004242","Transposase",NA,NA,"A0A0N5CDV9","",NA,"",NA,"",NA,"",NA
"2276","SPAL_0001605100",0,0,0,0,0,0,0,0,0,0,"SPAL_contig0004242","Transposase",NA,NA,"A0A0N5CDW0","",NA,"",NA,"SVE_1418500",75.6757,"",NA
"2277","SPAL_0001605500",0,0.0268887235538249,0,0,0,0,0,0,0.0408305745161409,0,"SPAL_contig0000777","",NA,NA,"A0A0N5CDW4","",NA,"SRAE_X000232000 | WBGene00267904",26.8293,"SVE_1222500",28.0488,"",NA
"2278","SPAL_0001605600",0,0,0,0,0,0,0,0,0,0,"SPAL_contig0000777","C2H2-type domain-containing protein",NA,NA,"A0A0N5CDW5","SSTP_0000707400",16.2996,"SRAE_0000070500 | WBGene00256457",33.7739,"",NA,"",NA
"2279","SPAL_0001605700",0,0,0,0,0,0,0.216284189102831,0,0,0.0660921383501438,"SPAL_contig0000826","Enkurin domain-containing protein",NA,NA,"A0A0N5CDW6","",NA,"",NA,"",NA,"",NA
"2280","SPAL_0001606000",0,0,0,0,0,0,0,0,0.0408997602607398,0,"SPAL_contig0001060","NR LBD domain-containing protein",NA,NA,"A0A0N5CDW9","",NA,"",NA,"SVE_0761700",79.6296,"",NA
"2281","SPAL_0001606100",0,0.0399937733955165,0,0,0,0.441828044038341,0,0,0.231077168203905,0,"SPAL_contig0001060","Glycosyltransferase","DUF273, Nucleotide-diphossugar_trans",NA,"A0A0N5CDX0","SSTP_0001117200",55.4572,"SRAE_2000448800 | WBGene00264720",50.4425,"SVE_0761800",80.236,"F25H2.7 | WBGene00009121",26.2537
"2282","SPAL_0001606300",0,0,0,0,0,0,0,0.0036390577067169,0,0,"SPAL_contig0002878","HTH_11 domain-containing protein","WH-like_DNA-bd_sf, WH_DNA-bd_sf",NA,"A0A0N5CDX2","",NA,"",NA,"",NA,"",NA
"2283","SPAL_0001606400",0,0,0.0434816375040331,0.173573754114206,0,0.0497845221442875,0.159241762587936,0.30815000184242,0,0,"SPAL_contig0002878","DDE_3 domain-containing protein","Transposase_1, RNaseH_sf","nucleic acid binding","A0A0N5CDX3","SSTP_0000620100",75.7812,"SRAE_X000208700 | WBGene00267665",62.5,"SVE_0295600",59.375,"",NA
"2284","SPAL_0001606600",0,0.0538067464213049,0,0.0271068439072958,0.203006091634109,0.538033941655707,0,0,0.0409526354888702,0,"SPAL_contig0001606","Ig-like domain-containing protein",NA,"membrane","A0A0N5CDX5","",NA,"",NA,"SVE_0857600",7.63984,"",NA
"2285","SPAL_0001606700",0.0630843467648687,0.0538581375466014,0,0.0328738465845865,0,0,0.12961156853714,0,0,3.62407375851663e-05,"SPAL_contig0000645","Histone-lysine N-methyltransferase SETMAR","RNaseH_sf","nucleic acid binding","A0A0N5CDX6","",NA,"",NA,"",NA,"",NA
"2286","SPAL_0001607025",0,0,0,0,0,0,0,0,0,0,"SPAL_contig0000645","RNA-directed DNA polymerase",NA,NA,"A0A0N5CDY0","SSTP_0000289500",45.679,"",NA,"SVE_0260300",43.8272,"",NA
"2287","SPAL_0001607100",0,0,0,0,0,0,0,0,0,0,"SPAL_contig0002396","30S ribosomal protein S1",NA,NA,"A0A0N5CDY1","",NA,"",NA,"",NA,"",NA
"2288","SPAL_0001607400",0.0486328787059468,0,0.0401686827619089,0.0263814662651222,0,0,0,0,0,0.0658497625482239,"SPAL_contig0002382","",NA,NA,"A0A0N5CDY4","",NA,"",NA,"",NA,"",NA
"2289","SPAL_0001607500",0,0,0,0,0,0,0,0,0.040899920351022,0,"SPAL_contig0002382","Elf-1_N domain-containing protein",NA,NA,"A0A0N5CDY5","",NA,"",NA,"",NA,"",NA
"2290","SPAL_0001607725",0,0.0814600512295186,0,0,0.0335708894889097,0,0,0.0255540848931706,0.0818846405649192,0.0669466914370436,"SPAL_contig0001364","Reverse transcriptase domain-containing protein","Rev_trsase/Diguanyl_cyclase, DNA/RNA_pol_sf",NA,"A0A0N5CDY8","SSTP_0000842300",53.0303,"",NA,"SVE_1780000",62.1212,"",NA
"2291","SPAL_0001607800",0,0.0270471774675709,0.0799227742152643,0,0.0336094952362708,0,0,0.0513291912936261,0.0409350134899872,0,"SPAL_contig0002341","ANF_receptor domain-containing protein","ANF_lig-bd_rcpt, Peripla_BP_I","membrane","A0A0N5CDY9","SSTP_0001143400",21.519,"",NA,"",NA,"",NA
"2292","SPAL_0001607900",0,0,0,0,0,0,0,0,0.870464471295844,0,"SPAL_contig0002683","CUB domain-containing protein",NA,NA,"A0A0N5CDZ0","",NA,"",NA,"SVE_0367900",83.815,"",NA
"2293","SPAL_0001609200",0,0.135031338989485,0,0.0269769859193702,0.033817871634375,0.0282010183579281,0.0649530359135273,0.129622727975698,0.0410298696655463,0,"SPAL_contig0000132","Sulfate_transp domain-containing protein","SLC26A/SulP_fam, SLC26A/SulP_dom","membrane, transmembrane transport","A0A0N5CE02","SSTP_0001091300",45.8781,"SRAE_X000031600 | WBGene00265874",10.0358,"SVE_1982300",77.7778,"",NA
"2294","SPAL_0001609600",0,0,0,0,0,0,0,0.0420195763065263,0,0,"SPAL_contig0001683","DDE_3 domain-containing protein","RNaseH_sf","nucleic acid binding","A0A0N5CE06","SSTP_0000811500",55.7692,"",NA,"",NA,"",NA
"2295","SPAL_0001609700",0,0.0809642500354748,0.0626919690780589,0.34478343807454,0,0.0900292859362985,0,0.0851971310316655,0,0,"SPAL_contig0002859","SPASM domain-containing protein",NA,NA,"A0A0N5CE07","SSTP_0001082100",52.9412,"SRAE_1000048000 | WBGene00257076",60.0619,"SVE_0086200",78.9474,"",NA
"2296","SPAL_0001609800",0,0,0,0,0,0,0,0,0.022242966695617,0,"SPAL_contig0002939","Hypoxia-inducible factor 1-alpha",NA,NA,"A0A0N5CE08","",NA,"",NA,"",NA,"",NA
"2297","SPAL_0001610200",0,0.084263654522798,0.0408193382659495,0.0432356851456875,0.104827062133831,0.0379309438482857,0.1052306286401,0.113895951889208,0.163993788050586,0,"SPAL_contig0001752","HTH_48 domain-containing protein","Transposase_1, Homeobox-like_sf, WH-like_DNA-bd_sf, RNaseH_sf, Mos1_HTH","nucleic acid binding","A0A0N5CE11","SSTP_0000679900",74.902,"SRAE_X000208700 | WBGene00267665",13.3333,"SVE_0295600",10.5882,"",NA
"2298","SPAL_0001612000",0,1.05282264107921e-07,0,0,0,0,0,0,0,0,"SPAL_contig0000727","Sulfatase domain-containing protein","DUF229, Alkaline_phosphatase_core_sf",NA,"A0A0N5CE29, A0A0N5CE30","SSTP_0001028200",55.3897,"SRAE_X000067400 | WBGene00266233",39.3035,"",NA,"Y73F8A.35 | WBGene00013539",24.5439
"2299","SPAL_0001612100",0,0.0268838309293627,0,0,0.0337875700937438,0,0.193843560407412,0.155690896728893,0.572754988462,0,"SPAL_contig0000727","Sulfatase domain-containing protein","DUF229, Alkaline_phosphatase_core_sf",NA,"A0A0N5CE30","SSTP_0001028200",56.7426,"SRAE_X000067400 | WBGene00266233",41.5061,"",NA,"Y73F8A.35 | WBGene00013539",25.0438
"2300","SPAL_0001612125",0,0.0269647850614794,0,0,0,0,0,0.206912380072929,0.081910924880536,0,"SPAL_contig0000727","DUF1919 domain-containing protein","DUF229",NA,"A0A0N5CE31","SSTP_0001028200",54.7529,"SRAE_X000067400 | WBGene00266233",17.8707,"",NA,"Y73F8A.35 | WBGene00013539",20.9125
"2301","SPAL_0001612200",0,0,0,0,0,0,0,0,0,0,"SPAL_contig0002371","HTH_48 domain-containing protein",NA,NA,"A0A0N5CE32","SSTP_0000843600",20.5128,"SRAE_X000162100 | WBGene00267194",38.4615,"SVE_0647600",47.4359,"",NA
"2302","SPAL_0001612300",0,0,0,0,0,0,0,0,0.0818000673276278,0,"SPAL_contig0002371","Lipoprotein",NA,NA,"A0A0N5CE33","",NA,"",NA,"SVE_0395800",34.8993,"",NA
"2303","SPAL_0001612500",0,0,0.040509295241049,0.053211231978636,0.0337925272155533,0.0835059478495678,0.0657460866475015,0.0770454655693391,0.0412854660070091,0,"SPAL_contig0000616","Histone-lysine N-methyltransferase SETMAR","RNaseH_sf","nucleic acid binding","A0A0N5CE35","",NA,"",NA,"",NA,"",NA
"2304","SPAL_0001612800",0,0.0261795460878081,0,0,0,0,0,0,0.0609768827643378,0,"SPAL_contig0002402","Secreted protein",NA,NA,"A0A0N5BJQ6","",NA,"",NA,"",NA,"",NA
"2305","SPAL_0001612968",0,0,0.0404973820036459,0,0,0,0,0.050746875204205,0,0,"SPAL_contig0000529","Integrase_SAM-like_N domain-containing protein",NA,NA,"A0A0N5CE38","",NA,"",NA,"",NA,"",NA
"2306","SPAL_0001612984",0,0,0,0,0,0,0,0,0,0,"SPAL_contig0000529","",NA,NA,"A0A0N5CE39","SSTP_0000715500",63.1579,"",NA,"",NA,"",NA
"2307","SPAL_0001613000",0,0,0,0,0,0,0,0,0,0,"SPAL_contig0000529","Zf-AD domain-containing protein",NA,NA,"A0A0N5CE40","",NA,"SRAE_0000047600 | WBGene00256220",18.4932,"SVE_0610300",23.2877,"",NA
"2308","SPAL_0001613100",0,0,0,0,0,0,0,0,0,0,"SPAL_contig0000529","",NA,NA,"A0A0N5CE41","",NA,"",NA,"",NA,"",NA
"2309","SPAL_0001617900",0.0487240935492059,0.113192887097415,0,0,0.294980021468041,0.0549253071633444,0,0,0,0.131462829525296,"SPAL_scaffold0000003","",NA,NA,NA,"",NA,"",NA,"",NA,"",NA
"2310","SPAL_0001626600",0,0.0284330503259928,0.0403333170911557,0,0,0.027527365961881,0,0.0250297036336443,0.040555367461272,0,"SPAL_scaffold0000003","Ovule protein",NA,"membrane","A0A0N5CEH8","",NA,"",NA,"",NA,"",NA
"2311","SPAL_0001635500",0.0963095364005497,0.242332181516175,0,0.0269837503262532,0.13508685830772,0.028200969988354,0.0647418303910473,0.077731612411547,0.0818748167349842,0.132709933666573,"SPAL_scaffold0000003","","Sulfotransferase, Chst-1","positive regulation of response to oxidative stress, chondroitin sulfate biosynthetic process, chondroitin 4-sulfotransferase activity, sulfotransferase activity, membrane","A0A0N5CER8","SSTP_0000176000",76.5537,"SRAE_2000114200 | WBGene00261344",69.4915,"SVE_0431200",91.2429,"K07H8.8 | WBGene00019508",21.7514
"2312","SPAL_0001653300",0.166986699933889,0.138623131369685,0.151975769311354,0.0995537336208607,0,0,0,0.0855123787212941,0.0711484530512513,0,"SPAL_scaffold0000003","DUF1835 domain-containing protein",NA,NA,"A0A0N5CF94","SSTP_0001104600",56.383,"SRAE_2000500400 | WBGene00265255",65.2482,"SVE_0969600",63.1206,"",NA
"2313","SPAL_0001653684",0,0,0,0,0,0,0,0,0,0,"SPAL_contig0000297","DDE_Tnp_1_7 domain-containing protein","PGBD",NA,"A0A0N5CFA0","SSTP_0000492700",32.6531,"SRAE_0000060200 | WBGene00256348",39.4558,"",NA,"",NA
"2314","SPAL_0001653700",0,0,0.0394916440197564,0,0,0,0,0,0,0,"SPAL_contig0000297","DDE_Tnp_1_7 domain-containing protein","PGBD",NA,"A0A0N5CFA1","SSTP_0000492800",28.0543,"SRAE_0000060300 | WBGene00256349",28.9593,"",NA,"",NA
"2315","SPAL_0001653800",0,0,0,0,0,0,0,0,0,0,"SPAL_contig0000297","",NA,NA,"A0A0N5CFA2","",NA,"",NA,"",NA,"",NA
"2316","SPAL_0001653900",0.060421745784088,0,0,0,0,0.0282150992386578,0.0689488968572776,0.295808975077784,0.0542032375449738,0,"SPAL_contig0003072","Reverse transcriptase domain-containing protein","RT_dom, Rev_trsase/Diguanyl_cyclase, DNA/RNA_pol_sf",NA,"A0A0N5CFA3","SSTP_0001281300",28.0612,"SRAE_0000069300 | WBGene00256445",28.5714,"SVE_0678200",0,"",NA
"2317","SPAL_0001654000",0,0.0390242332225943,0,0,0,0,0,0.0618592868609278,0,0,"SPAL_contig0003072","Peptidase A2 domain-containing protein","Peptidase_A2_cat, Peptidase_aspartic_DDI1-type, Peptidase_aspartic_dom_sf, Znf_CCHC_sf","aspartic-type endopeptidase activity, nucleic acid binding, proteolysis, zinc ion binding, hydrolase activity, cytoplasm","A0A0N5CFA4","",NA,"",NA,"SVE_1229200",34.1346,"",NA
"2318","SPAL_0001654800",0,0,0,0.0271607545704728,0,0,0,0,0,0,"SPAL_contig0000577","Reverse transcriptase domain-containing protein",NA,NA,"A0A0N5CFB2","",NA,"",NA,"SVE_2029500",27.1028,"",NA
"2319","SPAL_0001662600",0,0,0,0.0540811372066822,0,0,0.199298132186823,0.0641669048767491,0.0819652860995929,0,"SPAL_contig0001843","Zinc metalloproteinase","CUB_dom, Peptidase_M12A, Peptidase_Metallo, Metallopeptidase_nem, MetalloPept_cat_dom_sf, Astacin-like_dom","molting cycle, collagen and cuticulin-based cuticle, metalloendopeptidase activity, metallopeptidase activity, proteolysis, zinc ion binding, hydrolase activity, metal ion binding, peptidase activity, extracellular region","A0A0N5CFI9","SSTP_0000680200",64.25,"SRAE_0000048100 | WBGene00256225",61.25,"SVE_0675100",41.5,"",NA
"2320","SPAL_0001662900",0,0.0270401129000353,0.0399317008559928,0,0,0.0279170002036558,0.0650805139585021,0.128582780132402,0,0,"SPAL_contig0001554","Triosephosphate isomerase","Triosephosphate_isomerase, Aldolase_TIM, TIM_sf","triose-phosphate isomerase activity, isomerase activity, glycolytic process, gluconeogenesis","A0A0N5CFJ2","SSTP_0000448700",64.7059,"SRAE_1000028500 | WBGene00256879",65.2941,"SVE_0021500",69.4118,"tpi-1 | WBGene00006601",57.0588
"2321","SPAL_0001662950",0,0,0,0,0,0,0,0.0510817999995247,0.0416639931322666,0,"SPAL_contig0001554","MSP domain-containing protein","Histone_H2B, Histone-fold","protein heterodimerization activity, nucleosome, DNA binding, structural constituent of chromatin","A0A0N5CFJ3","",NA,"",NA,"",NA,"",NA
"2322","SPAL_0001663000",0,0,0,0,0,0,0,0.0260163166033662,0,0,"SPAL_contig0001554","PfkB domain-containing protein","PsuG, Indigdn_synthA-like","hydrolase activity, acting on glycosyl bonds, hydrolase activity, metal ion binding, lyase activity, metabolic process, pseudouridylate synthase activity, pseudouridine synthesis","A0A0N5CFJ4","SSTP_0000686300",65.493,"SRAE_2000514300 | WBGene00265397",65.493,"SVE_1573000",76.7606,"T24C12.3 | WBGene00020765",42.2535
"2323","SPAL_0001663100",0.0484366444646376,0.0269830953560169,0.0796733380781537,0,0.0336269513973409,0.0837764601918021,0,0.0526124169113277,0,0.13320105840982,"SPAL_contig0001554","",NA,NA,NA,"",NA,"",NA,"",NA,"",NA
"2324","SPAL_0001663200",0,0,0,0.0575160820991295,0,0,0,0,0,0,"SPAL_contig0000726","",NA,NA,"A0A0N5CFJ5","",NA,"",NA,"SVE_1682100",0.849858,"",NA
"2325","SPAL_0001663400",0,0,0,0,0,0.0850937051469791,0,0,0,0,"SPAL_contig0002246","DNA methyltransferase",NA,NA,"A0A0N5CFJ7","",NA,"",NA,"SVE_1623900",51.4286,"",NA
"2326","SPAL_0001663800",0.0490027391916497,0.109072655072099,0,0.0530161554331744,0.0672411510437279,0.0831707883347759,0.0653616025573128,0.0767140966099726,0.0410443820520268,0.134233559817169,"SPAL_contig0002273","BTB domain-containing protein",NA,NA,"A0A0N5CFK1","SSTP_0000844900",0,"",NA,"SVE_1220000",91.2,"",NA
"2327","SPAL_0001664000",0,0.0806203284229625,0.0395724260359878,0,0,0,0,0.0778025048446885,0,0,"SPAL_contig0000767","DDE_Tnp_1_7 domain-containing protein","PGBD",NA,"A0A0N5CFK3","SSTP_0000065600",19.9275,"",NA,"",NA,"",NA
"2328","SPAL_0001664100",0,0.112141836822814,0.285449943361747,0.106375776808204,0.0334282578990041,0.0276568939181933,0,0.101695887765334,0.0412057865780301,0,"SPAL_contig0000767","",NA,"membrane","A0A0N5CFK4","",NA,"",NA,"",NA,"",NA
"2329","SPAL_0001664400",0,0.166023983554806,0.121763398247774,0.0529578481164749,0.0334979590059124,0.0276638123488342,0,0.0254709545348511,0.0411999784591059,0.0672638994787555,"SPAL_scaffold0000062","S1 motif domain-containing protein",NA,NA,"A0A0N5CFK8","",NA,"",NA,"",NA,"",NA
"2330","SPAL_0001664900",0,0.02783364767241,0,0.0267774887574718,0,0.0279871874060474,0,0.0774059487472085,0,0,"SPAL_scaffold0000062","Integral membrane protein",NA,"membrane","A0A0N5CFL3","",NA,"",NA,"SVE_0248800",75.7009,"",NA
"2331","SPAL_0001665000",0,0.081054842794139,0,0,0.0337111354819367,0.0280235713606341,0,0,0,0.0666730711588014,"SPAL_scaffold0000062","G_PROTEIN_RECEP_F1_2 domain-containing protein",NA,"membrane","A0A0N5CFL4","",NA,"SRAE_2000467200 | WBGene00264908",6.56566,"SVE_0248600",82.3232,"",NA
"2332","SPAL_0001665200",0,0,0,0,0,0,0,0,0,0,"SPAL_contig0003695","BRCA2",NA,NA,"A0A0N5CFL6","",NA,"",NA,"",NA,"",NA
"2333","SPAL_0001665300",0,0.0538192751666858,0.0396484201675009,0.0269744077722989,0.135022931820556,0,0.0647013030829335,0.155399444196943,0,0.0663128920970381,"SPAL_contig0000734","Astacin domain-containing protein","EGF-like_dom, Peptidase_M12A, MetalloPept_cat_dom_sf","metalloendopeptidase activity, metallopeptidase activity, proteolysis","A0A0N5CFL7","",NA,"",NA,"SVE_0598400",32.5967,"",NA
"2334","SPAL_0001665600",0,0,0,0,0,0,0,0,0,0,"SPAL_contig0002435","Na_Ca_ex domain-containing protein",NA,"membrane","A0A0N5CFM0","",NA,"",NA,"",NA,"",NA
"2335","SPAL_0001665700",0,0,0.0792625622010563,0,0,0.028264616134056,0,0,0,0,"SPAL_contig0002435","Reverse transcriptase domain-containing protein","RT_dom, RT_RNaseH_2, Rev_trsase/Diguanyl_cyclase, DNA/RNA_pol_sf",NA,"A0A0N5CFM1","SSTP_0000067100",29.0909,"",NA,"SVE_1779700",62.6263,"",NA
"2336","SPAL_0001665900",0,0.0449586931260315,0,0,0,0,0.0432752239498698,0.00857240033529042,0,0,"SPAL_contig0001024","",NA,NA,"A0A0N5CFM3","",NA,"",NA,"",NA,"",NA
"2337","SPAL_0001666400",0,0,0,0,0,0,0,0,0,0,"SPAL_contig0000381","Vacuolar protein sorting-associated protein 72 homolog","Vps72/YL1, Vps72/YL1_C, YL1_N","chromatin remodeling, nucleus, regulation of transcription, DNA-templated","A0A0N5CFM9","SSTP_0000017800",80,"SRAE_2000191500 | WBGene00262122",77.8788,"SVE_0418700",95.7576,"",NA
"2338","SPAL_0001667100",0,0.0268622308364669,0,0,0.0337769788691078,0,0.0645558317593358,0,0.0408870312265675,0,"SPAL_contig0000661","DEAD/DEAH box helicase","Helicase_C, DEAD/DEAH_box_helicase_dom, Helicase_ATP-bd, P-loop_NTPase","nucleic acid binding, ATP binding, nucleotide binding","A0A0N5CFN6","SSTP_0000843300",8.49195,"SRAE_0000057100 | WBGene00256317",34.407,"",NA,"",NA
"2339","SPAL_0001667500",0.0487111742297012,0.0596433532953471,0,0,0.0337974337285553,0.0327420127413508,0.152892967177517,0.472995561837596,0.0884732819670979,0.0756150858337979,"SPAL_contig0002148","",NA,NA,"A0A0N5CFP0","SSTP_0000994900",70.7317,"SRAE_X000193700 | WBGene00267514",78.0488,"SVE_0300900",95.1219,"T11F8.12 | WBGene00235273",29.2683
"2340","SPAL_0001667575",0,0,0.0404869608156459,0,0,0,0,0.152279809951802,0,0,"SPAL_contig0001055","",NA,NA,"A0A0N5CFP1","",NA,"",NA,"",NA,"",NA
"2341","SPAL_0001667700",0,0,0,0,0,0,0,0,0.654397662993732,0,"SPAL_contig0003017","Microtubule-associated protein Jupiter",NA,NA,"A0A0N5CFP3","",NA,"",NA,"",NA,"",NA
"2342","SPAL_0001667900",0.0555896353655492,0.108255317783708,0.0860493145460769,0,0.147268803599441,0,0.0469924531003398,0.14233431914223,0.045584179011318,0.167511507465775,"SPAL_contig0002456","Transposase",NA,NA,"A0A0N5CFP5","",NA,"",NA,"",NA,"",NA
"2343","SPAL_0001668100",0,0,0,0,0,0,0,0,0,0,"SPAL_contig0000312","Integrase catalytic domain-containing protein","RNaseH-like_sf, RNaseH_sf","nucleic acid binding","A0A0N5CFP7","SSTP_0001073000",62.8415,"",NA,"SVE_0915700",45.3552,"",NA
"2344","SPAL_0001668200",0,0.114629269823624,0,0.0271351443828203,0.033120435211335,0.0277666919706081,0,0.0253164869073706,0.205053504127429,0.066374123232603,"SPAL_contig0000312","Kinesin motor domain-containing protein",NA,NA,"A0A0N5CFP8","",NA,"",NA,"SVE_0668300",51.3514,"",NA
"2345","SPAL_0001668300",0,0.0270933012598224,0,0.0269684432215463,0.101604075154209,0.0281987974581092,0,0.025939470222843,0.123387498404001,0,"SPAL_contig0000312","",NA,NA,"A0A0N5CFP9","",NA,"",NA,"",NA,"",NA
"2346","SPAL_0001668600",0,0,0,0,0,0,0,0,0,0,"SPAL_contig0003617","3-isopropylmalate dehydratase","Actin, Actin_CS, ATPase_NBD",NA,"A0A0N5CFQ2","",NA,"",NA,"",NA,"",NA
"2347","SPAL_0001668700",0,0,0,0.0267113545554562,0,0,0,0,0.328394044948587,0.0669366799425487,"SPAL_contig0000852","",NA,NA,"A0A0N5CFQ3","",NA,"",NA,"SVE_0258700",36.1963,"",NA
"2348","SPAL_0001670400",0,0,0,0,0,0,0,0,0,0,"SPAL_contig0000117","Mobilization protein",NA,NA,"A0A0N5CFS0","",NA,"",NA,"",NA,"",NA
"2349","SPAL_0001670500",0,0.0275564008390525,0,0,0,0,0,0.0253464774811885,0,0,"SPAL_contig0000117","",NA,NA,"A0A0N5CFS1","SSTP_0000665100",37.7551,"",NA,"",NA,"",NA
"2350","SPAL_0001670525",0,0,0,0.0273565126025061,0,0.0280672133766857,0.0657535680526795,0.256024756391434,0,0,"SPAL_contig0000117","DUF2281 domain-containing protein",NA,NA,"A0A0N5CFS2","",NA,"",NA,"",NA,"",NA
"2351","SPAL_0001671200",0,0,0,0,0,0,0.194045511545002,0,0.0407723860580952,0,"SPAL_contig0001847","TIGR02449 family protein",NA,NA,"A0A0N5CFS9","",NA,"",NA,"",NA,"",NA
"2352","SPAL_0001671300",0,0,0,0,0,0,0,0,0,0,"SPAL_contig0003879","Histone-lysine N-methyltransferase SETMAR","RNaseH_sf","nucleic acid binding","A0A0N5CFT0","",NA,"",NA,"",NA,"",NA
"2353","SPAL_0001673650",0.0486976830464886,0,0.0400148249501262,0.053273542709822,0,0,0,0.0770777022917481,0.163944328895054,0,"SPAL_contig0000064","CUB domain-containing protein","Sperma_CUB_dom_sf",NA,"A0A0N5CFV4","",NA,"",NA,"SVE_1092800",30.7692,"",NA
"2354","SPAL_0001674875",0.097743955762594,0,0.24368299371428,0.0367549096799214,0,0.0273017141157266,0.0619390599152324,0.0392846888752218,0,0,"SPAL_contig0000154","",NA,"membrane","A0A0N5CFW7","",NA,"",NA,"SVE_1410800",5.7971,"",NA
"2355","SPAL_0001676900",0,0.0551586846389341,0.202506870236803,0.185523341197256,0.134283780476271,0.16610147537022,0.0656151517784292,0.076557744034527,0.0824046067979253,0,"SPAL_contig0000154","VWFA domain-containing protein","RNaseH_sf","nucleic acid binding","A0A0N5CFY9","",NA,"",NA,"",NA,"",NA
"2356","SPAL_0001677016",0,0,0,0,0,0.027907637743837,0,0,0.0415716065392885,0,"SPAL_contig0000815","","Phos_transporter","phosphate ion transport, inorganic phosphate transmembrane transporter activity, membrane, transmembrane transport, symporter activity","A0A0N5CFZ1","",NA,"",NA,"",NA,"",NA
"2357","SPAL_0001677032",0,0.0270018027439422,0.159374488061554,0.0268298979661768,0.0337251456545121,0,0,0.0258186514572937,0,0.0666183756486218,"SPAL_contig0000815","","Phos_transporter","phosphate ion transport, inorganic phosphate transmembrane transporter activity, membrane, transmembrane transport, symporter activity","A0A0N5CFZ2","",NA,"",NA,"",NA,"",NA
"2358","SPAL_0001684300",0,0.299864257377363,0,0.0268486671868164,0.237263838331255,0.0280938362612822,0,0.0517719961730495,0.0550262637091822,0,"SPAL_contig0000013","Ubiquitin-like domain-containing protein",NA,NA,"A0A0N5CG64","",NA,"",NA,"SVE_0806500",27.1605,"",NA
"2359","SPAL_0001684900",0,0,0,0,0,0,0,0.0128583859697772,0.806860588710041,0,"SPAL_contig0001784","SUEL-type lectin domain-containing protein",NA,NA,"A0A0N5B907","",NA,"",NA,"SVE_0113500",52.9915,"",NA
"2360","SPAL_0001685100",0,0,0,0,0.0677708823324117,0.0558222077305058,0.132314478984123,0.205855230746802,0,0,"SPAL_contig0002496","Zinc finger BED domain-containing protein 5",NA,NA,"A0A0N5CG72","",NA,"",NA,"",NA,"",NA
"2361","SPAL_0001685200",0,0.158879114097536,0.0793749372281354,0,0,0.056308635053237,0.0675096530073447,0.0517524356201062,0.0409224615216453,0,"SPAL_contig0000378","Integrase catalytic domain-containing protein","Integrase_cat-core, RNaseH-like_sf, RNaseH_sf, Integrase_H2C2","DNA integration, nucleic acid binding","A0A0N5CG73","",NA,"",NA,"SVE_1317600",61.4379,"",NA
"2362","SPAL_0001685400",0,0.0537559405471871,0,0,0,0,0,0,0.0816938683952899,0,"SPAL_contig0000378","7TM_GPCR_Srx domain-containing protein",NA,"membrane","A0A0N5CG75","",NA,"",NA,"",NA,"",NA
"2363","SPAL_0001685700",0.0866205292948324,0,0,0,0.0266165955799493,0,0.129573669848832,0,0.305531553861889,0,"SPAL_contig0000378","Transposase",NA,NA,"A0A0N5CG78","",NA,"",NA,"SVE_1490000",50.3226,"",NA
"2364","SPAL_0001686000",0,0.037326820440233,0,0,0,0.0279870688744194,0,0.0294245588984559,0,0,"SPAL_contig0001415","RNase H domain-containing protein","RNaseH_domain, RNaseH-like_sf, RNaseH_sf","RNA-DNA hybrid ribonuclease activity, nucleic acid binding, RNA phosphodiester bond hydrolysis, endonucleolytic","A0A0N5CG81","SSTP_0001074500",68.4211,"",NA,"",NA,"",NA
"2365","SPAL_0001686200",0,0,0.165113398181638,0.212140036799266,0.0337966527812271,0.084679881680241,0,0,0.120504341870947,0.132774161987826,"SPAL_contig0003180","Nop domain-containing protein",NA,NA,"A0A0N5CG83","SSTP_0000289600",17.1662,"",NA,"",NA,"",NA
"2366","SPAL_0001686300",0,0,0,0,0,0.0282852937286713,0,0.0260892602216506,0,0,"SPAL_contig0003180","Ribosomal protein S11",NA,NA,"A0A0N5CG84","",NA,"",NA,"SVE_1418500",77.6786,"",NA
"2367","SPAL_0001688400",0,0.113967755680513,0.127414184851065,0.056456105212336,0.0356132106984124,0,0,0,0,0,"SPAL_scaffold0000086","Integrase catalytic domain-containing protein","RNaseH_sf","nucleic acid binding","A0A0N5CGA5","",NA,"",NA,"SVE_0893900",32.3077,"",NA
"2368","SPAL_0001691800",0,0.0441420637675264,0,0,0,0,0,0,0.163032714811267,0,"SPAL_contig0003563","RT_RNaseH domain-containing protein","RT_RNaseH, DNA/RNA_pol_sf",NA,"A0A0N5CGE0","",NA,"",NA,"SVE_1438100",17.4194,"",NA
"2369","SPAL_0001691875",0,0.0276243942697131,0,0,0,0.06282882647282,0,0.0198333680137993,0,0.0778408344024446,"SPAL_contig0003238","",NA,NA,"A0A0N5CGE1","",NA,"",NA,"",NA,"",NA
"2370","SPAL_0001691900",0,0.0268431813432406,0,0,0,0,0,0,0,0,"SPAL_contig0003238","FH2 domain-containing protein",NA,NA,"A0A0N5CGE2","",NA,"SRAE_2000371600 | WBGene00263941",26.257,"SVE_1276900",25.1397,"",NA
"2371","SPAL_0001692100",0,0.115606189499912,0.0439062030439129,0.0828876850394665,0.148032861742696,0.234530252932811,0,0,0.0419722385074255,0,"SPAL_contig0002905","Phage protein",NA,NA,"A0A0N5CGE4","",NA,"",NA,"",NA,"",NA
"2372","SPAL_0001693100",0,0.128172338626482,0,0.152371868696751,0,0,0,0.138744440295552,0,0,"SPAL_contig0000405","ATP-dependent DNA helicase","DNA_helicase_dom, DNA_helicase_pif1-like, P-loop_NTPase","telomere maintenance, helicase activity, DNA helicase activity, DNA repair, ATP binding, hydrolase activity, nucleotide binding, cellular response to DNA damage stimulus, DNA recombination, DNA duplex unwinding, ATP hydrolysis activity","A0A0N5CGF4","",NA,"",NA,"SVE_0800800",64.7658,"",NA
"2373","SPAL_0001693200",0,0.216590906505904,0.0399428975495579,0.0538614263995122,0,0.028161696302432,0,0.0518170843545373,0,0,"SPAL_contig0000405","Reverse transcriptase domain-containing protein",NA,NA,"A0A0N5CGF5","",NA,"",NA,"SVE_0258000",18.75,"",NA
"2374","SPAL_0001694050",0.0481235232178302,0.080718181748747,0,0.0269559485392242,0,0,0,0,0.0409046996035798,0,"SPAL_contig0000096","","7TM_GPCR_serpentine_rcpt_Srab","membrane","A0A0N5CGG4","",NA,"SRAE_1000107950 | WBGene00257681",42.8986,"SVE_0020600",72.4638,"",NA
"2375","SPAL_0001699900",0,0.162538153275163,0.240144718173461,0.0532718688299003,0,0.0278721776512851,0,0,0.122976923267728,0.267602270705755,"SPAL_scaffold0000017","DUF2326 domain-containing protein","NA-bd_OB-fold",NA,"A0A0N5CGM3","",NA,"",NA,"SVE_1905800",39.3548,"",NA
"2376","SPAL_0001703350",0,0.0868052503355867,0,0.0273276454587362,0.0326574013548217,0,0.192138302082221,0.125346244869745,0,0,"SPAL_scaffold0000017","Ovule protein",NA,NA,"A0A0N5CGQ8","",NA,"",NA,"",NA,"",NA
"2377","SPAL_0001707000",0.0968553738576403,0.0809966696073463,0.07969948946462,0.107122120891019,0,0.0840323664438745,0,0.0257808800645326,0.0409544629630518,0.133254329829011,"SPAL_contig0001268","G_PROTEIN_RECEP_F1_2 domain-containing protein","GPCR_Rhodpsn_7TM, 7TM_GPCR_serpentine_rcpt_Srv","membrane","A0A0N5CGU5","",NA,"",NA,"",NA,"",NA
"2378","SPAL_0001707200",0,0.0268432070863244,0,0,0,0,0,0,0,0,"SPAL_contig0000556","Helicase ATP-binding domain-containing protein","DEAD/DEAH_box_helicase_dom, Helicase_ATP-bd, P-loop_NTPase","nucleic acid binding, ATP binding","A0A0N5CGU7","SSTP_0000665600",27.234,"",NA,"SVE_1153200",20.4255,"",NA
"2379","SPAL_0001707300",0,0.134508764272332,0,0,0,0.0283058285098548,0,0.0519676679546644,0.0818936120638469,0,"SPAL_contig0000556","SPK domain-containing protein",NA,NA,"A0A0N5CGU8","",NA,"",NA,"",NA,"",NA
"2380","SPAL_0001707500",0.0128155723412187,0,0,0,0.00036507677924583,0.0278304700159773,0,0,0,0,"SPAL_contig0000556","RNase H domain-containing protein",NA,NA,"A0A0N5CGV0","",NA,"",NA,"SVE_1310400",83.0882,"",NA
"2381","SPAL_0001707600",0.0126937084318997,0,0,0,0.000361605246150318,0,0,0,0,0,"SPAL_contig0000556","RNase H domain-containing protein",NA,NA,"A0A0N5CGV1","",NA,"",NA,"SVE_1310400",82.3529,"",NA
"2382","SPAL_0001710000",0,0,0,0.0814827684956775,0,0,0,0,0,0,"SPAL_contig0000424","Reverse transcriptase domain-containing protein","RT_dom, DNA/RNA_pol_sf",NA,"A0A0N5CGX5","SSTP_0000704600",13.1,"",NA,"",NA,"",NA
"2383","SPAL_0001714875",0,5.02040020904946e-07,0,0,0,0,0,0.0301062079283147,0.118103610639406,0,"SPAL_contig0003009","SCP domain-containing protein","CRISP-related, V5_allergen-like, CAP_domain, Allrgn_V5/Tpx1_CS, CAP_sf","extracellular region","A0A0N5CH24","SSTP_0000512800",40.2299,"SRAE_2000070500 | WBGene00260903",40.2299,"SVE_1867100",56.3218,"scl-12 | WBGene00019178",20.6897
"2384","SPAL_0001715000",0,0,0.0371099881683762,0,0,0,0,0,0,0.0703605054276058,"SPAL_contig0000873","",NA,NA,"A0A0N5CH26","",NA,"",NA,"",NA,"",NA
"2385","SPAL_0001715300",0,0,0,0,0,0,0,0,0.449898653182908,0,"SPAL_contig0000035","TldD/PmbA family protein",NA,NA,"A0A0N5CH29","",NA,"",NA,"",NA,"",NA
"2386","SPAL_0001715400",0,0.0537936130508843,0,0,0,0,0,0,0.0812329174174538,0.066394366204194,"SPAL_contig0000035","",NA,NA,"A0A0N5CH30","",NA,"",NA,"SVE_0395800",33.813,"",NA
"2387","SPAL_0001715700",0,0.0809049639083022,0.0398333780884286,0,0.0333853916841393,0,0,0,0,0,"SPAL_contig0000035","",NA,NA,"A0A0N5CH34","SSTP_0001038200",8.82353,"",NA,"",NA,"",NA
"2388","SPAL_0001720000",0,0.243758688390168,0,0.0807719527693575,0.0338356656965767,0.0563121485033991,0,0.0518124817410561,0,0.133640042885119,"SPAL_contig0000035","ANF_receptor domain-containing protein","ANF_lig-bd_rcpt, Peripla_BP_I","membrane","A0A0N5CH78","",NA,"",NA,"",NA,"",NA
"2389","SPAL_0001720200",0,0,0,0,0.0428101307469731,0,0.10250430098119,0.307056271523076,0.048383521180245,0,"SPAL_contig0003501","Reverse transcriptase domain-containing protein","RT_dom, Rev_trsase/Diguanyl_cyclase, DNA/RNA_pol_sf",NA,"A0A0N5CH81","",NA,"",NA,"SVE_1286000",73.0275,"",NA
"2390","SPAL_0001720500",0,0.0453658841639812,0,0,0,0.0848917147941361,0,0.0666069517480212,0,0,"SPAL_scaffold0000116","Reverse transcriptase domain-containing protein","RT_dom, Peptidase_aspartic_dom_sf, Rev_trsase/Diguanyl_cyclase, DNA/RNA_pol_sf",NA,"A0A0N5CH84","SSTP_0001038000",33.9357,"SRAE_X000232600 | WBGene00267910",45.3815,"SVE_0092500",20.8835,"",NA
"2391","SPAL_0001720525",0,0,0,0,0,0,0,0,0.0408998600373571,0,"SPAL_scaffold0000116","",NA,NA,"A0A0N5CH85","",NA,"",NA,"",NA,"",NA
"2392","SPAL_0001720600",0,0,0,0,0,0,0,0,0,0,"SPAL_contig0001629","KH domain-containing protein","KH_dom_type_1_sf, BBP-like","RNA binding","A0A0N5CH86","",NA,"SRAE_2000080500 | WBGene00261005",37.2549,"SVE_0558200",24.5098,"Y57G11C.36 | WBGene00013325",32.3529
"2393","SPAL_0001721200",0,0.0806610778203084,0.237484659356304,0.135492385693936,0.0338188329470969,0.0849243554284691,0.0646110519500267,0.0259828260128872,0,0,"SPAL_contig0000586","",NA,NA,"A0A0N5CH92","",NA,"",NA,"",NA,"",NA
"2394","SPAL_0001721300",0,0.0538203557336557,0,0.0270203393204494,0.0337848578498445,0,0.0646914896589253,0,0.0818629761999427,0,"SPAL_contig0000586","Helicase ATP-binding domain-containing protein","DEAD/DEAH_box_helicase_dom, Helicase_ATP-bd, P-loop_NTPase","nucleic acid binding, ATP binding","A0A0N5CH93","",NA,"",NA,"",NA,"",NA
"2395","SPAL_0001721400",0.0485368969463586,0.108306745584297,0.0398798473878566,0.0422844161736456,0,0,0,0,0,0.132823983606274,"SPAL_contig0000586","","ENaC","sodium channel activity, sodium ion transport, membrane, ion transport, sodium ion transmembrane transport","A0A0N5CH94","",NA,"",NA,"",NA,"",NA
"2396","SPAL_0001721600",0.0483080662722852,0,0.0398748630457395,0,0,0,0,0,0.0403173200128624,0.0657889690247045,"SPAL_contig0000417","Ovule protein",NA,NA,"A0A0N5CH97","",NA,"",NA,"",NA,"",NA
"2397","SPAL_0001722000",0,0,0,0,0,0,0,0,0,0,"SPAL_contig0000207","Integrase catalytic domain-containing protein","Integrase_cat-core, RNaseH-like_sf, RNaseH_sf","DNA integration, nucleic acid binding","A0A0N5CHA1","SSTP_0001073000",62.5,"",NA,"",NA,"",NA
"2398","SPAL_0001722300",0,0.0845084068245686,0,0,0,0,0.128207003896779,0.224572610472375,0,0,"SPAL_contig0000207","Ovule protein",NA,NA,"A0A0N5CHA4","",NA,"",NA,"",NA,"",NA
"2399","SPAL_0001722500",0,0,0,0,0,0,0,0,0,0,"SPAL_contig0003155","S-adenosylmethionine-6-N', N'-adenosyl(rRNA) dimethyltransferase 2",NA,NA,"A0A0N5CHA7","",NA,"",NA,"",NA,"",NA
"2400","SPAL_0001723100",0,0,0.040138057588372,0.0266827075001736,0.0337280947623075,0,0,0,0.328726281054737,0,"SPAL_contig0003210","Glyco_trans_2-like domain-containing protein","Nucleotide-diphossugar_trans",NA,"A0A0N5CHB2","SSTP_0001240500",72.3684,"SRAE_X000124600 | WBGene00266812",75,"SVE_0395000",87.5,"gly-10 | WBGene00001635",48.0263
"2401","SPAL_0001723300",0,0.0276707542049277,0.0405742157406322,0.0264657311863342,0.100411668620619,0.221057691464455,0,0,0.0411585079999674,0,"SPAL_contig0000115","",NA,NA,"A0A0N5CHB4","SSTP_0000322300",43.8776,"",NA,"SVE_0329700",85.7143,"",NA
"2402","SPAL_0001723400",0,0.325082870431674,0,0,0.236343511828993,0.0841226825359892,0,0.0258186436576641,0,0.133727084500369,"SPAL_contig0000115","G_PROTEIN_RECEP_F1_2 domain-containing protein",NA,"membrane","A0A0N5CHB5","SSTP_0000322300",40.2174,"",NA,"SVE_0329800",79.8913,"",NA
"2403","SPAL_0001725450",0,0,0,0.0270746937955948,0.0339374454972206,0,0,0,0,0,"SPAL_contig0000115","Arrestin_N domain-containing protein",NA,NA,"A0A0N5CHD6","",NA,"",NA,"",NA,"",NA
"2404","SPAL_0001725875",0,0,0,0,0,0,0,0.0259552060341141,0.0409962522547236,0,"SPAL_scaffold0000082","",NA,NA,"A0A0N5CHE1","",NA,"",NA,"SVE_0633400",84.9462,"",NA
"2405","SPAL_0001726200",0,0.0269844351737642,0,0,0.0338221145393045,0.141133967815976,0,0.155643956119264,0.0410138452568651,0,"SPAL_scaffold0000082","C2H2-type domain-containing protein","Znf_C2H2_type",NA,"A0A0N5CHE5","",NA,"",NA,"",NA,"",NA
"2406","SPAL_0001726300",0,0.108810473209751,0,0,0.237073463288293,0.112414049841412,0,0.0258837262062006,0,0,"SPAL_scaffold0000082","",NA,NA,"A0A0N5CHE6","",NA,"",NA,"",NA,"",NA
"2407","SPAL_0001729725",0,0.0281318469890503,0.0392343080162922,0,0,0,0,0,0.0786096020439234,0,"SPAL_contig0001769","KTSC domain-containing protein",NA,NA,"A0A0N5CHI1","",NA,"",NA,"SVE_0400600",53.0303,"",NA
"2408","SPAL_0001729900",0.18227309306927,0.162006333909725,0.000595502126655721,0,0.0792795430000141,0,0,0.125864993302774,0,0.262984876891263,"SPAL_contig0000885","CCHC-type domain-containing protein",NA,NA,"A0A0N5CHI3","",NA,"",NA,"SVE_0851100",18.4397,"",NA
"2409","SPAL_0001730000",0,0,0,0,0,0,0,0,0.418510929237521,0,"SPAL_contig0000598","Metalloendopeptidase","EGF-like_dom, Peptidase_M12A, MetalloPept_cat_dom_sf","metalloendopeptidase activity, metallopeptidase activity, proteolysis, hydrolase activity, metal ion binding, peptidase activity","A0A0N5CHI4","",NA,"",NA,"SVE_0367700",51.1299,"",NA
"2410","SPAL_0001730100",0,0.0808420532096351,0,0.0301756564881803,0,0,0,0,0,0,"SPAL_contig0000598","Reverse transcriptase domain-containing protein","RT_dom, Rev_trsase/Diguanyl_cyclase, DNA/RNA_pol_sf",NA,"A0A0N5CHI5","",NA,"",NA,"SVE_0142500",29.108,"",NA
"2411","SPAL_0001730125",0.0489106082832634,0.027236640850649,0,0,0.0335269167984839,0.0276194136103722,0,0,0,0,"SPAL_contig0000598","Neur_chan_LBD domain-containing protein",NA,NA,"A0A0N5CHI6","",NA,"",NA,"",NA,"",NA
"2412","SPAL_0001730300",0,0,0,0,0,0,0,0,0,7.28606771313561e-07,"SPAL_contig0003077","Protein kinase domain-containing protein","Prot_kinase_dom, Ser/Thr_kinase_AS, Kinase-like_dom_sf, Protein_kinase_ATP_BS","protein kinase activity, protein phosphorylation, ATP binding, nucleotide binding, protein serine/threonine kinase activity","A0A0N5CHI8","SSTP_0001209000",89.1753,"SRAE_1000171100 | WBGene00258319",86.5979,"SVE_0957500",99.4845,"cdk-2 | WBGene00019362",56.701
"2413","SPAL_0001730400",0,0.0268431942358256,0,0,0,0,0,0,0,0,"SPAL_contig0003558","RT_RNaseH_2 domain-containing protein","RT_RNaseH_2, Rev_trsase/Diguanyl_cyclase, DNA/RNA_pol_sf",NA,"A0A0N5CHI9","",NA,"SRAE_0000054000 | WBGene00256286",3.05085,"SVE_0612300",4.0678,"",NA
"2414","SPAL_0001730650",0.052602184982488,0.0847363521430041,0,0,0.0809092446820073,0,0,0.0557227916324468,0,0.132656007960882,"SPAL_contig0000321","LAGLIDADG_2 domain-containing protein",NA,NA,"A0A0N5CHJ2","",NA,"",NA,"",NA,"",NA
"2415","SPAL_0001730900",0.0482438922039787,0,0,0.0808539873131681,0,0.0281722970920865,0.0648300281375917,0,0.0409635735215376,0,"SPAL_contig0000321","",NA,"membrane","A0A0N5CHJ5","SSTP_0000702700",27.1186,"",NA,"SVE_1474200",19.661,"",NA
"2416","SPAL_0001731100",0,0,0,0,0.0676596253657,0,0,0,0,0,"SPAL_contig0000321","Peptidase A2 domain-containing protein",NA,NA,"A0A0N5CHJ7","",NA,"SRAE_0000063600 | WBGene00256384",26.0606,"SVE_0666900",28.4848,"",NA
"2417","SPAL_0001731150",0.0964558429901701,0,0,0.0269085657536853,0.134936264700338,0,0.0647967611169536,0.129298029311884,0.0409282396236109,0.132846031114544,"SPAL_contig0000321","Eukaryotic translation initiation factor 3 subunit M",NA,NA,"A0A0N5CHJ8","",NA,"SRAE_0000063600 | WBGene00256384",17.3285,"SVE_0666900",21.6607,"",NA
"2418","SPAL_0001731200",0.0483279879952343,0.0538659676737796,0,0,0,0.0279081093766252,0.0648092937409916,0,0.0816786544780345,0,"SPAL_contig0000321","PH domain-containing protein",NA,NA,"A0A0N5CHJ9","",NA,"",NA,"",NA,"",NA
"2419","SPAL_0001731300",0,0.296020858184266,0,0.0812509804366822,0.0676494317409309,0.0282958617730998,0.0646784279232545,0.0779346315357969,0.163815634687534,0,"SPAL_contig0000321","",NA,NA,NA,"",NA,"",NA,"",NA,"",NA
"2420","SPAL_0001731900",0,0,0,0,0,0,0,0.0780490763166925,0,0,"SPAL_contig0002013","DUF11 domain-containing protein",NA,NA,"A0A0N5CHK4","",NA,"",NA,"",NA,"",NA
"2421","SPAL_0001732000",0,0,0,0,0,0,0,0,0,0,"SPAL_contig0000523","CULLIN_2 domain-containing protein",NA,NA,"A0A0N5CHK5","",NA,"",NA,"SVE_1100200",55.4455,"",NA
"2422","SPAL_0001732100",0,0.0268431716187413,0,0,0,0,0,0,0,0,"SPAL_contig0000523","Reverse transcriptase domain-containing protein","RT_dom, DNA/RNA_pol_sf",NA,"A0A0N5CHK6","",NA,"",NA,"SVE_1928000",62.3256,"",NA
"2423","SPAL_0001732125",0,0,0,0,0.0338298841149828,0,0,0,0,0,"SPAL_contig0000523","MULE domain-containing protein",NA,NA,"A0A0N5CHK7","",NA,"",NA,"",NA,"",NA
"2424","SPAL_0001732200",0,0,0,0,0,0,0,0.052032595902546,0,0,"SPAL_contig0000005","Serpentine receptor class gamma","7TM_GPCR_serpentine_rcpt_Srg","transmembrane signaling receptor activity, sensory perception of chemical stimulus, membrane","A0A0N5CHK8","",NA,"",NA,"SVE_1217800",46.9055,"",NA
"2425","SPAL_0001733200",0.0981724256715732,0.302304917065893,0.0403421072206023,0.131831891046453,0.0667709917552954,0.0275490634159696,0.0652814133696864,0.126862603670436,0.0410185531152821,0.0670230258268654,"SPAL_contig0000005","CdiA_C domain-containing protein",NA,NA,"A0A0N5CHL8","",NA,"",NA,"SVE_1362300",61.7647,"",NA
"2426","SPAL_0001734700",0,0,0,0,0,0,0,0,0,0,"SPAL_contig0000005","Protein kinase domain-containing protein",NA,NA,"A0A0N5CHN3","",NA,"",NA,"SVE_1880300",48.5149,"",NA
"2427","SPAL_0001748100",0,0.0935113528567996,0.0480150656750055,0.100585702354356,0.206546211176599,0.066107284100315,0.0930545038121332,0.129956316371114,0.106074880341481,0,"SPAL_contig0003939","Reverse transcriptase domain-containing protein","RT_dom, RT_RNaseH_2, Rev_trsase/Diguanyl_cyclase, DNA/RNA_pol_sf",NA,"A0A0N5CI19","",NA,"SRAE_0000063600 | WBGene00256384",89.1626,"SVE_0666900",66.9951,"",NA
"2428","SPAL_0001748300",0,0,0,0,0,0,0,0,0.0408998747365498,0,"SPAL_contig0001107","Histone-lysine N-methyltransferase SETMAR","RNaseH_sf","nucleic acid binding","A0A0N5CI21","",NA,"",NA,"SVE_1851800",50.7463,"",NA
"2429","SPAL_0001748400",0.096585395724884,0.0269743233911658,0,0.0269321471831601,0.0675395202027447,0,0,0.258846367182855,0.0409755295585299,0,"SPAL_contig0001107","Reverse transcriptase domain-containing protein","RT_dom, DNA/RNA_pol_sf",NA,"A0A0N5CI22","",NA,"",NA,"SVE_0278000",42.8044,"",NA
"2430","SPAL_0001750000",0,0.0550175255117918,0,0,0.0335180867789332,0.0552460932578313,0.0655072316283247,0.2292024260726,0,0.0672328808267708,"SPAL_contig0000077","Histidine phosphatase family protein","His_PPase_superfam, Acid_Pase_AS","membrane","A0A0N5CI39","SSTP_0000957300",66.6667,"SRAE_0000001400 | WBGene00255751",44.7619,"SVE_1104100",54.2857,"",NA
"2431","SPAL_0001752025",0,0,0,0,0,0,0,0,0,0,"SPAL_contig0000077","Myristylated protein",NA,NA,"A0A0N5CI59","",NA,"SRAE_0000003300 | WBGene00255770",54.4872,"",NA,"",NA
"2432","SPAL_0001752300",0,0,0.0405532014418234,0,0.0329490875448844,0,0,0,0,0,"SPAL_contig0000861","Ovule protein",NA,NA,"A0A0N5CI62","",NA,"",NA,"SVE_1992100",46.6667,"",NA
"2433","SPAL_0001752368",0,0.0268431780468308,0,0,0,0,0,0,0,0,"SPAL_contig0000430","FERM domain-containing protein",NA,NA,"A0A0N5CI63","",NA,"",NA,"SVE_0765100",95.1368,"",NA
"2434","SPAL_0001752400",0,0.0268997230330912,0,0,0,0,0,0.0259451516192029,0.0409261655487207,0,"SPAL_contig0000430","ATP-dependent DNA helicase",NA,NA,"A0A0N5CI65","",NA,"",NA,"",NA,"",NA
"2435","SPAL_0001752800",0,0.0268719415064388,0.0394495906875023,0,0,0,0,0,0,0,"SPAL_contig0002262","Histone-lysine N-methyltransferase SETMAR","RNaseH_sf","nucleic acid binding","A0A0N5CI69","SSTP_0000342600",52.4272,"",NA,"",NA,"",NA
"2436","SPAL_0001753300",0,0.0270785361715297,0,0,0.0338157414042494,0.0843910405679255,0,0,0,0,"SPAL_contig0000579","Tyrosine-protein phosphatase domain-containing protein","PTP_cat, Prot-tyrosine_phosphatase-like","protein dephosphorylation, protein tyrosine phosphatase activity","A0A0N5CI74","SSTP_0001074200",37.2642,"",NA,"SVE_1828500",61.7925,"",NA
"2437","SPAL_0001753400",0,0.10985169457189,0.0401265500313892,0.0536712707586883,0.172961685372482,0.114889563276764,0,0.0517206949733894,0,0,"SPAL_contig0000579","Tyrosine-protein phosphatase domain-containing protein","PTP_cat, Prot-tyrosine_phosphatase-like","protein dephosphorylation, protein tyrosine phosphatase activity","A0A0N5CI75","SSTP_0000345200",25.2874,"SRAE_0000081100 | WBGene00256571",12.6437,"SVE_1828600",39.0805,"",NA
"2438","SPAL_0001753500",0,0.0279938864825246,0,0,0.0324506269377761,0,0,0,0,0,"SPAL_contig0000579","RCC1/BLIP-II","Reg_chr_condens, RCC1/BLIP-II",NA,"A0A0N5CI76","",NA,"",NA,"",NA,"",NA
"2439","SPAL_0001753600",0,0.0536864208455097,0,0,0,0,0,0,0,0,"SPAL_contig0000579","SUN domain-containing protein",NA,NA,"A0A0N5CI77","",NA,"",NA,"SVE_0742500",0,"",NA
"2440","SPAL_0001753700",0,0.195865490987585,0,0,0.166815368848419,0.248426008943101,0,0,0,0,"SPAL_contig0000579","",NA,NA,"A0A0N5CI78","",NA,"",NA,"SVE_1090700",73.8636,"",NA
"2441","SPAL_0001753900",0,0,0,0,0,0,0,0.0277761919599212,0,0,"SPAL_contig0000579","DUF674 family protein","Elp2","elongator holoenzyme complex, tRNA wobble uridine modification, membrane, nucleus","A0A0N5CI80","",NA,"",NA,"",NA,"",NA
"2442","SPAL_0001753925",0,0,0,0,0,0,0,0,0,0,"SPAL_contig0000579","Elongator complex protein 2","WD40_repeat, WD40/YVTN_repeat-like_dom_sf, WD40_repeat_dom_sf, Elp2","elongator holoenzyme complex, tRNA wobble uridine modification, protein binding, cytoplasm, nucleus","A0A0N5CI81","",NA,"",NA,"",NA,"",NA
"2443","SPAL_0001754000",0,0,0.0815954335037501,0.080222866609425,0,0.0276836625819612,0,0,0.0824342436809794,0,"SPAL_contig0001144","",NA,NA,"A0A0N5CI82","",NA,"",NA,"",NA,"",NA
"2444","SPAL_0001754075",0,0.0814823389473328,0,0.0266997389876302,0.10121004900964,0,0.0653668950830524,0.257543460448957,0.164387575104418,0,"SPAL_contig0000643","FLYWCH-type domain-containing protein",NA,NA,"A0A0N5CI83","",NA,"",NA,"SVE_0742400",31.1688,"",NA
"2445","SPAL_0001754700",0,0.0537830799037047,0.0396006434753618,0.0270456649954894,0,0,0.0646357281430736,0.0259461809277365,0,0,"SPAL_contig0000798","Coiled-coil domain-containing protein 147",NA,NA,"A0A0N5CI90","SSTP_0000811200",16.0681,"",NA,"",NA,"",NA
"2446","SPAL_0001754800",0,0.134317016324401,0.118610483480994,0.0542305747867331,0.135258188163606,0,0,0.0519779231520413,0.0818171217237853,0.0661367357007546,"SPAL_contig0000798","Reverse transcriptase","RT_dom, Integrase_cat-core, RNaseH-like_sf, Peptidase_aspartic_dom_sf, RNaseH_sf, RT_RNaseH_2, Integrase_H2C2, Rev_trsase/Diguanyl_cyclase, DNA/RNA_pol_sf","DNA integration, nucleic acid binding, DNA biosynthetic process, DNA-directed DNA polymerase activity, DNA polymerase complex","A0A0N5CI91","",NA,"SRAE_X000199300 | WBGene00267571",56.3769,"",NA,"",NA
"2447","SPAL_0001755100",0,0,0,0,0,0,0,0,0,0,"SPAL_contig0002226","Restriction endonuclease subunit S",NA,NA,"A0A0N5CI94","",NA,"",NA,"",NA,"",NA
"2448","SPAL_0001755200",0,0,0,0,0,0,0,0,0,0,"SPAL_contig0002226","Restriction endonuclease subunit S",NA,NA,"A0A0N5CI95","",NA,"",NA,"",NA,"",NA
"2449","SPAL_0001755700",0,0,0,0,0,0,0,0,0,0,"SPAL_contig0000358","",NA,NA,"A0A0N5CIA0","",NA,"",NA,"",NA,"",NA
"2450","SPAL_0001756000",0,0.0537154991009247,0.0395299748966109,0,0.0676055783443758,0,0.0645328548674537,0.0571458414438608,0.204486991682939,0,"SPAL_contig0001287","Integrase catalytic domain-containing protein","Integrase_cat-core, RNaseH_domain, RNaseH-like_sf, RNaseH_sf, Rev_trsase/Diguanyl_cyclase, DNA/RNA_pol_sf","DNA integration, RNA-DNA hybrid ribonuclease activity, nucleic acid binding, RNA phosphodiester bond hydrolysis, endonucleolytic, DNA biosynthetic process, DNA-directed DNA polymerase activity, DNA polymerase complex","A0A0N5CIA4","SSTP_0000832900",69.534,"",NA,"SVE_0721300",4.21147,"",NA
"2451","SPAL_0001756450",0,0,0,0,0.0338299502334283,0,0,0,0,0,"SPAL_contig0000549","Neur_chan_LBD domain-containing protein",NA,NA,"A0A0N5CIA9","",NA,"",NA,"",NA,"",NA
"2452","SPAL_0001756800",0,0.100554065877098,0,0,0,0.0278282542492912,0.0651277030374745,0,0.0818857162638556,0,"SPAL_contig0000549","Helicase C-terminal domain-containing protein","Helicase_C, P-loop_NTPase",NA,"A0A0N5CIB4","",NA,"",NA,"",NA,"",NA
"2453","SPAL_0001757000",0,0,0,0,0,0,0,0,0,0,"SPAL_contig0000549","Glyco_hydro_30C domain-containing protein","Glyco_hydro_b, GH30_C",NA,"A0A0N5CIB6","",NA,"",NA,"",NA,"",NA
"2454","SPAL_0001757600",0,0,0,0,0,0,0.0644803069732005,0,0,0,"SPAL_contig0003146","Phage protein","P-loop_NTPase",NA,"A0A0N5CIC2","",NA,"",NA,"",NA,"",NA
"2455","SPAL_0001757700",0,0.0554940771416837,0,0.0284855272803896,0,0,0,0,0,0,"SPAL_contig0003147","","APOBEC/CMP_deaminase_Zn-bd","hydrolase activity, zinc ion binding","A0A0N5CIC3","",NA,"SRAE_X000121300 | WBGene00266779",60.9756,"SVE_0143500",97.561,"",NA
"2456","SPAL_0001757900",0.0486099865628528,0.0541427827667001,0,0,0,0.0559518105594278,0,1.46812253510641e-05,0,0,"SPAL_contig0000503","Hemagglutinin",NA,NA,"A0A0N5CIC5","SSTP_0000289500",32.5714,"",NA,"SVE_0597600",50.8571,"",NA
"2457","SPAL_0001758500",0,0,0,0,0.0338299092719309,0,0,0,0,0,"SPAL_contig0000438","SCP domain-containing protein","CAP_sf",NA,"A0A0N5CID2","",NA,"",NA,"",NA,"",NA
"2458","SPAL_0001759800",0,0,0,0.0115527057752154,0,0,0,0.0258702927364518,0,0.0672511131865357,"SPAL_contig0001202","Syndecan domain-containing protein",NA,"membrane","A0A0N5CIE3","",NA,"",NA,"SVE_0077400",60.7362,"",NA
"2459","SPAL_0001760400",0,0,0.0536734518367294,0.0732553889224611,0.0424213508446637,0.0282171662207559,0,0,0,0,"SPAL_contig0001461","RteC protein",NA,NA,"A0A0N5CIE9","",NA,"",NA,"",NA,"",NA
"2460","SPAL_0001760600",0,0.0271729921089751,0,0,0,0,0,0.0257012631466705,0,0,"SPAL_contig0003025","",NA,NA,NA,"",NA,"",NA,"",NA,"",NA
"2461","SPAL_0001760700",0,0,0,0,0.268311882523072,0.000873186941892883,0,0,0,0,"SPAL_contig0001698","RNase H domain-containing protein","RNaseH-like_sf, RNaseH_sf","nucleic acid binding","A0A0N5CIF1","SSTP_0001278000",51.9481,"SRAE_0000061900 | WBGene00256366",35.7143,"SVE_0647000",93.5065,"",NA
"2462","SPAL_0001760800",0.240706622249508,0,0,0,0,0,0,0,0,0,"SPAL_contig0002862","2-Hacid_dh domain-containing protein","D-isomer_2_OHA_DH_cat_dom","oxidoreductase activity, acting on the CH-OH group of donors, NAD or NADP as acceptor, NAD binding","A0A0N5BRP5, A0A0N5CIF2","SSTP_0000173900",80.1802,"SRAE_2000248100 | WBGene00262691",83.7838,"SVE_0368000",94.5946,"C31C9.2 | WBGene00007836",61.2613
"2463","SPAL_0001761000",0,0.0542597857092678,0.160262577294194,0.187349507668668,0.033762327684149,0.0560096323897167,0,0,0.0410900557483385,0,"SPAL_contig0001062","FTH domain-containing protein",NA,NA,"A0A0N5CIF4","SSTP_0001082100",61.5385,"SRAE_1000048000 | WBGene00257076",65.0888,"SVE_0086200",82.2485,"",NA
"2464","SPAL_0001761900",0,0.0580190140779743,0.119776817483087,0.222502874272721,0,0.0853922417783884,0,0.0723438583755205,0.118393060159826,0,"SPAL_contig0002655","Neurofibromin 1",NA,NA,"A0A0N5CIG3","",NA,"",NA,"",NA,"",NA
"2465","SPAL_0001762100",0,0.0292715975765169,0,0,0,0,0,0.0477865369321848,0,0,"SPAL_contig0001426","Secreted protein",NA,NA,"A0A0N5CIG5","",NA,"",NA,"SVE_0879000",80.3922,"",NA
"2466","SPAL_0001762200",0,0,0,0,0,0,0,0.0513680460258551,0.0828604301687787,0,"SPAL_contig0001426","Secreted protein",NA,NA,"A0A0N5CIG6","",NA,"",NA,"SVE_0878900",60.3774,"",NA
"2467","SPAL_0001762300",0.0554240676567744,0.129097316001237,0,0,0.0918798167183138,0.0320087806656049,0.199411620386637,0.0339136793457135,0.0570079693666479,0.0853942423450383,"SPAL_contig0001765","Integrase catalytic domain-containing protein","Integrase_cat-core, RNaseH-like_sf, RNaseH_sf","DNA integration, nucleic acid binding","A0A0N5CIG7","",NA,"",NA,"SVE_1098700",57.5,"",NA
"2468","SPAL_0001762600",0,0,0,0,0,0,0,0,0,0,"SPAL_contig0002849","CCHC-type domain-containing protein","RT_dom, Znf_CCHC, Peptidase_aspartic_dom_sf, Rev_trsase/Diguanyl_cyclase, DNA/RNA_pol_sf","nucleic acid binding, zinc ion binding","A0A0N5CIH0","SSTP_0000277400",18.8482,"",NA,"SVE_0914400",12.0419,"",NA
"2469","SPAL_0001762700",0,0,0,0,0,0,0,0,0,0,"SPAL_contig0000535","C2H2-type domain-containing protein","Znf_C2H2_type, Znf_C2H2_sf",NA,"A0A0N5CIH1","SSTP_0000768600",84.2105,"",NA,"",NA,"",NA
"2470","SPAL_0001763200",0,0.0357602495012373,0.053524871021875,0,0,0,0,0.0516707935214741,0.0733679348615201,0,"SPAL_contig0003598","Helitron_like_N domain-containing protein","Helitron_helicase-like",NA,"A0A0N5CIH6","",NA,"SRAE_0000047900 | WBGene00256223",7.40741,"SVE_1923900",66.4609,"",NA
"2471","SPAL_0001763300",0,0.108382622905295,0.0800680112496581,0.106672895783067,0.0673511685501032,0,0,0,0,0,"SPAL_contig0003302","",NA,NA,"A0A0N5CIH7","",NA,"",NA,"SVE_0613800",77.3585,"",NA
"2472","SPAL_0001763400",0,0,0,0,0,0,0,0,0,0,"SPAL_contig0002951","Coiled-coil domain-containing protein",NA,NA,"A0A0N5CIH8","",NA,"",NA,"SVE_1099300",28.3871,"",NA
"2473","SPAL_0001763600",0.0486442402184387,0,0.0399376303044078,0.0264634516814516,0.0670121898446334,0,0,0,0.0408379910632017,0.200267819224145,"SPAL_contig0000934","",NA,NA,"A0A0N5CII1","",NA,"",NA,"SVE_1648900",47.8571,"",NA
"2474","SPAL_0001763700",0,0,0,0,0,0,0,0,0,0,"SPAL_contig0001920","",NA,NA,"A0A0N5CII2","",NA,"",NA,"",NA,"",NA
"2475","SPAL_0001763775",0,0.0540298901189455,0,0,0.033363887811081,0,0,0,0,0.0665647728887328,"SPAL_contig0001200","",NA,NA,"A0A0N5CII3","",NA,"",NA,"",NA,"",NA
"2476","SPAL_0001763800",0,0,0,0,0,0,0,0,0.0817998774195758,0,"SPAL_contig0001200","",NA,NA,"A0A0N5CII4","",NA,"",NA,"",NA,"",NA
"2477","SPAL_0001763900",0,0,0,0,0,0,0,0,0,0,"SPAL_contig0001200","",NA,NA,"A0A0N5CII5","",NA,"",NA,"",NA,"",NA
"2478","SPAL_0001764300",0.0479893096409147,0.274476613896364,0.0791264781307316,0.0541477558533869,0.0354906826340566,0.153900468531645,0,0,0.122718581353131,0.0661778478603339,"SPAL_contig0000539","Guanylate cyclase","Prot_kinase_dom, A/G_cyclase, Kinase-like_dom_sf, A/G_cyclase_CS, Nucleotide_cyclase","phosphorus-oxygen lyase activity, cyclic nucleotide biosynthetic process, protein kinase activity, intracellular signal transduction, protein phosphorylation, ATP binding, membrane, guanylate cyclase activity, cGMP biosynthetic process, lyase activity","A0A0N5CII9","",NA,"",NA,"SVE_0377400",35.8438,"",NA
"2479","SPAL_0001764500",0,0.0274949434364919,0,0.0525486329086055,0,0,0.0650928373784924,0,0,0,"SPAL_contig0001126","Translocon at the inner envelope membrane of chloroplasts 214",NA,"membrane","A0A0N5CIJ1","",NA,"SRAE_2000467200 | WBGene00264908",45.3608,"SVE_0248700",0,"",NA
"2480","SPAL_0001764900",0,0,0,0.0271608144310457,0,0,0,0,0,0,"SPAL_contig0003736","Reverse transcriptase",NA,NA,"A0A0N5CIJ5","",NA,"",NA,"SVE_1222300",87.9668,"",NA
"2481","SPAL_0001765400",0.0981234057796334,0.0546236101767281,0,0.0265022876821835,0,0,0,0.358141678423242,0,0,"SPAL_contig0003516","",NA,NA,"A0A0N5CIJ9","",NA,"",NA,"",NA,"",NA
"2482","SPAL_0001765500",0,0,0,0,0,0,0,0,0,0,"SPAL_contig0000329","MRG domain-containing protein",NA,NA,"A0A0N5CIK0","",NA,"",NA,"",NA,"",NA
"2483","SPAL_0001765600",0,0,0,0,0,0,0,0,0.0408998782045361,0,"SPAL_contig0002799","Tudor domain-containing protein",NA,NA,"A0A0N5CIK1","",NA,"",NA,"SVE_1089400",7.14286,"",NA
"2484","SPAL_0001765700",0,0,0,0,0,0,0,0,0,0,"SPAL_contig0004117","",NA,NA,"A0A0N5CIK2","",NA,"",NA,"",NA,"",NA
"2485","SPAL_0001765800",0,0,0,0,0,0,0,0,0,0,"SPAL_contig0004117","",NA,NA,"A0A0N5CIK3","",NA,"",NA,"",NA,"",NA
"2486","SPAL_0001766000",0,0,0.0789836129789071,0,0,0,0,0,0,0,"SPAL_contig0000603","",NA,NA,"A0A0N5CIK5","",NA,"",NA,"",NA,"",NA
"2487","SPAL_0001766200",0.0480867334324971,0.0863492185847342,0,0,0.161620009521236,0.110426735471262,0,0,0,0,"SPAL_contig0000669","Type II toxin-antitoxin system antitoxin, RelB/DinJ family",NA,NA,"A0A0N5CIK7","",NA,"",NA,"SVE_1303000",86.3636,"",NA
"2488","SPAL_0001766400",0,0.0552553576390857,0,0.0797100285162085,0,0,0,0.128002524274405,0.0825910835242571,0,"SPAL_contig0000682","HTH_Tnp_ISL3 domain-containing protein","WH-like_DNA-bd_sf",NA,"A0A0N5CIK9","",NA,"",NA,"SVE_2015500",23.5849,"",NA
"2489","SPAL_0001766600",0,0.0268432423938249,0,0,0,0,0,0,0,0,"SPAL_contig0000750","",NA,NA,"A0A0N5CIL1","",NA,"",NA,"",NA,"",NA
"2490","SPAL_0001766700",0,0.165373293728471,0.0803162874372049,0,0,0.0272469047961387,0.129257181083865,0,0.0812669385009615,0.0662016369127557,"SPAL_contig0000750","",NA,NA,"A0A0N5CIL2","",NA,"",NA,"",NA,"",NA
"2491","SPAL_0001766800",0,0,0,0.027058267991741,0.0338526547648221,0,0,0,0.0820549971184655,0,"SPAL_contig0000819","",NA,NA,"A0A0N5CIL3","",NA,"",NA,"SVE_0633400",87.5989,"",NA
"2492","SPAL_0001766900",0,0,0.0799149778686228,0.053737778397408,0,0.0281020934840023,0.195425314092049,0.0258633517728155,0.0821452081846862,0,"SPAL_contig0000819","","NA-bd_OB-fold",NA,"A0A0N5CIL4","",NA,"",NA,"",NA,"",NA
"2493","SPAL_0001767000",0,0,0.0805652937757959,0,0.0334400032400683,0,0.0653387723021881,0.025413442624547,0.0409937490493534,0,"SPAL_contig0000872","WD_REPEATS_REGION domain-containing protein","WD40_repeat, WD40/YVTN_repeat-like_dom_sf, WD40_repeat_dom_sf, Swd2/WDR82","protein binding, nucleus, DNA-templated transcription, termination","A0A0N5CIL5","",NA,"",NA,"",NA,"",NA
"2494","SPAL_0001767100",0,0.0816354908085205,0.0401893161888015,0,0,0.0278538029680448,0,0.0770577168550347,0,0,"SPAL_contig0000872","WD_REPEATS_REGION domain-containing protein","WD40/YVTN_repeat-like_dom_sf, WD40_repeat_dom_sf","protein binding","A0A0N5CIL6","",NA,"",NA,"",NA,"",NA
"2495","SPAL_0001767300",0,0,0,0.0267308958230719,0,0,0,0.0771546274577255,0,0.135834011509049,"SPAL_contig0000916","Secreted protein",NA,NA,"A0A0N5CIL8","",NA,"",NA,"",NA,"",NA
"2496","SPAL_0001767600",0.0489288927872122,0.0818146673482584,0,0.0264024486728722,0,0,0.0652609649822823,0.203855960741187,0,0,"SPAL_contig0000964","Bromo domain-containing protein",NA,NA,"A0A0N5CIM1","",NA,"",NA,"SVE_0796900",31.3559,"",NA
"2497","SPAL_0001767900",0,0,0,0,0,0,0,0,0.327198614350225,0,"SPAL_contig0001134","TransThyretin-Related family domain",NA,NA,"A0A0N5CIM4","",NA,"",NA,"",NA,"",NA
"2498","SPAL_0001768000",0,0.0551983310804807,0,0,0.0329080403751251,0,0,0,0,0,"SPAL_contig0001143","",NA,NA,"A0A0N5CIM5","",NA,"",NA,"",NA,"",NA
"2499","SPAL_0001768400",0,0,0,0,0,0,0.0648235351612402,0.0517104986022605,0.0409372000136912,0,"SPAL_contig0001185","DUF659 domain-containing protein","RNaseH-like_sf",NA,"A0A0N5CIM9","",NA,"",NA,"SVE_0251700",33.2075,"",NA
"2500","SPAL_0001768500",0,0.0286276454917982,0,0,0.0323104644039792,0,0.0633658151016734,0,0,0,"SPAL_contig0001251","PH domain-containing protein",NA,NA,"A0A0N5CIN0","",NA,"",NA,"",NA,"",NA
"2501","SPAL_0001768700",0,0.0558866202188428,0,0,0.133273795941691,0.110263956477264,0,0,0.0410703482402131,0,"SPAL_contig0001257","SCP domain-containing protein",NA,NA,"A0A0N5CIN2","",NA,"",NA,"",NA,"",NA
"2502","SPAL_0001768800",0,0,0,0,0.03392901494514,0.140533607639383,0,0.0259075367529166,0.371960772588414,0,"SPAL_contig0001277","DUF4176 domain-containing protein",NA,NA,"A0A0N5CIN3","",NA,"",NA,"SVE_0258700",35.2564,"",NA
"2503","SPAL_0001768900",0,0.0272666125438994,0,0,0,0,0.0634818737015998,0,0,0,"SPAL_contig0001301","Craniofacial development protein 2-like","Endo/exonu/phosph_ase_sf",NA,"A0A0N5CIN4","",NA,"",NA,"SVE_1490300",0,"",NA
"2504","SPAL_0001769000",0,0,0,0,0,0,0,0,0.245397682634817,0,"SPAL_contig0001317","",NA,NA,"A0A0N5CIN5","",NA,"",NA,"",NA,"",NA
"2505","SPAL_0001769100",0,0,0,0,0,0,0,0,0.0408998515463044,0,"SPAL_contig0001338","",NA,NA,"A0A0N5CIN6","",NA,"",NA,"",NA,"",NA
"2506","SPAL_0001769200",0,0,0.0399736015524289,0,0,0,0,0,0.848567255281904,0,"SPAL_contig0001356","","Transthyretin-like_sf",NA,"A0A0N5CIN7","",NA,"",NA,"SVE_0897600",61.1765,"",NA
"2507","SPAL_0001769400",7.260015716935e-10,0,0.0872972791082839,0,0.358149068507205,0.00213142535540466,0,0.300598914898705,0,0.156690245242525,"SPAL_contig0001382","Neurobeachin","AB_hydrolase",NA,"A0A0N5CIN9","",NA,"",NA,"",NA,"",NA
"2508","SPAL_0001769600",0,0,0,0,0,0,0,0,0,0,"SPAL_contig0001451","",NA,NA,"A0A0N5CIP1","",NA,"",NA,"",NA,"",NA
"2509","SPAL_0001769900",0,0,0,0,0,0,0,0,0,0,"SPAL_contig0001507","NMD3 domain-containing protein",NA,NA,"A0A0N5CIP4","",NA,"",NA,"",NA,"",NA
"2510","SPAL_0001770000",0,0,0,0,0,0,0,0,0,0,"SPAL_contig0001531","E3 ubiquitin-protein ligase NOSIP",NA,NA,"A0A0N5CIP5","",NA,"",NA,"",NA,"",NA
"2511","SPAL_0001770100",0,0.0290052636871135,0,0,0.0313451309269158,0,0,0,0,0,"SPAL_contig0001552","",NA,NA,"A0A0N5CIP6","",NA,"",NA,"",NA,"",NA
"2512","SPAL_0001770200",0.0471194739669147,0.0522815020389438,0,0,0,0,0,0,0,0.0790030199922466,"SPAL_contig0001549","",NA,NA,"A0A0N5CIP7","",NA,"",NA,"SVE_2013700",48.4375,"",NA
"2513","SPAL_0001770400",0,0,0.0400375260060663,0.0268422878128191,0.135218322096686,0,0,0.0258524596645142,0.0411144976343658,0,"SPAL_contig0001576","tRNA_synt_1c_R1 domain-containing protein","Gln-tRNA-synth_Ib_RNA-bd_N, Gln-tRNA-synth_Ib_RNA-bd_N_1","nucleotide binding, tRNA aminoacylation for protein translation, aminoacyl-tRNA ligase activity, cytoplasm, ATP binding","A0A0N5CIP9","",NA,"SRAE_1000037200 | WBGene00256968",38.172,"",NA,"",NA
"2514","SPAL_0001770600",0,0,0.245650800744741,0.186643712703278,0,0,0,0.0255706205533214,0,0,"SPAL_contig0001630","DDA1 domain-containing protein","AT_hook_DNA-bd_motif","DNA binding","A0A0N5CIQ1","",NA,"",NA,"SVE_0391600",0,"",NA
"2515","SPAL_0001770700",0,0.0278321648367713,0,0.02634990124864,0,0,0.128248928767277,0,0,0,"SPAL_contig0002593","",NA,NA,"A0A0N5CIQ2","",NA,"",NA,"",NA,"",NA
"2516","SPAL_0001771000",0,0,0,0,0,0,0,0,0,0,"SPAL_contig0001810","DNA-directed RNA polymerase",NA,NA,"A0A0N5CIQ5","",NA,"",NA,"",NA,"",NA
"2517","SPAL_0001771400",0,0,0,0,0,0,0,0,0,0,"SPAL_contig0001951","",NA,NA,"A0A0N5CIQ9","",NA,"",NA,"",NA,"",NA
"2518","SPAL_0001771600",0,0,0,0,0,0,0,0,0,0,"SPAL_contig0001998","Transposase",NA,NA,"A0A0N5CIR1","",NA,"",NA,"",NA,"",NA
"2519","SPAL_0001771700",0,0.032252132301041,0.0398341728350136,0.0268477507657151,0.0337344026157395,0,0.0649505599301016,0.0258307333168553,0,0,"SPAL_contig0001972","Photosystem I assembly protein Ycf4",NA,NA,"A0A0N5CIR2","",NA,"",NA,"",NA,"",NA
"2520","SPAL_0001771800",0,0.0268525442522716,0,0,0,0,0,0,0,0.264167663739298,"SPAL_contig0001994","HTH_OrfB_IS605 domain-containing protein",NA,NA,"A0A0N5CIR3","",NA,"",NA,"",NA,"",NA
"2521","SPAL_0001771900",0,0,0.0200914006413214,0.0268425514040631,0,0,0,0.0258738929071835,0,0,"SPAL_contig0002006","DUF223 domain-containing protein",NA,NA,"A0A0N5CIR4","",NA,"",NA,"SVE_1702000",47.929,"",NA
"2522","SPAL_0001772000",0,0.0273232325031778,0.0402430726928944,0.0264147812174985,0,0,0.0653131553828594,0.314437445845207,0,0,"SPAL_contig0002012","ABC transmembrane type-1 domain-containing protein",NA,"membrane","A0A0N5CIR5","",NA,"",NA,"",NA,"",NA
"2523","SPAL_0001772200",0,0,0.0395074721847164,0,0,0,0,0,0,0.0660387014861947,"SPAL_contig0002023","Inhibitor I9 domain-containing protein",NA,NA,"A0A0N5CIR7","",NA,"",NA,"SVE_0880800",64.3836,"",NA
"2524","SPAL_0001772300",0,0,0,0,0,0,0,0,0,0,"SPAL_contig0002026","ABC transmembrane type-1 domain-containing protein","ABC1_TM_dom, ABC1_TM_sf","membrane, transmembrane transport, ATP binding, ABC-type transporter activity","A0A0N5CIR8","",NA,"",NA,"",NA,"",NA
"2525","SPAL_0001772400",0,0.108570668224016,0,0,0.0338155055724531,0.0280774425100088,0,0.0258546370371566,0.493659699488009,0,"SPAL_contig0002038","Transthyretin-like family-containing protein",NA,NA,"A0A0N5CIR9","",NA,"",NA,"",NA,"",NA
"2526","SPAL_0001772700",0,0,0,0,0,0,0,0.0428823208743935,0,0,"SPAL_contig0002173","",NA,NA,"A0A0N5CIS2","",NA,"",NA,"SVE_1306700",61.1111,"",NA
"2527","SPAL_0001772800",0.0488658045782707,0.137449060260855,0,0,0.0331679526830353,0,0.065035596990969,0.277521023738571,0.0408346516299752,0,"SPAL_contig0002177","Endo/exonuclease/phosphatase domain-containing protein",NA,NA,"A0A0N5CIS3","",NA,"",NA,"",NA,"",NA
"2528","SPAL_0001773000",0,0,0,0,0,0,0.456356196993625,0.437448027506967,0,0,"SPAL_contig0002190","G_PROTEIN_RECEP_F1_2 domain-containing protein",NA,"membrane","A0A0N5CIS5","SSTP_0000498700",45.4545,"SRAE_X000094550 | WBGene00266508",43.6364,"",NA,"",NA
"2529","SPAL_0001773300",0,0,0,0.0271608033178039,0,0,0,0,0,0,"SPAL_contig0002244","Transposase",NA,NA,"A0A0N5CIS8","",NA,"",NA,"",NA,"",NA
"2530","SPAL_0001773400",0,0,0,0,0,0,0,0,0,0,"SPAL_contig0002275","Homeobox-containing protein",NA,NA,"A0A0N5CIS9","",NA,"",NA,"",NA,"",NA
"2531","SPAL_0001773700",0,0.0556765576144382,0,0,0.0326292625665575,0,0,0,0,0,"SPAL_contig0002325","Transposase",NA,NA,"A0A0N5CIT2","SSTP_0001227100",52.5,"",NA,"SVE_1120900",81.25,"",NA
"2532","SPAL_0001773900",0,0,0,0,0,0,0,0.0256735529731916,0.331578745774709,0,"SPAL_contig0002404","DUF4176 domain-containing protein",NA,NA,"A0A0N5CIT4","",NA,"",NA,"SVE_0258700",38.0952,"",NA
"2533","SPAL_0001774000",0,0.080873238752182,0,0.0540614518764074,0.0338210265945498,0.0282486417597044,0.0648149735602033,0.0259519442288506,0.081982200465533,0,"SPAL_contig0002411","Helicase ATP-binding domain-containing protein","P-loop_NTPase, DNA2/NAM7-like",NA,"A0A0N5CIT5","",NA,"",NA,"",NA,"",NA
"2534","SPAL_0001774400",0.0483033218279636,0.13474587204943,0.198803852107865,0,0.0673444804926057,0.0280238940475023,0,0.0773494051064816,0,0.0664835021916906,"SPAL_contig0002509","Integrase_H2C2 domain-containing protein",NA,NA,"A0A0N5CIT9","",NA,"",NA,"",NA,"",NA
"2535","SPAL_0001774600",0,0,0,0.0266885908215507,0.067634988022876,0,0.0656515907850118,0,0,0,"SPAL_contig0002582","",NA,NA,"A0A0N5CIU1","",NA,"",NA,"",NA,"",NA
"2536","SPAL_0001774800",0,0.244206924129374,0.0804330214245886,0,0.0545816822248521,0.0354981719125636,0,0.199493928401061,0,0,"SPAL_contig0002656","",NA,"membrane","A0A0N5CIU3","SSTP_0000247200",60.2837,"SRAE_X000025200 | WBGene00265808",64.539,"SVE_0113600",84.3972,"",NA
"2537","SPAL_0001774900",0,0,0,0,0,0.0283644924556929,0,0,0,0,"SPAL_contig0002691","",NA,NA,"A0A0N5CIU4","",NA,"",NA,"",NA,"",NA
"2538","SPAL_0001775100",0,0.0268432220191874,0,0,0,0,0,0,0,0,"SPAL_contig0002742","CaMBD domain-containing protein",NA,NA,"A0A0N5CIU6","",NA,"",NA,"",NA,"",NA
"2539","SPAL_0001775200",0,0,0,0,0,0,0,0,0,0,"SPAL_contig0002742","P53 and DNA damage-regulated protein 1",NA,NA,"A0A0N5CIU7","",NA,"",NA,"",NA,"",NA
"2540","SPAL_0001775400",0,0,0,0.0270402254364957,0,0,0.0647870491499514,0.0519127716471252,0.341027719728572,0,"SPAL_contig0002765","MULE domain-containing protein","MULE_transposase_dom",NA,"A0A0N5CIU9","",NA,"",NA,"SVE_2014600",13.2832,"",NA
"2541","SPAL_0001775600",0.195201402283392,0.135629668208862,0.0400568135385693,0.0529519300651725,0,0,0,0.0255459816028287,0.0818403428023093,0,"SPAL_contig0002811","Rhomboid domain-containing protein","Peptidase_S54_rhomboid_dom, Rhomboid-like_sf","serine-type endopeptidase activity, membrane","A0A0N5CIV1","",NA,"SRAE_1000047200 | WBGene00257068",58.9552,"SVE_1915200",66.4179,"",NA
"2542","SPAL_0001775700",0,0.0402647610038916,0,0,0,0,0,0,0,0,"SPAL_scaffold0000118","ATS domain-containing protein",NA,NA,"A0A0N5BHF7","",NA,"",NA,"",NA,"",NA
"2543","SPAL_0001775800",0,0,0,0.0268070224067246,0,0,0.130801488972693,0.391557932789593,0.0412323156130266,0.133970797871192,"SPAL_contig0002818","",NA,NA,"A0A0N5CIV3","",NA,"",NA,"",NA,"",NA
"2544","SPAL_0001775900",0.0482055282627498,0,0.0397029333994095,0.0269229686045181,0.0337389632120325,0,0,0.0258690953478925,0,0.0663999141986566,"SPAL_contig0002852","MUTSd domain-containing protein","DNA_mismatch_repair_MutS_core, DNA_mismatch_repair_MutS_sf, MutS_con_dom_sf, MutS_family","mismatch repair, mismatched DNA binding, ATP binding, ATP-dependent DNA damage sensor activity","A0A0N5CIV4","",NA,"",NA,"",NA,"msh-6 | WBGene00003422",30.5842
"2545","SPAL_0001776100",0,0,0,0,0,0,0.0652007155880066,0.0257294559407074,0,0,"SPAL_contig0002896","DUF4806 domain-containing protein",NA,NA,"A0A0N5CIV6","",NA,"",NA,"SVE_1697500",39.8773,"",NA
"2546","SPAL_0001776200",0,0.0488519843916603,0,0,0,0,0,0,0,0,"SPAL_contig0002893","DUF2655 domain-containing protein",NA,"membrane","A0A0N5CIV7","",NA,"",NA,"",NA,"",NA
"2547","SPAL_0001776400",0,0,0,0,0,0,0,0,0,0,"SPAL_contig0002945","Ig-like domain-containing protein",NA,NA,"A0A0N5CIV9","",NA,"",NA,"SVE_1439000",34.2857,"",NA
"2548","SPAL_0001776500",0,0,0,0.0269578231420154,0.0335882241179507,0,0,0,0.332051159763754,0,"SPAL_contig0002931","Secreted protein",NA,NA,"A0A0N5CIW0","",NA,"",NA,"SVE_0371100",55.4217,"",NA
"2549","SPAL_0001776700",0,0,0,0,0,0,0,0,0,0,"SPAL_contig0002992","","Phos_transporter","phosphate ion transport, inorganic phosphate transmembrane transporter activity, membrane, transmembrane transport, symporter activity","A0A0N5CIW2","",NA,"",NA,"",NA,"",NA
"2550","SPAL_0001776800",0,0,0.0789833201474692,0,0,0,0,0,0,0,"SPAL_contig0002992","ABC transmembrane type-1 domain-containing protein",NA,NA,"A0A0N5CIW3","",NA,"",NA,"",NA,"",NA
"2551","SPAL_0001776900",0.0978311321537216,0.0272173530529826,0,0.026444965094284,0.134201062527156,0,0,0,0,0,"SPAL_contig0003013","PLAT domain-containing protein",NA,"membrane","A0A0N5CIW4","",NA,"",NA,"",NA,"",NA
"2552","SPAL_0001777000",0,0,0,0,0,0,0,0,0,0,"SPAL_contig0003081","",NA,NA,"A0A0N5CIW5","",NA,"",NA,"",NA,"",NA
"2553","SPAL_0001777200",0,0.0536341107079691,0.0395302154936061,0,0,0,0,0,0,0,"SPAL_contig0003142","",NA,NA,"A0A0N5CIW7","",NA,"",NA,"",NA,"",NA
"2554","SPAL_0001777300",0,0,0,0,0,0,0,0,0,0,"SPAL_contig0003148","",NA,NA,"A0A0N5CIW8","",NA,"",NA,"SVE_1277800",28.4553,"",NA
"2555","SPAL_0001777400",0,0,0,0,0,0,0,0,0.204499930087994,0,"SPAL_contig0003176","HTH_21 domain-containing protein",NA,NA,"A0A0N5CIW9","",NA,"",NA,"SVE_0356300",68.1818,"",NA
"2556","SPAL_0001777500",0,0,0,0,0,0,0,0,0,0,"SPAL_contig0003194","",NA,NA,"A0A0N5CIX0","",NA,"",NA,"SVE_0633400",51.1628,"",NA
"2557","SPAL_0001777700",0,0.0546831094841664,0.164403563583798,0.185052523745816,0,0,0,0.0512186623565295,0,0,"SPAL_contig0003215","",NA,NA,"A0A0N5CIX2","",NA,"",NA,"",NA,"",NA
"2558","SPAL_0001777800",0,0,0,0,0,0,0,0,0,0.066065063212793,"SPAL_contig0003263","FLYWCH-type domain-containing protein","Znf_FLYWCH","metal ion binding","A0A0N5CIX3","",NA,"",NA,"SVE_0080700",37.3134,"",NA
"2559","SPAL_0001778000",0,0.0555085340737785,0.0401304192830719,0,0,0,0.0643743105482828,0.225160604740924,0.081156441423655,0,"SPAL_contig0003265","",NA,NA,"A0A0N5CIX5","",NA,"",NA,"",NA,"",NA
"2560","SPAL_0001778200",0,0,0,0,0,0,0,0,0.204498910924657,0,"SPAL_contig0003315","SCP domain-containing protein",NA,NA,"A0A0N5CIX7","",NA,"",NA,"",NA,"",NA
"2561","SPAL_0001778500",0,0.0591288760996123,0.0412723110329132,0.0297579242874467,0.0317809359745466,0,0,0.0222314503897878,0,0,"SPAL_contig0003414","Transposase",NA,NA,"A0A0N5CIY0","",NA,"",NA,"",NA,"",NA
"2562","SPAL_0001778900",0,0,0,0.026851507893756,0,0,0.196672906934596,0.284736932449376,0,0,"SPAL_contig0003472","DUF1687-domain-containing protein",NA,NA,"A0A0N5CIY3","",NA,"",NA,"",NA,"",NA
"2563","SPAL_0001779000",0,0,0,0,0.067379516953451,0,0,0,0.205351336890601,0,"SPAL_contig0003500","PIR Superfamily Protein",NA,"membrane","A0A0N5CIY4","",NA,"",NA,"SVE_0212400",68.1159,"",NA
"2564","SPAL_0001779200",0,0,0,0,0.033146429143602,0,0,0,0.0834931520031181,0,"SPAL_contig0003519","CUB domain-containing protein",NA,NA,"A0A0N5CIY6","",NA,"",NA,"",NA,"",NA
"2565","SPAL_0001779300",0,0,0,0,0,0,0,0,0,0,"SPAL_contig0003565","",NA,NA,"A0A0N5CIY7","",NA,"",NA,"",NA,"",NA
"2566","SPAL_0001779400",0,0.0540985599105492,0,0,0.0337804867386677,0.112407985746145,0.0650775472796455,0.284455431323788,0,0,"SPAL_contig0003565","",NA,NA,"A0A0N5CIY8","SSTP_0000704200",49.7653,"",NA,"",NA,"",NA
"2567","SPAL_0001779500",0,0.0271417297270981,0,0,0,0,0.130243362453937,0.0509583028545672,0,0,"SPAL_contig0003586","C2H2-type domain-containing protein",NA,NA,"A0A0N5CIY9","",NA,"",NA,"SVE_0915100",82.6772,"",NA
"2568","SPAL_0001779600",0,0.089269444782808,0.041415760022952,0.0596501647085199,0.0964710412921142,0.061951367786606,0.0555766753100268,0.181663673809879,0,0.0682814419369991,"SPAL_contig0003635","Pyridoxamine 5'-phosphate oxidase family protein",NA,NA,"A0A0N5CIZ0","",NA,"",NA,"SVE_1498700",55.5556,"",NA
"2569","SPAL_0001779800",0,0,0,0.0269558242003353,0,0,0,0.0778911095643517,0.0412952604772831,0,"SPAL_contig0003638","Cactin_mid domain-containing protein",NA,NA,"A0A0N5CIZ2","",NA,"",NA,"",NA,"",NA
"2570","SPAL_0001779900",0,0,0,0,0,0,0,0,0,0,"SPAL_contig0003676","RNA-dependent RNA polymerase",NA,NA,"A0A0N5CIZ3","",NA,"",NA,"SVE_1916700",31.0811,"",NA
"2571","SPAL_0001780100",0,0,0.199863789120969,0.134395646321824,0.135227299528076,0,0,0.0258732086157391,0.451970103346503,0,"SPAL_contig0003704","Astacin domain-containing protein","Peptidase_M12A, MetalloPept_cat_dom_sf","metalloendopeptidase activity, metallopeptidase activity, proteolysis","A0A0N5CIZ4","",NA,"",NA,"SVE_0598400",38.0488,"",NA
"2572","SPAL_0001780300",0,0.107372760196601,0,0,0,0,0,0,0,0,"SPAL_contig0003804","MATH domain-containing protein","TRAF-like","protein binding","A0A0N5CIZ6","",NA,"",NA,"",NA,"",NA
"2573","SPAL_0001780600",0,0.0286926351911966,0,0.0562575998672181,0.0624536792699497,0.0288689651625584,0,0,0.0789261458229344,0,"SPAL_contig0003831","",NA,"membrane","A0A0N5CIZ9","",NA,"",NA,"",NA,"",NA
"2574","SPAL_0001780800",0,0.0274190144080389,0.0809194643780369,0.0533613174575348,0,0.0279011118991131,0,0.025739450916122,0,0,"SPAL_contig0003828","C2H2-type domain-containing protein",NA,NA,"A0A0N5CJ01","",NA,"",NA,"SVE_0915100",81.8898,"",NA
"2575","SPAL_0001781000",0,0.0268432826050158,0,0,0,0,0,0,0,0,"SPAL_contig0003896","","NA-bd_OB-fold",NA,"A0A0N5CJ03","",NA,"",NA,"",NA,"",NA
"2576","SPAL_0001781200",0,0.0519965162763104,0,0,0,0,0,0.0343759806929737,0,0,"SPAL_contig0003911","Ovule protein",NA,NA,"A0A0N5CJ04","",NA,"",NA,"",NA,"",NA
"2577","SPAL_0001781500",0.199379273998414,0.00333734223147973,0,0.0130861630955454,0,0,0,0,0,0.00293448286639452,"SPAL_contig0003980","G protein-coupled receptor","7TM_GPCR_serpentine_rcpt_Srj, 7TM_GPCR_serpentine_rcpt_Str","membrane","A0A0N5CJ05","SSTP_0001163500 | SSTP_0001163500",68.2432,"",NA,"SVE_1009200",91.2162,"",NA
"2578","SPAL_0001781600",0,0.0295109709513075,0.15381679737281,0.230819764282645,0.0736649620054596,0.11349905270823,0,0,0.228810820965172,0,"SPAL_contig0003964","CUB domain-containing protein",NA,NA,"A0A0N5CJ06","",NA,"",NA,"",NA,"",NA
"2579","SPAL_0001781700",0,0,0,0,0.0418687118453363,0,0,0,0.0101146143649149,0,"SPAL_contig0004045","PI3K/PI4K domain-containing protein",NA,NA,"A0A0N5CJ07","",NA,"",NA,"SVE_0687100",28.4884,"",NA
"2580","SPAL_0001781800",0,0.114546554376373,0.0891379887807573,0.0698398778489504,0.0337921353815163,0,0,0.065012977709743,0,0,"SPAL_contig0004035","Endo/exonuclease/phosphatase domain-containing protein","Endo/exonu/phosph_ase_sf",NA,"A0A0N5CJ08","",NA,"",NA,"",NA,"",NA
"2581","SPAL_0001782000",0,0,0,0,0,0,0,0,0,0,"SPAL_contig0004062","Transposase","DNA/RNA_pol_sf",NA,"A0A0N5CJ09","",NA,"",NA,"SVE_0865800",81.8182,"",NA
"2582","SPAL_0001782100",0,0,0,0,0,0,0,0,0,0,"SPAL_contig0004043","",NA,NA,"A0A0N5CJ10","",NA,"",NA,"",NA,"",NA
"2583","SPAL_0001782200",0,0.0269927225844744,0,0,0,0,0.064965791171614,0.025679812510797,0,0,"SPAL_contig0004066","Endo/exonuclease/phosphatase domain-containing protein",NA,NA,"A0A0N5CJ11","",NA,"",NA,"SVE_1122400",52.0231,"",NA
"2584","SPAL_0001782400",0.0487625631304027,0.0552548347702139,0.0402531426777987,0.0787036857324746,0,0,0,0.0753830759070538,0,0.199074734740681,"SPAL_contig0004134","",NA,NA,"A0A0N5CJ13","",NA,"",NA,"",NA,"",NA
