"","geneID","FLM-ERR225783","iL3-ERR225784","PF-ERR299168","PF-ERR299169","PF-ERR299170","FLF-ERR299171","FLF-ERR299172","FLF-ERR299173","PF-ERR299174","PF-ERR299175","PF-ERR299176","FLF-ERR299177","FLF-ERR299178","FLF-ERR299179","WBgeneID","Location","Description","InterPro","GO_term","UniProtKB","GS1_homologID","GS1_percent_homology","GS2_homologID","GS2_percent_homology","GS3_homologID","GS3_percent_homology","GS4_homologID","GS4_percent_homology"
"1","SRAE_0000000250",0,0,0.0295953361193454,0,0.0332206285492628,0,0,0.0520791935822686,0,0,0,0,0,0,"WBGene00255739","SRAE_scaffold1","7TM GPCR, serpentine receptor class r (Str) family-containing protein","7TM_GPCR_serpentine_rcpt_Str","membrane","A0A090KTM4","SSTP_0000166700 | SSTP_0000166700",63.3431,"SPAL_0000619700",43.9883,"SVE_1102400",22.5806,"",NA
"2","SRAE_0000008800",0,0.175350007081591,0,0,0,0,0,0,0,0,0,0,0.0280901265837139,0,"WBGene00255825","SRAE_scaffold1","GPCR, rhodopsin-like, 7TM domain-containing protein","GPCR_Rhodpsn_7TM","membrane","A0A090KU60","SSTP_0000379900",42.0382,"",NA,"SVE_1077100",39.4904,"",NA
"3","SRAE_0000009200",0,0.35458267766749,0,0,0,0.136286179210975,0.0285927022870475,0,0,0,0.0331443128370883,0.091098780485948,0,0,"WBGene00255829","SRAE_scaffold1","GPCR, rhodopsin-like, 7TM domain and 7TM GPCR,olfactory receptor/chemoreceptor Srsx family-containing protein","GPCR_Rhodpsn_7TM, 7TM_GPCR_Srsx","membrane","A0A090KTW0","SSTP_0000379500",67.2269,"SPAL_0000399433",52.6611,"SVE_1077400",24.6499,"",NA
"4","SRAE_0000009300",0,0,0,0,0.0333351604667827,0.0456014250230431,0,0,0.0298480459563273,0,0,0,0,0,"WBGene00255830","SRAE_scaffold1","Serpentine receptor class gamma","7TM_GPCR_serpentine_rcpt_Srg","membrane, sensory perception of chemical stimulus, transmembrane signaling receptor activity","A0A090KU65","SSTP_0000379400 | SSTP_0000379400",78.6957,"SPAL_0000399466",69.1304,"",NA,"",NA
"5","SRAE_0000012700",0,0,0.0585625529660963,0.105348210924801,0.0685291568630247,0,0.056730140509549,0.0519796678448994,0.118578144730804,0,0,0.0429858250233286,0.0542394193667287,0.0566705066296344,"WBGene00255864","SRAE_scaffold1","Serpin domain-containing protein","Serpin_fam, Serpin_dom, Serpin_sf, Serpin_sf_1","serine-type endopeptidase inhibitor activity, negative regulation of peptidase activity, peptidase inhibitor activity, extracellular space","A0A090KTZ6","",NA,"",NA,"",NA,"",NA
"6","SRAE_0000016250",0.518376271114547,0,0,0,0,0,0,0,0,0,0,0,0,0,"WBGene00255901","SRAE_scaffold1","Serpentine receptor class gamma","7TM_GPCR_serpentine_rcpt_Srg","membrane, sensory perception of chemical stimulus, transmembrane signaling receptor activity","A0A090KYS0","SSTP_0000732800",71.0801,"SPAL_0001177825",45.993,"SVE_0755400",57.4913,"",NA
"7","SRAE_0000022000",0,0,0,0,0,0,0,0,0,0,0,0,0,0,"WBGene00255960","SRAE_scaffold1","NADH dehydrogenase subunit 4L",NA,"membrane","A0A090KUA9","",NA,"",NA,"",NA,"",NA
"8","SRAE_0000024200",0,0,0.0592189009816618,0.0502614596737846,0.0998148543452776,0.0917145854249963,0.0287598357059211,0,0,0.0503847646300321,0.033390256396526,0.0459822681185029,0.0288528984102123,0.156597114274102,"WBGene00255982","SRAE_scaffold1","7TM GPCR, serpentine receptor class v (Srv) family-containing protein","7TM_GPCR_serpentine_rcpt_Srv","membrane","A0A090KZ02","SSTP_0000211050 | SSTP_0000211050",40.6193,"SPAL_0000997200",35.5191,"SVE_0587600",34.4262,"",NA
"9","SRAE_0000025300",0.444046522053538,0,0.0304339617549741,0.0519780194468726,0.0338563873393685,0.0438770813564392,0.0882719332636507,0,0,0,0.0342868672205805,0.170299785461465,0,0.0564061888581319,"WBGene00255993","SRAE_scaffold1","",NA,NA,"A0A090MS94","SSTP_0001042950",69.1057,"SPAL_0001739750",57.7236,"SVE_1618900",61.7886,"",NA
"10","SRAE_0000028000",0,0,0.0891137174649311,0,0.0663683968342422,0.0451504359462872,0.0289524399022276,0,0.0595872332054906,0.0504676969950846,0.0332880927574447,0,0.0289749341615168,0,"WBGene00256022","SRAE_scaffold1","",NA,"membrane","A0A090KZ51","SSTP_0000209700",61.4583,"",NA,"SVE_1996000",32.8125,"",NA
"11","SRAE_0000028700",0,0,0,0.0533345112268401,0,0,0,0,0.0296988027117725,0,0.0338842157900913,0,0.0267598100699371,0,"WBGene00256029","SRAE_scaffold2","",NA,NA,"A0A090L108","",NA,"",NA,"",NA,"",NA
"12","SRAE_0000044500",0,0,0.0897696514877492,0,0.0666092182395381,0.134554583287597,0.029242654056194,0,0,0.203100408125726,0.100113793275901,0.0449584955315213,0.0292037361509417,0,"WBGene00256189","SRAE_scaffold3","Helitron helicase-like domain-containing protein","Helitron_helicase-like","helicase activity","A0A090L1H6","",NA,"",NA,"",NA,"",NA
"13","SRAE_0000045300",0,0,0.0593997324216597,0.10030998492242,0.0331262247721047,0,0.0579482713258664,0,0.208564126792675,0.0504278494795798,0.0664340794657001,0.0900309435958631,0.0869124075515131,0.0527311291734889,"WBGene00256197","SRAE_scaffold3","Transposase",NA,NA,"A0A090KZP3","",NA,"",NA,"",NA,"",NA
"14","SRAE_0000045400",0,0,0.0592155278903651,0.0502532362390909,0.0332639344700202,0.0458289556568526,0.0287614567963671,0.0520784379401218,0.0296773704527183,0,0.0333821925900664,0.183813979050906,0.115408835899191,0.0522052807564923,"WBGene00256198","SRAE_scaffold3","GPCR, rhodopsin-like, 7TM domain and 7TM GPCR,serpentine receptor class v (Srv) family-containing protein","GPCR_Rhodpsn_7TM, 7TM_GPCR_serpentine_rcpt_Srv","membrane","A0A090MSQ8","SSTP_0000322400",41.6667,"SPAL_0001254400",10.7724,"SVE_0328000",28.4553,"",NA
"15","SRAE_0000046200",0,0,0,0,0,0,0,0,0.0296474803872635,0,0,0,0,0,"WBGene00256206","SRAE_scaffold3","Zinc finger, CCHC-type domain-containing protein","Znf_CCHC, Znf_CCHC_sf","cytoplasm, nucleic acid binding, zinc ion binding, enzyme binding","A0A090KV93","",NA,"SPAL_0000659100",20.9184,"SVE_0610900",19.898,"",NA
"16","SRAE_0000048000",0.269928890633718,0,0,0,0,0,0.0324567134613471,0,0,0,0,0.0483266635873136,0.0323593024397777,0.0602294259450821,"WBGene00256224","SRAE_scaffold3","DNA helicase family and P-loop containing nucleoside triphosphate hydrolase domain-containing protein","P-loop_NTPase","hydrolase activity, helicase activity","A0A090L1K2","SSTP_0001237600",46.3768,"",NA,"SVE_0734800",36.9565,"",NA
"17","SRAE_0000048400",0,0,0.0887791699007104,0,0.0663102272369903,0,0,0.104232070615749,0.0593504724136958,0,0.0997968215254869,0,0,0.0523300214245081,"WBGene00256228","SRAE_scaffold3","",NA,NA,"A0A090MSS6","SSTP_0000001100",5.43933,"",NA,"",NA,"",NA
"18","SRAE_0000048500",0,0,0.0295688608520387,0,0,0,0.028754133160615,0,0.088948005385221,0,0.0332886146794837,0,0.028824998300514,0.0522189688797133,"WBGene00256229","SRAE_scaffold3","RT_RNaseH domain-containing protein","RT_RNaseH, DNA/RNA_pol_sf",NA,"A0A090L1K6","SSTP_0000000900",4.72973,"SPAL_0000544500",7.09459,"SVE_0761500",7.77027,"",NA
"19","SRAE_0000048800",0,0,0.0580219447556637,0,0.0333101590892386,0.0449026114945823,0.0274710495140801,0,0.0872163418124971,0.0574697321322992,0.0327181787664529,0,0,0,"WBGene00256232","SRAE_scaffold3","DNA-binding protein",NA,NA,"A0A090KZR4","",NA,"",NA,"",NA,"",NA
"20","SRAE_0000049000",0.329560131586684,0,0.0601450398615445,0,0.0337499172738381,0.0927287347832031,0.146204405539822,0,0.0301544298258414,0,0.0677266591139709,0,0,0,"WBGene00256234","SRAE_scaffold3","",NA,NA,"A0A090L1K9","",NA,"",NA,"",NA,"",NA
"21","SRAE_0000049100",0,0.136684569766717,0,0,0,0,0.0361654250009614,0,0,0,0,0,0,0,"WBGene00256235","SRAE_scaffold3","MAGE domain-containing protein",NA,NA,"A0A090KV18","",NA,"SPAL_0000980680",0,"SVE_0667100",14.4444,"",NA
"22","SRAE_0000049200",0,0,0,0,0.0664025746557015,0,0,0,0,0.0504733239027002,0,0,0,0,"WBGene00256236","SRAE_scaffold3","",NA,NA,"A0A090KVB8","",NA,"",NA,"SVE_1674300",36.3636,"",NA
"23","SRAE_0000049400",0,0,0.0593119704867749,0.0502836795320639,0.0665375551194867,0.0456571895465094,0.0576865742384679,0,0.0297381344854993,0.0504479952745266,0.0372098010896702,0.0457808903555141,0.0578228224200679,0,"WBGene00256238","SRAE_scaffold3","Transposase, ISXO2-like domain-containing protein",NA,NA,"A0A090MST4","",NA,"",NA,"",NA,"",NA
"24","SRAE_0000049500",0,0,0,0,0,0,0,0,0,0.0503536102712419,0,0,0,0,"WBGene00256239","SRAE_scaffold3","CCR4-NOT transcription complex subunit 11",NA,NA,"A0A090L1L2","",NA,"SPAL_0001707400",62.1795,"SVE_1310700",62.1795,"",NA
"25","SRAE_0000049600",0,0,0,0,0,0,0.028441599942799,0,0,0.050440245050575,0.0336653553425306,0,0,0,"WBGene00256240","SRAE_scaffold3","Zinc finger, CCHC-type domain-containing protein","Znf_CCHC, Znf_CCHC_sf","cytoplasm, nucleic acid binding, zinc ion binding, enzyme binding","A0A090KV23","",NA,"",NA,"",NA,"",NA
"26","SRAE_0000049700",0,0,0,0,0.0332481883317489,0,0,0,0,0,0.0333660276367529,0,0,0.0522005034211284,"WBGene00256241","SRAE_scaffold3","Ribonuclease H-like domain-containing protein","RNaseH-like_sf, RNaseH_sf, Rev_trsase/Diguanyl_cyclase, DNA/RNA_pol_sf","nucleic acid binding, DNA biosynthetic process, DNA-directed DNA polymerase activity, DNA polymerase complex","A0A090KVC3","SSTP_0001269800",13.7079,"",NA,"SVE_1310600",26.9663,"",NA
"27","SRAE_0000050000",0,0,0.0592360090208607,0,0.0331966119099614,0,0.115262795096522,0.260775587051379,0.0296995682933839,0,0.0333114120965891,0.0456167863915534,0.115503865647406,0.261771742382044,"WBGene00256244","SRAE_scaffold3","Retrovirus-related Pol polyprotein from transposon TNT 1-94",NA,NA,"A0A090L1L6","SSTP_0001271800",47.619,"SPAL_0001665500",48.4127,"SVE_1183100",25.3968,"",NA
"28","SRAE_0000050100",0,0,0.0590092931167851,0.0515382672081948,0.102709061518766,0.0849581998703502,0.0284041745351794,0,0.0582336476831827,0.267434585486798,0,0,0,0,"WBGene00256245","SRAE_scaffold3","",NA,NA,"A0A090KV26","",NA,"",NA,"",NA,"",NA
"29","SRAE_0000050200",0,0,0,0,0,0,0,0,0,0.0525672336380051,0.0320035982355257,0,0,0,"WBGene00256246","SRAE_scaffold3","",NA,NA,"A0A090KVC7","",NA,"",NA,"",NA,"",NA
"30","SRAE_0000050300",0,0,0.0292941305113282,0,0.0326378867448966,0,0.0287766070938671,0,0.0296736823065363,0,0.0658650557661779,0,0.0578900090342244,0.10808646410782,"WBGene00256247","SRAE_scaffold3","Nudc_N domain-containing protein",NA,NA,"A0A090KZS4","",NA,"SPAL_0001319300",13.9535,"SVE_0324800",69.7674,"",NA
"31","SRAE_0000050400",0,0,0.177601817433896,0.0502518678097349,0.0332674676245261,0.0458706314517888,0.0287475436405908,0.0520562736111163,0.148340975205568,0.100741948628069,0.100159794650326,0.0459964587484578,0.0288428943859188,0.0521727984303312,"WBGene00256248","SRAE_scaffold3","C2H2-type domain-containing protein",NA,NA,"A0A090MSU0","SSTP_0000644600",45.2681,"",NA,"SVE_0614200",39.1167,"",NA
"32","SRAE_0000050900",0,0.349466477322632,0.0886028883003868,0,0.0663713503140565,0.0571939717308097,0,0.103891804452257,0.0888095284072242,0.0502562818963712,0,0.0917178339620423,0.030917057274895,0.0520688985699243,"WBGene00256254","SRAE_scaffold3","Radical SAM protein",NA,NA,"A0A090L1M3","",NA,"",NA,"SVE_0292400",4.3152,"",NA
"33","SRAE_0000051000",0.0985679458805449,0.29654235653619,0,0,0,0,0,0,0,0,0,0,0,0.0514305151857122,"WBGene00256255","SRAE_scaffold3","t-SNARE coiled-coil homology domain-containing protein",NA,"membrane","A0A090KV37","",NA,"",NA,"SVE_0096800",27.8195,"",NA
"34","SRAE_0000051200",0,0,0.0285951316498568,0.160014365113726,0.0340820113724692,0.0901329695311893,0,0,0.0588701718862667,0.0569738967226372,0.0982324799725218,0.0901062808586445,0.0262710848344127,0,"WBGene00256257","SRAE_scaffold3","Transposase",NA,NA,"A0A090KZT3","",NA,"SPAL_0000212500",53.2468,"SVE_1494800",3.8961,"",NA
"35","SRAE_0000051300",0,0,0,0,0,0.0459088687693915,0.0278800430070908,0.0540753137051116,0.0300343619458584,0,0,0,0.0271539878991398,0.0542439197221111,"WBGene00256258","SRAE_scaffold3","",NA,NA,"A0A090MSU7","",NA,"",NA,"",NA,"",NA
"36","SRAE_0000051450",0,0,0,0,0,0,0,0.050846767091184,0,0,0,0,0,0.106569764687605,"WBGene00256260","SRAE_scaffold3","",NA,NA,"A0A090KV41","",NA,"",NA,"",NA,"",NA
"37","SRAE_0000051500",0,0,0.029487529451229,0,0,0,0.028809335502633,0,0,0,0,0,0,0,"WBGene00256261","SRAE_scaffold3","Reverse transcriptase domain-containing protein","RT_dom, Rev_trsase/Diguanyl_cyclase, DNA/RNA_pol_sf","RNA-templated DNA biosynthetic process, RNA-directed DNA polymerase activity","A0A090KVD9","",NA,"",NA,"",NA,"",NA
"38","SRAE_0000051600",0,0,0,0,0.0344854267104748,0.0427680148079576,0,0.0540091841424147,0,0,0,0,0,0,"WBGene00256262","SRAE_scaffold3","",NA,"membrane","A0A090KZT8","",NA,"",NA,"",NA,"",NA
"39","SRAE_0000051700",0,0,0.0597096804462419,0,0.0667362554713661,0.129655320913162,0.0291173269137113,0,0.0301813756256542,0.0511980441547764,0.0670127451981784,0,0,0,"WBGene00256263","SRAE_scaffold3","Ribonuclease H domain and Ribonuclease H-like domain-containing protein","RNaseH_domain, RNaseH-like_sf, RNaseH_sf","nucleic acid binding, RNA phosphodiester bond hydrolysis, endonucleolytic, RNA-DNA hybrid ribonuclease activity","A0A090MSV4","",NA,"",NA,"SVE_1849900",47.2,"",NA
"40","SRAE_0000051800",0,0,0,0,0.0337811695702226,0,0,0,0.0292089358893203,0,0,0,0,0,"WBGene00256264","SRAE_scaffold3","Integrase, catalytic core domain and Ribonuclease H-like domain-containing protein","Integrase_cat-core, RNaseH-like_sf, RNaseH_sf","nucleic acid binding, DNA integration","A0A090L1N0","",NA,"",NA,"",NA,"",NA
"41","SRAE_0000051900",0,0,0.0896834461083748,0.0506887794784459,0.0333274157901012,0.0874506200308943,0,0,0.121115349921837,0,0.0335892360891454,0.0432182219423807,0.0587573714245275,0.0548970308056885,"WBGene00256265","SRAE_scaffold3","Transposon Ty3-I Gag-Pol polyprotein",NA,NA,"A0A090KV46","",NA,"",NA,"",NA,"",NA
"42","SRAE_0000052300",0.417926380236131,0.212974884451198,0,0.0512656091397612,0.0338580503040331,0.0458714240236692,0.0296305128735727,0,0.0609277864425576,0,0.0678961521310932,0,0,0,"WBGene00256269","SRAE_scaffold3","Ppx-GppA domain-containing protein",NA,NA,"A0A090L1N3","",NA,"",NA,"SVE_1918600",31.0734,"",NA
"43","SRAE_0000052500",0,0,0.088851504401684,0,0.0998013845395547,0.045810049313889,0.0287748154497028,0,0.0296881439485272,0,0.0333849732145834,0.137800643058898,0.0865883191995236,0.0522342177653617,"WBGene00256271","SRAE_scaffold3","Reverse transcriptase domain-containing protein",NA,NA,"A0A090KVE8","",NA,"SPAL_0000564700",45.9954,"SVE_0140500",3.20366,"",NA
"44","SRAE_0000052700",0,0.185567667910473,0,0,0,0,0,0,0.0343361367447832,0,0,0,0.0333826504946518,0,"WBGene00256273","SRAE_scaffold3","",NA,NA,"A0A090MSW3","",NA,"",NA,"SVE_1918600",33.1707,"",NA
"45","SRAE_0000053000",0,0,0.0295844750948483,0,0,0,0,0,0,0,0,0,0,0,"WBGene00256276","SRAE_scaffold3","",NA,NA,"A0A090KVF3","",NA,"",NA,"",NA,"",NA
"46","SRAE_0000053100",0,0,0.059168858162892,0,0,0,0,0,0,0,0,0,0,0,"WBGene00256277","SRAE_scaffold3","",NA,NA,"A0A090KZV0","",NA,"",NA,"",NA,"",NA
"47","SRAE_0000053200",0,0,0.0276454371718806,0.0507575799827799,0,0.176701061036727,0,0.0513296074295515,0,0.0578408764637847,0,0.0465571054302465,0,0.0505221471581291,"WBGene00256278","SRAE_scaffold3","HTH_48 domain-containing protein","Mos1_HTH",NA,"A0A090MSW7","",NA,"",NA,"",NA,"",NA
"48","SRAE_0000053300",0,0,0,0,0.0332497064274022,0,0,0,0.0297588669945248,0,0,0.136963837325212,0,0.157416120730696,"WBGene00256279","SRAE_scaffold3","Rho_N domain-containing protein",NA,NA,"A0A090L1N9","",NA,"",NA,"",NA,"",NA
"49","SRAE_0000053400",0,0,0,0,0.0686560943195612,0.132839352593043,0.0271228573293424,0.261681353397947,0,0.0588649460821953,0.130510208307628,0.0945143876613666,0.0791988689800797,0.0521090009166233,"WBGene00256280","SRAE_scaffold3","",NA,NA,"A0A090KV63","",NA,"",NA,"",NA,"",NA
"50","SRAE_0000053900",0,0,0.029413121355191,0,0.0354890852129608,0,0,0.106241409813976,0,0,0.0330690996053583,0,0.0269271115595002,0,"WBGene00256285","SRAE_scaffold3","",NA,NA,"A0A090KV69","",NA,"",NA,"",NA,"",NA
"51","SRAE_0000054000",0,0,0.059924270115061,0,0,0,0,0.0513503836768746,0,0,0,0,0,0,"WBGene00256286","SRAE_scaffold3","Replication protein",NA,NA,"A0A090KVG3","",NA,"SPAL_0001730400",10.7143,"SVE_0612300",8.33333,"",NA
"52","SRAE_0000054300",0,0,0.0298752313009392,0,0,0,0,0,0,0,0,0.0442898096285967,0,0.0537282394456473,"WBGene00256289","SRAE_scaffold3","Integrase_H2C2 domain-containing protein","RNaseH_sf, Integrase_H2C2","nucleic acid binding","A0A090L1P8","SSTP_0000000800",39.5973,"",NA,"SVE_1667700",26.8456,"",NA
"53","SRAE_0000054400",0.370336453834762,0.306118192566499,0.0283676632766437,0,0.0635473175982766,0,0.0277733552327285,0,0,0,0,0,0.0561294982344706,0.0523954733798562,"WBGene00256290","SRAE_scaffold3","Transposase, ISXO2-like domain-containing protein",NA,NA,"A0A090KV74","SSTP_0000351000",64.8438,"SPAL_0000775900",56.25,"SVE_1050500",53.9062,"",NA
"54","SRAE_0000054500",0.0352738985635828,0.185159426501237,0.0298760192165788,0,0.0669974429823719,0,0.0290618467900265,0,0.0299580488023228,0.101637463539372,0,0,0,0,"WBGene00256291","SRAE_scaffold3","",NA,NA,"A0A090KVG8","",NA,"",NA,"",NA,"",NA
"55","SRAE_0000054600",0,0,0.0295851085020809,0,0.0661333085150426,0,0.0577085169168363,0,0,0.0507354814192017,0.0332036501098909,0,0,0,"WBGene00256292","SRAE_scaffold3","Ribosome biogenesis regulatory protein",NA,NA,"A0A090KZW2","",NA,"",NA,"",NA,"",NA
"56","SRAE_0000054800",0,0,0,0,0,0,0,0.0520047737173767,0,0,0,0,0,0,"WBGene00256294","SRAE_scaffold3","Ovule protein",NA,NA,"A0A090L1Q2","",NA,"",NA,"",NA,"",NA
"57","SRAE_0000054900",0,0.258174262804028,0.0261435935775393,0,0,0,0,0,0,0.0443336202758008,0.0292427704708171,0,0,0,"WBGene00256295","SRAE_scaffold3","RNase H domain-containing protein",NA,NA,"A0A090KV78","",NA,"",NA,"",NA,"",NA
"58","SRAE_0000055200",0,0,0.05922000192234,0,0.033179515305347,0,0.086432806005095,0.208587609247478,0.0296926474069575,0,0,0.182273573233147,0.115472208509833,0.209413067365481,"WBGene00256298","SRAE_scaffold3","Reverse transcriptase domain-containing protein",NA,NA,"A0A090MSY7","",NA,"",NA,"",NA,"",NA
"59","SRAE_0000055400",0,0,0.0297236157247679,0.050305661575654,0.0332565054138663,0,0.0289450259709703,0,0,0,0,0.0455216083235992,0,0,"WBGene00256300","SRAE_scaffold3","Integrase, catalytic core domain and Ribonuclease H-like domain-containing protein","Integrase_cat-core, RNaseH-like_sf, RNaseH_sf","nucleic acid binding, DNA integration","A0A090KV83","",NA,"",NA,"",NA,"",NA
"60","SRAE_0000058200",0,0,0.0291479081652421,0,0,0.0438882216896817,0.0282358320656777,0,0,0,0,0,0,0.056412387754838,"WBGene00256328","SRAE_scaffold4","Integrase catalytic domain-containing protein",NA,NA,"A0A090MT14","",NA,"",NA,"SVE_0114400",42.5287,"",NA
"61","SRAE_0000058400",0,0.239395868014739,0.0964553611382108,0,0.0377470664718442,0,0,0,0.0320005230041313,0,0.0370210876079686,0,0,0,"WBGene00256330","SRAE_scaffold4","DDE_Tnp_IS1595 domain-containing protein",NA,NA,"A0A090KVB6","",NA,"SPAL_0000761700",36.2637,"",NA,"",NA
"62","SRAE_0000058700",0.137944573101177,0,0.0347752820020707,0,0,0.0526683245851988,0,0,0.106919162257639,0,0.0389043858785821,0,0,0,"WBGene00256333","SRAE_scaffold4","Kinesin, motor domain and P-loop containing nucleoside triphosphate hydrolase domain-containing protein","Kinesin_motor_dom, P-loop_NTPase, Kinesin_motor_dom_sf","nucleotide binding, ATP binding, hydrolase activity, microtubule-based movement, microtubule binding, microtubule motor activity","A0A090MT19","",NA,"",NA,"",NA,"",NA
"63","SRAE_0000058800",0,0,0.0296609604769462,0.0499673265698612,0.0329694075471538,0,0.0289910809945498,0,0,0.100605292583097,0,0,0.0289380281796723,0,"WBGene00256334","SRAE_scaffold4","PINc domain-containing protein","Rev_trsase/Diguanyl_cyclase, DNA/RNA_pol_sf",NA,"A0A090L1U4","SSTP_0001071400",29.0123,"SPAL_0000409800",0,"",NA,"",NA
"64","SRAE_0000058900",0,0,0,0.0500096723459168,0,0,0,0,0.0297175698083248,0,0,0,0.0288942195418515,0,"WBGene00256335","SRAE_scaffold4","",NA,NA,"A0A090KVC1","",NA,"SPAL_0000964200",41.2429,"SVE_1469800",38.4181,"",NA
"65","SRAE_0000059300",0,0,0.0895624794618192,0.101603021370561,0,0,0,0,0.0604817808929507,0.204704347379327,0,0.0426746936041001,0.029498329080348,0,"WBGene00256339","SRAE_scaffold5","Integrase, catalytic core domain and Ribonuclease H-like domain-containing protein","Integrase_cat-core, RNaseH-like_sf, RNaseH_sf","nucleic acid binding, DNA integration","A0A090L1V0","",NA,"SPAL_0000675300",4.65116,"SVE_0896000",18.6047,"",NA
"66","SRAE_0000059500",0,0,0,0,0,0,0,0,0,0,0,0,0.02882171147122,0,"WBGene00256341","SRAE_scaffold5","DUF3453 domain-containing protein",NA,NA,"A0A090KVM1","",NA,"",NA,"SVE_1542100",74.7573,"",NA
"67","SRAE_0000059600",0,0,0.0296485198250509,0.0499532534652954,0,0,0,0,0,0,0,0,0.0289327544381573,0,"WBGene00256342","SRAE_scaffold5","Dynein_attach_N domain-containing protein",NA,NA,"A0A090L011","",NA,"",NA,"",NA,"",NA
"68","SRAE_0000059700",0,0,0,0,0,0,0,0,0,0,0.0334017887965016,0,0,0,"WBGene00256343","SRAE_scaffold5","Ovule protein",NA,NA,"A0A090MT29","",NA,"",NA,"",NA,"",NA
"69","SRAE_0000059900",0,0,0.02950055462944,0,0,0,0.0287267486305499,0,0,0,0,0,0,0.0522211770999329,"WBGene00256345","SRAE_scaffold5","Retrotransposon-like protein 1","RT_dom, RT_RNaseH, Rev_trsase/Diguanyl_cyclase, DNA/RNA_pol_sf",NA,"A0A090KVC8","SSTP_0000666400",28.3019,"SPAL_0000137600",29.717,"SVE_0648100",33.0189,"",NA
"70","SRAE_0000060000",0,0,0,0,0.0332436626887212,0,0,0.0522205952238918,0,0,0,0.045692800629088,0,0.104833492219723,"WBGene00256346","SRAE_scaffold5","Retrotransposon-like protein 1","Aspartic_peptidase_AS, Peptidase_aspartic_dom_sf, LDOC1-rel, Rev_trsase/Diguanyl_cyclase, DNA/RNA_pol_sf","proteolysis, aspartic-type endopeptidase activity","A0A090KVM6","SSTP_0000289200",12.8906,"",NA,"SVE_1124000",18.3594,"",NA
"71","SRAE_0000060100",0,0,0.0296831358429309,0,0.0664941035012305,0.0454930905976877,0.0577757934386578,0.0522803286172371,0.059530203647905,0,0,0.182474821937728,0.0578800416903879,0,"WBGene00256347","SRAE_scaffold5","Tnp_zf-ribbon_2 domain-containing protein","PGBD4_C_Znf-ribbon",NA,"A0A090L016","",NA,"SPAL_0000425900",29.6137,"SVE_1431800",24.0343,"",NA
"72","SRAE_0000060200",0.0344883948864696,0,0,0,0,0.0466275478094981,0.0592535964451856,0.0536158532635998,0,0,0,0.0935122388498244,0.0296767965000137,0.161527021368814,"WBGene00256348","SRAE_scaffold5","PiggyBac transposable element-derived protein 4","PGBD",NA,"A0A090MT34","SSTP_0000492700",45.8515,"SPAL_0001653684",25.3275,"",NA,"",NA
"73","SRAE_0000060300",0,0,0.0594122520641333,0.0502413631141575,0,0.0452137076170152,0.0289430188491948,0.157119776986341,0,0,0,0.045326854539333,0.0289712524176662,0.052638465732843,"WBGene00256349","SRAE_scaffold5","PiggyBac transposable element-derived protein 4","PGBD",NA,"A0A090L1W0","SSTP_0000492800",79.1878,"SPAL_0001653700",32.4873,"",NA,"",NA
"74","SRAE_0000060400",0,0,0,0,0,0,0,0.0520047205653613,0,0,0,0,0,0,"WBGene00256350","SRAE_scaffold5","Reverse transcriptase domain-containing protein",NA,NA,"A0A090KVD4","",NA,"",NA,"",NA,"",NA
"75","SRAE_0000060500",0,0,0,0.0505604034574146,0,0.135768548874387,0,0,0.0300395527101654,0,0,0.0453636452728832,0.0292086177941065,0,"WBGene00256351","SRAE_scaffold5","Zinc finger BED domain-containing protein 5",NA,NA,"A0A090KVN2","",NA,"SPAL_0000004700",2.24719,"",NA,"",NA
"76","SRAE_0000060600",0,0,0.0295742724617298,0.100400405350477,0,0,0.0574536166111934,0.104033404372332,0,0,0,0,0.0288189986117264,0.0521400300624717,"WBGene00256352","SRAE_scaffold5","Zinc finger, CCHC-type domain and Ribonuclease H-like domain-containing protein","Znf_CCHC, RNaseH-like_sf, Znf_CCHC_sf","cytoplasm, nucleic acid binding, zinc ion binding, enzyme binding","A0A090L020","",NA,"",NA,"SVE_2021700",8.31758,"",NA
"77","SRAE_0000060700",0,0,0.0293975408857547,0,0.033492146795809,0,0,0,0,0,0,0,0,0,"WBGene00256353","SRAE_scaffold5","Reverse transcriptase, RNA-dependent DNA polymerase domain-containing protein","RVT_2","RNA-templated DNA biosynthetic process, RNA-directed DNA polymerase activity","A0A090MT38","",NA,"",NA,"SVE_0741100",88.6792,"",NA
"78","SRAE_0000060800",0,0,0.0293829516158105,0,0.0338967261184287,0,0,0,0.0288547201090154,0.0530371929954631,0.0334920027017068,0,0.0277495209141372,0,"WBGene00256354","SRAE_scaffold5","Reverse transcriptase, RNA-dependent DNA polymerase domain-containing protein",NA,"RNA-templated DNA biosynthetic process, RNA-directed DNA polymerase activity","A0A090L1W5","",NA,"",NA,"SVE_1565700",79.5918,"",NA
"79","SRAE_0000060900",0.641991233741267,0,0,0,0,0,0,0.0560163973459122,0,0.0529219672705561,0,0.044078547611841,0.0613914730767522,0.0570303690050014,"WBGene00256355","SRAE_scaffold5","DDE_Tnp_IS240 domain-containing protein",NA,NA,"A0A090KVD8","",NA,"",NA,"SVE_0741200",66.1417,"",NA
"80","SRAE_0000060950",0.375219353554447,0,0.0928943252743533,0,0.138003546010004,0,0,0.0561421694388884,0.0314945073292339,0.0532283485412625,0.0349218152272563,0,0.0610258085617577,0.0569473364137009,"WBGene00256356","SRAE_scaffold5","BESS domain-containing protein",NA,NA,"A0A090KVN7","",NA,"",NA,"",NA,"",NA
"81","SRAE_0000061000",0,0,0,0,0,0,0,0,0.0296475391886591,0,0,0,0,0,"WBGene00256357","SRAE_scaffold5","Integrase catalytic domain-containing protein","RNaseH_sf","nucleic acid binding","A0A090L024","",NA,"SPAL_0000966200",29.7101,"SVE_0839500",15.2174,"",NA
"82","SRAE_0000061100",0,0,0,0,0,0,0,0,0,0,0,0,0,0,"WBGene00256358","SRAE_scaffold5","Integrase_H2C2 domain-containing protein","Integrase_H2C2",NA,"A0A090MT42","SSTP_0000701500",22.9008,"",NA,"",NA,"",NA
"83","SRAE_0000061200",0,0,0.0286392104816925,0.106014948970437,0,0,0,0,0,0.0560267926302391,0.0325759772587075,0,0.026129525341385,0,"WBGene00256359","SRAE_scaffold5","RT_RNaseH_2 domain-containing protein","RT_RNaseH_2, DNA/RNA_pol_sf",NA,"A0A090L1X1","",NA,"",NA,"",NA,"",NA
"84","SRAE_0000061300",0,0,0.0592169125341639,0.100526629089978,0,0.0458722901476035,0.0287568523184816,0,0,0,0,0,0,0,"WBGene00256360","SRAE_scaffold5","Reverse transcriptase domain-containing protein","RT_dom, Rev_trsase/Diguanyl_cyclase, DNA/RNA_pol_sf","RNA-templated DNA biosynthetic process, RNA-directed DNA polymerase activity","A0A090KVE2","",NA,"SPAL_0000043700",6.87919,"SVE_1665500",10.0671,"",NA
"85","SRAE_0000061400",0,0,0.0296443512343343,0,0.0331217565861956,0,0,0,0.0297294367866004,0,0,0,0,0,"WBGene00256361","SRAE_scaffold5","Mediator of RNA polymerase II transcription subunit 7",NA,NA,"A0A090KVP2","",NA,"",NA,"",NA,"",NA
"86","SRAE_0000061500",0,0,0,0,0,0,0,0,0,0,0,0,0,0,"WBGene00256362","SRAE_scaffold5","Aspartic peptidase domain-containing protein","Peptidase_aspartic_dom_sf",NA,"A0A090L029","",NA,"",NA,"",NA,"",NA
"87","SRAE_0000061600",0.038061621499788,0,0,0,0.0335910552406363,0.0462688868483388,0.0290491021516181,0,0.119891217711115,0,0.0674204282598648,0,0,0,"WBGene00256363","SRAE_scaffold5","Reverse transcriptase domain-containing protein","Rev_trsase/Diguanyl_cyclase, DNA/RNA_pol_sf",NA,"A0A090MT47","",NA,"SPAL_0001529900",77.2043,"SVE_0715900",72.6882,"",NA
"88","SRAE_0000061700",0,0,0,0,0,0,0,0,0.0310350882046984,0,0,0,0.0275413166143703,0,"WBGene00256364","SRAE_scaffold5","Secreted protein",NA,NA,"A0A090L1X7","",NA,"SPAL_0001529900",80.4878,"SVE_0715900",62.1951,"",NA
"89","SRAE_0000061800",0,0,0,0.0537487501331317,0.0344137267539512,0,0,0,0,0,0.0327761850832583,0,0.0266049418897804,0,"WBGene00256365","SRAE_scaffold5","",NA,NA,"A0A090KVE9","",NA,"",NA,"",NA,"",NA
"90","SRAE_0000061900",0,0,0,0,0,0.0885852692902369,0,0,0,0.0522880395623318,0,0,0,0,"WBGene00256366","SRAE_scaffold5","RNase H domain-containing protein",NA,NA,"A0A090KVP8","SSTP_0000487800",46.1538,"SPAL_0000535600",42.3077,"SVE_0647000",41.5385,"",NA
"91","SRAE_0000062100",0,0.175563065792003,0.0294391897969441,0.0999190771973827,0,0,0.0286023742742883,0.0517884622355437,0,0,0,0,0.057379032507318,0.0519217737775558,"WBGene00256368","SRAE_scaffold5","Zinc finger, CCHC-type domain and Aspartic peptidase domain-containing protein","Znf_CCHC, Peptidase_aspartic_dom_sf, Znf_CCHC_sf","cytoplasm, nucleic acid binding, zinc ion binding, enzyme binding","A0A090MT51","SSTP_0000932600",19.6759,"",NA,"SVE_1929100",18.5185,"",NA
"92","SRAE_0000062150",0,0.13739085168837,0,0,0,0,0,0,0,0,0.0836752960160207,0,0,0,"WBGene00256369","SRAE_scaffold5","",NA,NA,"A0A090L1Y0","",NA,"",NA,"",NA,"",NA
"93","SRAE_0000062200",0,0.267660178670125,0,0.0468749002726074,0.0306474331673924,0,0,0,0.0838128328402952,0.0469552259253597,0,0.0408080663803993,0,0,"WBGene00256370","SRAE_scaffold5","",NA,NA,"A0A090KVF5","",NA,"",NA,"",NA,"",NA
"94","SRAE_0000062300",0,0,0,0,0,0,0,0,0,0.0503534779781451,0,0,0,0,"WBGene00256371","SRAE_scaffold5","",NA,NA,"A0A090KVQ3","",NA,"",NA,"",NA,"",NA
"95","SRAE_0000062700",0,0.723717402542368,0.0559094297268553,0,0,0,0,0,0,0,0,0,0,0,"WBGene00256375","SRAE_scaffold5","Retrovirus-related Pol polyprotein from transposon TNT 1-94",NA,NA,"A0A090KVG0","",NA,"SPAL_0001491100",40.566,"",NA,"",NA
"96","SRAE_0000063300",0.626078476238275,0,0.0152334059170716,0,0.03415609191755,0,0,0,0,0,0.0342728453752369,0,0.0148511995872818,0,"WBGene00256381","SRAE_scaffold6","RecQ_Zn_bind domain-containing protein",NA,NA,"A0A090KVR2","",NA,"SPAL_0000613700",8.10811,"",NA,"",NA
"97","SRAE_0000063800",0,0,0,0,0,0,0,0,0,0,0,0,0,0,"WBGene00256386","SRAE_scaffold6","DUF2179 domain-containing protein",NA,NA,"A0A090KVR8","",NA,"",NA,"",NA,"",NA
"98","SRAE_0000063900",0,0,0,0,0.0330942524145054,0,0,0,0,0,0,0,0.0306101862707497,0,"WBGene00256387","SRAE_scaffold6","Superkiller viralicidic activity 2-like 2","DEAD/DEAH_box_helicase_dom, Helicase_ATP-bd, P-loop_NTPase","ATP binding, nucleic acid binding","A0A090L055","",NA,"",NA,"",NA,"",NA
"99","SRAE_0000064000",0,0,0,0,0,0,0,0,0,0,0,0,0,0,"WBGene00256388","SRAE_scaffold6","PH domain-containing protein",NA,NA,"A0A090MT66","",NA,"",NA,"",NA,"",NA
"100","SRAE_0000064200",0,0,0.029584429081446,0,0,0,0,0,0,0,0,0,0,0,"WBGene00256390","SRAE_scaffold6","",NA,NA,"A0A090KVH7","",NA,"",NA,"",NA,"",NA
"101","SRAE_0000064300",0,0.52107568066909,0.0270077458871529,0.0912548274804132,0.0298318098827213,0,0,0,0,0,0,0,0.0263435550685606,0,"WBGene00256391","SRAE_scaffold6","Fam-b protein",NA,NA,"A0A090KVS3","",NA,"",NA,"",NA,"",NA
"102","SRAE_0000064400",0,0.182657806325606,0,0.0496104460277946,0,0.0449734334708401,0.0569648948107606,0,0,0,0,0.0450941381501566,0,0,"WBGene00256392","SRAE_scaffold6","",NA,NA,"A0A090L061","",NA,"",NA,"",NA,"",NA
"103","SRAE_0000064600",0.177806527449963,0,0.0574098268751573,0,0,0.0971784796774529,0,0,0.0325431581656212,0,0.0361523374372372,0,0,0,"WBGene00256394","SRAE_scaffold6","",NA,NA,"A0A090L208","SSTP_0001198050",35.1515,"SPAL_0000021100",27.8788,"SVE_0806900",16.3636,"",NA
"104","SRAE_0000064700",0,0,0.00670843616720368,0,0,0,0,0,0,0,0.0337347448046616,0,0,0,"WBGene00256395","SRAE_scaffold6","Secreted protein",NA,NA,"A0A090KVI3","",NA,"",NA,"",NA,"",NA
"105","SRAE_0000064900",0,0,0,0,0,0,0,0,0,0,0,0,0,0,"WBGene00256397","SRAE_scaffold6","",NA,NA,"A0A090L069","",NA,"",NA,"",NA,"",NA
"106","SRAE_0000065100",0.630050880618374,0,0.0153300603313112,0,0,0,0,0,0,0,0.0344903031001934,0,0.0149454289411557,0,"WBGene00256399","SRAE_scaffold6","RecQ_Zn_bind domain-containing protein",NA,NA,"A0A090L213","",NA,"SPAL_0000613700",8.10811,"",NA,"",NA
"107","SRAE_0000065200",0,0.0058687401200158,0.0219113532960604,0,0.00658518651379798,0,0,0,0.142752664165324,0.0479919895903224,0,0,0,0,"WBGene00256400","SRAE_scaffold6","Transposase, ISXO2-like domain-containing protein","Tnp_ISXO2-like",NA,"A0A090KVJ0","",NA,"",NA,"",NA,"",NA
"108","SRAE_0000065300",0.56065891826164,0,0,0,0,0,0,0,0,0,0,0.0621659513287681,0.0694565800388645,0,"WBGene00256401","SRAE_scaffold6","Alternative protein",NA,NA,"A0A090KVT3","",NA,"",NA,"",NA,"",NA
"109","SRAE_0000065400",0,0.141302851703489,0,0,0,0,0,0,0.036045115324754,0,0,0,0,0,"WBGene00256402","SRAE_scaffold6","Glyoxalase domain-containing protein",NA,NA,"A0A090L072","",NA,"",NA,"",NA,"",NA
"110","SRAE_0000065600",0.0360584776566856,0,0.029973963238673,0.0508267448611959,0.0336294207777352,0,0,0,0.0901689368680368,0.050990138273324,0.0674823691635073,0.0925811550669859,0.0292205831126366,0.0529371937490224,"WBGene00256404","SRAE_scaffold6","Apolipophorin",NA,NA,"A0A090L221","",NA,"",NA,"",NA,"",NA
"111","SRAE_0000065700",0,0,0,0,0,0,0,0.0520047767765735,0,0,0,0,0,0,"WBGene00256405","SRAE_scaffold6","",NA,NA,"A0A090KVJ6","",NA,"SPAL_0001110600",47.5,"SVE_0271700",49.1667,"",NA
"112","SRAE_0000065800",0,0,0.0303204604911737,0,0,0,0.0293928013773193,0,0,0,0,0.0429163666223564,0.0591013648781175,0,"WBGene00256406","SRAE_scaffold6","HTH_48 domain-containing protein","Mos1_HTH",NA,"A0A090KVT9","",NA,"",NA,"",NA,"",NA
"113","SRAE_0000065900",0,0,0.059238190846604,0.0501220953763879,0,0,0.0576928949528523,0,0.0297046102878232,0,0.0664684439706304,0,0,0,"WBGene00256407","SRAE_scaffold6","Ribonuclease H-like domain-containing protein","RNaseH-like_sf, RNaseH_sf","nucleic acid binding","A0A090L076","",NA,"SPAL_0001174700",35.5769,"SVE_0293300",42.3077,"",NA
"114","SRAE_0000066000",0,0,0.0286447515846195,0,0.0345619908072505,0,0,0.0517328683319812,0,0,0,0,0,0,"WBGene00256408","SRAE_scaffold6","ABC transporter ATP-binding protein",NA,NA,"A0A090MT86","",NA,"",NA,"",NA,"",NA
"115","SRAE_0000066050",0,0.127135805538562,0,0,0,0,0,0.0609650353030206,0.0345173516646328,0,0,0,0,0,"WBGene00256409","SRAE_scaffold6","Ovule protein",NA,NA,"A0A090L228","",NA,"",NA,"",NA,"",NA
"116","SRAE_0000066200",0,0,0,0,0,0.091209020433476,0,0,0.0298219885644299,0.0505666010463885,0.0334257548853494,0.045726140422346,0.0579906620912144,0,"WBGene00256411","SRAE_scaffold7","Zinc finger, CCHC-type domain-containing protein","Znf_CCHC, Znf_CCHC_sf","cytoplasm, nucleic acid binding, zinc ion binding, enzyme binding","A0A090KVU4","",NA,"SPAL_0001574000",5.08475,"SVE_1704500",16.5254,"",NA
"117","SRAE_0000066400",0,0,0,0,0.0345360268788056,0,0.0595033041039136,0,0,0,0,0.0429254776814863,0,0,"WBGene00256413","SRAE_scaffold7","Transposase",NA,NA,"A0A090MT91","",NA,"SPAL_0000346100",10.4348,"",NA,"",NA
"118","SRAE_0000066500",0,0,0,0,0,0,0,0,0,0,0,0,0.0288217530276423,0,"WBGene00256414","SRAE_scaffold7","Methyltransferase",NA,NA,"A0A090L234","",NA,"SPAL_0001597700",55.6452,"",NA,"",NA
"119","SRAE_0000066800",0.0368187246404203,0,0.0598970428739479,0.0508006377925124,0,0.0924174561423656,0.203776797188541,0.0527031551889506,0,0,0.0337310915401788,0.277983300916695,0.145951811481346,0,"WBGene00256417","SRAE_scaffold7","Aspartic peptidase domain-containing protein","Peptidase_aspartic_dom_sf",NA,"A0A090L085","",NA,"",NA,"",NA,"",NA
"120","SRAE_0000066900",0,0,0,0,0,0.09156107465721,0.201391232793261,0.104182989787876,0.0296816361060917,0.0503805382687255,0,0.091806921120461,0.173140545557323,0.10445721333918,"WBGene00256418","SRAE_scaffold7","Reverse transcriptase domain-containing protein","RT_dom, Rev_trsase/Diguanyl_cyclase, DNA/RNA_pol_sf","RNA-templated DNA biosynthetic process, RNA-directed DNA polymerase activity","A0A090MT97","SSTP_0000441200",5.81114,"",NA,"SVE_0614300",23.7288,"",NA
"121","SRAE_0000067000",0,0.241874374691682,0.0468051722444147,0,0,0,0,0,0,0,0,0,0.0712546358363297,0,"WBGene00256419","SRAE_scaffold7","",NA,NA,"A0A090L239","",NA,"",NA,"",NA,"",NA
"122","SRAE_0000067100",0,0,0.0296122122424923,0,0.0663994067729826,0,0,0.0521390440351337,0.0296940599661585,0,0.0333132796706513,0,0,0,"WBGene00256420","SRAE_scaffold7","Integrase, catalytic core domain and Ribonuclease H-like domain-containing protein","Integrase_cat-core, RNaseH-like_sf, RNaseH_sf","nucleic acid binding, DNA integration","A0A090KVL3","",NA,"SPAL_0001122600",43.6782,"SVE_0775500",24.1379,"",NA
"123","SRAE_0000067200",0,0,0.0296750627390714,0,0.0660664661574576,0,0,0.0524344332957629,0.0595817165847905,0.0503723423780947,0.0662074174057273,0,0,0,"WBGene00256421","SRAE_scaffold7","",NA,NA,"A0A090KVV5","",NA,"",NA,"",NA,"",NA
"124","SRAE_0000067300",0.154590076255418,0,0.03432109635057,0.0612954215174707,0,0.101667280097527,0,0,0,0,0.0395188931875365,0.100904198835361,0,0,"WBGene00256422","SRAE_scaffold7","DUF4258 domain-containing protein",NA,NA,"A0A090L089","",NA,"",NA,"",NA,"",NA
"125","SRAE_0000067850",0.103393713080589,0,0,0,0,0,0,0,0,0,0,0,0,0,"WBGene00256428","SRAE_scaffold8","",NA,NA,"A0A090MTA9","",NA,"",NA,"",NA,"",NA
"126","SRAE_0000068000",0,0,0,0,0,0,0,0,0,0,0,0,0,0,"WBGene00256430","SRAE_scaffold8","Polyprotein",NA,NA,"A0A090KVM5","",NA,"SPAL_0000612000",40.3433,"",NA,"",NA
"127","SRAE_0000068300",0,0,0,0,0,0.0457773046543895,0.0575636654001866,0.0521115137721653,0,0.100791018185612,0.0333789410851918,0,0,0,"WBGene00256435","SRAE_scaffold9","Reverse transcriptase domain-containing protein","RT_dom","RNA-templated DNA biosynthetic process, RNA-directed DNA polymerase activity","A0A090KVN1","SSTP_0001038500",17.0051,"",NA,"",NA,"",NA
"128","SRAE_0000068400",0.277159366953279,0,0.0144420125037551,0,0,0.0208365588975157,0,0.0266532158175646,0,0,0,0,0.0285524415702663,0.0544277586769314,"WBGene00256436","SRAE_scaffold9","POP1 domain-containing protein",NA,NA,"A0A090KVW9","",NA,"",NA,"",NA,"",NA
"129","SRAE_0000068500",0.0330753914019789,0,0.0153129288000636,0.0259082142974112,0,0.186806538237056,0.0149160502378695,0.0539809540044467,0,0,0.0171776004027492,0.156051141688007,0,0,"WBGene00256437","SRAE_scaffold9","",NA,NA,"A0A090L0A0","",NA,"",NA,"",NA,"",NA
"130","SRAE_0000068600",0,0.114404685380392,0.0930909026800539,0.0554125055662486,0.106539488185948,0.046541336990321,0.0602064380161513,0,0.0308559136049388,0.117961453318624,0.10561293119828,0,0.0278024133031884,0,"WBGene00256438","SRAE_scaffold9","Nif11 domain-containing protein",NA,NA,"A0A090MTB9","",NA,"",NA,"",NA,"",NA
"131","SRAE_0000069000",0,0.170883231453921,0,0,0,0,0,0,0,0,0,0,0,0,"WBGene00256442","SRAE_scaffold9","Superkiller viralicidic activity 2-like 2","DEAD/DEAH_box_helicase_dom, P-loop_NTPase","ATP binding, nucleic acid binding","A0A090L0A6","",NA,"",NA,"",NA,"",NA
"132","SRAE_0000069200",0.0385556283286615,0,0.0297051422715644,0.0504301944314369,0.066771877125027,0.0920728557129951,0.0576978135775688,0,0.0595460810313639,0,0.0335055008013873,0.0461626509047351,0.0289446189881832,0.0523560982472113,"WBGene00256444","SRAE_scaffold9","Integrase, catalytic core domain and Ribonuclease H-like domain-containing protein","Integrase_cat-core, RNaseH-like_sf, RNaseH_sf, RT_RNaseH_2, Integrase_H2C2, DNA/RNA_pol_sf","nucleic acid binding, DNA integration, DNA biosynthetic process, DNA-directed DNA polymerase activity, DNA polymerase complex","A0A090L268","SSTP_0001117500",3.24575,"SPAL_0001303700",15.1468,"SVE_0234100",12.0556,"",NA
"133","SRAE_0000069300",0.738780912063263,0,0,0,0,0,0,0,0,0,0,0.0464045245530366,0.029087618224599,0.0526106275948438,"WBGene00256445","SRAE_scaffold9","Reverse transcriptase domain and Zinc finger, CCHC-type domain and Peptidase A2A, retrovirus RVP subgroup domain and Aspartic peptidase domain-containing protein","RT_dom, Znf_CCHC, Aspartic_peptidase_AS, Peptidase_aspartic_dom_sf, Znf_CCHC_sf, Rev_trsase/Diguanyl_cyclase, DNA/RNA_pol_sf","proteolysis, aspartic-type endopeptidase activity, cytoplasm, nucleic acid binding, zinc ion binding, RNA-templated DNA biosynthetic process, RNA-directed DNA polymerase activity, enzyme binding","A0A090KVP3","SSTP_0001281300",15.812,"SPAL_0001653900",15.9544,"SVE_0678200",2.42165,"",NA
"134","SRAE_0000069400",0,0,0,0,0,0.182765124877863,0,0.0522021039161454,0,0,0.0333866303308045,0,0.0867323482407922,0,"WBGene00256446","SRAE_scaffold9","",NA,NA,"A0A090KVX7","",NA,"",NA,"",NA,"",NA
"135","SRAE_0000070000",0,0,0,0.0513450801835618,0.033211371991045,0,0.0280313945814882,0,0,0.0537658695232047,0,0.041931509003244,0,0.054092006576397,"WBGene00256452","SRAE_scaffold12","Transposase",NA,NA,"A0A090L0B6","",NA,"",NA,"",NA,"",NA
"136","SRAE_0000070100",0,0,0,0.100579939490691,0,0.0888891523469236,0.0584875517982655,0.0528783588022297,0,0,0.0332610385874317,0.0892194285285841,0.0583439009116736,0.0534031254250142,"WBGene00256453","SRAE_scaffold12","",NA,NA,"A0A090MTD6","",NA,"",NA,"",NA,"",NA
"137","SRAE_0000070200",0,0.409024857045755,0,0,0,0,0.0278545230570686,0,0,0,0.0318573554797952,0.0430749365546489,0,0.0507215276920231,"WBGene00256454","SRAE_scaffold12","Helicase, C-terminal domain and P-loop containing nucleoside triphosphate hydrolase domain-containing protein","Helicase_C, P-loop_NTPase","hydrolase activity, helicase activity","A0A090L277","SSTP_0000443600",27.907,"SPAL_0000682000",20.3488,"SVE_0770000",23.2558,"",NA
"138","SRAE_0000070300",0,0,0.0875918420709971,0,0.199723947818327,0,0,0.0533234089874525,0.0576260806977178,0.0506845431441537,0.0674957824664505,0,0,0,"WBGene00256455","SRAE_scaffold12","",NA,NA,"A0A090KVQ5","",NA,"",NA,"",NA,"",NA
"139","SRAE_0000070400",0,0,0.0286045166134298,0.0499166404458724,0,0,0,0,0,0,0,0,0,0.0542593584397138,"WBGene00256456","SRAE_scaffold12","",NA,NA,"A0A090KVY6","",NA,"",NA,"",NA,"",NA
"140","SRAE_0000070600",0.0353153989683706,0.188520003091143,0.0298613419578983,0.101168003105845,0,0,0.0290606190418739,0.0525912386692588,0.0299446450817588,0.050774579235506,0,0,0.0291146955900636,0,"WBGene00256458","SRAE_scaffold12","Transposase, ISXO2-like domain-containing protein","Tnp_ISXO2-like",NA,"A0A090MTE1","SSTP_0000351000",33.0508,"SPAL_0000775900",51.6949,"SVE_1050500",53.8136,"",NA
"141","SRAE_0000070700",0,0,0,0,0,0,0,0,0.0296475517497254,0,0,0,0,0,"WBGene00256459","SRAE_scaffold12","DUF4371 domain-containing protein",NA,NA,"A0A090L285","",NA,"SPAL_0001605500",11.4754,"SVE_1222500",27.0492,"",NA
"142","SRAE_0000070800",0,0,0,0,0,0,0,0,0,0,0,0,0,0,"WBGene00256460","SRAE_scaffold12","",NA,NA,"A0A090KVR1","",NA,"",NA,"",NA,"",NA
"143","SRAE_0000070900",0,0,0.0290949588387199,0,0.0339664830921284,0,0,0,0,0,0.0332802057129023,0,0,0,"WBGene00256461","SRAE_scaffold12","",NA,NA,"A0A090KVZ0","",NA,"SPAL_0001110600",0,"SVE_0271700",53.5354,"",NA
"144","SRAE_0000071000",0,0,0,0,0,0,0,0,0.0296474755667549,0,0,0,0,0,"WBGene00256462","SRAE_scaffold12","PIR Superfamily Protein",NA,NA,"A0A090L0C8","",NA,"SPAL_0001110600",0,"SVE_0271700",66.2921,"",NA
"145","SRAE_0000071210",0,0,0,0,0,0,0,0,0,0,0.033256845826681,0,0,0.0523215721372808,"WBGene00256467","SRAE_scaffold13","Astacin-like metalloendopeptidase","EGF-like_dom, Peptidase_M12A, MetalloPept_cat_dom_sf, Sperma_CUB_dom_sf","proteolysis, metalloendopeptidase activity, metallopeptidase activity","A0A090MFU6","SSTP_0000966000",40.9283,"",NA,"",NA,"",NA
"146","SRAE_0000071450",0,0,0.0295998732342836,0,0.0656492277970251,0,0,0.0525903173537529,0,0,0,0,0.057765553963535,0,"WBGene00256471","SRAE_scaffold14","Arm-DNA-bind_5 domain-containing protein",NA,NA,"A0A090L0D6","",NA,"",NA,"",NA,"",NA
"147","SRAE_0000071600",0,0,0.0592989489948952,0,0.0998422289655821,0.137274592565037,0.086456740049183,0,0,0.0504417685728082,0.0333968807468404,0.137637676226032,0.115593466723254,0,"WBGene00256473","SRAE_scaffold15","Integrase, catalytic core domain and Ribonuclease H-like domain-containing protein","Integrase_cat-core, RNaseH-like_sf, RNaseH_sf","nucleic acid binding, DNA integration","A0A090L297","SSTP_0001280800",38.6431,"SPAL_0001573200",74.6313,"SVE_0206300",74.3363,"",NA
"148","SRAE_0000071700",0,0,0.0591872338757432,0,0.0998246562802309,0.0459277848784413,0,0.104066425334051,0.118637090392997,0.10072859701189,0,0.0460553268280378,0.0288336378424259,0.156410080302759,"WBGene00256474","SRAE_scaffold15","Reverse transcriptase domain and Peptidase A2A, retrovirus RVP subgroup domain and Aspartic peptidase domain-containing protein","RT_dom, Peptidase_aspartic_dom_sf, RT_RNaseH_2, Rev_trsase/Diguanyl_cyclase, DNA/RNA_pol_sf","RNA-templated DNA biosynthetic process, RNA-directed DNA polymerase activity","A0A090KVS2","SSTP_0000005000",29.0323,"SPAL_0000616400",21.4158,"SVE_1274100",18.9964,"",NA
"149","SRAE_0000071800",0,0,0,0,0,0,0.057429871790732,0,0,0,0,0,0,0,"WBGene00256475","SRAE_scaffold15","",NA,NA,"A0A090KW02","",NA,"SPAL_0000512500",46.2963,"SVE_1246000",66.0494,"",NA
"150","SRAE_0000071900",0,0,0,0.0502498400192828,0,0.0458629146875517,0.143741496595025,0.0520571244417499,0.0593364601132852,0.0503701414845155,0,0.045988409766295,0.115371598810354,0.0521751834534264,"WBGene00256476","SRAE_scaffold15","Reverse transcriptase domain-containing protein","RT_dom, Peptidase_aspartic_dom_sf, Rev_trsase/Diguanyl_cyclase, DNA/RNA_pol_sf","RNA-templated DNA biosynthetic process, RNA-directed DNA polymerase activity","A0A090L0E2","",NA,"SPAL_0000512500",32.4013,"SVE_1246000",62.9934,"",NA
"151","SRAE_0000072200",0,0.114105957539344,0,0.0555932580258202,0.0366743407961406,0.0458717348764107,0.0602330936456104,0.0572824158446295,0,0,0,0,0,0.176570950692795,"WBGene00256479","SRAE_scaffold16","Retrovirus-related Pol polyprotein from transposon TNT 1-94",NA,NA,"A0A7I5TB60, A0A090KVS9","",NA,"",NA,"",NA,"",NA
"152","SRAE_0000072700",0.342573619866506,0.13630099018193,0.036496783306858,0,0,0,0.03490229676346,0,0.039790011143855,0,0,0,0,0.140831788818001,"WBGene00256484","SRAE_scaffold17","Secreted protein",NA,NA,"A0A090KVT5","",NA,"",NA,"",NA,"",NA
"153","SRAE_0000073000",0,0,0.0291083186604525,0.0500612113764534,0,0,0.0283699687915695,0,0,0,0,0,0.0286148111754211,0.054205242708663,"WBGene00256487","SRAE_scaffold17","AraC family transcriptional regulator",NA,NA,"A0A090MTG7","",NA,"",NA,"",NA,"",NA
"154","SRAE_0000073200",0,0,0,0,0,0,0.0290172075578676,0,0.029835753008203,0,0,0.135167908064222,0.0580209109386014,0,"WBGene00256489","SRAE_scaffold18","",NA,NA,"A0A090KVU0","",NA,"",NA,"",NA,"",NA
"155","SRAE_0000073300",0,0,0.0887508802242794,0,0.0332496831318145,0,0.0574617221867219,0.104052293558999,0.0296513691268918,0.0503427680687459,0.0667375929857713,0,0.086479204980983,0.0521418955552113,"WBGene00256490","SRAE_scaffold18","Reverse transcriptase domain and Peptidase A2A,retrovirus, catalytic domain and Aspartic peptidase domain-containing protein","RT_dom, Aspartic_peptidase_AS, Peptidase_A2_cat, Peptidase_aspartic_dom_sf, Rev_trsase/Diguanyl_cyclase, DNA/RNA_pol_sf","proteolysis, aspartic-type endopeptidase activity, hydrolase activity, RNA-templated DNA biosynthetic process, RNA-directed DNA polymerase activity","A0A090KW18","SSTP_0000421200",41.0769,"",NA,"SVE_0713400",49.6923,"",NA
"156","SRAE_0000073500",0,0.296901650498714,0,0.0951128343308062,0.031206881854474,0.164343540341378,0,0.101622177311292,0.0568165231309066,0.0481890423373958,0,0.0406832772728618,0,0,"WBGene00256492","SRAE_scaffold18","",NA,NA,"A0A090MTH1","",NA,"",NA,"",NA,"",NA
"157","SRAE_0000073700",0,0,0.0295934795868154,0.100507500776733,0.133096929764236,0,0,0,0,0.050363897691784,0.100183616704812,0.0460530029539853,0.057666906307025,0.10427381791297,"WBGene00256494","SRAE_scaffold19","Reverse transcriptase","RT_dom, Integrase_cat-core, Znf_CCHC, Aspartic_peptidase_AS, Peptidase_A2_cat, RNaseH-like_sf, Peptidase_aspartic_DDI1-type, Peptidase_aspartic_dom_sf, RNaseH_sf, Znf_CCHC_sf, RT_RNaseH_2, Rev_trsase/Diguanyl_cyclase, DNA/RNA_pol_sf","proteolysis, aspartic-type endopeptidase activity, hydrolase activity, cytoplasm, transferase activity, nucleic acid binding, zinc ion binding, RNA-templated DNA biosynthetic process, RNA-directed DNA polymerase activity, nucleotidyltransferase activity, DNA integration, DNA biosynthetic process, DNA-directed DNA polymerase activity, DNA polymerase complex, enzyme binding","A0A090KVU6","SSTP_0000843200",6.69725,"SPAL_0000878400",41.0092,"SVE_0830900",10.8257,"",NA
"158","SRAE_0000073800",0,0,0,0,0,0.0458947903137481,0,0,0.0305915905663166,0,0,0.0447879923461069,0,0,"WBGene00256495","SRAE_scaffold19","",NA,NA,"A0A090KW22","",NA,"",NA,"",NA,"",NA
"159","SRAE_0000073900",0,0,0.0279438090938947,0.0518126397097648,0,0,0,0,0.0583565871235341,0.0557152569672376,0.157977689208871,0,0,0,"WBGene00256496","SRAE_scaffold19","Ovule protein",NA,NA,"A0A090L0G8","",NA,"",NA,"",NA,"",NA
"160","SRAE_0000074100",0,0,0,0.100480334928317,0.0664628608071183,0,0.0288408860422367,0,0,0,0.100039913311898,0.0913524416289104,0.0578051233631813,0.0523976534423974,"WBGene00256498","SRAE_scaffold20","Endonuclease-reverse transcriptase","Peptidase_aspartic_dom_sf",NA,"A0A090L2D2","",NA,"SPAL_0000804900",47.6562,"SVE_1122200",3.51562,"",NA
"161","SRAE_0000074700",0,0,0,0.00950748071313677,0.0669902445689783,0.153244399381025,0,0,0,0,0,0.129865091664918,0.0647748606446455,0.0804770316810828,"WBGene00256505","SRAE_scaffold23","Autophagy-related protein",NA,NA,"A0A090KW33","",NA,"SPAL_0000459300",39.2308,"SVE_1470300",16.1538,"",NA
"162","SRAE_0000074800",0,0.34966187668156,0.0590004470637064,0,0.0662895868657214,0.146088494609775,0.0286562267929663,0,0.0316439805571386,0,0.033262747041768,0,0,0,"WBGene00256506","SRAE_scaffold23","OTU domain-containing protein",NA,NA,"A0A090L0I1","",NA,"",NA,"",NA,"",NA
"163","SRAE_0000074850",0,0,0,0,0.0327944943588485,0,0,0,0.0598948841239206,0,0,0,0.0289569103990808,0,"WBGene00256507","SRAE_scaffold24","Flagellar hook-associated protein 2",NA,NA,"A0A090MTJ0","",NA,"",NA,"",NA,"",NA
"164","SRAE_0000074900",0,0,0,0.100201116971929,0,0,0.0290303373418055,0,0,0,0.0331407922341333,0,0,0,"WBGene00256508","SRAE_scaffold24","Integrase, catalytic core domain and Ribonuclease H-like domain-containing protein","Integrase_cat-core, RNaseH-like_sf, RNaseH_sf","nucleic acid binding, DNA integration","A0A090L2E6","",NA,"",NA,"",NA,"",NA
"165","SRAE_0000075000",0,0,0.0595981255456837,0.100533404386368,0.0663914867658286,0,0,0.0526371965903399,0.0346250525179038,0.151746150502298,0.0393733106442992,0.0449412590974707,0,0,"WBGene00256509","SRAE_scaffold24","Transposase, ISXO2-like domain-containing protein",NA,NA,"A0A090KVW2","SSTP_0000642300",31.7647,"SPAL_0001121000",42.9412,"SVE_0328900",29.4118,"",NA
"166","SRAE_0000075300",0,0,0,0,0,0.274845370999033,0,0,0,0.0505263930486091,0,0.321527844806022,0.0593024991535167,0,"WBGene00256512","SRAE_scaffold25","",NA,NA,"A0A090MTJ6","",NA,"",NA,"",NA,"",NA
"167","SRAE_0000075600",0.0304603864960885,0,0,0,0,0,0,0,0,0,0.0393307186084805,0,0.0324518239319031,0,"WBGene00256515","SRAE_scaffold28","Methyl-accepting chemotaxis protein",NA,NA,"A0A090KW42","",NA,"",NA,"",NA,"",NA
"168","SRAE_0000075700",0,0,0.0591996082472371,0,0.0332786221783646,0,0,0,0.059331793816963,0.0503738989904662,0.0333987113540297,0.0460499791191406,0,0,"WBGene00256516","SRAE_scaffold28","Zinc finger, CCHC-type domain-containing protein","Znf_CCHC, Peptidase_aspartic_dom_sf, RT_RNaseH_2, Integrase_H2C2, Rev_trsase/Diguanyl_cyclase, DNA/RNA_pol_sf","nucleic acid binding, zinc ion binding","A0A090L0J1","",NA,"SPAL_0000852400",20.4211,"SVE_0258500",7.89474,"",NA
"169","SRAE_0000075800",0,0,0,0,0,0,0,0,0,0,0,0,0,0,"WBGene00256517","SRAE_scaffold28","Transposase",NA,NA,"A0A090MTK3","SSTP_0000004900",62.3077,"SPAL_0000211000",38.4615,"SVE_0081300",21.5385,"",NA
"170","SRAE_0000075900",0,0,0,0,0,0.0466268720418343,0,0,0,0,0,0,0,0,"WBGene00256518","SRAE_scaffold29","Product",NA,NA,"A0A090L2F9","",NA,"SPAL_0001151300",92.5676,"SVE_1525900",92.5676,"",NA
"171","SRAE_0000076000",0,0,0,0,0,0,0,0,0,0,0,0,0,0,"WBGene00256519","SRAE_scaffold29","",NA,NA,"A0A090KVX2","",NA,"",NA,"SVE_1525800",33.3333,"",NA
"172","SRAE_0000076100",0,0,0,0.100869130664003,0.0665626435414502,0.0447144454793717,0,0,0.0300760660299305,0,0.0333778533054015,0.0448098764725664,0.0292281908347508,0.0534792690480317,"WBGene00256520","SRAE_scaffold29","Integrase, catalytic core domain and Ribonuclease H-like domain-containing protein","Integrase_cat-core, RNaseH-like_sf, RNaseH_sf","nucleic acid binding, DNA integration","A0A090KW49","",NA,"SPAL_0001174700",25.625,"SVE_0293300",42.5,"",NA
"173","SRAE_0000076800",0,0,0.0295961741830346,0.200943524902571,0.0332533958448377,0,0,0,0.0593311957717098,0.050361288744827,0,0,0,0,"WBGene00256527","SRAE_scaffold34","Integrase catalytic domain-containing protein","Rev_trsase/Diguanyl_cyclase, DNA/RNA_pol_sf",NA,"A0A090MTL4","",NA,"",NA,"",NA,"",NA
"174","SRAE_0000077000",0,0,0.118444946818753,0.100515842318,0.0997998094140948,0.091656778634646,0.115062394733827,0,0.0296812057241208,0,0,0.0459525486897165,0.288558503635084,0.0522137390668298,"WBGene00256529","SRAE_scaffold35","",NA,NA,"A0A8X9AEK1, A0A090KVY3","SSTP_0000358200",38.2536,"",NA,"",NA,"",NA
"175","SRAE_0000077400",0,0,0.0186370065145272,0.093086445032212,0,0,0,0,0.0511074022474999,0.0405369901377795,0.0630076445513548,0,0,0,"WBGene00256533","SRAE_scaffold40","Secreted protein",NA,NA,"A0A090KVY7","",NA,"",NA,"",NA,"",NA
"176","SRAE_0000078100",0,0,0.0296160548970915,0.0502515102244413,0,0.274595558739471,0.0863370960956126,0,0.0296884375734603,0.0503889645851153,0,0.183553082884109,0.144316967395473,0.052247832059077,"WBGene00256540","SRAE_scaffold43","Metalloendopeptidase","Peptidase_M12A, Peptidase_Metallo, MetalloPept_cat_dom_sf","proteolysis, hydrolase activity, peptidase activity, metal ion binding, zinc ion binding, metallopeptidase activity, metalloendopeptidase activity","A0A090L0L3","",NA,"SPAL_0000457600",44.9612,"SVE_0725800",43.1525,"",NA
"177","SRAE_0000079300",0,0,0,0.108909948864421,0.0333392302188642,0.0459087314157153,0,0,0.0257005153662193,0.0606251381529042,0.0299914456355448,0,0,0,"WBGene00256552","SRAE_scaffold52","Immunoglobulin-like domain and Immunoglobulin-like fold domain-containing protein","Ig-like_dom, Ig-like_fold, Ig-like_dom_sf",NA,"A0A090L2L1","",NA,"",NA,"",NA,"",NA
"178","SRAE_0000079800",0,0.246600746171388,0.0275034702431966,0.1284443843624,0,0.0427684742456485,0.0755402607117016,0,0.0581556776334087,0.0732968676509104,0.0895142273172268,0.128894704354465,0.0413021892699376,0,"WBGene00256557","SRAE_scaffold60","Poly-glutamine tract binding protein 1","Ig-like_fold, Ig-like_dom_sf",NA,"A0A090KW44","",NA,"",NA,"",NA,"",NA
"179","SRAE_0000079900",0,0,0.0957450440294535,0,0.0350106061139322,0.0901620166644258,0,0.0524482138326903,0,0.0522578894132321,0,0,0.0505093453722915,0,"WBGene00256558","SRAE_scaffold60","Poly-glutamine tract binding protein 1","Ig_sub, Ig-like_dom, Ig-like_fold, Ig-like_dom_sf",NA,"A0A090KWC7","",NA,"",NA,"",NA,"",NA
"180","SRAE_0000080050",0,0,0.0292625727959016,0,0.0343550163782933,0.0866827258204934,0.144408451503213,0,0.0582497446651075,0.055336437227686,0.0336942758734029,0.172064402240956,0.054805635863563,0.112527298802834,"WBGene00256560","SRAE_scaffold61","Ricin B-type lectin domain-containing protein",NA,NA,"A0A090MTQ8","",NA,"",NA,"",NA,"",NA
"181","SRAE_0000080400",0,0,0,0,0,0.0451716925415766,0,0.0529436217772981,0,0,0,0,0,0,"WBGene00256564","SRAE_scaffold67","THUMP domain-containing protein",NA,NA,"A0A090L0T0","",NA,"",NA,"",NA,"",NA
"182","SRAE_0000080600",0,0,0,0.050577254484906,0,0.0814448082960241,0,0,0.0580232956677033,0,0,0.135956893554695,0.0292274926720884,0,"WBGene00256566","SRAE_scaffold68","Tudor domain-containing protein",NA,NA,"A0A090L2N3","",NA,"",NA,"",NA,"",NA
"183","SRAE_0000081400",0,0,0,0,0,0,0.0383214198990637,0.0859511466978487,0,0,0,0,0,0,"WBGene00256574","SRAE_scaffold82","",NA,NA,"A0A090L2N8, A0A8X9AEY2","",NA,"",NA,"",NA,"",NA
"184","SRAE_0000081900",0,0,0,0,0,0,0,0,0,0,0,0,0,0,"WBGene00256579","SRAE_scaffold90","Helitron helicase-like domain-containing protein","Helitron_helicase-like","helicase activity","A0A090L2P1","",NA,"",NA,"",NA,"",NA
"185","SRAE_0000082000",0,0,0,0,0,0,0,0,0,0,0,0,0,0,"WBGene00256580","SRAE_scaffold90","Helitron_like_N domain-containing protein","Helitron_helicase-like",NA,"A0A8X9AEL8, A0A090KW64","",NA,"SPAL_0000483600",45.0199,"SVE_0800900",27.0916,"",NA
"186","SRAE_0000082300",0.230740902996355,0,0.0700418856211224,0,0,0,0,0.0536820412875965,0,0.0518741511212516,0,0,0,0,"WBGene00256583","SRAE_scaffold95","SICA antigen",NA,NA,"A0A090MTS1","SSTP_0000867900",12.8571,"SPAL_0001160200",21.7857,"SVE_1630800",16.4286,"",NA
"187","SRAE_0000082600",0,0.3616593921216,0.0748999013630667,0,0.0878028881293188,0.0431642954508679,0.0876219282617437,0,0,0.118084310363586,0.0820523078674218,0.00409600811438383,0.0583201992980347,0,"WBGene00256586","SRAE_scaffold103","Metalloendopeptidase","Peptidase_M12A, MetalloPept_cat_dom_sf","proteolysis, hydrolase activity, peptidase activity, metal ion binding, metallopeptidase activity, metalloendopeptidase activity, zinc ion binding","A0A090KWF0","",NA,"",NA,"SVE_0345600",45.5357,"nas-38 | WBGene00003554",34.8214
"188","SRAE_0000082700",0,0,0,0,0,0,0,0,0,0,0,0,0,0,"WBGene00256587","SRAE_scaffold107","",NA,NA,"A0A090L0V1, A0A8X9AEU6","",NA,"",NA,"",NA,"",NA
"189","SRAE_0000529500",0,0,0.0292935063402994,0,0,0,0,0,0.0593025389168168,0,0.0984589189157891,0,0,0.0535469707784998,"WBGene00256589","SRAE_scaffold37","Reverse transcriptase domain-containing protein",NA,NA,"A0A090L0K4","",NA,"",NA,"",NA,"",NA
"190","SRAE_0000529800",0.840580308573049,0,0,0,0,0.0547684181681655,0,0,0,0,0,0,0,0,"WBGene00256592","SRAE_scaffold80","Metallopeptidase, catalytic domain-containing protein","MetalloPept_cat_dom_sf","metallopeptidase activity","A0A090MTR5","",NA,"",NA,"",NA,"",NA
"191","SRAE_0000600000",0.0106965123941428,0.0836675691576086,0.00734729056361782,0,0,0.00449796728780185,0.00439838263456963,0.0042192347550635,0.00223179084344289,0.00410669329919018,0.00531122258536355,0.00407101710098335,0.00245332263528936,0.00419293129168427,"WBGene00270169","SRAE_scaffold10","",NA,NA,NA,"",NA,"",NA,"",NA,"",NA
"192","SRAE_0000600001",0,0,0.0262871958563791,0.0358178877516237,0.0109501392230111,0.0329967439151405,0.0704824329023065,0.0357171362145565,0.0486040662346724,0.0173789544700975,0.0228029704064771,0.0305543424905608,0.0441424690684193,0.0247577809205132,"WBGene00270170","SRAE_scaffold12","",NA,NA,NA,"",NA,"",NA,"",NA,"",NA
"193","SRAE_0000600002",0.0040129536195828,0.0515292538618717,0,0,0,0,0,0,0,0,0,0,0,0,"WBGene00270171","SRAE_scaffold12","",NA,NA,NA,"",NA,"",NA,"",NA,"",NA
"194","SRAE_0000600003",0.0106965123941428,0.0836675691576086,0.00734729056361782,0,0,0.00449796728780185,0.00439838263456963,0.0042192347550635,0.00223179084344289,0.00410669329919018,0.00531122258536355,0.00407101710098335,0.00245332263528936,0.00419293129168427,"WBGene00270172","SRAE_scaffold14","",NA,NA,NA,"",NA,"",NA,"",NA,"",NA
"195","SRAE_0000600004",0,0.085099850813079,0.00918053343915577,0.0101174630043303,0.0118774161434246,0.0195002961470303,0.00325132216635936,0,0.00915282796500581,0.0176724922599561,0,0.016171836494531,0,0.00556983723850996,"WBGene00270173","SRAE_scaffold15","",NA,NA,NA,"",NA,"",NA,"",NA,"",NA
"196","SRAE_0000600005",0,0,0,0,0,0,0,0,0,0,0,0.113400955490237,0,0.327937358689069,"WBGene00270174","SRAE_scaffold16","",NA,NA,NA,"",NA,"",NA,"",NA,"",NA
"197","SRAE_0000600006",0,0,0.0262871958563791,0.0358178877516237,0.0109501392230111,0.0329967439151405,0.0704824329023065,0.0357171362145565,0.0486040662346724,0.0173789544700975,0.0228029704064771,0.0305543424905608,0.0441424690684193,0.0247577809205132,"WBGene00270175","SRAE_scaffold19","",NA,NA,NA,"",NA,"",NA,"",NA,"",NA
"198","SRAE_0000600007",0,0.162326038146748,0.086950700286264,0.0435550137955906,0.0772717981213759,0,0.15379934817673,0.0678370986280003,0.0584356787982944,0.0829086641813453,0.0366880824845831,0,0.0566364301371627,0.0486061272789174,"WBGene00270176","SRAE_scaffold1","",NA,NA,NA,"",NA,"",NA,"",NA,"",NA
"199","SRAE_0000600008",0.00381320184812924,0.0683529310411206,0,0,0,0.0192417979061626,0.00509592917982465,0,0,0,0.00568022755933518,0.00870770315421485,0.013118804406867,0,"WBGene00270177","SRAE_scaffold1","",NA,NA,NA,"",NA,"",NA,"",NA,"",NA
"200","SRAE_0000600009",0.0106965123941428,0.0836675691576086,0.00734729056361782,0,0,0.00449796728780185,0.00439838263456963,0.0042192347550635,0.00223179084344289,0.00410669329919018,0.00531122258536355,0.00407101710098335,0.00245332263528936,0.00419293129168427,"WBGene00270178","SRAE_scaffold1","",NA,NA,NA,"",NA,"",NA,"",NA,"",NA
"201","SRAE_0000600010",0,0,0.0262871958563791,0.0358178877516237,0.0109501392230111,0.0329967439151405,0.0704824329023065,0.0357171362145565,0.0486040662346724,0.0173789544700975,0.0228029704064771,0.0305543424905608,0.0441424690684193,0.0247577809205132,"WBGene00270179","SRAE_scaffold1","",NA,NA,NA,"",NA,"",NA,"",NA,"",NA
"202","SRAE_0000600011",0.043621273500466,0.156385228933025,0,0,0,0,0,0,0,0,0,0,0,0,"WBGene00270180","SRAE_scaffold1","",NA,NA,NA,"",NA,"",NA,"",NA,"",NA
"203","SRAE_0000600012",0.0757624163277339,0,0,0,0,0,0,0,0,0,0,0,0,0,"WBGene00270181","SRAE_scaffold23","",NA,NA,NA,"",NA,"",NA,"",NA,"",NA
"204","SRAE_0000600013",0.0757624163277339,0,0,0,0,0,0,0,0,0,0,0,0,0,"WBGene00270182","SRAE_scaffold23","",NA,NA,NA,"",NA,"",NA,"",NA,"",NA
"205","SRAE_0000600014",0.0140861953242974,0,0,0,0,0.0168622280067262,0.00482368404366935,0.0074380653165465,0,0,0,0.00724402278526284,0.0102040903010705,0,"WBGene00270183","SRAE_scaffold24","",NA,NA,NA,"",NA,"",NA,"",NA,"",NA
"206","SRAE_0000600015",0.00690723798690802,0,0,0,0,0,0,0,0,0,0.00514177402839758,0,0.033774552736413,0.00869500769428743,"WBGene00270184","SRAE_scaffold28","",NA,NA,NA,"",NA,"",NA,"",NA,"",NA
"207","SRAE_0000600017",0,0.0599016976163026,0,0,0,0.0105392100589309,0.013025463568209,0,0,0,0,0.00953880943973938,0.0114967585535234,0,"WBGene00270186","SRAE_scaffold2","",NA,NA,NA,"",NA,"",NA,"",NA,"",NA
"208","SRAE_0000600019",0,0,0,0.00354133546064132,0,0.0045503547806498,0,0,0,0,0,0,0,0,"WBGene00270188","SRAE_scaffold3","",NA,NA,NA,"",NA,"",NA,"",NA,"",NA
"209","SRAE_0000600020",0.0378766453558477,0.0164368702219215,0,0.00479696755736418,0,0.00605156455008453,0.00636878303176987,0.00612266921586413,0,0,0,0.00545411212042728,0,0.00559817855859077,"WBGene00270189","SRAE_scaffold3","",NA,NA,NA,"",NA,"",NA,"",NA,"",NA
"210","SRAE_0000600021",0.0149031858383213,0,0.0176869655360925,0,0,0,0,0,0,0,0,0.0459851356411187,0,0,"WBGene00270190","SRAE_scaffold3","",NA,NA,NA,"",NA,"",NA,"",NA,"",NA
"211","SRAE_0000600022",0,0,0,0,0,0,0,0,0,0,0,0,0,0,"WBGene00270191","SRAE_scaffold3","",NA,NA,NA,"",NA,"",NA,"",NA,"",NA
"212","SRAE_0000600023",0.0322601882985205,0.115654698248354,0.0203124458195877,0.0343870751446145,0.03459035760978,0.0406969482050575,0.0431122644276035,0.0137854273056939,0.0403858140851156,0.0134177432689618,0.0360414813425302,0.0491119360019101,0.0443945619005332,0.0252913604446544,"WBGene00270192","SRAE_scaffold3","",NA,NA,NA,"",NA,"",NA,"",NA,"",NA
"213","SRAE_0000600024",0,0,0,0,0.033280351764988,0,0,0,0,0,0,0,0,0,"WBGene00270193","SRAE_scaffold3","",NA,NA,NA,"",NA,"",NA,"",NA,"",NA
"214","SRAE_0000600025",0,0,0,0,0,0.0100556902042891,0.00532624569067705,0,0,0.00994603643472149,0,0,0,0,"WBGene00270194","SRAE_scaffold3","",NA,NA,NA,"",NA,"",NA,"",NA,"",NA
"215","SRAE_0000600026",0,0.0284806070389746,0,0,0,0,0,0,0,0,0,0,0,0,"WBGene00270195","SRAE_scaffold3","",NA,NA,NA,"",NA,"",NA,"",NA,"",NA
"216","SRAE_0000600028",0,0.227266874848423,0.00463063546468998,0,0.00574408502170598,0.00888571120615759,0.00941306776166522,0.00967464551704813,0,0.00878880073282151,0,0.0160845554941198,0.00969305245586352,0.0248493512843671,"WBGene00270197","SRAE_scaffold3","",NA,NA,NA,"",NA,"",NA,"",NA,"",NA
"217","SRAE_0000600029",0.0817256805813723,0.057827349124177,0.0270832762785803,0.0229247317822243,0.0475615558458279,0.0542624165992825,0.0251487984927699,0.00689269139883248,0.0134619532341547,0.0402531845292914,0.0320368625966576,0.0184169760007163,0.0332959326111438,0.0252913604446544,"WBGene00270198","SRAE_scaffold3","",NA,NA,NA,"",NA,"",NA,"",NA,"",NA
"218","SRAE_0000600030",0,0.289353754016608,0.0195458576435932,0.0264714819417804,0.019970957166248,0.0156644398083707,0.00414852217317832,0,0.0116585204641039,0.00774680245677292,0.0277450579677672,0.0141775556664669,0.0128157715472504,0.0584082731502901,"WBGene00270199","SRAE_scaffold3","",NA,NA,NA,"",NA,"",NA,"",NA,"",NA
"219","SRAE_0000600031",0.00381320184812924,0.0683529310411206,0,0,0,0.0192417979061626,0.00509592917982465,0,0,0,0.00568022755933518,0.00870770315421485,0.013118804406867,0,"WBGene00270200","SRAE_scaffold3","",NA,NA,NA,"",NA,"",NA,"",NA,"",NA
"220","SRAE_0000600032",0.054662092863193,0,0.0129745336834529,0,0.0183458044148352,0.0654348022374273,0.0149748367147735,0.023090982735712,0.00627069311926345,0,0.0162762801219737,0.0224886923110285,0.0158389974699846,0.0275239860270603,"WBGene00270201","SRAE_scaffold3","",NA,NA,NA,"",NA,"",NA,"",NA,"",NA
"221","SRAE_0000600033",0.00381320184812924,0.0683529310411206,0,0,0,0.0192417979061626,0.00509592917982465,0,0,0,0.00568022755933518,0.00870770315421485,0.013118804406867,0,"WBGene00270202","SRAE_scaffold3","",NA,NA,NA,"",NA,"",NA,"",NA,"",NA
"222","SRAE_0000600034",0,0.085099850813079,0.00918053343915577,0.0101174630043303,0.0118774161434246,0.0195002961470303,0.00325132216635936,0,0.00915282796500581,0.0176724922599561,0,0.016171836494531,0,0.00556983723850996,"WBGene00270203","SRAE_scaffold3","",NA,NA,NA,"",NA,"",NA,"",NA,"",NA
"223","SRAE_0000600035",0,0.085099850813079,0.00918053343915577,0.0101174630043303,0.0118774161434246,0.0195002961470303,0.00325132216635936,0,0.00915282796500581,0.0176724922599561,0,0.016171836494531,0,0.00556983723850996,"WBGene00270204","SRAE_scaffold3","",NA,NA,NA,"",NA,"",NA,"",NA,"",NA
"224","SRAE_0000600036",0.0040129536195828,0.0515292538618717,0,0,0,0,0,0,0,0,0,0,0,0,"WBGene00270205","SRAE_scaffold3","",NA,NA,NA,"",NA,"",NA,"",NA,"",NA
"225","SRAE_0000600037",0,0,0.0262871958563791,0.0358178877516237,0.0109501392230111,0.0329967439151405,0.0704824329023065,0.0357171362145565,0.0486040662346724,0.0173789544700975,0.0228029704064771,0.0305543424905608,0.0441424690684193,0.0247577809205132,"WBGene00270206","SRAE_scaffold3","",NA,NA,NA,"",NA,"",NA,"",NA,"",NA
"226","SRAE_0000600038",0.202113753620132,0,0,0.00502331739920761,0,0.00633128595411755,0.0122419349526313,0.0113853669711103,0,0.00553882586194493,0.00360314334441457,0.0321347655439149,0.00945520386738354,0.00548358469491939,"WBGene00270207","SRAE_scaffold3","",NA,NA,NA,"",NA,"",NA,"",NA,"",NA
"227","SRAE_0000600039",0.0040129536195828,0.0515292538618717,0,0,0,0,0,0,0,0,0,0,0,0,"WBGene00270208","SRAE_scaffold3","",NA,NA,NA,"",NA,"",NA,"",NA,"",NA
"228","SRAE_0000600040",0.00362499054985173,0,0,0,0,0,0,0,0,0,0,0,0,0,"WBGene00270209","SRAE_scaffold3","",NA,NA,NA,"",NA,"",NA,"",NA,"",NA
"229","SRAE_0000600041",0,0,0,0.0687977716599417,0,0,0.0287513059155475,0.0827405776096339,0,0,0,0.0982573507684943,0,0.101199923152131,"WBGene00270210","SRAE_scaffold3","",NA,NA,NA,"",NA,"",NA,"",NA,"",NA
"230","SRAE_0000600042",0,0.0217840607129952,0.00382593573875438,0,0,0.00766543047847206,0,0,0,0.0151637083012077,0,0,0.00418095680396048,0,"WBGene00270211","SRAE_scaffold3","",NA,NA,NA,"",NA,"",NA,"",NA,"",NA
"231","SRAE_0000600044",0,0,0.0262871958563791,0.0358178877516237,0.0109501392230111,0.0329967439151405,0.0704824329023065,0.0357171362145565,0.0486040662346724,0.0173789544700975,0.0228029704064771,0.0305543424905608,0.0441424690684193,0.0247577809205132,"WBGene00270213","SRAE_scaffold3","",NA,NA,NA,"",NA,"",NA,"",NA,"",NA
"232","SRAE_0000600045",0.0140861953242974,0,0,0,0,0.0168622280067262,0.00482368404366935,0.0074380653165465,0,0,0,0.00724402278526284,0.0102040903010705,0,"WBGene00270214","SRAE_scaffold3","",NA,NA,NA,"",NA,"",NA,"",NA,"",NA
"233","SRAE_0000600046",0.0723333937894288,0.0211094261338025,0.00397002546452834,0,0.0050779684545552,0.0249246624781461,0.0120483445096745,0,0.00756048845189965,0,0.00472823237965581,0.00702811168289305,0.00827172923199191,0.0143916223181671,"WBGene00270215","SRAE_scaffold3","",NA,NA,NA,"",NA,"",NA,"",NA,"",NA
"234","SRAE_0000600047",0,0,0,0.00959871134096224,0,0,0,0,0,0.0100495730141675,0,0.00968218522547455,0,0,"WBGene00270216","SRAE_scaffold3","",NA,NA,NA,"",NA,"",NA,"",NA,"",NA
"235","SRAE_0000600048",0,0.0241368673749596,0,0,0,0.0113997393358298,0.00551050184821146,0,0,0,0,0,0,0,"WBGene00270217","SRAE_scaffold3","",NA,NA,NA,"",NA,"",NA,"",NA,"",NA
"236","SRAE_0000600049",0,0,0,0,0,0,0,0,0,0,0,0,0,0,"WBGene00270218","SRAE_scaffold3","",NA,NA,NA,"",NA,"",NA,"",NA,"",NA
"237","SRAE_0000600050",0,0,0,0,0.00697250053094627,0.0456317467597893,0.016543491456014,0.0123087906034597,0.00519066815725805,0,0.00649230574832656,0.0193005908400293,0.0113578918625911,0.0296416161438686,"WBGene00270219","SRAE_scaffold4","",NA,NA,NA,"",NA,"",NA,"",NA,"",NA
"238","SRAE_0000600051",0,0.0217840607129952,0.00382593573875438,0,0,0.00766543047847206,0,0,0,0.0151637083012077,0,0,0.00418095680396048,0,"WBGene00270220","SRAE_scaffold4","",NA,NA,NA,"",NA,"",NA,"",NA,"",NA
"239","SRAE_0000600052",0.0187057583680528,0,0.0110999130380361,0.0149262669187193,0.00523170590907116,0.00746405648583992,0.00854082409213158,0.0131697792206037,0.00357646230075051,0.00712719441173075,0.0185661438367824,0.0128262961543739,0.013550535203722,0.00784908639565106,"WBGene00270221","SRAE_scaffold4","",NA,NA,NA,"",NA,"",NA,"",NA,"",NA
"240","SRAE_0000600053",0,0,0,0,0.00697250053094627,0.0456317467597893,0.016543491456014,0.0123087906034597,0.00519066815725805,0,0.00649230574832656,0.0193005908400293,0.0113578918625911,0.0296416161438686,"WBGene00270222","SRAE_scaffold4","",NA,NA,NA,"",NA,"",NA,"",NA,"",NA
"241","SRAE_0000600054",0,0,0,0,0.00697250053094627,0.0456317467597893,0.016543491456014,0.0123087906034597,0.00519066815725805,0,0.00649230574832656,0.0193005908400293,0.0113578918625911,0.0296416161438686,"WBGene00270223","SRAE_scaffold4","",NA,NA,NA,"",NA,"",NA,"",NA,"",NA
"242","SRAE_0000600055",0,0.085099850813079,0.00918053343915577,0.0101174630043303,0.0118774161434246,0.0195002961470303,0.00325132216635936,0,0.00915282796500581,0.0176724922599561,0,0.016171836494531,0,0.00556983723850996,"WBGene00270224","SRAE_scaffold4","",NA,NA,NA,"",NA,"",NA,"",NA,"",NA
"243","SRAE_0000600057",0,0,0,0,0,0,0.0408738245693302,0,0,0,0,0.0771901647191342,0.0957827442309712,0.0888834985347512,"WBGene00270226","SRAE_scaffold4","",NA,NA,NA,"",NA,"",NA,"",NA,"",NA
"244","SRAE_0000600058",0.161494892530881,0.157196746148061,0,0.0494196347410925,0.0386811979515657,0.0528217633436,0.058077288231454,0.0486501856074597,0.0255361830378346,0.0473134940132549,0.0331682139620838,0,0.0642542091080447,0,"WBGene00270227","SRAE_scaffold53","",NA,NA,NA,"",NA,"",NA,"",NA,"",NA
"245","SRAE_0000600059",0,0.0217840607129952,0.00382593573875438,0,0,0.00766543047847206,0,0,0,0.0151637083012077,0,0,0.00418095680396048,0,"WBGene00270228","SRAE_scaffold58","",NA,NA,NA,"",NA,"",NA,"",NA,"",NA
"246","SRAE_0000600060",0,0.0599016976163026,0,0,0,0.0105392100589309,0.013025463568209,0,0,0,0,0.00953880943973938,0.0114967585535234,0,"WBGene00270229","SRAE_scaffold5","",NA,NA,NA,"",NA,"",NA,"",NA,"",NA
"247","SRAE_0000600061",0.0611335419860893,0.389178516799508,0,0,0,0,0,0,0.0084998047578524,0,0,0,0.00807112153464804,0,"WBGene00270230","SRAE_scaffold6","",NA,NA,NA,"",NA,"",NA,"",NA,"",NA
"248","SRAE_0000600062",0,0,0,0,0,0,0,0,0,0,0,0,0,0,"WBGene00270231","SRAE_scaffold6","",NA,NA,NA,"",NA,"",NA,"",NA,"",NA
"249","SRAE_0000600063",0,0,0,0,0,0.0505075979521228,0.00411579402763674,0.00394815609483391,0,0.00384284523617773,0,0,0,0,"WBGene00270232","SRAE_scaffold6","",NA,NA,NA,"",NA,"",NA,"",NA,"",NA
"250","SRAE_0000600064",0.0611335419860893,0.389178516799508,0,0,0,0,0,0,0.0084998047578524,0,0,0,0.00807112153464804,0,"WBGene00270233","SRAE_scaffold6","",NA,NA,NA,"",NA,"",NA,"",NA,"",NA
"251","SRAE_0000600065",0,0,0,0,0,0,0,0,0,0,0,0,0,0,"WBGene00270234","SRAE_scaffold6","",NA,NA,NA,"",NA,"",NA,"",NA,"",NA
"252","SRAE_1000000300",0,0,0,0.0543104070807956,0,0,0,0,0,0,0,0,0.0266917023261527,0,"WBGene00256595","SRAE_chr1","Protein-tyrosine phosphatase, receptor/non-receptor type domain-containing protein","PTP_cat, Prot-tyrosine_phosphatase-like","protein dephosphorylation, protein tyrosine phosphatase activity","A0A090KW75","",NA,"",NA,"",NA,"",NA
"253","SRAE_1000000750",0,0,0,0,0,0,0,0,0,0,0,0,0,0,"WBGene00256600","SRAE_chr1","",NA,"membrane","A0A090KW80","",NA,"SPAL_0000068050",11.0465,"SVE_0092000",22.093,"",NA
"254","SRAE_1000006600",0,0.494535969572736,0,0,0,0,0.0310748485316755,0.0580448986055092,0.100929431985902,0,0,0,0.0597227404513816,0,"WBGene00256660","SRAE_chr1","",NA,NA,"A0A090KWB9","",NA,"",NA,"",NA,"",NA
"255","SRAE_1000017000",0,0,0.0892065464926054,0.100552419296463,0.0664439100847296,0.0452117345882089,0.14490430467005,0.157325423810356,0.0894725554500095,0.0505213522027367,0.0666523965553306,0.0906385951629285,0.0870137978814059,0,"WBGene00256764","SRAE_chr1","DM DNA-binding domain-containing protein","DM_DNA-bd, DMRT, DM_DNA-bd_sf","nucleus, DNA binding, metal ion binding, regulation of transcription, DNA-templated, sequence-specific DNA binding","A0A090L334","SSTP_0000299900",68.3938,"SPAL_0001524600",59.5855,"SVE_0006900",59.5855,"",NA
"256","SRAE_1000020300",0,0,0,0,0.0333853694654731,0.0458404766158923,0,0,0,0,0,0,0,0,"WBGene00256797","SRAE_chr1","",NA,"membrane","A0A090L1C9","SSTP_0001106100",12.5,"",NA,"",NA,"",NA
"257","SRAE_1000066800",0,0,0,0,0.032794937734227,0,0,0.0516694078123934,0,0,0.0328326149934335,0,0,0.0541468052649427,"WBGene00257265","SRAE_chr1","NAD(P)-binding domain-containing protein","NAD(P)-bd_dom_sf",NA,"A0A090KXZ9","SSTP_0000612200",82.0755,"SPAL_0000350000",72.6415,"SVE_0682700",61.3208,"",NA
"258","SRAE_1000072700",0,0,0,0.0506108090019045,0.0330065014585862,0,0,0.054541392015916,0,0,0.0669432737188306,0.0413529556384328,0.0578913177846241,0.0553567911982857,"WBGene00257324","SRAE_chr1","",NA,NA,"A0A090L4M5","",NA,"",NA,"",NA,"",NA
"259","SRAE_1000100500",0,0,0,0,0,0,0,0,0,0,0,0,0.0288217652445178,0,"WBGene00257605","SRAE_chr1","",NA,"membrane","A0A090KZ15","",NA,"",NA,"",NA,"",NA
"260","SRAE_1000140200",0,0,0.144576416673879,0,0.123788447228157,0,0.0677111229944237,0.120029167073241,0,0,0.119616333683229,0.0570197551282166,0.0680658926126388,0.0611227503429253,"WBGene00258007","SRAE_chr1","","EIF2D","formation of translation preinitiation complex, translation initiation factor activity","A0A090L4U5","",NA,"SPAL_0001353400",62.2951,"",NA,"",NA
"261","SRAE_1000148500",0,0.365619104231268,0,0,0,0,0,0.23555765288724,0.0335850522203143,0,0,0.0486998832865833,0.0614494055018882,0,"WBGene00258092","SRAE_chr1","",NA,NA,"A0A090L567","",NA,"",NA,"SVE_0979600",73.5632,"",NA
"262","SRAE_1000170900",0,0,0.0593814903587292,0.100667567188659,0,0.0456690685223888,0,0,0.0893197095134424,0,0.0334081578633248,0.0915844898540883,0.0578944160302577,0,"WBGene00258317","SRAE_chr1","7TM GPCR, serpentine receptor class ab (Srab) family-containing protein","7TM_GPCR_serpentine_rcpt_Srab","membrane","A0A090L5Q2","SSTP_0001208800",77.6952,"",NA,"SVE_2008100",65.4275,"",NA
"263","SRAE_1000194000",0,0.246433702051743,0.0961184133159757,0,0.0316575654507427,0.117843648264439,0.0559211824808556,0,0.0665770397295884,0.0484056546034363,0,0,0.0556604179469159,0.0512288896909418,"WBGene00258552","SRAE_chr1","Collagen-like protein",NA,NA,"A0A090L1Y3","",NA,"",NA,"",NA,"",NA
"264","SRAE_1000224700",0,0,0,0,0.0593241540928715,0.087869861407798,0.118354350762729,0.118329192520656,0,0,0.0336898354854616,0.131229120065002,0.0588729262048277,0,"WBGene00258861","SRAE_chr1","",NA,NA,"A0A090L2D7","SSTP_0000297700",5.22388,"",NA,"",NA,"",NA
"265","SRAE_1000254100",0,0.35618587973841,0.029452929866275,0,0.0661209385396356,0.136368896243374,0.0858830583058848,0.0518288894059291,0,0,0,0.0911528129328442,0,0,"WBGene00259156","SRAE_chr1","",NA,NA,"A0A090L3A8","",NA,"SPAL_0000862700",67.9412,"SVE_1045700",68.5294,"",NA
"266","SRAE_1000273800",0,0.164637464177543,0.0588411299390875,0,0,0,0.0288828172511535,0.0536914382674286,0.0291332607787487,0,0.0341876092768698,0,0,0,"WBGene00259354","SRAE_chr1","Ovule protein",NA,NA,"A0A090MWY3","",NA,"SPAL_0001227475",6.30631,"SVE_0222000",48.6486,"",NA
"267","SRAE_1000280000",0,0.178479772036536,0,0.0999328206752357,0.0661238654404097,0,0.0286334296744855,0.0518385217661523,0,0,0.0663542333023376,0.045568493743602,0.0287113034904828,0.0519934811779291,"WBGene00259416","SRAE_chr1","G_PROTEIN_RECEP_F1_2 domain-containing protein",NA,"membrane","A0A090L402","SSTP_0000554600",70.3927,"SPAL_0000683300",65.861,"SVE_0863000",61.0272,"",NA
"268","SRAE_1000300100",0.0364967024875716,0,0,0.0524867129918927,0,0,0,0,0,0,0,0,0.030188881474884,0,"WBGene00259618","SRAE_chr1","Sulfotransferase family-containing protein","Sulfotransferase, Chst-1","membrane, transferase activity, sulfotransferase activity, chondroitin sulfate biosynthetic process, chondroitin 4-sulfotransferase activity, positive regulation of response to oxidative stress","A0A090L9F9","SSTP_0001218300",80.9886,"SPAL_0000103300",76.0456,"SVE_0049800",74.9049,"K07H8.8 | WBGene00019508",24.7148
"269","SRAE_1000305300",0,0,0,0.105346945744031,0.0340706682259214,0.0878389959896342,0.0575133327797053,0.106762632271122,0,0,0.0336566371162828,0.0430164261761597,0.109889471506497,0.05549155904296,"WBGene00259670","SRAE_chr1","UBX domain-containing protein",NA,NA,"A0A090LBB8","SSTP_0001102200",30.1075,"",NA,"",NA,"",NA
"270","SRAE_1000322700",0.0736062606763789,0.359577262151022,0,0.101007167227977,0.033419143601994,0.0459556336610231,0.0289354562699553,0,0.059690324200662,0,0.0335359246980503,0.0921545108324596,0.116064237992725,0,"WBGene00259844","SRAE_chr1","7TM GPCR, serpentine receptor class x (Srx) family-containing protein","7TM_GPCR_serpentine_rcpt_Srt, 7TM_GPCR_serpentine_rcpt_Srx","membrane","A0A090MX81","",NA,"SPAL_0001344300",40.1734,"SVE_0379800",36.4162,"",NA
"271","SRAE_1000332800",0,0.266704519229008,0.188633427653965,0.109001209591227,0.0358179089197652,0,0,0,0.0309581307257411,0,0,0.044223940075913,0.0608030971121755,0,"WBGene00259945","SRAE_chr1","U24",NA,"membrane","A0A090LC12","SSTP_0000030700",68.8679,"SPAL_0000716500",62.2642,"SVE_0159900",60.3774,"",NA
"272","SRAE_1000353400",0,0.356125128070356,0.0309567713265784,0,0.0377200109304918,0.0479545215453464,0.029122349535219,0,0.0313726627477624,0,0.0350844035698442,0,0,0.056660973941321,"WBGene00260151","SRAE_chr1","Lipoprotein",NA,NA,"A0A090L660","",NA,"",NA,"",NA,"",NA
"273","SRAE_1000600000",0,0,0,0,0,0,0.0269321149346367,0,0,0,0,0.0491963991117843,0,0,"WBGene00269753","SRAE_chr1","",NA,NA,NA,"",NA,"",NA,"",NA,"",NA
"274","SRAE_1000600003",0,0.170883414497605,0,0,0,0,0,0,0,0,0,0,0,0,"WBGene00269756","SRAE_chr1","",NA,NA,NA,"",NA,"",NA,"",NA,"",NA
"275","SRAE_1000600004",0,0,0,0,0,0,0,0,0,0,0,0,0.0576435080900641,0,"WBGene00269757","SRAE_chr1","",NA,NA,NA,"",NA,"",NA,"",NA,"",NA
"276","SRAE_1000600006",0,0,0,0,0,0,0,0,0,0,0,0,0,0,"WBGene00269759","SRAE_chr1","",NA,NA,NA,"",NA,"",NA,"",NA,"",NA
"277","SRAE_1000600007",0,0,0,0,0,0,0,0,0,0,0,0,0,0,"WBGene00269760","SRAE_chr1","",NA,NA,NA,"",NA,"",NA,"",NA,"",NA
"278","SRAE_1000600008",0,0,0,0,0,0,0,0,0,0,0,0,0,0,"WBGene00269761","SRAE_chr1","",NA,NA,NA,"",NA,"",NA,"",NA,"",NA
"279","SRAE_1000600009",0,0,0,0,0,0,0,0,0,0,0,0,0,0,"WBGene00269762","SRAE_chr1","",NA,NA,NA,"",NA,"",NA,"",NA,"",NA
"280","SRAE_1000600010",0,0,0,0,0,0,0,0,0,0,0,0,0,0,"WBGene00269763","SRAE_chr1","",NA,NA,NA,"",NA,"",NA,"",NA,"",NA
"281","SRAE_1000600011",0,0,0,0,0,0,0,0,0,0,0,0,0,0,"WBGene00269764","SRAE_chr1","",NA,NA,NA,"",NA,"",NA,"",NA,"",NA
"282","SRAE_1000600012",0,0,0,0,0,0,0,0,0,0,0,0,0,0,"WBGene00269765","SRAE_chr1","",NA,NA,NA,"",NA,"",NA,"",NA,"",NA
"283","SRAE_1000600013",0,0,0,0,0,0,0,0,0,0,0,0,0,0,"WBGene00269766","SRAE_chr1","",NA,NA,NA,"",NA,"",NA,"",NA,"",NA
"284","SRAE_1000600014",0,0,0.0305704418853282,0,0,0.107934793891283,0.0529348484682876,0,0.0297233740748689,0.0452861890152223,0,0,0,0,"WBGene00269767","SRAE_chr1","",NA,NA,NA,"",NA,"",NA,"",NA,"",NA
"285","SRAE_1000600015",0,0,0,0,0,0,0,0,0,0,0,0,0,0,"WBGene00269768","SRAE_chr1","",NA,NA,NA,"",NA,"",NA,"",NA,"",NA
"286","SRAE_1000600017",0,0,0,0,0,0,0,0,0,0,0,0,0,0,"WBGene00269770","SRAE_chr1","",NA,NA,NA,"",NA,"",NA,"",NA,"",NA
"287","SRAE_1000600018",0,0,0,0,0,0,0,0,0,0,0,0,0,0,"WBGene00269771","SRAE_chr1","",NA,NA,NA,"",NA,"",NA,"",NA,"",NA
"288","SRAE_1000600019",0,0,0,0,0,0,0,0,0,0,0,0,0,0,"WBGene00269772","SRAE_chr1","",NA,NA,NA,"",NA,"",NA,"",NA,"",NA
"289","SRAE_1000600020",0,0,0,0,0,0.0459851174877798,0,0,0,0,0,0,0,0,"WBGene00269773","SRAE_chr1","",NA,NA,NA,"",NA,"",NA,"",NA,"",NA
"290","SRAE_1000600021",0,0,0,0,0,0,0,0,0,0,0,0,0,0,"WBGene00269774","SRAE_chr1","",NA,NA,NA,"",NA,"",NA,"",NA,"",NA
"291","SRAE_1000600022",0,0,0,0,0,0,0,0,0,0,0,0,0,0,"WBGene00269775","SRAE_chr1","",NA,NA,NA,"",NA,"",NA,"",NA,"",NA
"292","SRAE_1000600025",0,0,0,0,0,0,0,0,0,0,0,0,0,0,"WBGene00269778","SRAE_chr1","",NA,NA,NA,"",NA,"",NA,"",NA,"",NA
"293","SRAE_1000600026",0,0,0,0,0,0,0,0,0,0,0,0,0,0,"WBGene00269779","SRAE_chr1","",NA,NA,NA,"",NA,"",NA,"",NA,"",NA
"294","SRAE_1000600027",0,0,0.0900667164548424,0.141303470573247,0.0834602935167524,0,0.0519856619981629,0,0.0875711552852013,0.13342245704589,0.0371162678133068,0.0474806942379561,0,0.0499557580448162,"WBGene00269780","SRAE_chr1","",NA,NA,NA,"",NA,"",NA,"",NA,"",NA
"295","SRAE_1000600028",0,0,0,0,0,0,0,0,0,0,0,0,0,0,"WBGene00269781","SRAE_chr1","",NA,NA,NA,"",NA,"",NA,"",NA,"",NA
"296","SRAE_1000600029",0,0,0,0,0,0.0490277192048882,0,0,0,0,0,0,0.0540974564862158,0,"WBGene00269782","SRAE_chr1","",NA,NA,NA,"",NA,"",NA,"",NA,"",NA
"297","SRAE_1000600030",0,0,0,0,0,0,0.0262353080774878,0,0,0,0,0,0.0315830842556891,0,"WBGene00269783","SRAE_chr1","",NA,NA,NA,"",NA,"",NA,"",NA,"",NA
"298","SRAE_1000600032",0,0,0.0558079655038238,0,0,0,0,0.0675657786877545,0,0.0415592955010328,0,0,0,0,"WBGene00269785","SRAE_chr1","",NA,NA,NA,"",NA,"",NA,"",NA,"",NA
"299","SRAE_1000600033",0,0,0,0,0,0,0,0,0,0,0,0,0,0,"WBGene00269786","SRAE_chr1","",NA,NA,NA,"",NA,"",NA,"",NA,"",NA
"300","SRAE_1000600034",0,0,0,0,0,0,0,0,0,0,0,0,0,0.0520945409088112,"WBGene00269787","SRAE_chr1","",NA,NA,NA,"",NA,"",NA,"",NA,"",NA
"301","SRAE_1000600035",0,0,0,0,0.0336469645345967,0.149826771981938,0,0,0.0273225891322899,0,0.0661781437041069,0.105233657235993,0.0277827946656942,0.0954386170183266,"WBGene00269788","SRAE_chr1","",NA,NA,NA,"",NA,"",NA,"",NA,"",NA
"302","SRAE_1000600036",0.493529351067495,0,0.00279766993506448,0.0029949806788237,0.00534883329453793,0,0.00672509103117989,0,0,0.0161122455338337,0.0033077915306296,0.00532560984318363,0.00325275793249126,0.0115692737884938,"WBGene00269789","SRAE_chr1","",NA,NA,NA,"",NA,"",NA,"",NA,"",NA
"303","SRAE_1000600037",0.637130802648712,0,0.00282203448716254,0.0030210635851263,0.00539541560427905,0.113254784972441,0.00678365899473402,0.0606057980631041,0,0.0162525650335736,0.00333659866690662,0.00537198990283679,0.00328108578815259,0.0116700291243622,"WBGene00269790","SRAE_chr1","",NA,NA,NA,"",NA,"",NA,"",NA,"",NA
"304","SRAE_1000600038",0.493529351067495,0,0.00279766993506448,0.0029949806788237,0.00534883329453793,0,0.00672509103117989,0,0,0.0161122455338337,0.0033077915306296,0.00532560984318363,0.00325275793249126,0.0115692737884938,"WBGene00269791","SRAE_chr1","",NA,NA,NA,"",NA,"",NA,"",NA,"",NA
"305","SRAE_1000600039",0.493529351067495,0,0.00279766993506448,0.0029949806788237,0.00534883329453793,0,0.00672509103117989,0,0,0.0161122455338337,0.0033077915306296,0.00532560984318363,0.00325275793249126,0.0115692737884938,"WBGene00269792","SRAE_chr1","",NA,NA,NA,"",NA,"",NA,"",NA,"",NA
"306","SRAE_1000600040",0.493529351067495,0,0.00279766993506448,0.0029949806788237,0.00534883329453793,0,0.00672509103117989,0,0,0.0161122455338337,0.0033077915306296,0.00532560984318363,0.00325275793249126,0.0115692737884938,"WBGene00269793","SRAE_chr1","",NA,NA,NA,"",NA,"",NA,"",NA,"",NA
"307","SRAE_1000600041",0.493529351067495,0,0.00279766993506448,0.0029949806788237,0.00534883329453793,0,0.00672509103117989,0,0,0.0161122455338337,0.0033077915306296,0.00532560984318363,0.00325275793249126,0.0115692737884938,"WBGene00269794","SRAE_chr1","",NA,NA,NA,"",NA,"",NA,"",NA,"",NA
"308","SRAE_1000600042",0.493529351067495,0,0.00279766993506448,0.0029949806788237,0.00534883329453793,0,0.00672509103117989,0,0,0.0161122455338337,0.0033077915306296,0.00532560984318363,0.00325275793249126,0.0115692737884938,"WBGene00269795","SRAE_chr1","",NA,NA,NA,"",NA,"",NA,"",NA,"",NA
"309","SRAE_1000600043",0.493529351067495,0,0.00279766993506448,0.0029949806788237,0.00534883329453793,0,0.00672509103117989,0,0,0.0161122455338337,0.0033077915306296,0.00532560984318363,0.00325275793249126,0.0115692737884938,"WBGene00269796","SRAE_chr1","",NA,NA,NA,"",NA,"",NA,"",NA,"",NA
"310","SRAE_1000600044",0.493529351067495,0,0.00279766993506448,0.0029949806788237,0.00534883329453793,0,0.00672509103117989,0,0,0.0161122455338337,0.0033077915306296,0.00532560984318363,0.00325275793249126,0.0115692737884938,"WBGene00269797","SRAE_chr1","",NA,NA,NA,"",NA,"",NA,"",NA,"",NA
"311","SRAE_1000600045",0,0,0,0,0,0,0,0,0,0,0,0,0.00720542541522248,0,"WBGene00269798","SRAE_chr1","",NA,NA,NA,"",NA,"",NA,"",NA,"",NA
"312","SRAE_1000600046",0.359550371801089,0,0,0,0.0332178905041085,0,0,0,0,0,0,0,0,0,"WBGene00269799","SRAE_chr1","",NA,NA,NA,"",NA,"",NA,"",NA,"",NA
"313","SRAE_1000600047",0,0,0,0,0,0,0.0287149556128546,0,0,0,0,0,0,0,"WBGene00269800","SRAE_chr1","",NA,NA,NA,"",NA,"",NA,"",NA,"",NA
"314","SRAE_1000600048",0.00379320871786217,0.0271174879461254,0,0.00369415667884838,0.0031540062926645,0.00474671877061399,0.00259013329960949,0,0,0,0,0,0.00237533508879228,0,"WBGene00269801","SRAE_chr1","",NA,NA,NA,"",NA,"",NA,"",NA,"",NA
"315","SRAE_1000600049",0,0,0.0282812028664149,0,0,0,0,0.0503325038931004,0,0.0544774540641475,0,0,0,0,"WBGene00269802","SRAE_chr1","",NA,NA,NA,"",NA,"",NA,"",NA,"",NA
"316","SRAE_1000600050",0.00379320871786217,0.0271174879461254,0,0.00369415667884838,0.0031540062926645,0.00474671877061399,0.00259013329960949,0,0,0,0,0,0.00237533508879228,0,"WBGene00269803","SRAE_chr1","",NA,NA,NA,"",NA,"",NA,"",NA,"",NA
"317","SRAE_1000600051",0,0,0.0262871958563791,0.0358178877516237,0.0109501392230111,0.0329967439151405,0.0704824329023065,0.0357171362145565,0.0486040662346724,0.0173789544700975,0.0228029704064771,0.0305543424905608,0.0441424690684193,0.0247577809205132,"WBGene00269804","SRAE_chr1","",NA,NA,NA,"",NA,"",NA,"",NA,"",NA
"318","SRAE_1000600052",0.0817256805813723,0.057827349124177,0.0270832762785803,0.0229247317822243,0.0475615558458279,0.0542624165992825,0.0251487984927699,0.00689269139883248,0.0134619532341547,0.0402531845292914,0.0320368625966576,0.0184169760007163,0.0332959326111438,0.0252913604446544,"WBGene00269805","SRAE_chr1","",NA,NA,NA,"",NA,"",NA,"",NA,"",NA
"319","SRAE_1000600053",0,0,0.0262871958563791,0.0358178877516237,0.0109501392230111,0.0329967439151405,0.0704824329023065,0.0357171362145565,0.0486040662346724,0.0173789544700975,0.0228029704064771,0.0305543424905608,0.0441424690684193,0.0247577809205132,"WBGene00269806","SRAE_chr1","",NA,NA,NA,"",NA,"",NA,"",NA,"",NA
"320","SRAE_1000600054",0.0406236470485245,0,0,0,0.0326685106503299,0,0,0,0,0,0,0,0,0,"WBGene00269807","SRAE_chr1","",NA,NA,NA,"",NA,"",NA,"",NA,"",NA
"321","SRAE_1000600056",0.0038894037341832,0.0856162241411938,0.00402544422296765,0.00668389658348325,0,0.00842418214751807,0.0122165309104775,0,0.00766602754401447,0,0,0.0142524849933081,0.00838719674429856,0.00729625961312073,"WBGene00269809","SRAE_chr1","",NA,NA,NA,"",NA,"",NA,"",NA,"",NA
"322","SRAE_1000600057",0.202113753620132,0,0,0.00502331739920761,0,0.00633128595411755,0.0122419349526313,0.0113853669711103,0,0.00553882586194493,0.00360314334441457,0.0321347655439149,0.00945520386738354,0.00548358469491939,"WBGene00269810","SRAE_chr1","",NA,NA,NA,"",NA,"",NA,"",NA,"",NA
"323","SRAE_1000600058",0,0.0768670546017202,0.0138207079153895,0.022846743161819,0,0.0293564031094228,0.0587358458960496,0.0273389873936018,0.00459298252514738,0,0.0115299657269805,0,0.0146904204264713,0,"WBGene00269811","SRAE_chr1","",NA,NA,NA,"",NA,"",NA,"",NA,"",NA
"324","SRAE_1000600060",0,0,0,0,0,0,0,0,0,0,0,0,0,0,"WBGene00269813","SRAE_chr1","",NA,NA,NA,"",NA,"",NA,"",NA,"",NA
"325","SRAE_1000600061",0,0.085099850813079,0.00918053343915577,0.0101174630043303,0.0118774161434246,0.0195002961470303,0.00325132216635936,0,0.00915282796500581,0.0176724922599561,0,0.016171836494531,0,0.00556983723850996,"WBGene00269814","SRAE_chr1","",NA,NA,NA,"",NA,"",NA,"",NA,"",NA
"326","SRAE_1000600062",0,0,0,0,0,0,0,0,0,0,0,0,0,0,"WBGene00269815","SRAE_chr1","",NA,NA,NA,"",NA,"",NA,"",NA,"",NA
"327","SRAE_1000600063",0.00735801435288609,0.490170477883478,0.0157183986862217,0.0105683958433493,0,0.0317091295284498,0.0362834757142978,0.018649521776107,0.0101291098397697,0.0201853247488966,0.00547733365665922,0.0181630690917864,0.0503702102325653,0.00926245650349472,"WBGene00269816","SRAE_chr1","",NA,NA,NA,"",NA,"",NA,"",NA,"",NA
"328","SRAE_1000600064",0,0,0.00698514723334648,0,0.0178689948978543,0,0.0635960642340244,0.0630894009163409,0,0.0127883547543572,0.0083191586898316,0,0.0363846514983464,0.0126608223369536,"WBGene00269817","SRAE_chr1","",NA,NA,NA,"",NA,"",NA,"",NA,"",NA
"329","SRAE_1000600065",0.0038894037341832,0.0856162241411938,0.00402544422296765,0.00668389658348325,0,0.00842418214751807,0.0122165309104775,0,0.00766602754401447,0,0,0.0142524849933081,0.00838719674429856,0.00729625961312073,"WBGene00269818","SRAE_chr1","",NA,NA,NA,"",NA,"",NA,"",NA,"",NA
"330","SRAE_1000600066",0,0.0217840607129952,0.00382593573875438,0,0,0.00766543047847206,0,0,0,0.0151637083012077,0,0,0.00418095680396048,0,"WBGene00269819","SRAE_chr1","",NA,NA,NA,"",NA,"",NA,"",NA,"",NA
"331","SRAE_1000600067",0,0,0,0,0,0.0567764802788215,0.0141997350595577,0,0.013324547248035,0,0,0,0.014205981018037,0.0486509809839085,"WBGene00269820","SRAE_chr1","",NA,NA,NA,"",NA,"",NA,"",NA,"",NA
"332","SRAE_1000600068",0.00381320184812924,0.0683529310411206,0,0,0,0.0192417979061626,0.00509592917982465,0,0,0,0.00568022755933518,0.00870770315421485,0.013118804406867,0,"WBGene00269821","SRAE_chr1","",NA,NA,NA,"",NA,"",NA,"",NA,"",NA
"333","SRAE_1000600069",0.0106965123941428,0.0836675691576086,0.00734729056361782,0,0,0.00449796728780185,0.00439838263456963,0.0042192347550635,0.00223179084344289,0.00410669329919018,0.00531122258536355,0.00407101710098335,0.00245332263528936,0.00419293129168427,"WBGene00269822","SRAE_chr1","",NA,NA,NA,"",NA,"",NA,"",NA,"",NA
"334","SRAE_1000600070",0.0187057583680528,0,0.0110999130380361,0.0149262669187193,0.00523170590907116,0.00746405648583992,0.00854082409213158,0.0131697792206037,0.00357646230075051,0.00712719441173075,0.0185661438367824,0.0128262961543739,0.013550535203722,0.00784908639565106,"WBGene00269823","SRAE_chr1","",NA,NA,NA,"",NA,"",NA,"",NA,"",NA
"335","SRAE_1000600071",0,0.11690246899814,0.00684387932191346,0,0,0,0.0217886961447295,0.0139341549685201,0.0136071910129477,0.0135625040770631,0,0.0124104482196936,0.0149578564624697,0,"WBGene00269824","SRAE_chr1","",NA,NA,NA,"",NA,"",NA,"",NA,"",NA
"336","SRAE_1000600072",0,0,0,0,0,0,0,0,0.00455404586797127,0,0.011432221326625,0.0241392165428663,0.0145658835137383,0,"WBGene00269825","SRAE_chr1","",NA,NA,NA,"",NA,"",NA,"",NA,"",NA
"337","SRAE_1000600073",0.00381320184812924,0.0683529310411206,0,0,0,0.0192417979061626,0.00509592917982465,0,0,0,0.00568022755933518,0.00870770315421485,0.013118804406867,0,"WBGene00269826","SRAE_chr1","",NA,NA,NA,"",NA,"",NA,"",NA,"",NA
"338","SRAE_1000600074",0.0106965123941428,0.0836675691576086,0.00734729056361782,0,0,0.00449796728780185,0.00439838263456963,0.0042192347550635,0.00223179084344289,0.00410669329919018,0.00531122258536355,0.00407101710098335,0.00245332263528936,0.00419293129168427,"WBGene00269827","SRAE_chr1","",NA,NA,NA,"",NA,"",NA,"",NA,"",NA
"339","SRAE_1000600075",0.0187057583680528,0,0.0110999130380361,0.0149262669187193,0.00523170590907116,0.00746405648583992,0.00854082409213158,0.0131697792206037,0.00357646230075051,0.00712719441173075,0.0185661438367824,0.0128262961543739,0.013550535203722,0.00784908639565106,"WBGene00269828","SRAE_chr1","",NA,NA,NA,"",NA,"",NA,"",NA,"",NA
"340","SRAE_1000600076",0,0.311119066535059,0.0585121354080505,0,0,0,0,0.0275247720004965,0.0278574720904681,0,0.0348432249830868,0,0.0152389953015023,0.0265137315926291,"WBGene00269829","SRAE_chr1","",NA,NA,NA,"",NA,"",NA,"",NA,"",NA
"341","SRAE_1000600078",0,0.289353754016608,0.0195458576435932,0.0264714819417804,0.019970957166248,0.0156644398083707,0.00414852217317832,0,0.0116585204641039,0.00774680245677292,0.0277450579677672,0.0141775556664669,0.0128157715472504,0.0584082731502901,"WBGene00269831","SRAE_chr1","",NA,NA,NA,"",NA,"",NA,"",NA,"",NA
"342","SRAE_1000600082",0.0322601882985205,0.115654698248354,0.0203124458195877,0.0343870751446145,0.03459035760978,0.0406969482050575,0.0431122644276035,0.0137854273056939,0.0403858140851156,0.0134177432689618,0.0360414813425302,0.0491119360019101,0.0443945619005332,0.0252913604446544,"WBGene00269835","SRAE_chr1","",NA,NA,NA,"",NA,"",NA,"",NA,"",NA
"343","SRAE_1000600083",0,0,0.01364947863805,0,0,0.0546946340224756,0,0,0.0135691819774114,0,0,0,0,0,"WBGene00269836","SRAE_chr1","",NA,NA,NA,"",NA,"",NA,"",NA,"",NA
"344","SRAE_1000600084",0.202113753620132,0,0,0.00502331739920761,0,0.00633128595411755,0.0122419349526313,0.0113853669711103,0,0.00553882586194493,0.00360314334441457,0.0321347655439149,0.00945520386738354,0.00548358469491939,"WBGene00269837","SRAE_chr1","",NA,NA,NA,"",NA,"",NA,"",NA,"",NA
"345","SRAE_1000600085",0.054662092863193,0,0.0129745336834529,0,0.0183458044148352,0.0654348022374273,0.0149748367147735,0.023090982735712,0.00627069311926345,0,0.0162762801219737,0.0224886923110285,0.0158389974699846,0.0275239860270603,"WBGene00269838","SRAE_chr1","",NA,NA,NA,"",NA,"",NA,"",NA,"",NA
"346","SRAE_1000600086",0,0,0,0,0,0,0,0,0,0,0,0,0,0,"WBGene00269839","SRAE_chr1","",NA,NA,NA,"",NA,"",NA,"",NA,"",NA
"347","SRAE_1000600088",0,0.155869900912377,0.0205315843096254,0.0173790508505123,0.00874090503073344,0.0274240017060816,0.00726289602391312,0.0209012022145073,0.00680359298565482,0,0.0242868885366543,0.012410443621464,0.0299157018407858,0.0255642133835898,"WBGene00269841","SRAE_chr1","",NA,NA,NA,"",NA,"",NA,"",NA,"",NA
"348","SRAE_1000600089",0.021462494027374,0.158863401045784,0,0,0,0,0,0,0,0,0,0,0,0,"WBGene00269842","SRAE_chr1","",NA,NA,NA,"",NA,"",NA,"",NA,"",NA
"349","SRAE_1000600090",0,0,0.01364947863805,0,0,0.0546946340224756,0,0,0.0135691819774114,0,0,0,0,0,"WBGene00269843","SRAE_chr1","",NA,NA,NA,"",NA,"",NA,"",NA,"",NA
"350","SRAE_1000600091",0,0,0.0262871958563791,0.0358178877516237,0.0109501392230111,0.0329967439151405,0.0704824329023065,0.0357171362145565,0.0486040662346724,0.0173789544700975,0.0228029704064771,0.0305543424905608,0.0441424690684193,0.0247577809205132,"WBGene00269844","SRAE_chr1","",NA,NA,NA,"",NA,"",NA,"",NA,"",NA
"351","SRAE_1000600094",0.0038894037341832,0.0856162241411938,0.00402544422296765,0.00668389658348325,0,0.00842418214751807,0.0122165309104775,0,0.00766602754401447,0,0,0.0142524849933081,0.00838719674429856,0.00729625961312073,"WBGene00269847","SRAE_chr1","",NA,NA,NA,"",NA,"",NA,"",NA,"",NA
"352","SRAE_1000600095",0,0,0,0,0,0,0,0,0,0,0,0,0,0,"WBGene00269848","SRAE_chr1","",NA,NA,NA,"",NA,"",NA,"",NA,"",NA
"353","SRAE_1000600096",0,0,0.00664691268179765,0,0.0169786474537253,0.0266347496340357,0.0141077454186462,0.040599391228524,0.00660778823334932,0,0,0.0241065517897562,0,0,"WBGene00269849","SRAE_chr1","",NA,NA,NA,"",NA,"",NA,"",NA,"",NA
"354","SRAE_1000600097",0.0817256805813723,0.057827349124177,0.0270832762785803,0.0229247317822243,0.0475615558458279,0.0542624165992825,0.0251487984927699,0.00689269139883248,0.0134619532341547,0.0402531845292914,0.0320368625966576,0.0184169760007163,0.0332959326111438,0.0252913604446544,"WBGene00269850","SRAE_chr1","",NA,NA,NA,"",NA,"",NA,"",NA,"",NA
"355","SRAE_1000600099",0.0817256805813723,0.057827349124177,0.0270832762785803,0.0229247317822243,0.0475615558458279,0.0542624165992825,0.0251487984927699,0.00689269139883248,0.0134619532341547,0.0402531845292914,0.0320368625966576,0.0184169760007163,0.0332959326111438,0.0252913604446544,"WBGene00269852","SRAE_chr1","",NA,NA,NA,"",NA,"",NA,"",NA,"",NA
"356","SRAE_1000600102",0.00379320871786217,0.0271174879461254,0,0.00369415667884838,0.0031540062926645,0.00474671877061399,0.00259013329960949,0,0,0,0,0,0.00237533508879228,0,"WBGene00269855","SRAE_chr1","",NA,NA,NA,"",NA,"",NA,"",NA,"",NA
"357","SRAE_1000600103",0.0817256805813723,0.057827349124177,0.0270832762785803,0.0229247317822243,0.0475615558458279,0.0542624165992825,0.0251487984927699,0.00689269139883248,0.0134619532341547,0.0402531845292914,0.0320368625966576,0.0184169760007163,0.0332959326111438,0.0252913604446544,"WBGene00269856","SRAE_chr1","",NA,NA,NA,"",NA,"",NA,"",NA,"",NA
"358","SRAE_1000600107",0.096319706938802,0,0.0227735801766044,0,0,0,0.0689232473463083,0,0,0,0,0,0,0,"WBGene00269860","SRAE_chr1","",NA,NA,NA,"",NA,"",NA,"",NA,"",NA
"359","SRAE_1000600109",0,0,0,0,0,0,0,0,0,0,0,0,0,0,"WBGene00269862","SRAE_chr1","",NA,NA,NA,"",NA,"",NA,"",NA,"",NA
"360","SRAE_1000600110",0,0,0,0,0,0,0,0,0,0,0,0,0,0,"WBGene00269863","SRAE_chr1","",NA,NA,NA,"",NA,"",NA,"",NA,"",NA
"361","SRAE_1000600112",0,0,0,0,0.0444033689224893,0,0.0392431270199305,0.121837584751223,0,0,0,0,0.037031401175455,0.0814139565250626,"WBGene00269865","SRAE_chr1","",NA,NA,NA,"",NA,"",NA,"",NA,"",NA
"362","SRAE_1000600113",0,0,0,0,0,0.0632199665422211,0.021944884575778,0,0,0.0488167655969926,0,0,0,0,"WBGene00269866","SRAE_chr1","",NA,NA,NA,"",NA,"",NA,"",NA,"",NA
"363","SRAE_1000600114",0,0,0,0,0,0,0,0,0,0,0,0,0,0,"WBGene00269867","SRAE_chr1","",NA,NA,NA,"",NA,"",NA,"",NA,"",NA
"364","SRAE_1000600116",0,0,0,0,0,0,0,0,0,0,0,0,0,0,"WBGene00269869","SRAE_chr1","",NA,NA,NA,"",NA,"",NA,"",NA,"",NA
"365","SRAE_1000600118",0,0.184936905692134,0,0,0,0.0579221327870188,0.0218574578955253,0,0,0,0,0.113859847687226,0.0818524652508753,0.0417119003215463,"WBGene00269871","SRAE_chr1","",NA,NA,NA,"",NA,"",NA,"",NA,"",NA
"366","SRAE_2000000100",0,0,0.0287704403486946,0.0451370649702673,0,0.1015795440853,0.099636040979504,0.141636355104316,0,0.0426197175876436,0.0355686341070694,0.0910014337828058,0.0599730983294262,0,"WBGene00260190","SRAE_chr2","",NA,NA,"A0A090LCU5, A0A8X9AEP5","",NA,"",NA,"",NA,"",NA
"367","SRAE_2000000500",0,0,0,0,0,0,0,0,0,0,0,0,0,0,"WBGene00260194","SRAE_chr2","",NA,NA,"A0A090MXF1","SSTP_0000358200",36.4641,"",NA,"",NA,"",NA
"368","SRAE_2000002900",0,0.365902101008397,0,0.0484894369514119,0,0,0,0,0,0,0,0,0.0279205741832801,0,"WBGene00260218","SRAE_chr2","GPCR, rhodopsin-like, 7TM domain and 7TM GPCR, serpentine receptor class x (Srx) family-containing protein","GPCR_Rhodpsn_7TM, 7TM_GPCR_serpentine_rcpt_Srx","membrane","A0A090LB49","SSTP_0000142400 | SSTP_0000142400",75.7848,"SPAL_0000624400",69.0583,"SVE_0230900",64.574,"",NA
"369","SRAE_2000045000",0,0,0,0,0,0.182883457144786,0.115209569198696,0.0521446561266389,0,0,0,0.0458414489613812,0.0577621511679637,0.052299922314031,"WBGene00260644","SRAE_chr2","G_PROTEIN_RECEP_F1_2 domain-containing protein",NA,"membrane","A0A090MXP1","SSTP_0000391300",51.6517,"SPAL_0000705000",14.1141,"",NA,"",NA
"370","SRAE_2000048450",0,0,0.0280963485750342,0.157835570593211,0.110609452390505,0.0459411563777808,0.0256657830587882,0.0516600767387481,0.084321090215614,0.242239816903001,0,0,0.0269787832437007,0.0511796450247231,"WBGene00260679","SRAE_chr2","",NA,NA,"A0A090MXP8","",NA,"",NA,"",NA,"",NA
"371","SRAE_2000048500",0,0,0.177102134895564,0.154924006885233,0.201642207894741,0.0433146785743351,0.0284073650491883,0,0.230019995654861,0.0541210043463987,0.0999467978757332,0,0,0,"WBGene00260680","SRAE_chr2","Argonaute/Dicer protein, PAZ domain-containing protein","PAZ_dom_sf","protein binding","A0A090LE87","",NA,"",NA,"",NA,"",NA
"372","SRAE_2000067400",0,0,0,0,0,0,0,0,0.0296474822452867,0,0,0,0,0,"WBGene00260871","SRAE_chr2","",NA,NA,"A0A090L878","",NA,"",NA,"SVE_1796200",46.1538,"",NA
"373","SRAE_2000087300",0,0,0.0592995965790044,0,0.106650826762638,0.0457925480590606,0.0288149767101553,0,0,0,0,0.0918286507199603,0.0288973959745699,0,"WBGene00261073","SRAE_chr2","",NA,NA,"A0A090LDM2","",NA,"",NA,"",NA,"",NA
"374","SRAE_2000094400",0,0,0.0599678100721661,0,0,0.086687624003681,0.0285910346606735,0,0,0.0541220134020516,0,0.0432181561548253,0.0566341300091946,0.0555829643304082,"WBGene00261144","SRAE_chr2","Tetratricopeptide repeat protein 28","TPR-like_helical_dom_sf, TPR_repeat","protein binding","A0A090MXZ1","",NA,"",NA,"",NA,"",NA
"375","SRAE_2000098600",0,0.119301372795768,0.0310784492606421,0,0.0369479872639559,0.144447031403231,0.0297369279948689,0.112089465194931,0,0,0.0707010311612989,0.0985041507769493,0.0283550109751106,0,"WBGene00261186","SRAE_chr2","",NA,NA,"A0A090L962","",NA,"SPAL_0000772000",77.6316,"SVE_0451500",76.3158,"",NA
"376","SRAE_2000110700",0,0,0.118542765203156,0,0,0.137241451421372,0.190660406921232,0.0540409234057258,0.118062189542268,0,0.0336701330840779,0.0481005573430264,0.0543819977109454,0.161789272787642,"WBGene00261309","SRAE_chr2","Ovule protein",NA,NA,"A0A090MY24","",NA,"",NA,"",NA,"",NA
"377","SRAE_2000125900",0,0,0,0,0.033541491602657,0.0427450564720499,0,0,0.0873859997226729,0.102495053360487,0.0339556797162495,0,0,0.0548078649391891,"WBGene00261462","SRAE_chr2","CAP domain-containing protein","CAP_sf",NA,"A0A090L9Y9","",NA,"",NA,"",NA,"",NA
"378","SRAE_2000126200",0,0,0,0,0.0328765670475003,0,0,0,0.0300123489653678,0,0,0,0,0,"WBGene00261465","SRAE_chr2","KTSC domain-containing protein",NA,NA,"A0A090MY55","",NA,"",NA,"",NA,"",NA
"379","SRAE_2000128200",0,0,0,0,0.0332457504443044,0,0,0,0.0297058597661166,0,0,0.0457856070300664,0.0577624398180572,0.0523129445869804,"WBGene00261485","SRAE_chr2","Proton_antipo_M domain-containing protein",NA,"membrane","A0A090MY59","SSTP_0000511500",70.7237,"SPAL_0001108150",32.8947,"SVE_1858100",62.1711,"",NA
"380","SRAE_2000143300",0,0,0.0297369772005732,0,0,0.135032994624736,0.145025308362126,0.0524678909500083,0,0,0,0.135343349453774,0.145042060862733,0.0527842144361726,"WBGene00261638","SRAE_chr2","Serpin domain-containing protein","Serpin_fam, Serpin_dom, Serpin_sf, Serpin_sf_1","serine-type endopeptidase inhibitor activity, negative regulation of peptidase activity, peptidase inhibitor activity, extracellular space","A0A090LAK2","",NA,"SPAL_0001700900",69.0608,"SVE_1906600",64.0884,"srp-2 | WBGene00005643",25.9669
"381","SRAE_2000155100",0,0,0,0,0,0,0.0605274683795829,0,0,0,0,2.14329105776658e-05,0,0,"WBGene00261756","SRAE_chr2","",NA,NA,"A0A090LHC3","",NA,"",NA,"SVE_1796200",42.9907,"",NA
"382","SRAE_2000202700",0,0.257026547564298,0,0,0.0398009937443914,0.103733219332568,0,0,0,0,0,0,0,0,"WBGene00262234","SRAE_chr2","",NA,NA,"A0A090LGV6","",NA,"",NA,"",NA,"",NA
"383","SRAE_2000242300",0,0,0,0,0,0,0,0,0,0,0,0,0,0,"WBGene00262633","SRAE_chr2","",NA,NA,NA,"",NA,"",NA,"",NA,"",NA
"384","SRAE_2000243800",0,0.174973813025001,0.0598562145949398,0,0.0346796649445104,0.0456996984919473,0.0307136688149491,0.0519237742325412,0,0.0513552053646844,0.0665703228597075,0,0.0575337419735549,0.0543365393946226,"WBGene00262648","SRAE_chr2","Acrosomal protein SP-10",NA,NA,"A0A090LDC2","",NA,"",NA,"",NA,"",NA
"385","SRAE_2000257900",0,0,0.0376872952608388,0,0,0.0455249841468638,0.0324326052518791,0,0.0297898297695195,0,0.012095597648307,0.0558440853952927,0.035602675177753,0,"WBGene00262790","SRAE_chr2","Acrosomal protein SP-10",NA,NA,"A0A090LIE6","",NA,"",NA,"",NA,"",NA
"386","SRAE_2000290200",0.492026045990622,0,0,0,0.0361931183526235,0,0.0957457235083809,0,0,0,0.0362628013410249,0.145451562305538,0.0317996085491002,0,"WBGene00263118","SRAE_chr2","Metalloendopeptidase","Peptidase_M12A, MetalloPept_cat_dom_sf","proteolysis, hydrolase activity, peptidase activity, metal ion binding, metallopeptidase activity, metalloendopeptidase activity","A0A090MZ35","SSTP_0000966000",36.3636,"",NA,"",NA,"",NA
"387","SRAE_2000360450",0,0,0,0,0,0.0441410957505389,0,0,0,0,0,0.0433473459836298,0,0.057834996028723,"WBGene00263828","SRAE_chr2","",NA,NA,"A0A090LGM6","SSTP_0000231400",67.8261,"",NA,"SVE_1766900",58.2609,"",NA
"388","SRAE_2000389000",0,0,0.0593334071218648,0.150773353254861,0.0664750410876518,0.0455093581183809,0.0288691162854846,0,0.0594979878167439,0.0504447178039065,0.0333482170189685,0.136892348503798,0.0289242212404564,0.0524600875198231,"WBGene00264117","SRAE_chr2","Sulfotransferase family and P-loop containing nucleoside triphosphate hydrolase domain-containing protein","Sulfotransferase, Chst-1, P-loop_NTPase","hydrolase activity, membrane, transferase activity, sulfotransferase activity, chondroitin sulfate biosynthetic process, chondroitin 4-sulfotransferase activity, positive regulation of response to oxidative stress","A0A090LP11","SSTP_0000697700",81.59,"SPAL_0000873300",66.5272,"SVE_1122700",66.5272,"K07H8.8 | WBGene00019508",24.2678
"389","SRAE_2000392800",0,0,0,0,0,0,0,0,0,0,0,0,0,0,"WBGene00264155","SRAE_chr2","",NA,"membrane","A0A090LM90","SSTP_0000081200",72.1973,"SPAL_0000394600",71.3004,"SVE_0283200",67.713,"",NA
"390","SRAE_2000405900",0.0774817111061938,0.3149807919056,0,0,0,0.043886160947588,0,0,0,0,0,0.0873887086771151,0,0,"WBGene00264287","SRAE_chr2","",NA,NA,"A0A090LPE8","SSTP_0000377100",45.5224,"",NA,"",NA,"",NA
"391","SRAE_2000412500",0.0248406379011511,0.129203157170696,0.0711222229246408,0,0,0,0.0346740894347447,0,0,0,0,0.051868161217796,0.0662510270018236,0.200730807423376,"WBGene00264353","SRAE_chr2","Transposase",NA,NA,"A0A090LI35","SSTP_0000207250",68.8172,"SPAL_0001736700",59.1398,"",NA,"",NA
"392","SRAE_2000420200",0,0.533464849257694,0.0292904797033133,0,0,0,0,0,0,0,0.0329864000427449,0,0.057102072110215,0.0517044553074176,"WBGene00264431","SRAE_chr2","7TM GPCR, serpentine receptor class r (Str) family-containing protein","7TM_GPCR_serpentine_rcpt_Str","membrane","A0A090MZU7","SSTP_0001018500 | SSTP_0001018500",67.1827,"SPAL_0000685600",40.5573,"SVE_0886800",58.8235,"",NA
"393","SRAE_2000423800",0.350186143288054,0.186568793688016,0,0.0507344314054577,0.0335582779637421,0.0459988864360714,0,0,0,0.0509222820786746,0.101023186261525,0.0461223639488646,0.0583752827671601,0,"WBGene00264467","SRAE_chr2","GPCR, rhodopsin-like, 7TM domain and 7TM GPCR, olfactory receptor/chemoreceptor Srsx family-containing protein","GPCR_Rhodpsn, GPCR_Rhodpsn_7TM, 7TM_GPCR_Srsx, 7TM_GPCR_Srsx_nematod","membrane, G protein-coupled receptor signaling pathway, G protein-coupled receptor activity","A0A090MZV4","SSTP_0000477300 | SSTP_0000477300",61.5686,"SPAL_0000321500",52.549,"SVE_1578700",52.1569,"srsx-21 | WBGene00011084",23.1373
"394","SRAE_2000425650",0,0,0,0,0,0,0,0,0,0,0,0.0922290072065604,0,0,"WBGene00264486","SRAE_chr2","7TM GPCR, serpentine receptor class e (Sre) family-containing protein","7TM_GPCR_serpentine_rcpt_Sre","membrane, sensory perception of chemical stimulus","A0A090LN59","SSTP_0000963800 | SSTP_0000963800",72.0497,"SPAL_0000440500",65.2174,"SVE_0648200",65.528,"",NA
"395","SRAE_2000425700",0,0,0,0,0,0,0,0,0,0,0,0,0,0,"WBGene00264487","SRAE_chr2","7TM GPCR, serpentine receptor class e (Sre) family-containing protein",NA,"membrane","A0A090MZV8","SSTP_0000963700",67.4603,"SPAL_0000440600",53.1746,"SVE_0648300",53.1746,"",NA
"396","SRAE_2000425800",0,0,0.029685724806254,0.0499857743496501,0,0.0442747444157044,0.0581100981502069,0.105037432921068,0.0298050314421615,0,0.0330818185672961,0,0.057961387091035,0.106056555963437,"WBGene00264488","SRAE_chr2","7TM GPCR, serpentine receptor class v (Srv) family-containing protein","7TM_GPCR_serpentine_rcpt_Srv","membrane","A0A090LPY1","SSTP_0000963600",49.6855,"SPAL_0000440700",67.9245,"SVE_0648400",40.8805,"",NA
"397","SRAE_2000427900",0,0,0,0.0512881748031261,0.0340592060093097,0.0428216595441533,0.0565925188933515,0.0516431446548852,0,0.0547728730305227,0.0331965287898778,0.0419925306514018,0,0.0560967702141729,"WBGene00264509","SRAE_chr2","",NA,NA,"A0A090LIJ3","SSTP_0000663300",79.7753,"SPAL_0000429600",62.9213,"",NA,"",NA
"398","SRAE_2000430900",0,0,0,0,0.0667336193825885,0,0,0,0,0,0.0334796806433264,0.0458881127930712,0,0,"WBGene00264539","SRAE_chr2","Serpentine receptor class gamma","7TM_GPCR_serpentine_rcpt_Srg","membrane, sensory perception of chemical stimulus, transmembrane signaling receptor activity","A0A090LIM5","",NA,"SPAL_0000507100",31.3433,"SVE_1994900",26.4925,"",NA
"399","SRAE_2000432200",0,0.179097709939655,0.0293884376486155,0.0996945498706217,0.131925256320996,0,0,0,0.0884017260402615,0.149989709998186,0.198552710440995,0,0,0,"WBGene00264552","SRAE_chr2","7TM GPCR, serpentine receptor class v (Srv) family-containing protein","7TM_GPCR_serpentine_rcpt_Srv","membrane","A0A090MZX1","",NA,"SPAL_0001719200",60.5178,"SVE_1994800",60.1942,"",NA
"400","SRAE_2000436700",0,0.185565378500524,0.0290158212047256,0,0.0324839752341667,0,0,0,0.0872936975993713,0,0,0,0.0282904245543281,0,"WBGene00264598","SRAE_chr2","",NA,"membrane","A0A090MZY0","SSTP_0000261650",72.0721,"",NA,"",NA,"",NA
"401","SRAE_2000436900",0,0,0.0290579507711988,0.0540211458982609,0,0.0460068436011283,0.0272970463307992,0,0.0592554603144701,0,0.0334601097635834,0.0968686345020448,0.0821987018423589,0,"WBGene00264600","SRAE_chr2","Astacin-like metalloendopeptidase",NA,NA,"A0A090LIV6","",NA,"",NA,"",NA,"",NA
"402","SRAE_2000437500",0,0,0.0296546612756014,0,0.0664592687719172,0,0,0,0,0,0,0.0456373034219897,0.0867349786196543,0.209729749109896,"WBGene00264606","SRAE_chr2","",NA,"membrane","A0A090LJ52","SSTP_0000260800",62.7049,"SPAL_0000935900",50.8197,"",NA,"",NA
"403","SRAE_2000446900",0,0,0,0,0,0,0,0,0,0,0,0,0,0,"WBGene00264701","SRAE_chr2","Serpentine receptor class gamma","7TM_GPCR_serpentine_rcpt_Srg","membrane, sensory perception of chemical stimulus, transmembrane signaling receptor activity","A0A090LJD9","SSTP_0001289100 | SSTP_0001289100",64.5161,"SPAL_0000084400",43.0108,"",NA,"",NA
"404","SRAE_2000450100",0,0.534989924789646,0.029145510109728,0,0,0,0.0283424472428192,0,0,0,0,0,0.0568245955489758,0,"WBGene00264733","SRAE_chr2","GPCR, rhodopsin-like, 7TM domain and 7TM GPCR, olfactory receptor/chemoreceptor Srsx family-containing protein","GPCR_Rhodpsn_7TM, 7TM_GPCR_Srsx","membrane","A0A090N007","SSTP_0001115900",52.7027,"SPAL_0000411600",23.3108,"",NA,"",NA
"405","SRAE_2000450200",0,0.268656163403967,0.0556988057334634,0.0940986509816438,0,0,0.0272130448535427,0,0,0,0.0311056954751624,0.0409599164289736,0,0.101075728220134,"WBGene00264734","SRAE_chr2","7TM GPCR, serpentine receptor class e (Sre) family-containing protein","7TM_GPCR_serpentine_rcpt_Sre","membrane, sensory perception of chemical stimulus","A0A090LQK9","SSTP_0001115800",59.8592,"SPAL_0000411500",64.0845,"SVE_1569200",64.7887,"",NA
"406","SRAE_2000455400",0,0.502513141344747,0,0,0,0,0,0,0,0,0,0.0548929912537498,0,0.0605289531371585,"WBGene00264786","SRAE_chr2","Cupin",NA,NA,"A0A090LJL6","SSTP_0000384600",63.0137,"SPAL_0000370300",57.5342,"SVE_1000711550",58.9041,"",NA
"407","SRAE_2000457800",0,0.36033693067312,0,0,0.0988264100289396,0.0452182767801838,0.0285559609221787,0,0.0588863068729175,0.0499493866319702,0,0,0,0.0518589646964536,"WBGene00264810","SRAE_chr2","7TM GPCR, serpentine receptor class v (Srv) family-containing protein","7TM_GPCR_serpentine_rcpt_Srv","membrane","A0A090LJB7","SSTP_0000370200",64.9306,"",NA,"",NA,"",NA
"408","SRAE_2000459500",0,0,0,0,0,0.0457526580177797,0,0,0,0,0,0.0458771344655509,0.0289389547336472,0.104834869156478,"WBGene00264827","SRAE_chr2","7TM GPCR, serpentine receptor class r (Str) family-containing protein","7TM_GPCR_serpentine_rcpt_Str","membrane","A0A090LP35","SSTP_0000537400 | SSTP_0000537400",54.6053,"SPAL_0000345800",19.0789,"SVE_1223800",42.4342,"",NA
"409","SRAE_2000459600",0.340784829361122,0,0,0,0,0.0598567274103773,0,0.0684954463994994,0,0,0,0,0,0,"WBGene00264828","SRAE_chr2","",NA,NA,"A0A090N026","SSTP_0000537500",70.5128,"",NA,"",NA,"",NA
"410","SRAE_2000459700",0.377358747197975,0,0,0,0,0.0930161247271946,0.0584839178103959,0,0,0,0.0339122924180611,0.0466324726080422,0,0,"WBGene00264829","SRAE_chr2","Glycosyltransferase family 92 protein","Glyco_transf_92","membrane, glycosyltransferase activity, transferase activity","A0A090LQT5","SSTP_0000537600",70.4082,"SPAL_0000304950",44.898,"SVE_1595200",57.398,"",NA
"411","SRAE_2000459800",0,0,0.118418321735637,0.100482079377877,0.133012560362164,0,0,0,0.0890261993755563,0.15111679227297,0.0667416889074642,0,0,0,"WBGene00264830","SRAE_chr2","Glycosyltransferase family 92 protein","Glyco_transf_92","membrane, glycosyltransferase activity, transferase activity","A0A090LJE0","SSTP_0000537700",69.1781,"SPAL_0001300900",63.242,"SVE_0343500",63.4703,"",NA
"412","SRAE_2000462000",0,0,0.0296456589289256,0,0.132990495819601,0.13683745218312,0.0288371550661512,0,0.05945496459541,0.100857482565631,0.133441554214976,0.137206776898004,0.0578054044091129,0.0523750072925629,"WBGene00264852","SRAE_chr2","Serpentine receptor class gamma",NA,"membrane","A0A090LP53","SSTP_0001109400",62.2711,"SPAL_0001741000",55.6777,"SVE_1617700",55.6777,"",NA
"413","SRAE_2000463050",0,0,0.0295633128787604,0,0,0,0,0,0.0296432264229099,0.100586782986048,0,0,0.11528188661152,0.0522040469979189,"WBGene00264863","SRAE_chr2","Sulfotransferase family-containing protein","Sulfotransferase, Chst-1","membrane, transferase activity, sulfotransferase activity, chondroitin sulfate biosynthetic process, chondroitin 4-sulfotransferase activity, positive regulation of response to oxidative stress","A0A090N033","SSTP_0000948300",81.1258,"SPAL_0000087100",64.2384,"SVE_1332200",59.9338,"K07H8.8 | WBGene00019508",19.8675
"414","SRAE_2000463650",0.0724658153280951,0.18467309579925,0,0,0,0,0.0292910631340113,0,0,0,0,0,0,0,"WBGene00264870","SRAE_chr2","7TM GPCR, serpentine receptor class e (Sre) family-containing protein","7TM_GPCR_serpentine_rcpt_Sre","membrane, sensory perception of chemical stimulus","A0A090LJI0","SSTP_0000949000",41.3793,"",NA,"",NA,"",NA
"415","SRAE_2000463900",0,0,0,0.0502465270748384,0.0328518476085074,0.0874973569118067,0.0290622868820736,0,0.0299471503427822,0,0,0,0.0290104576283164,0.16191660099069,"WBGene00264873","SRAE_chr2","Envelope protein UL45",NA,"membrane","A0A090N035","SSTP_0000949300",82.3944,"SPAL_0001428500",75.3521,"SVE_0573900",75.3521,"",NA
"416","SRAE_2000465600",0,0,0.271354440164485,0.0519668363344923,0.135270400055933,0.0432469640094793,0.0292877848227711,0,0.119573204703007,0.156103632800421,0,0.0422992014399849,0.0590038896047554,0,"WBGene00264892","SRAE_chr2","ORFan","AB_hydrolase",NA,"A0A090LP91","",NA,"",NA,"",NA,"",NA
"417","SRAE_2000467200",0,0,0.0306422749053464,0,0,0.0447015508373853,0.0590646785820816,0,0,0,0,0.0445586641511232,0,0,"WBGene00264908","SRAE_chr2","",NA,"membrane","A0A090N042","",NA,"SPAL_0000501300",25,"SVE_1992300",30,"",NA
"418","SRAE_2000469500",0,0,0,0.100502056375402,0.0332560815185874,0.0915292817461434,0,0,0.0296883077878747,0.0503887007605163,0.200237926896344,0,0.0288633644816862,0.104495922703531,"WBGene00264933","SRAE_chr2","Metalloendopeptidase","EGF-like_dom, Peptidase_M12A, MetalloPept_cat_dom_sf","proteolysis, hydrolase activity, peptidase activity, metal ion binding, metallopeptidase activity, metalloendopeptidase activity","A0A090LPD4","",NA,"",NA,"",NA,"",NA
"419","SRAE_2000471200",0,0,0,0.0502957677553256,0.0332769708409427,0,0,0,0.02973470849601,0,0.0333882508437344,0.0458254985456438,0.0289092872192914,0,"WBGene00264950","SRAE_chr2","7TM GPCR, serpentine receptor class v (Srv) family-containing protein","7TM_GPCR_serpentine_rcpt_Srv","membrane","A0A090LR39","SSTP_0000114333",68.543,"",NA,"SVE_0341700",24.5033,"",NA
"420","SRAE_2000473800",0,0.375472623510749,0.0585159964914248,0,0.0327503474395316,0.0447505564833089,0.0284852904588369,0,0,0.0497344240029203,0,0,0.0570548220220706,0.0517743090515002,"WBGene00264977","SRAE_chr2","Serpentine receptor class gamma","7TM_GPCR_serpentine_rcpt_Srg, GPCR_Rhodpsn_7TM","membrane, sensory perception of chemical stimulus, transmembrane signaling receptor activity","A0A090LK58","",NA,"",NA,"",NA,"",NA
"421","SRAE_2000474450",0,0,0,0,0,0,0,0,0,0,0,0,0,0,"WBGene00264986","SRAE_chr2","7TM GPCR, serpentine receptor class r (Str) family-containing protein","7TM_GPCR_serpentine_rcpt_Str","membrane","A0A090LJY2","SSTP_0001040050 | SSTP_0001040050",25.9259,"SPAL_0001229050",41.4815,"SVE_1655200",28.5185,"",NA
"422","SRAE_2000477200",0,0,0.0296629716830921,0.100652096493836,0.0999112695359945,0.0458141136642228,0,0,0,0.0504671927614416,0.100261687373119,0.0459359711172975,0,0,"WBGene00265015","SRAE_chr2","Fucosyltransferase","Glyco_trans_10, Glyco_tran_10_N, GT10-like_C_sf","membrane, Golgi apparatus, glycosyltransferase activity, transferase activity, protein glycosylation, Golgi cisterna membrane, fucosyltransferase activity, fucosylation","A0A090LRB2","SSTP_0001111700",75.0685,"SPAL_0000410700",46.5753,"SVE_1570300",67.3973,"fut-3 | WBGene00006402",24.9315
"423","SRAE_2000477350",0,0,0,0,0,0,0,0,0,0,0,0,0,0,"WBGene00265017","SRAE_chr2","Fucosyltransferase","Glyco_trans_10, GT10-like_C_sf","membrane, Golgi apparatus, glycosyltransferase activity, transferase activity, protein glycosylation, Golgi cisterna membrane, fucosyltransferase activity","A0A090LKA0","",NA,"",NA,"SVE_0000176450",45.3125,"",NA
"424","SRAE_2000478200",0,0,0.0296898197306061,0.100510197555308,0.0664453515345242,0.0453578708666223,0.115640072974548,0.0523146930085199,0,0.050464055916799,0.0666500582176792,0.0909747998470753,0.144749349763774,0.0525528884502527,"WBGene00265026","SRAE_chr2","",NA,"membrane","A0A090LK31","SSTP_0001110100",66.6667,"SPAL_0000669600",60.0939,"SVE_1184100",58.6854,"",NA
"425","SRAE_2000478750",0,0.181827755685972,0,0,0,0.0442836007407822,0,0,0,0,0,0,0.0281451709738153,0,"WBGene00265033","SRAE_chr2","G protein-coupled receptor, rhodopsin-like family and GPCR, rhodopsin-like, 7TM domain-containing protein","GPCR_Rhodpsn, GPCR_Rhodpsn_7TM","membrane, G protein-coupled receptor signaling pathway, G protein-coupled receptor activity","A0A090LKB9","SSTP_0000683400",68.2008,"SPAL_0000670250",55.2301,"SVE_1183400",53.9749,"",NA
"426","SRAE_2000482200",0,0,0,0,0,0,0,0,0,0,0,0,0,0,"WBGene00265068","SRAE_chr2","EGF-like domain-containing protein",NA,NA,"A0A090LKI6","",NA,"",NA,"",NA,"",NA
"427","SRAE_2000485700",0,0.200002199667086,0.0302503933985994,0,0,0,0,0,0.0302372769198655,0,0,0,0.0294698439968263,0.109885488261291,"WBGene00265103","SRAE_chr2","Evolutionarily conserved signaling intermediate in Toll pathway, mitochondrial","ECSIT, ECSIT_N",NA,"A0A090LKL1","SSTP_0000220700",74.4318,"SPAL_0001154400",65.3409,"SVE_1637200",65.9091,"Y17G9B.5 | WBGene00021202",37.5
"428","SRAE_2000486200",0,0,0,0.0511906672890684,0,0,0,0,0,0,0.0335184591174673,0,0.060315282038034,0,"WBGene00265108","SRAE_chr2","Evolutionarily conserved signaling intermediate in Toll pathway, mitochondrial","ECSIT, ECIST_C, ECSIT_N","nucleus, cytoplasm, mitochondrion, immune system process, innate immune response","A0A090LKL3","",NA,"",NA,"",NA,"",NA
"429","SRAE_2000491100",0,0.842895624114972,0.0279937038752168,0,0,0.0419165894750598,0,0,0.0561964325018071,0,0,0,0,0,"WBGene00265158","SRAE_chr2","Sulfotransferase family-containing protein","Sulfotransferase, Chst-1","membrane, transferase activity, sulfotransferase activity, chondroitin sulfate biosynthetic process, chondroitin 4-sulfotransferase activity, positive regulation of response to oxidative stress","A0A090LKP7","SSTP_0000163700",87.8049,"SPAL_0000604500",87.8049,"SVE_1567600",85.9756,"K07H8.8 | WBGene00019508",26.8293
"430","SRAE_2000494100",0.441065371637566,0.185564997093566,0,0,0,0,0,0,0,0,0,0,0,0,"WBGene00265188","SRAE_chr2","7TM GPCR, serpentine receptor class e (Sre) family-containing protein",NA,"membrane","A0A090LKS4","SSTP_0000937700",50.6667,"SPAL_0001434200",44,"SVE_0337000",49.3333,"",NA
"431","SRAE_2000498400",0.158613640416785,0,0,0,0.171112535757033,0,0,0,0,0,0.00516548920434646,0.00763426048488632,0,0.322465089304049,"WBGene00265231","SRAE_chr2","Transposase, ISXO2-like domain-containing protein","Tnp_ISXO2-like",NA,"A0A090LRY7","SSTP_0000469600",67.6364,"SPAL_0000656900",60.7273,"SVE_0018900",44,"",NA
"432","SRAE_2000504350",0.0241867712088088,0.241453711407811,0.0335719640653168,0,0.155025133116315,0,0.032760781071445,0.0607424759091064,0.0668253897163892,0.127048573557886,0,0.098321181259768,0.0624571723530695,0.0632331300542364,"WBGene00265295","SRAE_chr2","Cytochrome c oxidase subunit 1","Cyt_C_Oxase_1, Cyt_c_oxase-like_su1_dom, Cyt_c_oxase-like_su1_sf","membrane, heme binding, mitochondrial inner membrane, proton transmembrane transport, electron transport chain, cytochrome-c oxidase activity, oxidative phosphorylation, aerobic respiration","A0A090LQF0, A0A7I5U2H2","",NA,"",NA,"SVE_2023600",36.5591,"",NA
"433","SRAE_2000505300",0,0,0,0,0,0,0,0,0,0,0,0,0,0,"WBGene00265305","SRAE_chr2","",NA,NA,"A0A090LQG1","",NA,"",NA,"",NA,"",NA
"434","SRAE_2000506600",0,0,0,0,0.0665016570264205,0.0913654387314695,0.0864196787262585,0.104300916440788,0.0297071927009988,0,0,0.137421842139264,0.0577647442873725,0.156927871287129,"WBGene00265318","SRAE_chr2","Sulfotransferase family-containing protein","Sulfotransferase, Chst-1","membrane, transferase activity, sulfotransferase activity, chondroitin sulfate biosynthetic process, chondroitin 4-sulfotransferase activity, positive regulation of response to oxidative stress","A0A090LKS5","SSTP_0000934200",75.1592,"SPAL_0000049300",72.6115,"SVE_0590400",71.9745,"K07H8.8 | WBGene00019508",22.293
"435","SRAE_2000507650",0.482418888109681,0,0,0.0511799873428297,0.0677301778143832,0,0,0,0,0,0.067966253115785,0,0.0294079614111349,0,"WBGene00265330","SRAE_chr2","7TM GPCR, serpentine receptor class r (Str) family-containing protein","7TM_GPCR_serpentine_rcpt_Srj, 7TM_GPCR_serpentine_rcpt_Str","membrane","A0A090LL53","SSTP_0001110500 | SSTP_0001110500",64.5646,"",NA,"",NA,"",NA
"436","SRAE_2000511700",0,0,0,0,0,0,0.0570179231350981,0,0,0,0,0,0.0474078478041658,0,"WBGene00265371","SRAE_chr2","Glycosyl transferase, family 14-containing protein","Glyco_trans_14","membrane, glycosyltransferase activity, transferase activity, Golgi membrane","A0A090LQM9","SSTP_0000941400",76.0518,"SPAL_0000584000",65.3722,"SVE_0251900",55.3398,"T14B4.9 | WBGene00020503",27.5081
"437","SRAE_2000512000",0,0,0.0295868652150573,0.100340528949056,0.0331951144361032,0,0,0.0520844455957632,0,0.100663574762304,0,0,0,0.0522535376401243,"WBGene00265374","SRAE_chr2","7TM GPCR, serpentine receptor class v (Srv) family-containing protein","7TM_GPCR_serpentine_rcpt_Srv","membrane","A0A090LKY2","SSTP_0000941900",82.069,"SPAL_0000410300",67.5862,"SVE_1570600",48.2759,"",NA
"438","SRAE_2000522400",0,0,0,0,0.0675622439195572,0,0.057580246251279,0.106446043498844,0,0,0,0.0417090928786089,0.0860178892302836,0.16732507949396,"WBGene00265482","SRAE_chr2","Trypsin Inhibitor-like, cysteine rich domain-containing protein","TIL_dom, Ser_inhib-like_sf","extracellular region, negative regulation of peptidase activity, peptidase inhibitor activity, serine-type endopeptidase inhibitor activity","A0A090N0F5","SSTP_0000648000",51.8868,"SPAL_0000101500",33.9623,"SVE_0703100",34.9057,"",NA
"439","SRAE_2000522450",0,0,0,0.0504882479790024,0,0,0,0,0,0,0.0997403956052231,0,0,0,"WBGene00265483","SRAE_chr2","Glycosyl transferase, family 14-containing protein","Glyco_trans_14","membrane, glycosyltransferase activity, transferase activity, Golgi membrane","A0A090LSL2","",NA,"",NA,"SVE_0316100",33.3333,"",NA
"440","SRAE_2000522550",0.403135441160929,0,0.0323982637345906,0,0.036105782513502,0,0,0,0.0325105288617601,0,0,0,0,0,"WBGene00265485","SRAE_chr2","Glycosyl transferase, family 14-containing protein","Glyco_trans_14","membrane, glycosyltransferase activity, transferase activity, Golgi membrane","A0A090LLK5","",NA,"",NA,"SVE_0316100",26.1628,"",NA
"441","SRAE_2000523200",0,0,0.0295991020631139,0,0.0328486960260758,0,0,0.0525468637450043,0,0,0,0,0.0288861468193099,0,"WBGene00265492","SRAE_chr2","7TM GPCR, serpentine receptor class e (Sre) family-containing protein","7TM_GPCR_serpentine_rcpt_Sre","membrane, sensory perception of chemical stimulus","A0A090N0F7","SSTP_0000648700 | SSTP_0000648700",65.3595,"SPAL_0000606100",62.0915,"SVE_1566300",62.0915,"",NA
"442","SRAE_2000525000",0,0,0.0291985744778081,0.150978718688274,0.032749943505928,0,0,0,0.0289496312649211,0.05039181035604,0,0,0,0.109705423627339,"WBGene00265510","SRAE_chr2","Metalloendopeptidase","Peptidase_M12A, MetalloPept_cat_dom_sf","proteolysis, hydrolase activity, peptidase activity, metal ion binding, metallopeptidase activity, metalloendopeptidase activity, zinc ion binding","A0A090LLD6","",NA,"",NA,"",NA,"",NA
"443","SRAE_2000525200",0,0,0,0.0542573311991029,0.0171245117592813,0,0.0282452682942722,0.0261886718602627,0.0149457278220375,0,0.0504603759795701,0.0224096700487142,0.0133193662596833,0,"WBGene00265512","SRAE_chr2","Metalloendopeptidase","Peptidase_M12A, MetalloPept_cat_dom_sf","proteolysis, hydrolase activity, peptidase activity, metal ion binding, metallopeptidase activity, metalloendopeptidase activity, zinc ion binding","A0A090LR25","",NA,"",NA,"",NA,"",NA
"444","SRAE_2000525900",0,0,0,0.0542573311991029,0.0171245117592813,0,0.0282452682942722,0.0261886718602627,0.0149457278220375,0,0.0504603759795701,0.0224096700487142,0.0133193662596833,0,"WBGene00265519","SRAE_chr2","Metalloendopeptidase","Peptidase_M12A, MetalloPept_cat_dom_sf","proteolysis, hydrolase activity, peptidase activity, metal ion binding, metallopeptidase activity, metalloendopeptidase activity, zinc ion binding","A0A090LR25","",NA,"",NA,"",NA,"",NA
"445","SRAE_2000526100",0.338841497452481,0,0.0302425690586725,0.204828474092057,0,0,0.0294410108450666,0.106554104145375,0.0303280683214517,0.102819794990088,0.0679368789210342,0,0.0294865036645625,0,"WBGene00265521","SRAE_chr2","",NA,"membrane","A0A090LLN4","SSTP_0001213300",72.5225,"SPAL_0000450450",51.8018,"SVE_0878400",59.009,"",NA
"446","SRAE_2000526400",0,0.359619097468564,0,0.0589261402508512,0,0.0491330309526275,0,0,0,0,0.0376518261308042,0.0481226628066702,0,0,"WBGene00265524","SRAE_chr2","",NA,NA,"A0A090LSQ8","",NA,"",NA,"",NA,"",NA
"447","SRAE_2000527900",0,0,0,0,0,0,0,0,0,0,0,0,0,0,"WBGene00265539","SRAE_chr2","",NA,NA,"A0A090LSS7","",NA,"",NA,"",NA,"",NA
"448","SRAE_2000528000",0,0,0,0,0,0.0453338356788641,0.0291281778668678,0,0,0,0,0,0,0,"WBGene00265540","SRAE_chr2","",NA,NA,"A0A090LLG9","",NA,"",NA,"",NA,"",NA
"449","SRAE_2000529100",0.664418294220134,0.195344887099842,0,0,0,0,0,0,0,0,0,0,0,0,"WBGene00265551","SRAE_chr2","NADH:ubiquinone reductase (Na(+)-transporting) subunit F",NA,"membrane","A0A090LLR8","",NA,"",NA,"SVE_0901100",51.4286,"",NA
"450","SRAE_2000600001",0,0,0,0,0,0,0,0,0,0,0,0,0,0,"WBGene00269873","SRAE_chr2","",NA,NA,NA,"",NA,"",NA,"",NA,"",NA
"451","SRAE_2000600002",0,0.170883414497605,0,0,0,0,0,0,0,0,0,0,0,0,"WBGene00269874","SRAE_chr2","",NA,NA,NA,"",NA,"",NA,"",NA,"",NA
"452","SRAE_2000600004",0.364681386964969,0.315043258145233,0,0,0.037821389080721,0,0.029999510307478,0,0,0,0,0,0,0.0471346134494177,"WBGene00269876","SRAE_chr2","",NA,NA,NA,"",NA,"",NA,"",NA,"",NA
"453","SRAE_2000600005",0,0,0,0,0,0,0,0,0,0,0,0,0,0,"WBGene00269877","SRAE_chr2","",NA,NA,NA,"",NA,"",NA,"",NA,"",NA
"454","SRAE_2000600006",0,0,0,0,0.0361382787958456,0,0,0,0.0273290776883675,0,0,0,0,0,"WBGene00269878","SRAE_chr2","",NA,NA,NA,"",NA,"",NA,"",NA,"",NA
"455","SRAE_2000600007",0,0,0,0,0,0,0,0,0,0,0,0,0,0,"WBGene00269879","SRAE_chr2","",NA,NA,NA,"",NA,"",NA,"",NA,"",NA
"456","SRAE_2000600008",0,0,0,0,0,0,0,0,0,0,0,0,0,0,"WBGene00269880","SRAE_chr2","",NA,NA,NA,"",NA,"",NA,"",NA,"",NA
"457","SRAE_2000600009",0,0.480723579271292,0,0.042848073112549,0.0769487282008524,0,0,0,0,0,0.0364399494126524,0,0,0,"WBGene00269881","SRAE_chr2","",NA,NA,NA,"",NA,"",NA,"",NA,"",NA
"458","SRAE_2000600010",0,0,0.0838088626181482,0.0428511283072934,0,0,0.0892136867049391,0.0647617950930202,0,0,0,0,0.0562771085959581,0,"WBGene00269882","SRAE_chr2","",NA,NA,NA,"",NA,"",NA,"",NA,"",NA
"459","SRAE_2000600012",0,0,0,0,0,0,0,0,0,0,0,0,0,0,"WBGene00269884","SRAE_chr2","",NA,NA,NA,"",NA,"",NA,"",NA,"",NA
"460","SRAE_2000600014",0,0.158847002389957,0,0,0,0,0,0,0,0,0,0.049647026687033,0,0,"WBGene00269886","SRAE_chr2","",NA,NA,NA,"",NA,"",NA,"",NA,"",NA
"461","SRAE_2000600015",0,0,0,0,0,0,0,0,0,0,0,0,0,0,"WBGene00269887","SRAE_chr2","",NA,NA,NA,"",NA,"",NA,"",NA,"",NA
"462","SRAE_2000600016",0,0,0.0295844184035473,0,0,0,0,0,0,0,0,0,0,0,"WBGene00269888","SRAE_chr2","",NA,NA,NA,"",NA,"",NA,"",NA,"",NA
"463","SRAE_2000600017",0,0,0,0,0,0.049907404970974,0,0,0,0,0,0,0.0294655252339401,0.0470410672775646,"WBGene00269889","SRAE_chr2","",NA,NA,NA,"",NA,"",NA,"",NA,"",NA
"464","SRAE_2000600018",0,0,0.0285654008191936,0.0438160399593855,0,0.103706508683148,0.0608151773560306,0,0.0296938288407899,0,0,0,0,0,"WBGene00269890","SRAE_chr2","",NA,NA,NA,"",NA,"",NA,"",NA,"",NA
"465","SRAE_2000600019",0,0,0,0.0846358389080117,0.0379981573065867,0.0991247289239178,0,0.0629235043149481,0.028527379634528,0.0804105656127056,0,0.0522552843027311,0.0276455898744388,0,"WBGene00269891","SRAE_chr2","",NA,NA,NA,"",NA,"",NA,"",NA,"",NA
"466","SRAE_2000600020",0,0,0,0,0,0.142944204051824,0.200307107003776,0.126272477552144,0.0846530319603167,0,0.033505250972705,0.045990201846335,0.151924638387165,0.192943908289365,"WBGene00269892","SRAE_chr2","",NA,NA,NA,"",NA,"",NA,"",NA,"",NA
"467","SRAE_2000600021",0,0,0,0,0,0.0447946867216599,0,0,0,0,0,0.0473446055024947,0,0,"WBGene00269893","SRAE_chr2","",NA,NA,NA,"",NA,"",NA,"",NA,"",NA
"468","SRAE_2000600022",0,0,0,0,0,0,0,0,0,0,0,0,0,0,"WBGene00269894","SRAE_chr2","",NA,NA,NA,"",NA,"",NA,"",NA,"",NA
"469","SRAE_2000600023",0,0,0,0,0,0.104179640792338,0.0543807590287357,0,0.0278089930695449,0,0,0,0.0287379986423543,0,"WBGene00269895","SRAE_chr2","",NA,NA,NA,"",NA,"",NA,"",NA,"",NA
"470","SRAE_2000600025",0,0,0,0,0,0,0,0,0,0,0,0,0,0,"WBGene00269897","SRAE_chr2","",NA,NA,NA,"",NA,"",NA,"",NA,"",NA
"471","SRAE_2000600026",0,0,0,0,0,0,0,0,0,0,0,0,0,0,"WBGene00269898","SRAE_chr2","",NA,NA,NA,"",NA,"",NA,"",NA,"",NA
"472","SRAE_2000600027",0,0,0,0,0.0710891798990892,0,0,0,0,0,0,0,0.0270023105536291,0,"WBGene00269899","SRAE_chr2","",NA,NA,NA,"",NA,"",NA,"",NA,"",NA
"473","SRAE_2000600028",0.0402078778360412,0,0,0,0,0,0,0,0,0,0.0341902581772574,0,0.0279287931998671,0,"WBGene00269900","SRAE_chr2","",NA,NA,NA,"",NA,"",NA,"",NA,"",NA
"474","SRAE_2000600031",0,0,0,0,0,0,0,0,0,0,0,0,0,0,"WBGene00269903","SRAE_chr2","",NA,NA,NA,"",NA,"",NA,"",NA,"",NA
"475","SRAE_2000600032",0,0.665365415361713,0,0,0.036856853773261,0,0.0281797395254453,0,0,0,0.0307205717803037,0,0,0.0537240851305298,"WBGene00269904","SRAE_chr2","",NA,NA,NA,"",NA,"",NA,"",NA,"",NA
"476","SRAE_2000600033",0.493529351067495,0,0.00279766993506448,0.0029949806788237,0.00534883329453793,0,0.00672509103117989,0,0,0.0161122455338337,0.0033077915306296,0.00532560984318363,0.00325275793249126,0.0115692737884938,"WBGene00269905","SRAE_chr2","",NA,NA,NA,"",NA,"",NA,"",NA,"",NA
"477","SRAE_2000600035",0.493529351067495,0,0.00279766993506448,0.0029949806788237,0.00534883329453793,0,0.00672509103117989,0,0,0.0161122455338337,0.0033077915306296,0.00532560984318363,0.00325275793249126,0.0115692737884938,"WBGene00269907","SRAE_chr2","",NA,NA,NA,"",NA,"",NA,"",NA,"",NA
"478","SRAE_2000600036",0.493529351067495,0,0.00279766993506448,0.0029949806788237,0.00534883329453793,0,0.00672509103117989,0,0,0.0161122455338337,0.0033077915306296,0.00532560984318363,0.00325275793249126,0.0115692737884938,"WBGene00269908","SRAE_chr2","",NA,NA,NA,"",NA,"",NA,"",NA,"",NA
"479","SRAE_2000600037",0.493529351067495,0,0.00279766993506448,0.0029949806788237,0.00534883329453793,0,0.00672509103117989,0,0,0.0161122455338337,0.0033077915306296,0.00532560984318363,0.00325275793249126,0.0115692737884938,"WBGene00269909","SRAE_chr2","",NA,NA,NA,"",NA,"",NA,"",NA,"",NA
"480","SRAE_2000600038",0.493529351067495,0,0.00279766993506448,0.0029949806788237,0.00534883329453793,0,0.00672509103117989,0,0,0.0161122455338337,0.0033077915306296,0.00532560984318363,0.00325275793249126,0.0115692737884938,"WBGene00269910","SRAE_chr2","",NA,NA,NA,"",NA,"",NA,"",NA,"",NA
"481","SRAE_2000600039",0.493529351067495,0,0.00279766993506448,0.0029949806788237,0.00534883329453793,0,0.00672509103117989,0,0,0.0161122455338337,0.0033077915306296,0.00532560984318363,0.00325275793249126,0.0115692737884938,"WBGene00269911","SRAE_chr2","",NA,NA,NA,"",NA,"",NA,"",NA,"",NA
"482","SRAE_2000600040",0.493529351067495,0,0.00279766993506448,0.0029949806788237,0.00534883329453793,0,0.00672509103117989,0,0,0.0161122455338337,0.0033077915306296,0.00532560984318363,0.00325275793249126,0.0115692737884938,"WBGene00269912","SRAE_chr2","",NA,NA,NA,"",NA,"",NA,"",NA,"",NA
"483","SRAE_2000600041",0.493529351067495,0,0.00279766993506448,0.0029949806788237,0.00534883329453793,0,0.00672509103117989,0,0,0.0161122455338337,0.0033077915306296,0.00532560984318363,0.00325275793249126,0.0115692737884938,"WBGene00269913","SRAE_chr2","",NA,NA,NA,"",NA,"",NA,"",NA,"",NA
"484","SRAE_2000600042",0.0422088599408267,0,0,0,0,0,0,0,0.0270453501694733,0.0522196032805108,0,0,0,0,"WBGene00269914","SRAE_chr2","",NA,NA,NA,"",NA,"",NA,"",NA,"",NA
"485","SRAE_2000600043",0.0428588191006851,0,0.0275450319543362,0,0,0,0,0,0,0,0,0,0,0,"WBGene00269915","SRAE_chr2","",NA,NA,NA,"",NA,"",NA,"",NA,"",NA
"486","SRAE_2000600044",0,0,0,0,0,0,0,0,0,0,0,0,0,0,"WBGene00269916","SRAE_chr2","",NA,NA,NA,"",NA,"",NA,"",NA,"",NA
"487","SRAE_2000600045",0,0,0.00698514723334648,0,0.0178689948978543,0,0.0635960642340244,0.0630894009163409,0,0.0127883547543572,0.0083191586898316,0,0.0363846514983464,0.0126608223369536,"WBGene00269917","SRAE_chr2","",NA,NA,NA,"",NA,"",NA,"",NA,"",NA
"488","SRAE_2000600047",0,0.311119066535059,0.0585121354080505,0,0,0,0,0.0275247720004965,0.0278574720904681,0,0.0348432249830868,0,0.0152389953015023,0.0265137315926291,"WBGene00269919","SRAE_chr2","",NA,NA,NA,"",NA,"",NA,"",NA,"",NA
"489","SRAE_2000600048",0.0418191803401446,0.320327266819001,0,0.0475152462733517,0,0,0.0290386600109333,0,0,0,0,0.0958569122689155,0,0.0534661710271133,"WBGene00269920","SRAE_chr2","",NA,NA,NA,"",NA,"",NA,"",NA,"",NA
"490","SRAE_2000600049",0.0322601882985205,0.115654698248354,0.0203124458195877,0.0343870751446145,0.03459035760978,0.0406969482050575,0.0431122644276035,0.0137854273056939,0.0403858140851156,0.0134177432689618,0.0360414813425302,0.0491119360019101,0.0443945619005332,0.0252913604446544,"WBGene00269921","SRAE_chr2","",NA,NA,NA,"",NA,"",NA,"",NA,"",NA
"491","SRAE_2000600050",0,0.0284806070389746,0,0,0,0,0,0,0,0,0,0,0,0,"WBGene00269922","SRAE_chr2","",NA,NA,NA,"",NA,"",NA,"",NA,"",NA
"492","SRAE_2000600051",0.00379320871786217,0.0271174879461254,0,0.00369415667884838,0.0031540062926645,0.00474671877061399,0.00259013329960949,0,0,0,0,0,0.00237533508879228,0,"WBGene00269923","SRAE_chr2","",NA,NA,NA,"",NA,"",NA,"",NA,"",NA
"493","SRAE_2000600052",0.054662092863193,0,0.0129745336834529,0,0.0183458044148352,0.0654348022374273,0.0149748367147735,0.023090982735712,0.00627069311926345,0,0.0162762801219737,0.0224886923110285,0.0158389974699846,0.0275239860270603,"WBGene00269924","SRAE_chr2","",NA,NA,NA,"",NA,"",NA,"",NA,"",NA
"494","SRAE_2000600053",0.0322601882985205,0.115654698248354,0.0203124458195877,0.0343870751446145,0.03459035760978,0.0406969482050575,0.0431122644276035,0.0137854273056939,0.0403858140851156,0.0134177432689618,0.0360414813425302,0.0491119360019101,0.0443945619005332,0.0252913604446544,"WBGene00269925","SRAE_chr2","",NA,NA,NA,"",NA,"",NA,"",NA,"",NA
"495","SRAE_2000600054",0,0,0,0,0,0,0,0,0.00455404586797127,0,0.011432221326625,0.0241392165428663,0.0145658835137383,0,"WBGene00269926","SRAE_chr2","",NA,NA,NA,"",NA,"",NA,"",NA,"",NA
"496","SRAE_2000600055",0.202113753620132,0,0,0.00502331739920761,0,0.00633128595411755,0.0122419349526313,0.0113853669711103,0,0.00553882586194493,0.00360314334441457,0.0321347655439149,0.00945520386738354,0.00548358469491939,"WBGene00269927","SRAE_chr2","",NA,NA,NA,"",NA,"",NA,"",NA,"",NA
"497","SRAE_2000600056",0.202113753620132,0,0,0.00502331739920761,0,0.00633128595411755,0.0122419349526313,0.0113853669711103,0,0.00553882586194493,0.00360314334441457,0.0321347655439149,0.00945520386738354,0.00548358469491939,"WBGene00269928","SRAE_chr2","",NA,NA,NA,"",NA,"",NA,"",NA,"",NA
"498","SRAE_2000600057",0,0.155869900912377,0.0205315843096254,0.0173790508505123,0.00874090503073344,0.0274240017060816,0.00726289602391312,0.0209012022145073,0.00680359298565482,0,0.0242868885366543,0.012410443621464,0.0299157018407858,0.0255642133835898,"WBGene00269929","SRAE_chr2","",NA,NA,NA,"",NA,"",NA,"",NA,"",NA
"499","SRAE_2000600059",0,0.289353754016608,0.0195458576435932,0.0264714819417804,0.019970957166248,0.0156644398083707,0.00414852217317832,0,0.0116585204641039,0.00774680245677292,0.0277450579677672,0.0141775556664669,0.0128157715472504,0.0584082731502901,"WBGene00269931","SRAE_chr2","",NA,NA,NA,"",NA,"",NA,"",NA,"",NA
"500","SRAE_2000600060",0.0140861953242974,0,0,0,0,0.0168622280067262,0.00482368404366935,0.0074380653165465,0,0,0,0.00724402278526284,0.0102040903010705,0,"WBGene00269932","SRAE_chr2","",NA,NA,NA,"",NA,"",NA,"",NA,"",NA
"501","SRAE_2000600061",0.0723333937894288,0.0211094261338025,0.00397002546452834,0,0.0050779684545552,0.0249246624781461,0.0120483445096745,0,0.00756048845189965,0,0.00472823237965581,0.00702811168289305,0.00827172923199191,0.0143916223181671,"WBGene00269933","SRAE_chr2","",NA,NA,NA,"",NA,"",NA,"",NA,"",NA
"502","SRAE_2000600062",0,0.0768670546017202,0.0138207079153895,0.022846743161819,0,0.0293564031094228,0.0587358458960496,0.0273389873936018,0.00459298252514738,0,0.0115299657269805,0,0.0146904204264713,0,"WBGene00269934","SRAE_chr2","",NA,NA,NA,"",NA,"",NA,"",NA,"",NA
"503","SRAE_2000600063",0,0.155869900912377,0.0205315843096254,0.0173790508505123,0.00874090503073344,0.0274240017060816,0.00726289602391312,0.0209012022145073,0.00680359298565482,0,0.0242868885366543,0.012410443621464,0.0299157018407858,0.0255642133835898,"WBGene00269935","SRAE_chr2","",NA,NA,NA,"",NA,"",NA,"",NA,"",NA
"504","SRAE_2000600064",2.46215263395082e-06,0,0,0,0,0,0,0,0,0,0,0,0,0,"WBGene00269936","SRAE_chr2","",NA,NA,NA,"",NA,"",NA,"",NA,"",NA
"505","SRAE_2000600065",0,0.298113129901702,0,0,0,0.113853077285524,0.0569488322157539,0,0,0,0,0.0944194184893618,0.0569737927336639,0.0975587411160732,"WBGene00269937","SRAE_chr2","",NA,NA,NA,"",NA,"",NA,"",NA,"",NA
"506","SRAE_2000600066",0.00735801435288609,0.490170477883478,0.0157183986862217,0.0105683958433493,0,0.0317091295284498,0.0362834757142978,0.018649521776107,0.0101291098397697,0.0201853247488966,0.00547733365665922,0.0181630690917864,0.0503702102325653,0.00926245650349472,"WBGene00269938","SRAE_chr2","",NA,NA,NA,"",NA,"",NA,"",NA,"",NA
"507","SRAE_2000600067",0,0,0,0,0.00697250053094627,0.0456317467597893,0.016543491456014,0.0123087906034597,0.00519066815725805,0,0.00649230574832656,0.0193005908400293,0.0113578918625911,0.0296416161438686,"WBGene00269939","SRAE_chr2","",NA,NA,NA,"",NA,"",NA,"",NA,"",NA
"508","SRAE_2000600068",0,0,0.0262871958563791,0.0358178877516237,0.0109501392230111,0.0329967439151405,0.0704824329023065,0.0357171362145565,0.0486040662346724,0.0173789544700975,0.0228029704064771,0.0305543424905608,0.0441424690684193,0.0247577809205132,"WBGene00269940","SRAE_chr2","",NA,NA,NA,"",NA,"",NA,"",NA,"",NA
"509","SRAE_2000600069",0.00381320184812924,0.0683529310411206,0,0,0,0.0192417979061626,0.00509592917982465,0,0,0,0.00568022755933518,0.00870770315421485,0.013118804406867,0,"WBGene00269941","SRAE_chr2","",NA,NA,NA,"",NA,"",NA,"",NA,"",NA
"510","SRAE_2000600070",0,0,0,0,0,0,0.0583097702594802,0,0,0,0,0,0,0.0513101481295989,"WBGene00269942","SRAE_chr2","",NA,NA,NA,"",NA,"",NA,"",NA,"",NA
"511","SRAE_2000600071",0,0.0284806070389746,0,0,0,0,0,0,0,0,0,0,0,0,"WBGene00269943","SRAE_chr2","",NA,NA,NA,"",NA,"",NA,"",NA,"",NA
"512","SRAE_2000600072",0,0,0.0262871958563791,0.0358178877516237,0.0109501392230111,0.0329967439151405,0.0704824329023065,0.0357171362145565,0.0486040662346724,0.0173789544700975,0.0228029704064771,0.0305543424905608,0.0441424690684193,0.0247577809205132,"WBGene00269944","SRAE_chr2","",NA,NA,NA,"",NA,"",NA,"",NA,"",NA
"513","SRAE_2000600074",0,0,0.0262871958563791,0.0358178877516237,0.0109501392230111,0.0329967439151405,0.0704824329023065,0.0357171362145565,0.0486040662346724,0.0173789544700975,0.0228029704064771,0.0305543424905608,0.0441424690684193,0.0247577809205132,"WBGene00269946","SRAE_chr2","",NA,NA,NA,"",NA,"",NA,"",NA,"",NA
"514","SRAE_2000600075",0,0,0,0,0.00697250053094627,0.0456317467597893,0.016543491456014,0.0123087906034597,0.00519066815725805,0,0.00649230574832656,0.0193005908400293,0.0113578918625911,0.0296416161438686,"WBGene00269947","SRAE_chr2","",NA,NA,NA,"",NA,"",NA,"",NA,"",NA
"515","SRAE_2000600077",0.0187057583680528,0,0.0110999130380361,0.0149262669187193,0.00523170590907116,0.00746405648583992,0.00854082409213158,0.0131697792206037,0.00357646230075051,0.00712719441173075,0.0185661438367824,0.0128262961543739,0.013550535203722,0.00784908639565106,"WBGene00269949","SRAE_chr2","",NA,NA,NA,"",NA,"",NA,"",NA,"",NA
"516","SRAE_2000600078",0,0.0241368673749596,0,0,0,0.0113997393358298,0.00551050184821146,0,0,0,0,0,0,0,"WBGene00269950","SRAE_chr2","",NA,NA,NA,"",NA,"",NA,"",NA,"",NA
"517","SRAE_2000600079",0,0,0,0,0,0.0987181628618076,0.0282398318567761,0,0,0,0,0.0424096036329853,0.0597389652858105,0.0519050623475707,"WBGene00269951","SRAE_chr2","",NA,NA,NA,"",NA,"",NA,"",NA,"",NA
"518","SRAE_2000600080",0,0.085099850813079,0.00918053343915577,0.0101174630043303,0.0118774161434246,0.0195002961470303,0.00325132216635936,0,0.00915282796500581,0.0176724922599561,0,0.016171836494531,0,0.00556983723850996,"WBGene00269952","SRAE_chr2","",NA,NA,NA,"",NA,"",NA,"",NA,"",NA
"519","SRAE_2000600081",0.0106965123941428,0.0836675691576086,0.00734729056361782,0,0,0.00449796728780185,0.00439838263456963,0.0042192347550635,0.00223179084344289,0.00410669329919018,0.00531122258536355,0.00407101710098335,0.00245332263528936,0.00419293129168427,"WBGene00269953","SRAE_chr2","",NA,NA,NA,"",NA,"",NA,"",NA,"",NA
"520","SRAE_2000600082",0,0,0,0,0,0,0,0,0,0,0,0,0,0,"WBGene00269954","SRAE_chr2","",NA,NA,NA,"",NA,"",NA,"",NA,"",NA
"521","SRAE_2000600083",0,0,0,0,0,0,0,0,0,0,0,0,0,0,"WBGene00269955","SRAE_chr2","",NA,NA,NA,"",NA,"",NA,"",NA,"",NA
"522","SRAE_2000600084",0.202113753620132,0,0,0.00502331739920761,0,0.00633128595411755,0.0122419349526313,0.0113853669711103,0,0.00553882586194493,0.00360314334441457,0.0321347655439149,0.00945520386738354,0.00548358469491939,"WBGene00269956","SRAE_chr2","",NA,NA,NA,"",NA,"",NA,"",NA,"",NA
"523","SRAE_2000600085",0.00381320184812924,0.0683529310411206,0,0,0,0.0192417979061626,0.00509592917982465,0,0,0,0.00568022755933518,0.00870770315421485,0.013118804406867,0,"WBGene00269957","SRAE_chr2","",NA,NA,NA,"",NA,"",NA,"",NA,"",NA
"524","SRAE_2000600086",0.0106965123941428,0.0836675691576086,0.00734729056361782,0,0,0.00449796728780185,0.00439838263456963,0.0042192347550635,0.00223179084344289,0.00410669329919018,0.00531122258536355,0.00407101710098335,0.00245332263528936,0.00419293129168427,"WBGene00269958","SRAE_chr2","",NA,NA,NA,"",NA,"",NA,"",NA,"",NA
"525","SRAE_2000600087",0,0.289353754016608,0.0195458576435932,0.0264714819417804,0.019970957166248,0.0156644398083707,0.00414852217317832,0,0.0116585204641039,0.00774680245677292,0.0277450579677672,0.0141775556664669,0.0128157715472504,0.0584082731502901,"WBGene00269959","SRAE_chr2","",NA,NA,NA,"",NA,"",NA,"",NA,"",NA
"526","SRAE_2000600089",0,0.0284806070389746,0,0,0,0,0,0,0,0,0,0,0,0,"WBGene00269961","SRAE_chr2","",NA,NA,NA,"",NA,"",NA,"",NA,"",NA
"527","SRAE_2000600090",0,0.0599016976163026,0,0,0,0.0105392100589309,0.013025463568209,0,0,0,0,0.00953880943973938,0.0114967585535234,0,"WBGene00269962","SRAE_chr2","",NA,NA,NA,"",NA,"",NA,"",NA,"",NA
"528","SRAE_2000600091",0,0.0599016976163026,0,0,0,0.0105392100589309,0.013025463568209,0,0,0,0,0.00953880943973938,0.0114967585535234,0,"WBGene00269963","SRAE_chr2","",NA,NA,NA,"",NA,"",NA,"",NA,"",NA
"529","SRAE_2000600092",0,0,0,0,0,0.161545327722467,0.0571448835709756,0.0471314743667932,0.0255647639927932,0,0,0,0.0954178278803112,0.0525844890968117,"WBGene00269964","SRAE_chr2","",NA,NA,NA,"",NA,"",NA,"",NA,"",NA
"530","SRAE_2000600093",0.0378766453558477,0.0164368702219215,0,0.00479696755736418,0,0.00605156455008453,0.00636878303176987,0.00612266921586413,0,0,0,0.00545411212042728,0,0.00559817855859077,"WBGene00269965","SRAE_chr2","",NA,NA,NA,"",NA,"",NA,"",NA,"",NA
"531","SRAE_2000600094",0.0378766453558477,0.0164368702219215,0,0.00479696755736418,0,0.00605156455008453,0.00636878303176987,0.00612266921586413,0,0,0,0.00545411212042728,0,0.00559817855859077,"WBGene00269966","SRAE_chr2","",NA,NA,NA,"",NA,"",NA,"",NA,"",NA
"532","SRAE_2000600095",0,0,0.00698514723334648,0,0.0178689948978543,0,0.0635960642340244,0.0630894009163409,0,0.0127883547543572,0.0083191586898316,0,0.0363846514983464,0.0126608223369536,"WBGene00269967","SRAE_chr2","",NA,NA,NA,"",NA,"",NA,"",NA,"",NA
"533","SRAE_2000600096",0.0038894037341832,0.0856162241411938,0.00402544422296765,0.00668389658348325,0,0.00842418214751807,0.0122165309104775,0,0.00766602754401447,0,0,0.0142524849933081,0.00838719674429856,0.00729625961312073,"WBGene00269968","SRAE_chr2","",NA,NA,NA,"",NA,"",NA,"",NA,"",NA
"534","SRAE_2000600097",0.0435469934903055,0.161165414475248,0.0258406243690008,0,0,0.0521288690696982,0,0,0,0.0497762218142026,0,0,0,0,"WBGene00269969","SRAE_chr2","",NA,NA,NA,"",NA,"",NA,"",NA,"",NA
"535","SRAE_2000600098",0,0,0.00664691268179765,0,0.0169786474537253,0.0266347496340357,0.0141077454186462,0.040599391228524,0.00660778823334932,0,0,0.0241065517897562,0,0,"WBGene00269970","SRAE_chr2","",NA,NA,NA,"",NA,"",NA,"",NA,"",NA
"536","SRAE_2000600100",0.00379320871786217,0.0271174879461254,0,0.00369415667884838,0.0031540062926645,0.00474671877061399,0.00259013329960949,0,0,0,0,0,0.00237533508879228,0,"WBGene00269972","SRAE_chr2","",NA,NA,NA,"",NA,"",NA,"",NA,"",NA
"537","SRAE_2000600101",0,0,0,0,0,0.0567764802788215,0.0141997350595577,0,0.013324547248035,0,0,0,0.014205981018037,0.0486509809839085,"WBGene00269973","SRAE_chr2","",NA,NA,NA,"",NA,"",NA,"",NA,"",NA
"538","SRAE_2000600102",0.0322601882985205,0.115654698248354,0.0203124458195877,0.0343870751446145,0.03459035760978,0.0406969482050575,0.0431122644276035,0.0137854273056939,0.0403858140851156,0.0134177432689618,0.0360414813425302,0.0491119360019101,0.0443945619005332,0.0252913604446544,"WBGene00269974","SRAE_chr2","",NA,NA,NA,"",NA,"",NA,"",NA,"",NA
"539","SRAE_2000600103",0.0378766453558477,0.0164368702219215,0,0.00479696755736418,0,0.00605156455008453,0.00636878303176987,0.00612266921586413,0,0,0,0.00545411212042728,0,0.00559817855859077,"WBGene00269975","SRAE_chr2","",NA,NA,NA,"",NA,"",NA,"",NA,"",NA
"540","SRAE_2000600104",0.00735801435288609,0.490170477883478,0.0157183986862217,0.0105683958433493,0,0.0317091295284498,0.0362834757142978,0.018649521776107,0.0101291098397697,0.0201853247488966,0.00547733365665922,0.0181630690917864,0.0503702102325653,0.00926245650349472,"WBGene00269976","SRAE_chr2","",NA,NA,NA,"",NA,"",NA,"",NA,"",NA
"541","SRAE_2000600105",0.0187057583680528,0,0.0110999130380361,0.0149262669187193,0.00523170590907116,0.00746405648583992,0.00854082409213158,0.0131697792206037,0.00357646230075051,0.00712719441173075,0.0185661438367824,0.0128262961543739,0.013550535203722,0.00784908639565106,"WBGene00269977","SRAE_chr2","",NA,NA,NA,"",NA,"",NA,"",NA,"",NA
"542","SRAE_2000600106",0,0,0,0,0,0.0100556902042891,0.00532624569067705,0,0,0.00994603643472149,0,0,0,0,"WBGene00269978","SRAE_chr2","",NA,NA,NA,"",NA,"",NA,"",NA,"",NA
"543","SRAE_2000600107",0,0.0217840607129952,0.00382593573875438,0,0,0.00766543047847206,0,0,0,0.0151637083012077,0,0,0.00418095680396048,0,"WBGene00269979","SRAE_chr2","",NA,NA,NA,"",NA,"",NA,"",NA,"",NA
"544","SRAE_2000600108",0,0.0284806070389746,0,0,0,0,0,0,0,0,0,0,0,0,"WBGene00269980","SRAE_chr2","",NA,NA,NA,"",NA,"",NA,"",NA,"",NA
"545","SRAE_2000600109",0.0531665731498144,0,0,0,0,0,0,0,0,0,0,0,0,0,"WBGene00269981","SRAE_chr2","",NA,NA,NA,"",NA,"",NA,"",NA,"",NA
"546","SRAE_2000600110",0.00735801435288609,0.490170477883478,0.0157183986862217,0.0105683958433493,0,0.0317091295284498,0.0362834757142978,0.018649521776107,0.0101291098397697,0.0201853247488966,0.00547733365665922,0.0181630690917864,0.0503702102325653,0.00926245650349472,"WBGene00269982","SRAE_chr2","",NA,NA,NA,"",NA,"",NA,"",NA,"",NA
"547","SRAE_2000600111",0.0723333937894288,0.0211094261338025,0.00397002546452834,0,0.0050779684545552,0.0249246624781461,0.0120483445096745,0,0.00756048845189965,0,0.00472823237965581,0.00702811168289305,0.00827172923199191,0.0143916223181671,"WBGene00269983","SRAE_chr2","",NA,NA,NA,"",NA,"",NA,"",NA,"",NA
"548","SRAE_2000600112",0.0038894037341832,0.0856162241411938,0.00402544422296765,0.00668389658348325,0,0.00842418214751807,0.0122165309104775,0,0.00766602754401447,0,0,0.0142524849933081,0.00838719674429856,0.00729625961312073,"WBGene00269984","SRAE_chr2","",NA,NA,NA,"",NA,"",NA,"",NA,"",NA
"549","SRAE_2000600113",0.0144710537576104,0.160670044317556,0.0171741151092449,0,0,0,0.0297328407489763,0,0,0,0,0,0.0314486493821922,0,"WBGene00269985","SRAE_chr2","",NA,NA,NA,"",NA,"",NA,"",NA,"",NA
"550","SRAE_2000600114",0,0.11690246899814,0.00684387932191346,0,0,0,0.0217886961447295,0.0139341549685201,0.0136071910129477,0.0135625040770631,0,0.0124104482196936,0.0149578564624697,0,"WBGene00269986","SRAE_chr2","",NA,NA,NA,"",NA,"",NA,"",NA,"",NA
"551","SRAE_2000600115",0,0,0,0,0,0.0100556902042891,0.00532624569067705,0,0,0.00994603643472149,0,0,0,0,"WBGene00269987","SRAE_chr2","",NA,NA,NA,"",NA,"",NA,"",NA,"",NA
"552","SRAE_2000600116",0,0,0,0,0,0.0100556902042891,0.00532624569067705,0,0,0.00994603643472149,0,0,0,0,"WBGene00269988","SRAE_chr2","",NA,NA,NA,"",NA,"",NA,"",NA,"",NA
"553","SRAE_2000600117",0,0.085099850813079,0.00918053343915577,0.0101174630043303,0.0118774161434246,0.0195002961470303,0.00325132216635936,0,0.00915282796500581,0.0176724922599561,0,0.016171836494531,0,0.00556983723850996,"WBGene00269989","SRAE_chr2","",NA,NA,NA,"",NA,"",NA,"",NA,"",NA
"554","SRAE_2000600118",0,0.161047772969364,0.0137242375159215,0.0238887947528223,0,0,0.014599504036553,0.051427415189419,0,0.0250108515455629,0.0351319308919171,0.0481929836797129,0.0308397967262852,0.0537613164100769,"WBGene00269990","SRAE_chr2","",NA,NA,NA,"",NA,"",NA,"",NA,"",NA
"555","SRAE_2000600119",0,0.161047772969364,0.0137242375159215,0.0238887947528223,0,0,0.014599504036553,0.051427415189419,0,0.0250108515455629,0.0351319308919171,0.0481929836797129,0.0308397967262852,0.0537613164100769,"WBGene00269991","SRAE_chr2","",NA,NA,NA,"",NA,"",NA,"",NA,"",NA
"556","SRAE_2000600120",0,0.085099850813079,0.00918053343915577,0.0101174630043303,0.0118774161434246,0.0195002961470303,0.00325132216635936,0,0.00915282796500581,0.0176724922599561,0,0.016171836494531,0,0.00556983723850996,"WBGene00269992","SRAE_chr2","",NA,NA,NA,"",NA,"",NA,"",NA,"",NA
"557","SRAE_2000600130",0,0,0,0,0,0,0,0,0,0,0,0,0,0,"WBGene00270002","SRAE_chr2","",NA,NA,NA,"",NA,"",NA,"",NA,"",NA
"558","SRAE_2000600131",0.0450417550959772,0.303195256503348,0,0,0,0,0,0,0,0,0,0,0,0,"WBGene00270003","SRAE_chr2","",NA,NA,NA,"",NA,"",NA,"",NA,"",NA
"559","SRAE_2000600132",0.538505176990578,0,0.000917392493719214,0,0,0,0,0,0,0,0,0,0,0,"WBGene00270004","SRAE_chr2","",NA,NA,NA,"",NA,"",NA,"",NA,"",NA
"560","SRAE_2000600135",0,0,0,0,0,0,0,0,0,0,0,0,0,0,"WBGene00270007","SRAE_chr2","",NA,NA,NA,"",NA,"",NA,"",NA,"",NA
"561","SRAE_2000600136",0,0,0,0,0,0,0,0,0,0,0,0.0474532249319171,0.108367278120886,0.0408812411291622,"WBGene00270008","SRAE_chr2","",NA,NA,NA,"",NA,"",NA,"",NA,"",NA
"562","SRAE_2000600137",0.492516435095248,0,0,0,0,0,0,0,0,0,0,0,0,0,"WBGene00270009","SRAE_chr2","",NA,NA,NA,"",NA,"",NA,"",NA,"",NA
"563","SRAE_M000000002",0,0,0,0,0,0,0,0,0,0,0,0,0,0,"WBGene00271457","SRAE_MITOCHONDRIAL","",NA,NA,NA,"",NA,"",NA,"",NA,"",NA
"564","SRAE_M000000008",0.0797499786673694,0,0,0,0,0,0,0,0,0,0,0,0,0,"WBGene00271463","SRAE_MITOCHONDRIAL","",NA,NA,NA,"",NA,"",NA,"",NA,"",NA
"565","SRAE_M000000012",0,0.165977671439013,0.0275906558224257,0,0,0.0501841610422291,0,0.2281057199239,0.0568078432546319,0,0,0.0438615037076216,0.0587402839332326,0,"WBGene00271467","SRAE_MITOCHONDRIAL","",NA,NA,NA,"",NA,"",NA,"",NA,"",NA
"566","SRAE_M000000014",0.319000116855569,0,0,0,0,0,0,0,0,0,0,0,0,0,"WBGene00271469","SRAE_MITOCHONDRIAL","",NA,NA,NA,"",NA,"",NA,"",NA,"",NA
"567","SRAE_M000000017",0,0,0,0,0,0,0,0,0,0,0,0,0,0,"WBGene00271472","SRAE_MITOCHONDRIAL","",NA,NA,NA,"",NA,"",NA,"",NA,"",NA
"568","SRAE_M000000021",0.370457821552532,0.331127463962285,0,0,0,0,0,0,0,0,0,0,0,0,"WBGene00271476","SRAE_MITOCHONDRIAL","",NA,NA,NA,"",NA,"",NA,"",NA,"",NA
"569","SRAE_M000000022",0,0.512651169275155,0,0,0,0,0,0,0,0,0,0,0,0,"WBGene00271477","SRAE_MITOCHONDRIAL","",NA,NA,NA,"",NA,"",NA,"",NA,"",NA
"570","SRAE_M000000025",0,0,0,0,0,0,0,0,0,0,0,0,0,0,"WBGene00271480","SRAE_MITOCHONDRIAL","",NA,NA,NA,"",NA,"",NA,"",NA,"",NA
"571","SRAE_M000000026",0.318999416906767,0,0,0,0,0,0,0,0,0,0,0,0,0,"WBGene00271481","SRAE_MITOCHONDRIAL","",NA,NA,NA,"",NA,"",NA,"",NA,"",NA
"572","SRAE_M000000027",0,0,0,0,0,0,0,0,0,0,0,0,0,0,"WBGene00271482","SRAE_MITOCHONDRIAL","",NA,NA,NA,"",NA,"",NA,"",NA,"",NA
"573","SRAE_M000000036",0,0.888624107013206,0,0,0.0385137292340355,0,0,0,0,0,0,0,0,0,"WBGene00271491","SRAE_MITOCHONDRIAL","",NA,NA,NA,"",NA,"",NA,"",NA,"",NA
"574","SRAE_X000026400",0,0.601550374346379,0.0145514168985103,0,0,0,0.0567713739934648,0.0513511195685064,0,0.0494248000556548,0.0325725196864266,0.0441766812928284,0.0567785986782671,0.0774778028578793,"WBGene00265820","SRAE_chrX_scaffold1","",NA,NA,"A0A090LTH7","",NA,"",NA,"",NA,"",NA
"575","SRAE_X000026500",0,0.854413983140436,0,0,0,0,0,0,0,0,0,0,0,0,"WBGene00265821","SRAE_chrX_scaffold1","Major epididymal secretory protein he1",NA,"membrane","A0A090LM62","",NA,"",NA,"",NA,"",NA
"576","SRAE_X000026800",0,0,0.0148698087818909,0,0,0,0,0,0,0.0505062380547985,0,0.0451432879715065,0,0.0791730538251331,"WBGene00265824","SRAE_chrX_scaffold1","",NA,NA,"A0A090N0M3","",NA,"",NA,"",NA,"",NA
"577","SRAE_X000028833",0,0,0,0,0,0,0,0.0520047897495378,0,0,0,0,0,0,"WBGene00265845","SRAE_chrX_scaffold1","Transposase",NA,NA,"A0A090LTK1","",NA,"",NA,"",NA,"",NA
"578","SRAE_X000028866",0,0.242285787822697,0,0,0,0,0.0321728177353151,0,0,0,0,0.0966528842105611,0,0.0643027195657194,"WBGene00265846","SRAE_chrX_scaffold1","Aldolase-type TIM barrel domain-containing protein","Aldolase_TIM",NA,"A0A090LM84","",NA,"",NA,"",NA,"",NA
"579","SRAE_X000031600",0,0.405327987644803,0,0,0,0.0880495844383331,0.0568079811595425,0,0.0292085418015752,0,0.0651268078976232,0.0882593394168547,0.0568013588881906,0.0516935004974314,"WBGene00265874","SRAE_chrX_scaffold1","FI18412p1","SLC26A/SulP_fam, SLC26A/SulP_dom","membrane, transmembrane transport","A0A090N0N3","SSTP_0001091300",70.9497,"SPAL_0001609200",15.6425,"SVE_1982300",53.0726,"",NA
"580","SRAE_X000031700",0.108785996565048,0,0.0617946944286803,0,0.034400264973027,0,0.0305492357876989,0.0560105595129045,0.0939457902104898,0.0531202006318094,0.0347040592787787,0,0,0.113524319040303,"WBGene00265875","SRAE_chrX_scaffold1","",NA,NA,"A0A090LTM4","SSTP_0001091200",56.391,"",NA,"SVE_1982200",39.0977,"",NA
"581","SRAE_X000032850",0,0.262485041577118,0,0,0,0.0463266447091323,0,0.117006701400474,0,0,0,0.0916345377141146,0,0.0614980796796702,"WBGene00265887","SRAE_chrX_scaffold1","",NA,NA,"A0A090LMN4","",NA,"",NA,"",NA,"",NA
"582","SRAE_X000033500",0,0,0,0,0,0,0,0,0,0,0,0,0,0,"WBGene00265894","SRAE_chrX_scaffold1","",NA,NA,"A0A090N0N7","",NA,"",NA,"",NA,"",NA
"583","SRAE_X000033700",0,0,0,0,0,0,0,0,0,0,0,0,0.0864652942876397,0,"WBGene00265896","SRAE_chrX_scaffold1","SVM_signal domain-containing protein",NA,NA,"A0A090LMC7","",NA,"",NA,"",NA,"",NA
"584","SRAE_X000033800",0,0.221894338992654,0.0290038672359467,0.0488603768274416,0.0322390207184525,0,0.0850463010780495,0.0512546616126253,0.0291130108290004,0.0491881758504297,0,0.173849198557142,0.0565939007973563,0.103425165131655,"WBGene00265897","SRAE_chrX_scaffold1","",NA,NA,"A0A090LMP2","",NA,"",NA,"",NA,"",NA
"585","SRAE_X000038200",0,0,0,0,0,0,0,0,0,0,0,0.0451490297572101,0,0.0532119075857535,"WBGene00265941","SRAE_chrX_scaffold1","",NA,NA,"A0A090LMI1","SSTP_0000493200",55.5556,"",NA,"",NA,"",NA
"586","SRAE_X000038700",0,0.437328317004818,0,0.0594889292462057,0.109379670471847,0.0415317415898106,0.0643719501942808,0,0,0.100686579748102,0.0331882833259,0.0407849135003462,0,0.108832617369145,"WBGene00265946","SRAE_chrX_scaffold1","",NA,NA,"A0A090LMI6","",NA,"",NA,"",NA,"",NA
"587","SRAE_X000039900",0.445599290358928,0.193085695405628,0,0,0,0.0464704854616351,0,0,0,0.051587331485394,0,0,0,0,"WBGene00265958","SRAE_chrX_scaffold1","GPCR, rhodopsin-like, 7TM domain and 7TM GPCR, serpentine receptor class v (Srv) family-containing protein","GPCR_Rhodpsn_7TM, 7TM_GPCR_serpentine_rcpt_Srv","membrane","A0A090LS85","SSTP_0000860100",63.4361,"",NA,"",NA,"",NA
"588","SRAE_X000051600",0,0,0.0895492217978319,0.0503520749283559,0.0997567034242785,0,0,0,0,0.202672518407866,0.0333228338655436,0.0450176885256609,0.0291224109493564,0,"WBGene00266075","SRAE_chrX_scaffold1","CTP synthase (glutamine hydrolyzing)","CTP_synthase, GATASE, Class_I_gatase-like","nucleotide binding, ATP binding, ligase activity, 'de novo' CTP biosynthetic process, CTP synthase activity, pyrimidine nucleotide biosynthetic process","A0A090LUC0","SSTP_0000225700",68.2353,"SPAL_0001051700",67.0588,"SVE_1772900",67.6471,"ctps-1 | WBGene00012316",48.8235
"589","SRAE_X000051800",0,0.364472400469474,0.0375611951959188,0.0994027819256816,0,0,0,0,0.0294071425425985,0.0498821555810439,0.0989713090334708,0,0.0857698277009508,0.0518265199417718,"WBGene00266077","SRAE_chrX_scaffold1","CTP synthase","CTP_synthase, CTP_synthase_N, GATASE, P-loop_NTPase, Class_I_gatase-like","nucleotide binding, ATP binding, ligase activity, glutamine metabolic process, 'de novo' CTP biosynthetic process, CTP synthase activity, pyrimidine nucleotide biosynthetic process","A0A090LNA5","SSTP_0000225700",67.6923,"SPAL_0001051700",68.0769,"SVE_1772900",68.0769,"ctps-1 | WBGene00012316",47.3077
"590","SRAE_X000058600",0,0,0,0,0,0,0,0,0,0,0,0.0461144857330676,0,0,"WBGene00266145","SRAE_chrX_scaffold1","",NA,NA,"A0A090LUH2","SSTP_0000449700",74.6835,"",NA,"SVE_0223300",58.2278,"",NA
"591","SRAE_X000065400",0,0,0,0.0257549340614083,0.0339804680763763,0,0.0558880926959076,0.0528987461271145,0.0286350158311343,0,0,0,0,0,"WBGene00266213","SRAE_chrX_scaffold1","",NA,"membrane","A0A090LSY9","",NA,"",NA,"",NA,"",NA
"592","SRAE_X000065500",0,0,0,0.026115458923524,0.0689123564854235,0.21637055231598,0.283352150239259,0.0536392377590518,0,0,0.033759965693539,0.0425782251334535,0.141928752802406,0.0553135881027359,"WBGene00266214","SRAE_chrX_scaffold1","",NA,"membrane","A0A090N0V1","",NA,"",NA,"",NA,"",NA
"593","SRAE_X000067600",0,0,0,0,0,0.091176151139116,0.028884639885716,0,0,0,0,0.0457102581308582,0.0578877715637875,0.0524812578953267,"WBGene00266235","SRAE_chrX_scaffold1","Homeobox protein 2-like",NA,NA,"A0A090LUP3","",NA,"",NA,"",NA,"",NA
"594","SRAE_X000072050",0.131474024854897,0,0.0608686494644326,0.0514923707577082,0.0340375308381609,0.0464097641046038,0,0.107286718626899,0.030524941250908,0.10343797795944,0,0.1395678431312,0.0296786619487237,0,"WBGene00266280","SRAE_chrX_scaffold1","Transmembrane protein",NA,"membrane","A0A090LUT4","SSTP_0000263300",82.8431,"SPAL_0001556550",51.4706,"SVE_0055600",66.1765,"",NA
"595","SRAE_X000074900",0,0,0,0,0,0,0,0,0,0,0.0334916481851503,0.0919817403783346,0,0,"WBGene00266310","SRAE_chrX_scaffold1","7TM GPCR, serpentine receptor class v (Srv) family-containing protein","7TM_GPCR_serpentine_rcpt_Srv","membrane","A0A090LUV8","SSTP_0000451200 | SSTP_0000451200",68.2243,"SPAL_0000442200",56.0748,"SVE_0045400",57.9439,"",NA
"596","SRAE_X000075500",0,0.176444818773972,0,0,0,0,0.171478709243815,0,0.0294825905948563,0,0,0.227833780585699,0.0859899943137213,0.103773074218446,"WBGene00266316","SRAE_chrX_scaffold1","Immunoglobulin subtype domain and Immunoglobulin-like domain and Immunoglobulin V-set domain and Immunoglobulin-like fold domain-containing protein","Ig_sub, Ig-like_dom, Ig-like_fold, Ig-like_dom_sf","membrane","A0A090LNI1","SSTP_0000450600",57.2917,"",NA,"",NA,"",NA
"597","SRAE_X000077900",0.369572522924132,0.21884859167174,0,0,0.0307533410295386,0.0786564960391739,0,0,0,0.094639660789516,0,0,0.0268287390643553,0,"WBGene00266340","SRAE_chrX_scaffold1","",NA,NA,"A0A090LUY2","",NA,"SPAL_0000203100",39.6552,"SVE_0746600",31.8966,"",NA
"598","SRAE_X000094550",0,0.362530035534603,0,0,0.0330039485887023,0.0452884013578105,0.0572419497833442,0,0.0295060576640701,0,0.0993485858356666,0.0454109118296468,0,0.103960824455043,"WBGene00266508","SRAE_chrX_scaffold1","GPCR, rhodopsin-like, 7TM domain and 7TM GPCR, serpentine receptor class v (Srv) family-containing protein","GPCR_Rhodpsn_7TM, 7TM_GPCR_serpentine_rcpt_Srx","membrane","A0A090LTS5","SSTP_0000498700",70.1439,"SPAL_0000814500",44.2446,"SVE_0360400",43.1655,"",NA
"599","SRAE_X000095200",0,0,0.0446416033594169,0,0.0631414388267568,0,0,0,0,0.44141933511121,0,0.130772294398635,0,0,"WBGene00266515","SRAE_chrX_scaffold1","JmjC domain-containing protein","JmjC_dom",NA,"A0A090LVD8","",NA,"SPAL_0000409200",15.8103,"SVE_1918300",30.2372,"jhdm-1 | WBGene00020821",13.2411
"600","SRAE_X000095400",0,0,0,0,0,0,0,0,0,0,0,0,0,0,"WBGene00266517","SRAE_chrX_scaffold1","",NA,NA,"A0A090LPE6","",NA,"",NA,"",NA,"",NA
"601","SRAE_X000100300",0.110536015889823,0,0.0600956547585801,0,0,0.0463472720369831,0.0292088343832751,0.10575958718809,0,0,0,0.0464738181333446,0.0585751329553477,0,"WBGene00266566","SRAE_chrX_scaffold2","Asator","Prot_kinase_dom, Kinase-like_dom_sf, Protein_kinase_ATP_BS","nucleotide binding, ATP binding, protein phosphorylation, protein kinase activity","A0A090KVJ9","",NA,"",NA,"",NA,"",NA
"602","SRAE_X000101400",0,0,0.088951368099256,0,0.0339338928489948,0.0444717526554246,0,0.0508161902936907,0.0294838233392686,0.0563581629031792,0,0.0863069806118054,0.0265661050498058,0.113569029609015,"WBGene00266577","SRAE_chrX_scaffold2","Transposase",NA,NA,"A0A090KNV5","SSTP_0001198050",61.9048,"SPAL_0000021100",38.0952,"SVE_0806900",38.0952,"",NA
"603","SRAE_X000104800",0,0.269024128096833,0.139365476095972,0,0.062347012417599,0,0.0811799656392177,0,0.0279023040675893,0.0479494674067735,0.0946297357486535,0,0.0275522442549303,0,"WBGene00266611","SRAE_chrX_scaffold2","Transposase",NA,NA,"A0A090KVN3","SSTP_0001198050",60.3306,"SPAL_0000021100",41.3223,"SVE_0806900",26.4463,"",NA
"604","SRAE_X000108550",0,0,0,0,0,0,0,0,0,0,0,0,0,0,"WBGene00266650","SRAE_chrX_scaffold2","",NA,"membrane","A0A090MMT3","",NA,"SPAL_0001277800",72.2689,"",NA,"",NA
"605","SRAE_X000117200",0,0.244165996242332,0.0305680844356526,0,0.0371772590914181,0.048397806538067,0.0574313325570663,0.0567588520357755,0,0,0,0.0509514353221322,0.0576468154473349,0,"WBGene00266738","SRAE_chrX_scaffold2","Spore coat protein",NA,NA,"A0A090KPW5","",NA,"",NA,"",NA,"",NA
"606","SRAE_X000130600",0,0,0.029096545561689,0.156030293819276,0.336240720961486,0.0434361339439792,0,0,0,0.112792554755389,0.232935889240315,0.0427910239507736,0,0,"WBGene00266873","SRAE_chrX_scaffold2","",NA,"membrane","A0A090KQ97","",NA,"",NA,"",NA,"",NA
"607","SRAE_X000132300",0,0,0.180092751849902,0.0506211343329408,0.0666208468770841,0.0887314838265606,0,0,0.181524984018261,0.102001921102337,0.0668798969107135,0.0444133742358084,0.0293412495063149,0,"WBGene00266890","SRAE_chrX_scaffold2","DDE_Tnp_1_7 domain-containing protein",NA,NA,"A0A090MNC6","",NA,"",NA,"",NA,"",NA
"608","SRAE_X000133350",0,0,0,0,0,0,0,0,0.0300526001900613,0,0,0.0454941269146905,0,0,"WBGene00266901","SRAE_chrX_scaffold2","Nucleotide-sugar transporter family-containing protein",NA,"membrane, carbohydrate transport","A0A090KWE6","",NA,"",NA,"",NA,"",NA
"609","SRAE_X000134700",0.0358760582756645,0,0.209592524835844,0.101537563134995,0.10077014704819,0.0460999417426489,0.116483675954359,0,0.0300246200155058,0.050934326513681,0.0674024742378353,0.0462248112453586,0.0583797890763615,0.0528861331953144,"WBGene00266915","SRAE_chrX_scaffold2","DB domain-containing protein","DB","membrane","A0A090MNF4","SSTP_0001231300",87.3239,"SPAL_0001454000",72.8873,"SVE_0903000",72.1831,"",NA
"610","SRAE_X000138100",0,0,0.0596224676485565,0.0509554058042416,0.066638779559534,0.172621556964496,0,0.0538061486602128,0.0301372922846175,0,0.0669148654415689,0.126972576576737,0.0294999615318894,0.0551698217094279,"WBGene00266949","SRAE_chrX_scaffold2","Orfan",NA,"membrane","A0A090KUU5","SSTP_0000034200",56.8,"",NA,"SVE_0814500",50.4,"",NA
"611","SRAE_X000140600",0.0549715121794788,0,0.0624681697381234,0.052607972375231,0.0347154717329598,0.0466412686006816,0.0305637652967743,0,0.0627441919100162,0.0529978550845942,0.0348161629791334,0,0,0.111567567281499,"WBGene00266974","SRAE_chrX_scaffold2","Transposase, ISXO2-like domain-containing protein","Tnp_ISXO2-like",NA,"A0A090KUX2","SSTP_0000351000",28.75,"SPAL_0000775900",47.5,"SVE_1050500",59.375,"",NA
"612","SRAE_X000141000",0,0,0,0,0,0,0,0,0,0,0,0,0.057643487402666,0,"WBGene00266978","SRAE_chrX_scaffold2","Integrase, catalytic core domain and Ribonuclease H-like domain-containing protein","Integrase_cat-core, RNaseH-like_sf, RNaseH_sf","nucleic acid binding, DNA integration","A0A090KQL1","SSTP_0001038400",0,"SPAL_0001094000",0,"SVE_1278600",0,"",NA
"613","SRAE_X000141100",0,0,0.0298175670324378,0,0,0.0449740044874457,0,0,0,0.0506236886807399,0,0,0.0290861517359675,0,"WBGene00266979","SRAE_chrX_scaffold2","Integrase_H2C2 domain-containing protein","Integrase_H2C2, DNA/RNA_pol_sf",NA,"A0A090KUX7","",NA,"SPAL_0000663000",48.2759,"",NA,"",NA
"614","SRAE_X000141200",0,0.176189651317449,0,0,0.0655003291736513,0,0,0,0,0.0496349111822195,0,0,0,0,"WBGene00266980","SRAE_chrX_scaffold2","",NA,NA,"A0A090MNM5","",NA,"SPAL_0000674725",14.1618,"",NA,"",NA
"615","SRAE_X000141300",0,0.260388403844901,0.0241797790276467,0,0,0,0.0473115580175181,0,0,0,0,0,0,0,"WBGene00266981","SRAE_chrX_scaffold2","Transposase, ISXO2-like domain-containing protein","Tnp_ISXO2-like",NA,"A0A090KWQ5","",NA,"",NA,"",NA,"",NA
"616","SRAE_X000141400",0,0,0.0477513726341018,0,0.0337951291985154,0,0,0,0,0,0,0,0,0,"WBGene00266982","SRAE_chrX_scaffold2","Histone-lysine N-methyltransferase SETMAR","RNaseH_sf","nucleic acid binding","A0A090KQ72","SSTP_0000301100",63.8554,"SPAL_0001603900",65.0602,"SVE_1549000",62.6506,"",NA
"617","SRAE_X000142900",0,0,0.029591360710605,0.050206475841388,0.0332253972742692,0,0.0862707253837396,0,0,0.0503459319303718,0.13336867977517,0,0.0576799350159392,0.0522097159263308,"WBGene00266997","SRAE_chrX_scaffold2","Metalloendopeptidase","Peptidase_M12A, Peptidase_Metallo, MetalloPept_cat_dom_sf","proteolysis, hydrolase activity, peptidase activity, metal ion binding, zinc ion binding, metallopeptidase activity, metalloendopeptidase activity","A0A090KQB2","",NA,"SPAL_0000457600",45.3083,"SVE_0725800",44.504,"",NA
"618","SRAE_X000143300",0,0,0.0592764575138206,0,0,0.137359292563666,0.0288023137428735,0.208589305545234,0,0.10085139805112,0.0333951171865323,0.0918165913020765,0,0,"WBGene00267002","SRAE_chrX_scaffold2","Metalloendopeptidase","Peptidase_M12A, Peptidase_Metallo, MetalloPept_cat_dom_sf","proteolysis, hydrolase activity, peptidase activity, metal ion binding, zinc ion binding, metallopeptidase activity, metalloendopeptidase activity","A0A090KWV6","",NA,"SPAL_0000457600",44.385,"SVE_0725800",42.246,"",NA
"619","SRAE_X000146950",0,0,0.029639852526343,0.0517744429336209,0.0343931315109921,0.0426737617425291,0,0,0.0292502525997821,0,0.0343508952236049,0,0.0287581224902715,0,"WBGene00267041","SRAE_chrX_scaffold2","",NA,NA,"A0A090KQU2","",NA,"",NA,"",NA,"",NA
"620","SRAE_X000147100",0,0.661315156975263,0,0,0,0,0,0,0,0,0,0,0,0,"WBGene00267043","SRAE_chrX_scaffold2","",NA,NA,"A0A090MNU6","",NA,"",NA,"",NA,"",NA
"621","SRAE_X000153200",0,0,0.05926938466096,0.0502665704305477,0.0665197796575383,0.137135446113662,0.0864209165564672,0.104304259096754,0.0297097811594153,0.0504152880102535,0.066748031622705,0.091673155539188,0.0866543534310767,0,"WBGene00267104","SRAE_chrX_scaffold2","Homeobox-containing protein",NA,NA,"A0A090KX37","SSTP_0000879800",56.8807,"SPAL_0001325900",49.8471,"SVE_0104600",47.4006,"",NA
"622","SRAE_X000159000",0,0,0,0.050301669571353,0,0.09150440048393,0.144128961681085,0,0.0297297246953669,0,0.0333994296557105,0.137618174209923,0.0578081613930494,0,"WBGene00267163","SRAE_chrX_scaffold2","Asator","Prot_kinase_dom, Kinase-like_dom_sf","protein phosphorylation, protein kinase activity, ATP binding","A0A090MP31","",NA,"",NA,"",NA,"",NA
"623","SRAE_X000160200",0,0.367728156144027,0,0.180764302455482,0,0.0502409327123026,0,0,0,0,0,0,0.0314265160824622,0,"WBGene00267175","SRAE_chrX_scaffold2","",NA,NA,"A0A090KQP0","SSTP_0000349700",59.1398,"",NA,"",NA,"",NA
"624","SRAE_X000161500",0,0.281664210963378,0.0611489511928144,0.0526659670181178,0.0693062328901148,0.0434193427148069,0.0590235963613558,0,0.029831194826009,0.105521912356865,0.0697537451062554,0,0.0295894437190251,0,"WBGene00267188","SRAE_chrX_scaffold2","Histone-lysine N-methyltransferase SETMAR",NA,"transferase activity, methylation, methyltransferase activity","A0A090MP53","",NA,"",NA,"",NA,"",NA
"625","SRAE_X000163500",0.425664381731459,0,0,0.0569625551901419,0.147132815295778,0,0.0311856478304396,0,0.125809925261469,0.0594505436738041,0,0,0,0,"WBGene00267209","SRAE_chrX_scaffold2","RNA methyltransferase",NA,NA,"A0A090KXB3","SSTP_0000867900",37.234,"SPAL_0001160200",53.1915,"SVE_1630800",38.2979,"",NA
"626","SRAE_X000168650",0,0,0,0,0.103466461452502,0.0445780771748662,0.0581423756978554,0,0.0883543013160709,0,0.0340558996048323,0.0429852223577071,0.0275632335946671,0.114037838758227,"WBGene00267261","SRAE_chrX_scaffold2","DDE_Tnp_1_7 domain-containing protein","PGBD",NA,"A0A090KRD6","",NA,"",NA,"",NA,"",NA
"627","SRAE_X000169000",0.244043429866533,0.29767870802995,0.0594560541469645,0,0,0,0,0.05346790274049,0,0,0,0,0,0,"WBGene00267265","SRAE_chrX_scaffold2","Transposase, ISXO2-like domain-containing protein","Tnp_ISXO2-like",NA,"A0A090KXF9","SSTP_0000946900",26.6187,"",NA,"SVE_0484000",41.0072,"",NA
"628","SRAE_X000169200",0,0,0.0296660882352575,0,0,0,0.0287798201826929,0,0.0294994247919008,0,0,0,0,0,"WBGene00267267","SRAE_chrX_scaffold2","PH domain-containing protein",NA,NA,"A0A090KRE0","",NA,"",NA,"",NA,"",NA
"629","SRAE_X000169300",0.0626552358309476,0,0.0474155857159407,0.0410985278446865,0,0,0,0,0,0,0,0,0,0,"WBGene00267268","SRAE_chrX_scaffold2","DNA-directed RNA polymerase","DNA/RNA_pol_sf",NA,"A0A090KVQ0","",NA,"SPAL_0001461500",69.8113,"",NA,"",NA
"630","SRAE_X000169400",0,0,0.0295544178148978,0,0.0663528841970061,0.0858618361445054,0,0,0.029568925994107,0,0.100442735944346,0,0.0292199552028042,0.0554053950330727,"WBGene00267269","SRAE_chrX_scaffold2","HORMA domain-containing protein",NA,NA,"A0A090MPC3","",NA,"SPAL_0001461500",64.1667,"",NA,"",NA
"631","SRAE_X000173250",0,0,0,0,0,0,0,0,0,0,0,0,0,0,"WBGene00267309","SRAE_chrX_scaffold2","",NA,"membrane","A0A090MPF7","SSTP_0000433700",69.7368,"SPAL_0001690450",52.6316,"SVE_0000661550",78.9474,"",NA
"632","SRAE_X000177100",0,0,0.0592752786164389,0.0501759504092353,0.199040060958707,0.0453233016196556,0.0865626536652728,0.104431719084261,0.0297221954190934,0.100757363158789,0.0332782207054003,0,0.0866925190282695,0.104897090719499,"WBGene00267348","SRAE_chrX_scaffold2","N-acetyllactosaminide beta-1,3-N-acetylglucosaminyltransferase",NA,"glycosyltransferase activity, transferase activity","A0A090KVX6","",NA,"SPAL_0000499400",16.9725,"",NA,"",NA
"633","SRAE_X000180000",0,0.345780281915686,0,0,0,0.0467465474096092,0,0,0,0,0,0.0448423459737793,0,0,"WBGene00267377","SRAE_chrX_scaffold2","Integrase, catalytic core domain and Ribonuclease H-like domain-containing protein","Integrase_cat-core, RNaseH-like_sf, RNaseH_sf","nucleic acid binding, DNA integration","A0A090KRP4","",NA,"",NA,"",NA,"",NA
"634","SRAE_X000180100",0,0,0.0291938032805895,0,0.0327497965790282,0,0.0285611443363973,0,0,0,0,0,0,0.0539487014657188,"WBGene00267378","SRAE_chrX_scaffold2","CBF domain-containing protein",NA,NA,"A0A090KW05","",NA,"SPAL_0001725900",45.6693,"SVE_0633300",47.2441,"",NA
"635","SRAE_X000180200",0,0,0.0891446086356572,0.0503014776954731,0,0.0454178411649681,0.0578647769818595,0,0.178802804816996,0.0505082676516315,0.0667147803625082,0.0910850653660028,0.0869210759573207,0,"WBGene00267379","SRAE_chrX_scaffold2","DUF4806 domain-containing protein",NA,NA,"A0A090MPL7","",NA,"",NA,"",NA,"",NA
"636","SRAE_X000180400",0,0,0.0592532692795724,0,0.0332189654551814,0,0,0,0.0297079794986469,0.100789063501626,0,0.0456798496867303,0.0577676966933737,0.104702603162721,"WBGene00267381","SRAE_chrX_scaffold2","Helicase, C-terminal domain and P-loop containing nucleoside triphosphate hydrolase domain-containing protein","Helicase_C, P-loop_NTPase","hydrolase activity, helicase activity","A0A090KRC6","SSTP_0000443600",14.717,"SPAL_0000682000",21.5094,"SVE_0770000",20.3774,"",NA
"637","SRAE_X000180500",0,0.297124599075841,0.0275342360645888,0.0469871204633994,0.0616803304156168,0.0400154858586943,0.0269573884823024,0,0.0558169413762212,0,0,0,0,0,"WBGene00267382","SRAE_chrX_scaffold2","Transposase, ISXO2-like domain-containing protein","Tnp_ISXO2-like",NA,"A0A090KRP9","",NA,"",NA,"",NA,"",NA
"638","SRAE_X000180600",0.0348448651833857,0,0.0716141089950334,0,0.0339829711321847,0.0465300412869839,0,0,0.0608324077523608,0,0.034096150306132,0.0466541324867,0.059145979084725,0,"WBGene00267383","SRAE_chrX_scaffold2","Histone-lysine N-methyltransferase SETMAR","Transposase_1, RNaseH_sf, Mos1_HTH","transferase activity, nucleic acid binding, methylation, methyltransferase activity","A0A090KW10","SSTP_0000266900",59.4142,"SPAL_0001603900",58.9958,"SVE_1549000",33.8912,"",NA
"639","SRAE_X000183600",0,0,0,0.0500727527905536,0,0,0.057554195549499,0.0520781435797082,0.0592972743099344,0,0,0,0,0,"WBGene00267413","SRAE_chrX_scaffold3","",NA,NA,"A0A090KW41","SSTP_0001057100",54.1485,"",NA,"SVE_1998700",29.6943,"",NA
"640","SRAE_X000199800",0,0,0,0.0503243553194312,0,0.129597255991252,0.0874803864174702,0.0536681415762767,0,0.0506237667232917,0,0,0.116448021502197,0,"WBGene00267576","SRAE_chrX_scaffold4","RNase H domain-containing protein",NA,NA,"A0A090KRZ4","",NA,"",NA,"",NA,"",NA
"641","SRAE_X000199900",0,0.177567509462251,0,0,0,0,0.0283550858253062,0,0,0,0,0,0.0284278879091891,0.0514872779610752,"WBGene00267577","SRAE_chrX_scaffold4","Zinc finger, CCHC-type domain-containing protein","Znf_CCHC, Znf_CCHC_sf","cytoplasm, nucleic acid binding, zinc ion binding, enzyme binding","A0A090KS96","SSTP_0001282700",18.9103,"SPAL_0000697800",61.2179,"SVE_1667500",60.8974,"",NA
"642","SRAE_X000200000",0,0,0.0888964441914193,0.0502809744097455,0.0332768790949737,0.045801412323584,0,0.0521325244088977,0.0594083806656973,0,0.0333941586240894,0.0918481137846252,0.0577573202646293,0,"WBGene00267578","SRAE_chrX_scaffold4","Reverse transcriptase domain-containing protein","RT_dom, RT_RNaseH_2, Rev_trsase/Diguanyl_cyclase, DNA/RNA_pol_sf","RNA-templated DNA biosynthetic process, RNA-directed DNA polymerase activity","A0A090KWN9","",NA,"",NA,"",NA,"",NA
"643","SRAE_X000201300",0,0,0.0880265007089312,0,0,0,0,0,0.029892548303766,0,0,0,0,0,"WBGene00267591","SRAE_chrX_scaffold4","DUF4258 domain-containing protein",NA,NA,"A0A090KS05","",NA,"",NA,"",NA,"",NA
"644","SRAE_X000204300",0,0,0.0888522505404746,0,0.0332276143622664,0,0.0576084765081291,0,0.0296988970048745,0,0.0333379122086036,0.0457318715532687,0.0288732302355741,0.0523101490132839,"WBGene00267621","SRAE_chrX_scaffold4","Glycosyltransferase","DUF273, Nucleotide-diphossugar_trans",NA,"A0A090KS26","SSTP_0000852600",79.7909,"SPAL_0001308600",60.2787,"SVE_0359400",70.3833,"F25H2.7 | WBGene00009121",31.3589
"645","SRAE_X000208700",0,0.289842517085399,0.0279260010921349,0,0,0.0806396775588273,0.108551978820491,0.1009161358681,0.056228755153338,0,0.031398290965211,0,0.110352944678728,0.0517410267949117,"WBGene00267665","SRAE_chrX_scaffold4","Transposase, type 1 family-containing protein","RNaseH_sf","nucleic acid binding","A0A090KYQ5","SSTP_0000301100",64.5161,"SPAL_0001603900",60.4839,"SVE_1276300",79.0323,"",NA
"646","SRAE_X000212400",0,0,0.0595775737499989,0.0503595478310188,0.0998246482184128,0.0905272256172778,0,0,0.074557817360188,0,0.0333786739253209,0,0,0,"WBGene00267702","SRAE_chrX_scaffold4","",NA,NA,"A0A090KSK3","SSTP_0000867900",20.4188,"SPAL_0001160200",36.6492,"SVE_1630800",29.8429,"",NA
"647","SRAE_X000218400",0,0,0,0,0,0,0,0,0.029647562190919,0,0,0,0,0,"WBGene00267762","SRAE_chrX_scaffold4","",NA,NA,"A0A090KSR2","SSTP_0000704500",49.2891,"",NA,"SVE_1517700",55.9242,"",NA
"648","SRAE_X000218500",0,0,0,0,0,0.0937925405284155,0,0,0,0,0,0.0452207615015286,0,0,"WBGene00267763","SRAE_chrX_scaffold4","Conserved domain protein",NA,NA,"A0A090KX47","SSTP_0000704500",1.08696,"",NA,"SVE_1517700",57.6087,"",NA
"649","SRAE_X000218700",0,0,0.176715505307579,0.0508052651685617,0,0,0,0,0.0292913671061788,0,0.0671843965267408,0,0,0,"WBGene00267765","SRAE_chrX_scaffold5","Secreted protein",NA,"membrane","A0A090KYY0","",NA,"",NA,"",NA,"",NA
"650","SRAE_X000221500",0,0,0.0298906257419368,0,0,0.172445548550274,0.0291274887517573,0.0548204947743965,0.0296926638222639,0,0,0.168017706217475,0.0881367781369491,0.183671528026819,"WBGene00267792","SRAE_chrX_scaffold5","",NA,NA,"A0A090KSU3","",NA,"",NA,"",NA,"",NA
"651","SRAE_X000221900",0,0,0,0,0.0349631044470215,0,0.0546846036018105,0,0,0,0,0,0,0,"WBGene00267796","SRAE_chrX_scaffold5","Capsid protein",NA,NA,"A0A090KSJ0","",NA,"",NA,"",NA,"",NA
"652","SRAE_X000226100",0,0,0.0929461080918964,0.167079353459944,0.199533108931846,0,0.0692603334712754,0.0520275414725702,0.0641627596100274,0.100695616814701,0.140760002762258,0,0,0.052140319555711,"WBGene00267843","SRAE_chrX_scaffold5","Protein-tyrosine phosphatase,receptor/non-receptor type domain-containing protein","PTP_cat, Prot-tyrosine_phosphatase-like","membrane, protein dephosphorylation, protein tyrosine phosphatase activity","A0A090KZ59","SSTP_0000358200",25.3835,"",NA,"",NA,"",NA
"653","SRAE_X000226500",0,0,0.0296945243086579,0,0.0329903460357005,0,0.0290716367425524,0.0525670981730632,0.0298340442594366,0.0503865882222508,0.066130344509954,0.0443471257868249,0.0290003161838921,0.0530887758348271,"WBGene00267847","SRAE_chrX_scaffold5","Conserved domain protein",NA,"membrane","A0A090MQS6","",NA,"",NA,"",NA,"",NA
"654","SRAE_X000231700",0,0,0,0.050268936512641,0.0993576230038903,0,0.0292618273101066,0,0.0300429863449451,0.101359753158963,0.0663861981902357,0.0887819243143835,0.0582791867468191,0,"WBGene00267900","SRAE_chrX_scaffold6","RNA-directed RNA polymerase, luteovirus family-containing protein","RNA-dir_pol_luteovirus, DNA/RNA_pol_sf","RNA binding, transcription, DNA-templated, transcription, RNA-templated, RNA-directed 5'-3' RNA polymerase activity","A0A090KT45","",NA,"",NA,"",NA,"",NA
"655","SRAE_X000231800",0,0,0,0,0.0331524789614787,0,0,0,0.0297618147236631,0,0,0,0,0,"WBGene00267901","SRAE_chrX_scaffold6","C2H2-type domain-containing protein",NA,NA,"A0A090KXH4","",NA,"",NA,"SVE_1222600",78.2383,"",NA
"656","SRAE_X000231850",0,0.181246911169992,0.0589173855730454,0,0.0330463281778896,0.136044330115559,0.0286521229327425,0.0518630764427511,0.0590811159169752,0.100224297791073,0,0.0909412074908912,0.0574386974561612,0.0520359815013482,"WBGene00267902","SRAE_chrX_scaffold6","Nucleolus protein",NA,NA,"A0A090MQY3","",NA,"",NA,"SVE_1222600",49.4662,"",NA
"657","SRAE_X000232100",0,0,0.029609426372291,0,0,0.0458272884654147,0,0.156246058875951,0,0,0,0,0.0577080646094143,0,"WBGene00267905","SRAE_chrX_scaffold6","Reverse transcriptase domain and Zinc finger,CCHC-type domain and Aspartic peptidase domain-containing protein","RT_dom, Peptidase_aspartic_dom_sf, Znf_CCHC_sf, Rev_trsase/Diguanyl_cyclase, DNA/RNA_pol_sf","nucleic acid binding, zinc ion binding, RNA-templated DNA biosynthetic process, RNA-directed DNA polymerase activity","A0A090KT49","SSTP_0000353500",25.8264,"SPAL_0000342200",29.5455,"SVE_0215400",20.0413,"",NA
"658","SRAE_X000232200",0,0,0,0,0,0,0.0286637007517421,0,0,0,0,0,0.0577465945292176,0,"WBGene00267906","SRAE_chrX_scaffold6","RT_RNaseH_2 domain-containing protein","RT_RNaseH_2, Rev_trsase/Diguanyl_cyclase, DNA/RNA_pol_sf",NA,"A0A090KXH9","SSTP_0000701000",0,"SPAL_0001140300",34.4828,"",NA,"",NA
"659","SRAE_X000232300",0,0,0.0296266235502811,0.0502148747406044,0.0664331971234936,0.136639273812422,0.172923789775538,0.10432767742159,0.0297083511764607,0,0,0,0.0577656006245879,0,"WBGene00267907","SRAE_chrX_scaffold6","Integrase, catalytic core domain and Ribonuclease H-like domain-containing protein","Integrase_cat-core, RNaseH-like_sf, RNaseH_sf","nucleic acid binding, DNA integration","A0A090MQY8","SSTP_0001039100",50.7634,"SPAL_0000610800",41.9847,"SVE_0893500",15.2672,"",NA
"660","SRAE_X000233200",0,0.348326428825016,0.0295264542466168,0,0,0.0914871891457244,0.028677550906513,0.0519286559443289,0.0295946024982444,0,0,0.0917372607317424,0.0287714547268735,0,"WBGene00267916","SRAE_chrX_scaffold6","DRBM domain-containing protein",NA,NA,"A0A090KXJ0","SSTP_0000841500",43.3164,"",NA,"",NA,"",NA
"661","SRAE_X000233300",0,0,0,0,0,0,0,0,0,0,0,0,0.0288217592237398,0,"WBGene00267917","SRAE_chrX_scaffold6","",NA,NA,"A0A090MQZ8","SSTP_0000841500",44.2177,"",NA,"",NA,"",NA
"662","SRAE_X000233400",0.103726819751252,0,0.0905263924258583,0,0,0,0.17619376129422,0.0531436138567113,0.0302594751608967,0,0.101752849143812,0.092805413418409,0.0882621437678292,0.0533612469517093,"WBGene00267918","SRAE_chrX_scaffold6","",NA,NA,"A0A090KZE4","SSTP_0001038600",34.1772,"",NA,"",NA,"",NA
"663","SRAE_X000233700",0,0,0.059133592296322,0,0,0,0.0287664433302144,0,0,0,0.0332528234220719,0,0,0.0522653955217948,"WBGene00267921","SRAE_chrX_scaffold6","DUF1758 domain-containing protein",NA,NA,"A0A090KXJ7","",NA,"SPAL_0000611900",69.7211,"",NA,"",NA
"664","SRAE_X000233800",0,0,0,0,0,4.08379339389652e-08,1.33080844199476e-08,6.74526487173827e-09,0,9.6680020725107e-08,4.5770464645459e-09,0,0,0,"WBGene00267922","SRAE_chrX_scaffold6","Reverse transcriptase domain-containing protein","RT_dom","RNA-templated DNA biosynthetic process, RNA-directed DNA polymerase activity","A0A090KVN1, A0A090MR03","SSTP_0001038500",17.3804,"",NA,"",NA,"",NA
"665","SRAE_X000233900",0.277159366953279,0,0.0144420125037551,0,0,0.0208365588975157,0,0.0266532158175646,0,0,0,0,0.0285524415702663,0.0544277586769314,"WBGene00267923","SRAE_chrX_scaffold6","POP1 domain-containing protein",NA,NA,"A0A090KVW9","",NA,"",NA,"",NA,"",NA
"666","SRAE_X000234000",0.0328622499515613,0,0.0152142506071158,0.0257412589224628,0,0,0.0148199295739123,0.0536330948153716,0,0,0.0170669060614476,0.0775227655064267,0.0890188306425044,0.215567091370787,"WBGene00267924","SRAE_chrX_scaffold6","",NA,NA,"A0A090KSY0","",NA,"",NA,"",NA,"",NA
"667","SRAE_X000234300",0,0,0.0295326236056135,0,0,0,0,0,0.0296994938077982,0,0,0,0,0,"WBGene00267927","SRAE_chrX_scaffold6","",NA,NA,"A0A090MR08","",NA,"",NA,"SVE_1674300",26.4901,"",NA
"668","SRAE_X000234400",0,0,0.0883923757268109,0,0.0343975289017513,0,0.0282870188758189,0,0.0579730253723319,0,0.0337025424375206,0,0,0,"WBGene00267928","SRAE_chrX_scaffold6","Flagellin_D0/D1 domain-containing protein",NA,NA,"A0A090KZF7","",NA,"SPAL_0000980680",0,"SVE_0667100",16.1616,"",NA
"669","SRAE_X000234500",0,0,0,0,0,0.045560535016012,0,0.0536650170131435,0,0,0.0333329193129006,0.0484092340733841,0.0538959137816073,0,"WBGene00267929","SRAE_chrX_scaffold6","Ankyrin repeat protein",NA,NA,"A0A090KSY5","",NA,"",NA,"",NA,"",NA
"670","SRAE_X000234600",0,0,0.0592547590630751,0,0.133121730355928,0.0458340436332126,0.0575673467316466,0,0.0296980276549385,0.0504117395152595,0,0.045957809098547,0,0,"WBGene00267930","SRAE_chrX_scaffold6","C2H2-type domain-containing protein",NA,NA,"A0A090KT71","SSTP_0001072100",31.1804,"",NA,"SVE_1704900",32.9621,"",NA
"671","SRAE_X000234700",0,0,0.118410130359554,0,0.0332562208737772,0,0.0287574981595905,0.0520708179955631,0.118690181538646,0.0503704667148279,0.0667486961577096,0.045936383535106,0.0288474330502776,0,"WBGene00267931","SRAE_chrX_scaffold6","JmjC domain-containing protein","JmjC_dom",NA,"A0A090KXK9","SSTP_0000535100",35.084,"",NA,"",NA,"",NA
"672","SRAE_X000234800",0,0,0.069597441933692,0,0,0.0456968964359435,0,0.104381249860382,0.0297304506338866,0.15132449883473,0.133536722586289,0.0458212403908784,0.0578102600815495,0,"WBGene00267932","SRAE_chrX_scaffold6","DSH, C-terminal domain and P-loop containing nucleoside triphosphate hydrolase domain-containing protein","Ski2/MTR4_C, P-loop_NTPase","hydrolase activity","A0A090MR14","",NA,"",NA,"SVE_1245600",25.0825,"",NA
"673","SRAE_X000234900",0,0,0.0289031947172048,0,0.140609901595134,0,0,0,0.0884095078964762,0,0,0,0.0272535417652434,0.0537831817669984,"WBGene00267933","SRAE_chrX_scaffold6","Metal-binding protein","P-loop_NTPase",NA,"A0A090KZG3","",NA,"",NA,"",NA,"",NA
"674","SRAE_X000235000",0,0.188431307012507,0.0293989211872181,0.0497753882046118,0,0.0449733717060996,0.0286215214420786,0,0.0589650716639,0.0499746950304942,0.0330140528325344,0.0450972327588334,0.0557203548684336,0,"WBGene00267934","SRAE_chrX_scaffold6","Superkiller viralicidic activity 2-like 2","DEAD/DEAH_box_helicase_dom, Helicase_ATP-bd, P-loop_NTPase","ATP binding, nucleic acid binding","A0A090KSZ2","SSTP_0000429600",42.7273,"",NA,"SVE_1918400",54.0909,"",NA
"675","SRAE_X000235200",0,0,0,0,0.0166410949618789,0.0458634393697736,0.0143864505148528,0.0260499094121895,0,0,0,0.0229940726475361,0.0288648755496616,0,"WBGene00267936","SRAE_chrX_scaffold6","Zinc finger, CCHC-type domain and Peptidase A2A,retrovirus RVP subgroup domain and Aspartic peptidase domain-containing protein","Peptidase_aspartic_dom_sf",NA,"A0A090KZH0","",NA,"SPAL_0001459400",24.4231,"SVE_0263900",23.8462,"",NA
"676","SRAE_X000235400",0,0,0,0,0.0166410949618789,0.0458634393697736,0.0143864505148528,0.0260499094121895,0,0,0,0.0229940726475361,0.0288648755496616,0,"WBGene00267938","SRAE_chrX_scaffold6","Zinc finger, CCHC-type domain and Peptidase A2A,retrovirus RVP subgroup domain and Aspartic peptidase domain-containing protein","Peptidase_aspartic_dom_sf",NA,"A0A090KZH0","",NA,"SPAL_0001459400",24.4231,"SVE_0263900",23.8462,"",NA
"677","SRAE_X000235600",0,0,0,0,0,0,0,0,0,0,0,0,0,0,"WBGene00267940","SRAE_chrX_scaffold6","CPXV160 protein",NA,NA,"A0A090KT82","",NA,"",NA,"",NA,"",NA
"678","SRAE_X000235800",0,0,0,0.10051994269293,0.0665344082641186,0.0458228088614725,0.0287690399782932,0,0.0890514692585155,0.0730385551920122,0,0,0,0,"WBGene00267942","SRAE_chrX_scaffold6","Reverse transcriptase domain-containing protein","RT_dom, RT_RNaseH_2, Rev_trsase/Diguanyl_cyclase, DNA/RNA_pol_sf","RNA-templated DNA biosynthetic process, RNA-directed DNA polymerase activity","A0A090MR22","SSTP_0000066800",70.7527,"SPAL_0001206100",73.5484,"",NA,"",NA
"679","SRAE_X000235900",0,0.0283517296108893,0.0518768688313319,0.00706915199142883,0.0710040686175275,0.137127801117782,0,0,0.136537116203777,0,0.105012375301976,0,0.0369301202381081,0,"WBGene00267943","SRAE_chrX_scaffold6","Zinc finger, CCHC-type domain and Aspartic peptidase domain-containing protein","Peptidase_aspartic_dom_sf, Znf_CCHC_sf","nucleic acid binding, zinc ion binding","A0A090KZH7","",NA,"",NA,"SVE_0114500",56.4394,"",NA
"680","SRAE_X000236000",0,0,0,0,0,0.0459849848377352,0,0,0,0,0,0,0,0,"WBGene00267944","SRAE_chrX_scaffold6","",NA,NA,"A0A090KT03","",NA,"",NA,"",NA,"",NA
"681","SRAE_X000236100",0.60945985745634,0,0.0333481653149054,0,0.0771186637251053,0,0,0,0.0333459554154838,0.0658975455940408,0.0378711601932008,0,0,0,"WBGene00267945","SRAE_chrX_scaffold6","Metal-binding protein",NA,NA,"A0A090KT87","",NA,"",NA,"",NA,"",NA
"682","SRAE_X000236200",0.0398750003743302,0,0,0,0,0,0,0,0,0,0,0,0,0,"WBGene00267946","SRAE_chrX_scaffold6","",NA,NA,"A0A090KXM9","",NA,"",NA,"",NA,"",NA
"683","SRAE_X000236700",0,0,0.0592035258227538,0.0502053848617349,0.132866985137985,0.0456154890873401,0.0287863153450119,0.052106486921111,0.029681963063594,0.100717278118803,0,0,0.0577161761912883,0.0522735893552082,"WBGene00267952","SRAE_chrX_scaffold6","Ribonuclease H-like domain and AT hook-like family-containing protein","RNaseH-like_sf, AT_hook_DNA-bd_motif, RNaseH_sf","DNA binding, nucleic acid binding","A0A090MR31","",NA,"",NA,"",NA,"",NA
"684","SRAE_X000236800",0,0,0,0.050221130538349,0,0.0450052231067549,0.0290013448402385,0,0.02982704975461,0,0,0,0.0290048056559572,0,"WBGene00267953","SRAE_chrX_scaffold6","Retrovirus-related Pol polyprotein from transposon TNT 1-94",NA,NA,"A0A090KZJ1","",NA,"",NA,"",NA,"",NA
"685","SRAE_X000236900",0,0,0.177557374513446,0.050247316076166,0.0332678009983051,0.0458988497249935,0.028735475835974,0,0.148296926240776,0,0,0,0,0.104290554491016,"WBGene00267954","SRAE_chrX_scaffold6","Reverse transcriptase domain and Aspartic peptidase domain-containing protein","Peptidase_aspartic_dom_sf, Rev_trsase/Diguanyl_cyclase, DNA/RNA_pol_sf","RNA-templated DNA biosynthetic process, RNA-directed DNA polymerase activity","A0A090KT14","SSTP_0000468000",15.2563,"SPAL_0000451300",12.0381,"",NA,"",NA
"686","SRAE_X000237000",0,0,0.0301888240992218,0,0,0,0.0294430602832976,0,0.061037933720027,0,0,0.0428603322252737,0,0,"WBGene00267955","SRAE_chrX_scaffold6","Reverse transcriptase domain-containing protein",NA,NA,"A0A090KTA3","",NA,"",NA,"",NA,"",NA
"687","SRAE_X000237300",0,0,0.05920423386344,0,0.0664459876540169,0,0,0,0.0593544813289057,0.0503597784724873,0,0,0,0,"WBGene00267958","SRAE_chrX_scaffold6","Reverse transcriptase domain-containing protein","RT_dom, DNA/RNA_pol_sf","RNA-templated DNA biosynthetic process, RNA-directed DNA polymerase activity","A0A090KZJ7","SSTP_0000005800",32.2086,"SPAL_0000417100",22.3926,"",NA,"",NA
"688","SRAE_X000237900",0,0,0.0726162410059917,0,0,0,0,0,0,0,0,0,0,0,"WBGene00267964","SRAE_chrX_scaffold6","Plus3 domain-containing protein",NA,NA,"A0A090KT23","",NA,"",NA,"",NA,"",NA
"689","SRAE_X000238200",0,0,0,0,0,0,0.0580977038697222,0.1579236747635,0,0,0,0.0439476827529294,0.0289108772532296,0.0532462520553453,"WBGene00267967","SRAE_chrX_scaffold6","",NA,"membrane","A0A090MR45","SSTP_0001027900",59.3333,"SPAL_0001473300",42,"",NA,"",NA
"690","SRAE_X000239350",0,0,0,0,0,0,0,0,0,0,0,0,0,0,"WBGene00267979","SRAE_chrX_scaffold6","",NA,"membrane","A0A090KT38","",NA,"",NA,"",NA,"",NA
"691","SRAE_X000239500",0,0.376622587441254,0,0.0247220719548016,0,0.0223218239044174,0,0.0257318923219054,0.0146463231197013,0.0496474963758544,0,0,0.0142399871595607,0,"WBGene00267981","SRAE_chrX_scaffold6","",NA,NA,"A0A090KXS0","SSTP_0001026400",46.5116,"",NA,"",NA,"",NA
"692","SRAE_X000239600",0,0,0.0296617730999792,0.0501636260161151,0.0331472955336178,0,0,0,0.0594896138577133,0.100784803679868,0.033250389541652,0,0.0289284173683582,0,"WBGene00267982","SRAE_chrX_scaffold6","",NA,NA,"A0A090MR58","SSTP_0001026600",51.0204,"",NA,"",NA,"",NA
"693","SRAE_X000239700",0,0.376622587441254,0,0.0247220719548016,0,0.0223218239044174,0,0.0257318923219054,0.0146463231197013,0.0496474963758544,0,0,0.0142399871595607,0,"WBGene00267983","SRAE_chrX_scaffold6","",NA,NA,"A0A090KXS0","SSTP_0001026400",46.5116,"",NA,"",NA,"",NA
"694","SRAE_X000240200",0,0,0.0575248158403378,0.106660606584212,0,0,0.0136347697142704,0,0.0600661118903323,0.057347405390729,0.0650422241870235,0,0.0329973887770174,0,"WBGene00267988","SRAE_chrX_scaffold6","",NA,NA,"A0A090KZN4","",NA,"",NA,"",NA,"",NA
"695","SRAE_X000243700",0,0,0,0,0,0,0,0,0,0,0,0,0,0,"WBGene00268023","SRAE_chrX_scaffold6","Ig-like domain-containing protein",NA,NA,"A0A090KZU0","SSTP_0001023200",78.8732,"",NA,"",NA,"",NA
"696","SRAE_X000246550",0,0,0,0,0,0.0456630409251875,0.0576698876333292,0,0,0,0,0,0.0289044457161115,0,"WBGene00268052","SRAE_chrX_scaffold8","GPCR, rhodopsin-like, 7TM domain and 7TM GPCR,serpentine receptor class x (Srx) family-containing protein","GPCR_Rhodpsn_7TM, 7TM_GPCR_serpentine_rcpt_Srx","membrane","A0A090L004","",NA,"SPAL_0000870150",53.2872,"SVE_0899200",51.2111,"",NA
"697","SRAE_X000248800",0,0.372563619835689,0,0,0.0326447939790241,0.133878320385357,0.0567688695437744,0,0,0,0,0,0.0852867134477998,0.0515870932073508,"WBGene00268075","SRAE_chrX_scaffold8","Ephrin RBD domain-containing protein",NA,NA,"A0A090KY74","SSTP_0000358200",30.9417,"",NA,"",NA,"",NA
"698","SRAE_X000254300",0,0,0,0,0,0,0.086317189936489,0,0,0,0.0334082784674368,0.0920270702675677,0,0,"WBGene00268130","SRAE_chrX_scaffold7","Reticulocyte binding protein",NA,NA,"A0A090KTE3","SSTP_0001121800",75.0871,"SPAL_0001090500",55.0523,"SVE_0620200",54.007,"",NA
"699","SRAE_X000600000",0.00735801435288609,0.490170477883478,0.0157183986862217,0.0105683958433493,0,0.0317091295284498,0.0362834757142978,0.018649521776107,0.0101291098397697,0.0201853247488966,0.00547733365665922,0.0181630690917864,0.0503702102325653,0.00926245650349472,"WBGene00270168","SRAE_chrX_scaffold9","",NA,NA,NA,"",NA,"",NA,"",NA,"",NA
"700","SRAE_X000600001",2.46215263395082e-06,0,0,0,0,0,0,0,0,0,0,0,0,0,"WBGene00270012","SRAE_chrX_scaffold10","",NA,NA,NA,"",NA,"",NA,"",NA,"",NA
"701","SRAE_X000600002",0,0,0,0,0.033999402771017,0.0465481735319368,0,0.0594451417465189,0,0,0.0632380493806265,0.0983958176301115,0,0.0882890369586231,"WBGene00270013","SRAE_chrX_scaffold1","",NA,NA,NA,"",NA,"",NA,"",NA,"",NA
"702","SRAE_X000600003",0,0,0,0,0,0,0,0,0,0,0,0,0,0,"WBGene00270014","SRAE_chrX_scaffold1","",NA,NA,NA,"",NA,"",NA,"",NA,"",NA
"703","SRAE_X000600004",0,0.467796257444323,0,0,0,0,0.0296967866775323,0.0619987786039979,0.02810814040586,0,0,0,0.0272393094545925,0,"WBGene00270015","SRAE_chrX_scaffold1","",NA,NA,NA,"",NA,"",NA,"",NA,"",NA
"704","SRAE_X000600007",0,0,0,0,0,0.0500975477801635,0,0,0,0,0,0,0,0.0478677541296889,"WBGene00270018","SRAE_chrX_scaffold1","",NA,NA,NA,"",NA,"",NA,"",NA,"",NA
"705","SRAE_X000600008",0,0,0,0,0.0332803907480617,0,0,0,0,0,0,0,0,0,"WBGene00270019","SRAE_chrX_scaffold1","",NA,NA,NA,"",NA,"",NA,"",NA,"",NA
"706","SRAE_X000600009",0,0.463792441774115,0,0,0,0,0,0,0,0,0,0.0510466647166814,0,0,"WBGene00270020","SRAE_chrX_scaffold1","",NA,NA,NA,"",NA,"",NA,"",NA,"",NA
"707","SRAE_X000600010",0,0,0,0,0,0,0.0608723483580279,0,0,0,0,0,0.0575984394850747,0.0492216984075267,"WBGene00270021","SRAE_chrX_scaffold1","",NA,NA,NA,"",NA,"",NA,"",NA,"",NA
"708","SRAE_X000600012",0,0,0,0,0,0,0,0,0,0,0,0,0,0,"WBGene00270023","SRAE_chrX_scaffold1","",NA,NA,NA,"",NA,"",NA,"",NA,"",NA
"709","SRAE_X000600013",0,0,0,0,0,0,0,0,0,0.0503533671432609,0,0,0,0,"WBGene00270024","SRAE_chrX_scaffold1","",NA,NA,NA,"",NA,"",NA,"",NA,"",NA
"710","SRAE_X000600014",0,0,0,0,0,0,0,0,0,0.0137047427620266,0,0,0,0.0239498342870799,"WBGene00270025","SRAE_chrX_scaffold1","",NA,NA,NA,"",NA,"",NA,"",NA,"",NA
"711","SRAE_X000600015",0,0,0,0,0,0,0,0,0,0.0137047427620266,0,0,0,0.0239498342870799,"WBGene00270026","SRAE_chrX_scaffold1","",NA,NA,NA,"",NA,"",NA,"",NA,"",NA
"712","SRAE_X000600016",0,0,0,0,0,0,0,0,0,0.0137047427620266,0,0,0,0.0239498342870799,"WBGene00270027","SRAE_chrX_scaffold1","",NA,NA,NA,"",NA,"",NA,"",NA,"",NA
"713","SRAE_X000600017",0,0,0,0,0,0,0,0,0,0,0,0,0,0,"WBGene00270028","SRAE_chrX_scaffold1","",NA,NA,NA,"",NA,"",NA,"",NA,"",NA
"714","SRAE_X000600018",0,0,0,0,0,0,0,0,0,0.0137047427620266,0,0,0,0.0239498342870799,"WBGene00270029","SRAE_chrX_scaffold1","",NA,NA,NA,"",NA,"",NA,"",NA,"",NA
"715","SRAE_X000600020",0.0398750196683522,0,0,0,0,0,0,0,0,0,0,0,0,0,"WBGene00270031","SRAE_chrX_scaffold1","",NA,NA,NA,"",NA,"",NA,"",NA,"",NA
"716","SRAE_X000600021",0.0187057583680528,0,0.0110999130380361,0.0149262669187193,0.00523170590907116,0.00746405648583992,0.00854082409213158,0.0131697792206037,0.00357646230075051,0.00712719441173075,0.0185661438367824,0.0128262961543739,0.013550535203722,0.00784908639565106,"WBGene00270032","SRAE_chrX_scaffold1","",NA,NA,NA,"",NA,"",NA,"",NA,"",NA
"717","SRAE_X000600023",0,0.289353754016608,0.0195458576435932,0.0264714819417804,0.019970957166248,0.0156644398083707,0.00414852217317832,0,0.0116585204641039,0.00774680245677292,0.0277450579677672,0.0141775556664669,0.0128157715472504,0.0584082731502901,"WBGene00270034","SRAE_chrX_scaffold1","",NA,NA,NA,"",NA,"",NA,"",NA,"",NA
"718","SRAE_X000600024",0.0106965123941428,0.0836675691576086,0.00734729056361782,0,0,0.00449796728780185,0.00439838263456963,0.0042192347550635,0.00223179084344289,0.00410669329919018,0.00531122258536355,0.00407101710098335,0.00245332263528936,0.00419293129168427,"WBGene00270035","SRAE_chrX_scaffold1","",NA,NA,NA,"",NA,"",NA,"",NA,"",NA
"719","SRAE_X000600025",0,0.170883458586928,0,0,0,0,0,0,0,0,0,0,0,0,"WBGene00270036","SRAE_chrX_scaffold1","",NA,NA,NA,"",NA,"",NA,"",NA,"",NA
"720","SRAE_X000600026",0.0817256805813723,0.057827349124177,0.0270832762785803,0.0229247317822243,0.0475615558458279,0.0542624165992825,0.0251487984927699,0.00689269139883248,0.0134619532341547,0.0402531845292914,0.0320368625966576,0.0184169760007163,0.0332959326111438,0.0252913604446544,"WBGene00270037","SRAE_chrX_scaffold1","",NA,NA,NA,"",NA,"",NA,"",NA,"",NA
"721","SRAE_X000600027",0,0.11690246899814,0.00684387932191346,0,0,0,0.0217886961447295,0.0139341549685201,0.0136071910129477,0.0135625040770631,0,0.0124104482196936,0.0149578564624697,0,"WBGene00270038","SRAE_chrX_scaffold1","",NA,NA,NA,"",NA,"",NA,"",NA,"",NA
"722","SRAE_X000600028",0,0,0,0,0,0,0,0,0,0,0,0,0.0288218104876969,0,"WBGene00270039","SRAE_chrX_scaffold1","",NA,NA,NA,"",NA,"",NA,"",NA,"",NA
"723","SRAE_X000600029",0.0322601882985205,0.115654698248354,0.0203124458195877,0.0343870751446145,0.03459035760978,0.0406969482050575,0.0431122644276035,0.0137854273056939,0.0403858140851156,0.0134177432689618,0.0360414813425302,0.0491119360019101,0.0443945619005332,0.0252913604446544,"WBGene00270040","SRAE_chrX_scaffold1","",NA,NA,NA,"",NA,"",NA,"",NA,"",NA
"724","SRAE_X000600031",0.0427073596102712,0.155241965412705,0,0,0.0352058314587414,0,0,0,0,0,0,0,0,0.0507416569302784,"WBGene00270042","SRAE_chrX_scaffold1","",NA,NA,NA,"",NA,"",NA,"",NA,"",NA
"725","SRAE_X000600032",0.00379320871786217,0.0271174879461254,0,0.00369415667884838,0.0031540062926645,0.00474671877061399,0.00259013329960949,0,0,0,0,0,0.00237533508879228,0,"WBGene00270043","SRAE_chrX_scaffold1","",NA,NA,NA,"",NA,"",NA,"",NA,"",NA
"726","SRAE_X000600033",0.0322601882985205,0.115654698248354,0.0203124458195877,0.0343870751446145,0.03459035760978,0.0406969482050575,0.0431122644276035,0.0137854273056939,0.0403858140851156,0.0134177432689618,0.0360414813425302,0.0491119360019101,0.0443945619005332,0.0252913604446544,"WBGene00270044","SRAE_chrX_scaffold1","",NA,NA,NA,"",NA,"",NA,"",NA,"",NA
"727","SRAE_X000600034",0.0106965123941428,0.0836675691576086,0.00734729056361782,0,0,0.00449796728780185,0.00439838263456963,0.0042192347550635,0.00223179084344289,0.00410669329919018,0.00531122258536355,0.00407101710098335,0.00245332263528936,0.00419293129168427,"WBGene00270045","SRAE_chrX_scaffold1","",NA,NA,NA,"",NA,"",NA,"",NA,"",NA
"728","SRAE_X000600035",0,0.227266874848423,0.00463063546468998,0,0.00574408502170598,0.00888571120615759,0.00941306776166522,0.00967464551704813,0,0.00878880073282151,0,0.0160845554941198,0.00969305245586352,0.0248493512843671,"WBGene00270046","SRAE_chrX_scaffold1","",NA,NA,NA,"",NA,"",NA,"",NA,"",NA
"729","SRAE_X000600036",0,0,0,0,0,0,0,0,0,0,0,0,0.0288216970716785,0,"WBGene00270047","SRAE_chrX_scaffold1","",NA,NA,NA,"",NA,"",NA,"",NA,"",NA
"730","SRAE_X000600037",0.0378766453558477,0.0164368702219215,0,0.00479696755736418,0,0.00605156455008453,0.00636878303176987,0.00612266921586413,0,0,0,0.00545411212042728,0,0.00559817855859077,"WBGene00270048","SRAE_chrX_scaffold1","",NA,NA,NA,"",NA,"",NA,"",NA,"",NA
"731","SRAE_X000600038",0,0.227266874848423,0.00463063546468998,0,0.00574408502170598,0.00888571120615759,0.00941306776166522,0.00967464551704813,0,0.00878880073282151,0,0.0160845554941198,0.00969305245586352,0.0248493512843671,"WBGene00270049","SRAE_chrX_scaffold1","",NA,NA,NA,"",NA,"",NA,"",NA,"",NA
"732","SRAE_X000600039",0.0144710537576104,0.160670044317556,0.0171741151092449,0,0,0,0.0297328407489763,0,0,0,0,0,0.0314486493821922,0,"WBGene00270050","SRAE_chrX_scaffold1","",NA,NA,NA,"",NA,"",NA,"",NA,"",NA
"733","SRAE_X000600040",0,0,0,0,0,0,0.0303312608147308,0,0.00837366655712501,0,0.0313784574777481,0,0.00795134504833616,0.113344413330327,"WBGene00270051","SRAE_chrX_scaffold1","",NA,NA,NA,"",NA,"",NA,"",NA,"",NA
"734","SRAE_X000600041",0,0,0,0,0.0332803566715248,0,0,0,0,0,0,0,0,0,"WBGene00270052","SRAE_chrX_scaffold1","",NA,NA,NA,"",NA,"",NA,"",NA,"",NA
"735","SRAE_X000600042",0.0378766453558477,0.0164368702219215,0,0.00479696755736418,0,0.00605156455008453,0.00636878303176987,0.00612266921586413,0,0,0,0.00545411212042728,0,0.00559817855859077,"WBGene00270053","SRAE_chrX_scaffold1","",NA,NA,NA,"",NA,"",NA,"",NA,"",NA
"736","SRAE_X000600043",0,0,0,0,0,0,0.0268609352360602,0,0,0,0,0,0,0.0557259552124621,"WBGene00270054","SRAE_chrX_scaffold1","",NA,NA,NA,"",NA,"",NA,"",NA,"",NA
"737","SRAE_X000600044",0,0,0,0,0,0,0,0,0,0,0,0,0,0,"WBGene00270055","SRAE_chrX_scaffold1","",NA,NA,NA,"",NA,"",NA,"",NA,"",NA
"738","SRAE_X000600046",0,0.177174873138857,0,0,0,0,0.0516648626104794,0,0,0,0.0368872262751221,0.141562712513729,0,0.0496474850330652,"WBGene00270057","SRAE_chrX_scaffold2","",NA,NA,NA,"",NA,"",NA,"",NA,"",NA
"739","SRAE_X000600047",0,0.530803675174533,0,0,0,0,0.0277375868067574,0,0,0,0,0,0,0,"WBGene00270058","SRAE_chrX_scaffold2","",NA,NA,NA,"",NA,"",NA,"",NA,"",NA
"740","SRAE_X000600048",0,0.170883414497605,0,0,0,0,0,0,0,0,0,0,0,0,"WBGene00270059","SRAE_chrX_scaffold2","",NA,NA,NA,"",NA,"",NA,"",NA,"",NA
"741","SRAE_X000600049",0,0,0,0,0,0.0459849432372801,0,0,0,0,0,0,0,0,"WBGene00270060","SRAE_chrX_scaffold2","",NA,NA,NA,"",NA,"",NA,"",NA,"",NA
"742","SRAE_X000600051",0,0,0,0,0,0,0,0,0,0,0,0,0.0288217566834975,0,"WBGene00270062","SRAE_chrX_scaffold2","",NA,NA,NA,"",NA,"",NA,"",NA,"",NA
"743","SRAE_X000600052",0,0,0,0,0,0,0.0287149192650906,0,0,0,0,0,0,0,"WBGene00270063","SRAE_chrX_scaffold2","",NA,NA,NA,"",NA,"",NA,"",NA,"",NA
"744","SRAE_X000600053",0,0,0,0,0,0,0.0304205863633382,0,0,0,0,0,0,0.0491966103032302,"WBGene00270064","SRAE_chrX_scaffold2","",NA,NA,NA,"",NA,"",NA,"",NA,"",NA
"745","SRAE_X000600054",0,0.178926716714678,0,0.0480092762928289,0,0,0,0,0,0,0,0,0,0,"WBGene00270065","SRAE_chrX_scaffold2","",NA,NA,NA,"",NA,"",NA,"",NA,"",NA
"746","SRAE_X000600055",0,0,0,0,0,0,0,0,0,0,0,0,0,0,"WBGene00270066","SRAE_chrX_scaffold2","",NA,NA,NA,"",NA,"",NA,"",NA,"",NA
"747","SRAE_X000600056",0,0,0,0,0,0,0,0.0591638076156189,0,0,0,0,0.0253934195647759,0,"WBGene00270067","SRAE_chrX_scaffold2","",NA,NA,NA,"",NA,"",NA,"",NA,"",NA
"748","SRAE_X000600058",0,0,0,0,0,0.0492776653096501,0.0241674568308587,0.0687099589336978,0,0,0,0.0882921504920662,0.0581875867562174,0.0928946470223211,"WBGene00270069","SRAE_chrX_scaffold2","",NA,NA,NA,"",NA,"",NA,"",NA,"",NA
"749","SRAE_X000600059",0,0,0,0,0,0,0,0,0,0,0,0,0,0,"WBGene00270070","SRAE_chrX_scaffold2","",NA,NA,NA,"",NA,"",NA,"",NA,"",NA
"750","SRAE_X000600062",0,0,0,0,0,0,0,0,0,0,0.0338224668471661,0.0526263203866273,0.0552567868152981,0.0472206004174191,"WBGene00270073","SRAE_chrX_scaffold2","",NA,NA,NA,"",NA,"",NA,"",NA,"",NA
"751","SRAE_X000600063",0,0.168713413927107,0,0.0449473421549536,0,0,0.0311926167043443,0,0,0,0.0361320982953072,0,0,0.0504451488874345,"WBGene00270074","SRAE_chrX_scaffold2","",NA,NA,NA,"",NA,"",NA,"",NA,"",NA
"752","SRAE_X000600064",0,0,0,0,0,0,0,0,0,0,0,0,0,0,"WBGene00270075","SRAE_chrX_scaffold2","",NA,NA,NA,"",NA,"",NA,"",NA,"",NA
"753","SRAE_X000600065",0,0,0,0,0,0,0,0,0,0,0,0,0.0288217643773795,0,"WBGene00270076","SRAE_chrX_scaffold2","",NA,NA,NA,"",NA,"",NA,"",NA,"",NA
"754","SRAE_X000600066",0,0,0,0,0,0,0,0,0,0,0,0,0,0,"WBGene00270077","SRAE_chrX_scaffold2","",NA,NA,NA,"",NA,"",NA,"",NA,"",NA
"755","SRAE_X000600067",0,0,0,0,0,0,0,0,0,0,0,0,0,0,"WBGene00270078","SRAE_chrX_scaffold2","",NA,NA,NA,"",NA,"",NA,"",NA,"",NA
"756","SRAE_X000600068",0,0,0,0,0,0,0,0,0,0,0,0,0,0,"WBGene00270079","SRAE_chrX_scaffold2","",NA,NA,NA,"",NA,"",NA,"",NA,"",NA
"757","SRAE_X000600069",0,0,0,0,0,0,0,0,0,0,0,0,0,0,"WBGene00270080","SRAE_chrX_scaffold2","",NA,NA,NA,"",NA,"",NA,"",NA,"",NA
"758","SRAE_X000600070",0,0,0,0,0,0,0,0,0,0,0,0,0,0,"WBGene00270081","SRAE_chrX_scaffold2","",NA,NA,NA,"",NA,"",NA,"",NA,"",NA
"759","SRAE_X000600071",0,0,0.00664691268179765,0,0.0169786474537253,0.0266347496340357,0.0141077454186462,0.040599391228524,0.00660778823334932,0,0,0.0241065517897562,0,0,"WBGene00270082","SRAE_chrX_scaffold2","",NA,NA,NA,"",NA,"",NA,"",NA,"",NA
"760","SRAE_X000600072",0,0,0,0,0,0,0,0,0,0,0,0,0.0613184783242645,0,"WBGene00270083","SRAE_chrX_scaffold2","",NA,NA,NA,"",NA,"",NA,"",NA,"",NA
"761","SRAE_X000600073",0,0.227266874848423,0.00463063546468998,0,0.00574408502170598,0.00888571120615759,0.00941306776166522,0.00967464551704813,0,0.00878880073282151,0,0.0160845554941198,0.00969305245586352,0.0248493512843671,"WBGene00270084","SRAE_chrX_scaffold2","",NA,NA,NA,"",NA,"",NA,"",NA,"",NA
"762","SRAE_X000600074",0.00379320871786217,0.0271174879461254,0,0.00369415667884838,0.0031540062926645,0.00474671877061399,0.00259013329960949,0,0,0,0,0,0.00237533508879228,0,"WBGene00270085","SRAE_chrX_scaffold2","",NA,NA,NA,"",NA,"",NA,"",NA,"",NA
"763","SRAE_X000600075",0.0106965123941428,0.0836675691576086,0.00734729056361782,0,0,0.00449796728780185,0.00439838263456963,0.0042192347550635,0.00223179084344289,0.00410669329919018,0.00531122258536355,0.00407101710098335,0.00245332263528936,0.00419293129168427,"WBGene00270086","SRAE_chrX_scaffold2","",NA,NA,NA,"",NA,"",NA,"",NA,"",NA
"764","SRAE_X000600076",0,0,0,0.00942248694198319,0,0,0.0287924841209507,0,0,0.00986507116787693,0.00692858177740313,0.00950442831503577,0,0.0106025348258652,"WBGene00270087","SRAE_chrX_scaffold2","",NA,NA,NA,"",NA,"",NA,"",NA,"",NA
"765","SRAE_X000600077",0,0,0,0,0.0169508505595507,0,0,0,0,0,0.0163956361698453,0,0,0,"WBGene00270088","SRAE_chrX_scaffold2","",NA,NA,NA,"",NA,"",NA,"",NA,"",NA
"766","SRAE_X000600078",0,0,0.0262871958563791,0.0358178877516237,0.0109501392230111,0.0329967439151405,0.0704824329023065,0.0357171362145565,0.0486040662346724,0.0173789544700975,0.0228029704064771,0.0305543424905608,0.0441424690684193,0.0247577809205132,"WBGene00270089","SRAE_chrX_scaffold2","",NA,NA,NA,"",NA,"",NA,"",NA,"",NA
"767","SRAE_X000600079",0.0106965123941428,0.0836675691576086,0.00734729056361782,0,0,0.00449796728780185,0.00439838263456963,0.0042192347550635,0.00223179084344289,0.00410669329919018,0.00531122258536355,0.00407101710098335,0.00245332263528936,0.00419293129168427,"WBGene00270090","SRAE_chrX_scaffold2","",NA,NA,NA,"",NA,"",NA,"",NA,"",NA
"768","SRAE_X000600080",0,0,0.00698514723334648,0,0.0178689948978543,0,0.0635960642340244,0.0630894009163409,0,0.0127883547543572,0.0083191586898316,0,0.0363846514983464,0.0126608223369536,"WBGene00270091","SRAE_chrX_scaffold2","",NA,NA,NA,"",NA,"",NA,"",NA,"",NA
"769","SRAE_X000600081",0.00379320871786217,0.0271174879461254,0,0.00369415667884838,0.0031540062926645,0.00474671877061399,0.00259013329960949,0,0,0,0,0,0.00237533508879228,0,"WBGene00270092","SRAE_chrX_scaffold2","",NA,NA,NA,"",NA,"",NA,"",NA,"",NA
"770","SRAE_X000600082",0.0140861953242974,0,0,0,0,0.0168622280067262,0.00482368404366935,0.0074380653165465,0,0,0,0.00724402278526284,0.0102040903010705,0,"WBGene00270093","SRAE_chrX_scaffold2","",NA,NA,NA,"",NA,"",NA,"",NA,"",NA
"771","SRAE_X000600083",0.0723333937894288,0.0211094261338025,0.00397002546452834,0,0.0050779684545552,0.0249246624781461,0.0120483445096745,0,0.00756048845189965,0,0.00472823237965581,0.00702811168289305,0.00827172923199191,0.0143916223181671,"WBGene00270094","SRAE_chrX_scaffold2","",NA,NA,NA,"",NA,"",NA,"",NA,"",NA
"772","SRAE_X000600084",0,0,0,0.00959871134096224,0,0,0,0,0,0.0100495730141675,0,0.00968218522547455,0,0,"WBGene00270095","SRAE_chrX_scaffold2","",NA,NA,NA,"",NA,"",NA,"",NA,"",NA
"773","SRAE_X000600086",0,0.227266874848423,0.00463063546468998,0,0.00574408502170598,0.00888571120615759,0.00941306776166522,0.00967464551704813,0,0.00878880073282151,0,0.0160845554941198,0.00969305245586352,0.0248493512843671,"WBGene00270097","SRAE_chrX_scaffold2","",NA,NA,NA,"",NA,"",NA,"",NA,"",NA
"774","SRAE_X000600087",0.00379320871786217,0.0271174879461254,0,0.00369415667884838,0.0031540062926645,0.00474671877061399,0.00259013329960949,0,0,0,0,0,0.00237533508879228,0,"WBGene00270098","SRAE_chrX_scaffold2","",NA,NA,NA,"",NA,"",NA,"",NA,"",NA
"775","SRAE_X000600088",0.0378766453558477,0.0164368702219215,0,0.00479696755736418,0,0.00605156455008453,0.00636878303176987,0.00612266921586413,0,0,0,0.00545411212042728,0,0.00559817855859077,"WBGene00270099","SRAE_chrX_scaffold2","",NA,NA,NA,"",NA,"",NA,"",NA,"",NA
"776","SRAE_X000600089",0.0723333937894288,0.0211094261338025,0.00397002546452834,0,0.0050779684545552,0.0249246624781461,0.0120483445096745,0,0.00756048845189965,0,0.00472823237965581,0.00702811168289305,0.00827172923199191,0.0143916223181671,"WBGene00270100","SRAE_chrX_scaffold2","",NA,NA,NA,"",NA,"",NA,"",NA,"",NA
"777","SRAE_X000600090",0,0,0,0.00942248694198319,0,0,0.0287924841209507,0,0,0.00986507116787693,0.00692858177740313,0.00950442831503577,0,0.0106025348258652,"WBGene00270101","SRAE_chrX_scaffold2","",NA,NA,NA,"",NA,"",NA,"",NA,"",NA
"778","SRAE_X000600091",0,0.0241368673749596,0,0,0,0.0113997393358298,0.00551050184821146,0,0,0,0,0,0,0,"WBGene00270102","SRAE_chrX_scaffold2","",NA,NA,NA,"",NA,"",NA,"",NA,"",NA
"779","SRAE_X000600092",0,0,0,0,0,0,0,0,0,0,0,0,0,0,"WBGene00270103","SRAE_chrX_scaffold2","",NA,NA,NA,"",NA,"",NA,"",NA,"",NA
"780","SRAE_X000600093",0.00379320871786217,0.0271174879461254,0,0.00369415667884838,0.0031540062926645,0.00474671877061399,0.00259013329960949,0,0,0,0,0,0.00237533508879228,0,"WBGene00270104","SRAE_chrX_scaffold2","",NA,NA,NA,"",NA,"",NA,"",NA,"",NA
"781","SRAE_X000600094",0.0378766453558477,0.0164368702219215,0,0.00479696755736418,0,0.00605156455008453,0.00636878303176987,0.00612266921586413,0,0,0,0.00545411212042728,0,0.00559817855859077,"WBGene00270105","SRAE_chrX_scaffold2","",NA,NA,NA,"",NA,"",NA,"",NA,"",NA
"782","SRAE_X000600096",0,0,0,0,0,0,0,0,0,0,0.0067442022714537,0,0,0.0103203861559339,"WBGene00270107","SRAE_chrX_scaffold2","",NA,NA,NA,"",NA,"",NA,"",NA,"",NA
"783","SRAE_X000600097",0,0.0264355407242706,0,0,0,0,0,0,0,0,0,0,0.031076319918732,0,"WBGene00270108","SRAE_chrX_scaffold2","",NA,NA,NA,"",NA,"",NA,"",NA,"",NA
"784","SRAE_X000600098",0,0.085099850813079,0.00918053343915577,0.0101174630043303,0.0118774161434246,0.0195002961470303,0.00325132216635936,0,0.00915282796500581,0.0176724922599561,0,0.016171836494531,0,0.00556983723850996,"WBGene00270109","SRAE_chrX_scaffold2","",NA,NA,NA,"",NA,"",NA,"",NA,"",NA
"785","SRAE_X000600099",0,0,0,0,0.0169508505595507,0,0,0,0,0,0.0163956361698453,0,0,0,"WBGene00270110","SRAE_chrX_scaffold2","",NA,NA,NA,"",NA,"",NA,"",NA,"",NA
"786","SRAE_X000600100",0,0,0.00664691268179765,0,0.0169786474537253,0.0266347496340357,0.0141077454186462,0.040599391228524,0.00660778823334932,0,0,0.0241065517897562,0,0,"WBGene00270111","SRAE_chrX_scaffold2","",NA,NA,NA,"",NA,"",NA,"",NA,"",NA
"787","SRAE_X000600101",0.0723333937894288,0.0211094261338025,0.00397002546452834,0,0.0050779684545552,0.0249246624781461,0.0120483445096745,0,0.00756048845189965,0,0.00472823237965581,0.00702811168289305,0.00827172923199191,0.0143916223181671,"WBGene00270112","SRAE_chrX_scaffold2","",NA,NA,NA,"",NA,"",NA,"",NA,"",NA
"788","SRAE_X000600102",0,0,0,0.00942248694198319,0,0,0.0287924841209507,0,0,0.00986507116787693,0.00692858177740313,0.00950442831503577,0,0.0106025348258652,"WBGene00270113","SRAE_chrX_scaffold2","",NA,NA,NA,"",NA,"",NA,"",NA,"",NA
"789","SRAE_X000600103",0,0.0241368673749596,0,0,0,0.0113997393358298,0.00551050184821146,0,0,0,0,0,0,0,"WBGene00270114","SRAE_chrX_scaffold2","",NA,NA,NA,"",NA,"",NA,"",NA,"",NA
"790","SRAE_X000600104",0,0,0,0,0,0,0,0,0,0,0,0,0,0,"WBGene00270115","SRAE_chrX_scaffold2","",NA,NA,NA,"",NA,"",NA,"",NA,"",NA
"791","SRAE_X000600105",0.0038894037341832,0.0856162241411938,0.00402544422296765,0.00668389658348325,0,0.00842418214751807,0.0122165309104775,0,0.00766602754401447,0,0,0.0142524849933081,0.00838719674429856,0.00729625961312073,"WBGene00270116","SRAE_chrX_scaffold2","",NA,NA,NA,"",NA,"",NA,"",NA,"",NA
"792","SRAE_X000600106",0,0,0,0,0,0,0,0,0,0,0,0,0,0,"WBGene00270117","SRAE_chrX_scaffold2","",NA,NA,NA,"",NA,"",NA,"",NA,"",NA
"793","SRAE_X000600107",0,0,0,0,0,0,0,0,0,0,0,0,0,0,"WBGene00270118","SRAE_chrX_scaffold3","",NA,NA,NA,"",NA,"",NA,"",NA,"",NA
"794","SRAE_X000600108",0.00381320184812924,0.0683529310411206,0,0,0,0.0192417979061626,0.00509592917982465,0,0,0,0.00568022755933518,0.00870770315421485,0.013118804406867,0,"WBGene00270119","SRAE_chrX_scaffold3","",NA,NA,NA,"",NA,"",NA,"",NA,"",NA
"795","SRAE_X000600109",0.00381320184812924,0.0683529310411206,0,0,0,0.0192417979061626,0.00509592917982465,0,0,0,0.00568022755933518,0.00870770315421485,0.013118804406867,0,"WBGene00270120","SRAE_chrX_scaffold3","",NA,NA,NA,"",NA,"",NA,"",NA,"",NA
"796","SRAE_X000600110",0.00381320184812924,0.0683529310411206,0,0,0,0.0192417979061626,0.00509592917982465,0,0,0,0.00568022755933518,0.00870770315421485,0.013118804406867,0,"WBGene00270121","SRAE_chrX_scaffold3","",NA,NA,NA,"",NA,"",NA,"",NA,"",NA
"797","SRAE_X000600111",0,0,0,0,0,0,0,0,0,0,0,0,0,0,"WBGene00270122","SRAE_chrX_scaffold3","",NA,NA,NA,"",NA,"",NA,"",NA,"",NA
"798","SRAE_X000600113",0,0,0,0,0,0,0,0,0,0,0,0,0,0,"WBGene00270124","SRAE_chrX_scaffold4","",NA,NA,NA,"",NA,"",NA,"",NA,"",NA
"799","SRAE_X000600114",0.00379320871786217,0.0271174879461254,0,0.00369415667884838,0.0031540062926645,0.00474671877061399,0.00259013329960949,0,0,0,0,0,0.00237533508879228,0,"WBGene00270125","SRAE_chrX_scaffold4","",NA,NA,NA,"",NA,"",NA,"",NA,"",NA
"800","SRAE_X000600115",0,0,0,0,0,0,0,0,0,0,0,0,0.00240181427704804,0,"WBGene00270126","SRAE_chrX_scaffold5","",NA,NA,NA,"",NA,"",NA,"",NA,"",NA
"801","SRAE_X000600116",0.0378766453558477,0.0164368702219215,0,0.00479696755736418,0,0.00605156455008453,0.00636878303176987,0.00612266921586413,0,0,0,0.00545411212042728,0,0.00559817855859077,"WBGene00270127","SRAE_chrX_scaffold5","",NA,NA,NA,"",NA,"",NA,"",NA,"",NA
"802","SRAE_X000600117",0,0.289353754016608,0.0195458576435932,0.0264714819417804,0.019970957166248,0.0156644398083707,0.00414852217317832,0,0.0116585204641039,0.00774680245677292,0.0277450579677672,0.0141775556664669,0.0128157715472504,0.0584082731502901,"WBGene00270128","SRAE_chrX_scaffold5","",NA,NA,NA,"",NA,"",NA,"",NA,"",NA
"803","SRAE_X000600118",0.0430457214040996,0.154321835567121,0,0,0,0,0,0,0,0,0,0,0.0296185857136334,0,"WBGene00270129","SRAE_chrX_scaffold5","",NA,NA,NA,"",NA,"",NA,"",NA,"",NA
"804","SRAE_X000600119",0.0140861953242974,0,0,0,0,0.0168622280067262,0.00482368404366935,0.0074380653165465,0,0,0,0.00724402278526284,0.0102040903010705,0,"WBGene00270130","SRAE_chrX_scaffold5","",NA,NA,NA,"",NA,"",NA,"",NA,"",NA
"805","SRAE_X000600120",0.202113753620132,0,0,0.00502331739920761,0,0.00633128595411755,0.0122419349526313,0.0113853669711103,0,0.00553882586194493,0.00360314334441457,0.0321347655439149,0.00945520386738354,0.00548358469491939,"WBGene00270131","SRAE_chrX_scaffold5","",NA,NA,NA,"",NA,"",NA,"",NA,"",NA
"806","SRAE_X000600121",0,0.152322318331552,0,0,0.0354328333497225,0,0,0,0,0,0,0.0482439161766963,0.0582218980986636,0,"WBGene00270132","SRAE_chrX_scaffold5","",NA,NA,NA,"",NA,"",NA,"",NA,"",NA
"807","SRAE_X000600122",0,0,0,0,0,0,0,0,0,0,0.0067442022714537,0,0,0.0103203861559339,"WBGene00270133","SRAE_chrX_scaffold5","",NA,NA,NA,"",NA,"",NA,"",NA,"",NA
"808","SRAE_X000600123",0,0.0241368673749596,0,0,0,0.0113997393358298,0.00551050184821146,0,0,0,0,0,0,0,"WBGene00270134","SRAE_chrX_scaffold5","",NA,NA,NA,"",NA,"",NA,"",NA,"",NA
"809","SRAE_X000600126",0,0,0,0,0,0,0,0,0,0,0,0,0,0,"WBGene00270137","SRAE_chrX_scaffold6","",NA,NA,NA,"",NA,"",NA,"",NA,"",NA
"810","SRAE_X000600127",0.0140861953242974,0,0,0,0,0.0168622280067262,0.00482368404366935,0.0074380653165465,0,0,0,0.00724402278526284,0.0102040903010705,0,"WBGene00270138","SRAE_chrX_scaffold6","",NA,NA,NA,"",NA,"",NA,"",NA,"",NA
"811","SRAE_X000600128",0.0723333937894288,0.0211094261338025,0.00397002546452834,0,0.0050779684545552,0.0249246624781461,0.0120483445096745,0,0.00756048845189965,0,0.00472823237965581,0.00702811168289305,0.00827172923199191,0.0143916223181671,"WBGene00270139","SRAE_chrX_scaffold6","",NA,NA,NA,"",NA,"",NA,"",NA,"",NA
"812","SRAE_X000600129",0.0104678997673909,0,0,0,0,0.00440183388666903,0.00430437761961734,0.00412905860187492,0.00218409159827962,0.00401892245316132,0.00519770777775499,0.00398400874922216,0.00240088867258668,0.00410331731274785,"WBGene00270140","SRAE_chrX_scaffold6","",NA,NA,NA,"",NA,"",NA,"",NA,"",NA
"813","SRAE_X000600130",0,0,0.0262871958563791,0.0358178877516237,0.0109501392230111,0.0329967439151405,0.0704824329023065,0.0357171362145565,0.0486040662346724,0.0173789544700975,0.0228029704064771,0.0305543424905608,0.0441424690684193,0.0247577809205132,"WBGene00270141","SRAE_chrX_scaffold7","",NA,NA,NA,"",NA,"",NA,"",NA,"",NA
"814","SRAE_X000600131",0.0817256805813723,0.057827349124177,0.0270832762785803,0.0229247317822243,0.0475615558458279,0.0542624165992825,0.0251487984927699,0.00689269139883248,0.0134619532341547,0.0402531845292914,0.0320368625966576,0.0184169760007163,0.0332959326111438,0.0252913604446544,"WBGene00270142","SRAE_chrX_scaffold7","",NA,NA,NA,"",NA,"",NA,"",NA,"",NA
"815","SRAE_X000600132",0.054662092863193,0,0.0129745336834529,0,0.0183458044148352,0.0654348022374273,0.0149748367147735,0.023090982735712,0.00627069311926345,0,0.0162762801219737,0.0224886923110285,0.0158389974699846,0.0275239860270603,"WBGene00270143","SRAE_chrX_scaffold8","",NA,NA,NA,"",NA,"",NA,"",NA,"",NA
"816","SRAE_X000600133",0,0,0,0,0,0.0100556902042891,0.00532624569067705,0,0,0.00994603643472149,0,0,0,0,"WBGene00270144","SRAE_chrX_scaffold8","",NA,NA,NA,"",NA,"",NA,"",NA,"",NA
"817","SRAE_X000600134",0,0.0284806070389746,0,0,0,0,0,0,0,0,0,0,0,0,"WBGene00270145","SRAE_chrX_scaffold8","",NA,NA,NA,"",NA,"",NA,"",NA,"",NA
"818","SRAE_X000600136",0,0.227266874848423,0.00463063546468998,0,0.00574408502170598,0.00888571120615759,0.00941306776166522,0.00967464551704813,0,0.00878880073282151,0,0.0160845554941198,0.00969305245586352,0.0248493512843671,"WBGene00270147","SRAE_chrX_scaffold8","",NA,NA,NA,"",NA,"",NA,"",NA,"",NA
"819","SRAE_X000600137",0.0817256805813723,0.057827349124177,0.0270832762785803,0.0229247317822243,0.0475615558458279,0.0542624165992825,0.0251487984927699,0.00689269139883248,0.0134619532341547,0.0402531845292914,0.0320368625966576,0.0184169760007163,0.0332959326111438,0.0252913604446544,"WBGene00270148","SRAE_chrX_scaffold8","",NA,NA,NA,"",NA,"",NA,"",NA,"",NA
"820","SRAE_X000600138",0,0.289353754016608,0.0195458576435932,0.0264714819417804,0.019970957166248,0.0156644398083707,0.00414852217317832,0,0.0116585204641039,0.00774680245677292,0.0277450579677672,0.0141775556664669,0.0128157715472504,0.0584082731502901,"WBGene00270149","SRAE_chrX_scaffold8","",NA,NA,NA,"",NA,"",NA,"",NA,"",NA
"821","SRAE_X000600139",0.00381320184812924,0.0683529310411206,0,0,0,0.0192417979061626,0.00509592917982465,0,0,0,0.00568022755933518,0.00870770315421485,0.013118804406867,0,"WBGene00270150","SRAE_chrX_scaffold8","",NA,NA,NA,"",NA,"",NA,"",NA,"",NA
"822","SRAE_X000600140",0,0.11690246899814,0.00684387932191346,0,0,0,0.0217886961447295,0.0139341549685201,0.0136071910129477,0.0135625040770631,0,0.0124104482196936,0.0149578564624697,0,"WBGene00270151","SRAE_chrX_scaffold8","",NA,NA,NA,"",NA,"",NA,"",NA,"",NA
"823","SRAE_X000600141",0,0.0217840607129952,0.00382593573875438,0,0,0.00766543047847206,0,0,0,0.0151637083012077,0,0,0.00418095680396048,0,"WBGene00270152","SRAE_chrX_scaffold8","",NA,NA,NA,"",NA,"",NA,"",NA,"",NA
"824","SRAE_X000600142",0,0.155869900912377,0.0205315843096254,0.0173790508505123,0.00874090503073344,0.0274240017060816,0.00726289602391312,0.0209012022145073,0.00680359298565482,0,0.0242868885366543,0.012410443621464,0.0299157018407858,0.0255642133835898,"WBGene00270153","SRAE_chrX_scaffold8","",NA,NA,NA,"",NA,"",NA,"",NA,"",NA
"825","SRAE_X000600143",0,0.0217840607129952,0.00382593573875438,0,0,0.00766543047847206,0,0,0,0.0151637083012077,0,0,0.00418095680396048,0,"WBGene00270154","SRAE_chrX_scaffold8","",NA,NA,NA,"",NA,"",NA,"",NA,"",NA
"826","SRAE_X000600144",0.0187057583680528,0,0.0110999130380361,0.0149262669187193,0.00523170590907116,0.00746405648583992,0.00854082409213158,0.0131697792206037,0.00357646230075051,0.00712719441173075,0.0185661438367824,0.0128262961543739,0.013550535203722,0.00784908639565106,"WBGene00270155","SRAE_chrX_scaffold8","",NA,NA,NA,"",NA,"",NA,"",NA,"",NA
"827","SRAE_X000600145",0,0.0599016976163026,0,0,0,0.0105392100589309,0.013025463568209,0,0,0,0,0.00953880943973938,0.0114967585535234,0,"WBGene00270156","SRAE_chrX_scaffold8","",NA,NA,NA,"",NA,"",NA,"",NA,"",NA
"828","SRAE_X000600146",0,0,0.0262871958563791,0.0358178877516237,0.0109501392230111,0.0329967439151405,0.0704824329023065,0.0357171362145565,0.0486040662346724,0.0173789544700975,0.0228029704064771,0.0305543424905608,0.0441424690684193,0.0247577809205132,"WBGene00270157","SRAE_chrX_scaffold8","",NA,NA,NA,"",NA,"",NA,"",NA,"",NA
"829","SRAE_X000600147",0.202113753620132,0,0,0.00502331739920761,0,0.00633128595411755,0.0122419349526313,0.0113853669711103,0,0.00553882586194493,0.00360314334441457,0.0321347655439149,0.00945520386738354,0.00548358469491939,"WBGene00270158","SRAE_chrX_scaffold8","",NA,NA,NA,"",NA,"",NA,"",NA,"",NA
"830","SRAE_X000600148",0.0038894037341832,0.0856162241411938,0.00402544422296765,0.00668389658348325,0,0.00842418214751807,0.0122165309104775,0,0.00766602754401447,0,0,0.0142524849933081,0.00838719674429856,0.00729625961312073,"WBGene00270159","SRAE_chrX_scaffold8","",NA,NA,NA,"",NA,"",NA,"",NA,"",NA
"831","SRAE_X000600149",0,0,0,0,0,0,0,0,0.00455404586797127,0,0.011432221326625,0.0241392165428663,0.0145658835137383,0,"WBGene00270160","SRAE_chrX_scaffold9","",NA,NA,NA,"",NA,"",NA,"",NA,"",NA
"832","SRAE_X000600150",0,0,0,0,0.0104001376255629,0,0,0,0,0,0,0,0,0,"WBGene00270161","SRAE_chrX_scaffold9","",NA,NA,NA,"",NA,"",NA,"",NA,"",NA
"833","SRAE_X000600151",0.202113753620132,0,0,0.00502331739920761,0,0.00633128595411755,0.0122419349526313,0.0113853669711103,0,0.00553882586194493,0.00360314334441457,0.0321347655439149,0.00945520386738354,0.00548358469491939,"WBGene00270162","SRAE_chrX_scaffold9","",NA,NA,NA,"",NA,"",NA,"",NA,"",NA
"834","SRAE_X000600152",0.0322601882985205,0.115654698248354,0.0203124458195877,0.0343870751446145,0.03459035760978,0.0406969482050575,0.0431122644276035,0.0137854273056939,0.0403858140851156,0.0134177432689618,0.0360414813425302,0.0491119360019101,0.0443945619005332,0.0252913604446544,"WBGene00270163","SRAE_chrX_scaffold9","",NA,NA,NA,"",NA,"",NA,"",NA,"",NA
"835","SRAE_X000600153",0,0,0,0,0,0,0,0,0.00455404586797127,0,0.011432221326625,0.0241392165428663,0.0145658835137383,0,"WBGene00270164","SRAE_chrX_scaffold9","",NA,NA,NA,"",NA,"",NA,"",NA,"",NA
"836","SRAE_X000600154",0,0,0.0262871958563791,0.0358178877516237,0.0109501392230111,0.0329967439151405,0.0704824329023065,0.0357171362145565,0.0486040662346724,0.0173789544700975,0.0228029704064771,0.0305543424905608,0.0441424690684193,0.0247577809205132,"WBGene00270165","SRAE_chrX_scaffold9","",NA,NA,NA,"",NA,"",NA,"",NA,"",NA
"837","SRAE_X000600155",0,0,0,0,0,0,0,0,0,0,0,0,0,0,"WBGene00270166","SRAE_chrX_scaffold9","",NA,NA,NA,"",NA,"",NA,"",NA,"",NA
"838","SRAE_X000600156",0,0,0,0.0466344727476656,0,0,0,0,0,0.0543050135556045,0,0,0,0,"WBGene00270167","SRAE_chrX_scaffold9","",NA,NA,NA,"",NA,"",NA,"",NA,"",NA
