"","geneID","FLF-ERR146941","FLF-ERR146942","FLF-ERR146943","iL3a-ERR146944","iL3a-ERR146945","iL3a-ERR146946","iL3-ERR146947","iL3-ERR146948","iL3-ERR146949","pfL1-ERR146950","pfL1-ERR146951","pfL1-ERR146952","ppL1-ERR146953","ppL1-ERR146954","ppL1-ERR146955","ppL3-ERR146956","ppL3-ERR146957","ppL3-ERR146958","PF-ERR146959","PF-ERR146960","PF-ERR146961","FLM-SRR13343624","FLM-SRR13343626","FLM-SRR13343625","XLOC_IDs","Location","Description","InterPro","GO_term","UniProtKB","GS1_homologID","GS1_percent_homology","GS2_homologID","GS2_percent_homology","GS3_homologID","GS3_percent_homology","GS4_homologID","GS4_percent_homology"
"1","SSTP_0000000200",0.0554040242122499,0.0540581458176221,0.0560690025243707,0,0,0,0,0,0,0,0,0.018476798029323,0,0,0,0.0341389530453573,0,0,0,0.177184144666366,0.0425130086438059,0,0,0,NA,NA,"Chromo domain-containing protein","Chromo/chromo_shadow_dom, Chromo-like_dom_sf, Chromo_domain",NA,"A0A0K0DRY2","",NA,"",NA,"",NA,"",NA
"2","SSTP_0000000700",0,0,0.0532838559865335,0,0,0.087886210478389,0,0,0,0,0,0,0,0,0,0,0.00876807974566791,0,0,0,0.0231926268085772,0,0,0,"XLOC_009263 | TCONS_00013380.p1","Ss_chrX.2","LAGLIDADG_2 domain-containing protein",NA,NA,"A0A0K0DRY7","SRAE_X000212400 | WBGene00267702",37.3737,"SPAL_0001160200",43.4343,"SVE_1630800",29.2929,"",NA
"3","SSTP_0000000900",0.0166482169944819,0.0515839175469917,0,0.255967958377671,0.147026265221839,0.163232055749525,0,0,0.0369062932474036,0,0,0.0182857223388085,0,0,0.0164365505989411,0.0707136361253778,0.0234758621351732,0.110438667507956,0,0.193654609381471,0.186198008687336,0.0467058362133905,0.0461654242805774,0,"XLOC_009264 | TCONS_00013381.p1","Ss_chrX.2","Integrase catalytic domain-containing protein","Integrase_cat-core, RNaseH-like_sf, RNaseH_sf","nucleic acid binding, DNA integration","A0A0K0DRY9","SRAE_0000048500 | WBGene00256229",11.3821,"SPAL_0000544500",30.8943,"SVE_0761500",10.5691,"",NA
"4","SSTP_0000001000",0.0168607424265096,0.0172013342217035,0.0540541529957557,0.291324365143823,0.205186657069154,0.37963629907373,0,0.0276496451791286,0,0,0,0.0369479067089467,0.0253507258438428,0,0,0.235381387734019,0.0701656117936604,0.087050529913501,0,0.219664184564799,0.207376958032963,0.0704061579708134,0.0233618272845119,0.0857995044219308,"XLOC_009264 | TCONS_00014081.p1","Ss_chrX.2","Reverse transcriptase domain-containing protein","RT_dom, Rev_trsase/Diguanyl_cyclase, DNA/RNA_pol_sf",NA,"A0A0K0DRZ0","SRAE_0000048300 | WBGene00256227",66.0232,"SPAL_0000147900",1.9305,"SVE_0615100",0.3861,"",NA
"5","SSTP_0000001050",0.0166409485237777,0.0174201566780394,0,0.119601327519664,0.0548870289796088,0.0545702802316571,0,0,0.0367957110138767,0,0,0,0,0,0,0.047319862797912,0.0236495163181194,0.0893807335387427,0.0908369182202364,0.048409819257284,0,0.117543752833305,0.069251655202717,0.0212087969531056,"XLOC_009264 | TCONS_00014081.p1","Ss_chrX.2","FERM domain-containing protein",NA,NA,"A0A0K0DRZ1","",NA,"",NA,"",NA,"",NA
"6","SSTP_0000001100",0,0.0171775904775,0.071733569468729,0.222351159216659,0.092662720691998,0.163253758904113,0,0,0,0,0.0164472682220205,0,0,0.0164731543329271,0,0.0235842919096346,0.0468790410059576,0.197463637161043,0.0906550998390553,0.0972909812809084,0.139081034938195,0.070229638320993,0.0232325074775034,0.106623538198484,"XLOC_009264 | TCONS_00013383.p1","Ss_chrX.2","",NA,NA,"A0A0K0DRZ2","SRAE_0000051100 | WBGene00256256",8.1761,"",NA,"",NA,"",NA
"7","SSTP_0000001200",0,0,0,0.0513673943716099,0.0560249647136496,0.0540337097625047,0,0,0,0,0,0,0.0252602577395917,0.0163653826927884,0,0.0469549341855177,0,0.0216393600737872,0,0.170846247307519,0.0917332084197503,0.0234588318277007,0,0.0214706460526878,"XLOC_009264 | TCONS_00013384.p1","Ss_chrX.2","Regulator of chromosome condensation",NA,NA,"A0A0K0DRZ3","",NA,"",NA,"SVE_0686500",10.2871,"",NA
"8","SSTP_0000001400",0,0,0,0.0169561357107844,0,0,0,0,0,0.0166967042644835,0,0,0,0.0166660541260512,0,0,0.0235982041840975,0,0.180484365736568,0.0964045371683991,0,0,0,0,NA,NA,"Reverse transcriptase Ty1/copia-type domain-containing protein",NA,NA,"A0A0K0DRZ5","",NA,"",NA,"",NA,"",NA
"9","SSTP_0000001425",0.0165815500882122,0.0173209554142825,0,0.0170170382122905,0.0182279118402572,0.0362140616315609,0,0,0,0,0,0,0,0,0,0.023544370259295,0.023529331407402,0.0444451920698941,0,0.096407532471978,0.0934574568086013,0.023381562947957,0,0,NA,NA,"PP_kinase_C domain-containing protein",NA,NA,"A0A0K0DRZ6","",NA,"",NA,"SVE_1062900",33.6735,"",NA
"10","SSTP_0000001450",0,0,0,0.0169335253897095,0.0181487952917391,0.0180365819251831,0,0,0,0.0166910248746265,0.0326833207111557,0.0180125526476594,0,0.0166620369781861,0.0502520828980267,0,0.0235892738420567,0,0,0,0.0233184688466987,0,0,0,NA,NA,"Gag-pol polyprotein",NA,NA,"A0A0K0DRZ7","",NA,"",NA,"",NA,"",NA
"11","SSTP_0000001500",0,0.0172740129225518,0.0178765052694593,0.170202680050456,0.0548497341731677,0.181165416627982,0.130989328567204,0.407503818938628,0.220338761253403,0,0.0163395132267713,0.018200772399481,0.0255927303774642,0.0165433017559297,0.016566779673322,0.0235302553329549,0.117610590606589,0.0665327347385258,0,0.0241540552557263,0.0933954975900666,0,0,0,"XLOC_010867 | TCONS_00016196.p1","Ss_chrX.5","Reverse transcriptase domain-containing protein",NA,NA,"A0A0K0DRZ9","",NA,"",NA,"",NA,"",NA
"12","SSTP_0000004600",0,0.0194684093986383,0.0541705962081468,0.0171374170280238,0.0424531878214085,0.0180083679927602,0.044285961968827,0.0554027341670386,0.073745889810234,0,0,0,0.0252580678655839,0.0163652123558132,0,0.164374746372888,0.116630045221225,0.225504665340954,0,0.0276914593053174,0.091684106260747,0,0.0234073524944393,0.0430094285407921,"XLOC_008642 | TCONS_00012901.p1","Ss_chrX.2","BED-type domain-containing protein","Znf_BED, RNaseH-like_sf, Znf_C2H2_sf","metal ion binding, DNA binding","A0A0K0DS32","",NA,"",NA,"",NA,"",NA
"13","SSTP_0000004650",0,0,0.0178169217367549,0,0,0,0,0,0,0,0,0,0,0,0,0.0234127743143111,0,0.0221637495647129,0,0,0.0464421354890853,0,0,0.0209860740937593,NA,NA,"H15 domain-containing protein","AT_hook_DNA-bd_motif","DNA binding","A0A0K0DS33","",NA,"",NA,"",NA,"",NA
"14","SSTP_0000004800",0,0,0,0,0.732686750085305,0,0,0,0,0,0,0,0,0,0,0,0.158818556661321,0,0,0.684402335100375,0,0,0,0,NA,NA,"HTH_48 domain-containing protein","Transposase_1, WH-like_DNA-bd_sf, RNaseH_sf, Mos1_HTH","nucleic acid binding","A0A0K0DS35","",NA,"SPAL_0001337600",30.2941,"SVE_0104900",15,"",NA
"15","SSTP_0000004900",0.033767109937301,0.0344031907232529,0.0541020776171674,0.188509399408396,0.13072913340455,0.288748683405526,0,0,0,0,0.0165622310955997,0,0,0,0,0.21163317407362,0.0467221679955395,0.151893382091336,0.451702235468726,0.293027356443005,0.321830864199828,0.0704238510764637,0,0.021472570781795,"XLOC_009289 | TCONS_00014091.p1","Ss_chrX.2","Integrase catalytic domain-containing protein","Integrase_cat-core, RNaseH-like_sf, RNaseH_sf, Integrase_H2C2","nucleic acid binding, DNA integration","A0A0K0DS36","SRAE_0000075800 | WBGene00256517",24.3976,"SPAL_0000211000",56.6265,"SVE_0081300",17.7711,"",NA
"16","SSTP_0000005000",0.0677443332996526,0.0172084684322773,0.0542191318466248,0.411364190627647,0.337064251123835,0.683575063490799,0,0,0.0368422546520695,0,0,0,0,0.0327007184385907,0.0160523742333872,0.14079999270965,0.0699275268377369,0.129466072815829,0.270386914902816,0.342289476519428,0.274627469127866,0.0234921596394567,0,0.0215266564083344,"XLOC_009290 | TCONS_00014092.p1","Ss_chrX.2","Reverse transcriptase domain-containing protein","RT_dom, AT_hook_DNA-bd_motif, Peptidase_aspartic_dom_sf, RT_RNaseH_2, Rev_trsase/Diguanyl_cyclase, DNA/RNA_pol_sf","DNA binding","A0A0K0DS37","SRAE_0000071700 | WBGene00256474",30.5949,"SPAL_0000616400",41.9263,"SVE_1274100",36.7328,"",NA
"17","SSTP_0000005050",0,0,0.0178802687727284,0,0,0,0,0.0273762715273136,0,0.0167552538515218,0.0163809360558914,0,0,0,0,0,0.0234672029143426,0.0220471621996174,0.181395906413517,0.0242469492161218,0.069742013488316,0,0,0,"XLOC_008646 | TCONS_00013742.p1","Ss_chrX.2","DDE_Tnp_1_7 domain-containing protein","PGBD",NA,"A0A0K0DS38","",NA,"",NA,"",NA,"",NA
"18","SSTP_0000005200",0.0333399835357677,0,0.0180014593072165,0.0171123781545852,0.0916127987549607,0.0364326054537701,0,0.0545128941156212,0.0368483690073307,0,0,0,0,0,0,0,0.023660710983584,0,0.0909276920777925,0,0.0704843524607938,0,0,0,NA,NA,"",NA,NA,"A0A0K0DS40","",NA,"",NA,"",NA,"",NA
"19","SSTP_0000005225",0.0166771573267101,0.0171972818557718,0.0178934297946182,0.0341811429611658,0.166033270496165,0.181525222160218,0.109637115379193,0.0547803359203181,0.0369764142033327,0,0,0,0,0.0165241125054445,0,0.0235733608140475,0.070471261343563,0.0220715571890056,0.0907688675707377,0.072804153827729,0.0930748777027822,0.0233820320835477,0,0,"XLOC_008647 | TCONS_00012903.p1","Ss_chrX.2","DDE_3 domain-containing protein","RNaseH_sf","nucleic acid binding","A0A0K0DS41","",NA,"",NA,"",NA,"",NA
"20","SSTP_0000005250",0,0,0.0181583500665543,0,0,0,0,0,0,0,0,0,0,0,0,0,0,0,0,0.0243850333459429,0,0,0,0,NA,NA,"",NA,NA,"A0A0K0DS42","",NA,"",NA,"",NA,"",NA
"21","SSTP_0000005275",0,0.0174159720926301,0,0.119560141745736,0.0548053925398338,0.0545290682189468,0,0,0,0,0,0,0,0,0,0,0,0,0,0,0.0234457758230088,0.0234902320688226,0,0.0211927559606989,"XLOC_009294 | TCONS_00014095.p1","Ss_chrX.2","Ovule protein",NA,NA,"A0A0K0DS43","",NA,"",NA,"",NA,"",NA
"22","SSTP_0000005300",0,0,0.0180783546318943,0.0170358999064465,0.0182568958459996,0.0906814889071504,0,0,0,0,0,0,0,0,0,0,0,0,0,0,0.0234443410060764,0,0,0,"XLOC_009294 | TCONS_00014095.p1","Ss_chrX.2","",NA,NA,"A0A0K0DS44","",NA,"",NA,"",NA,"",NA
"23","SSTP_0000005400",0,0,0,0.25592754886737,0.185140799439132,0.162636660040189,0,0,0,0,0,0,0,0,0.0162412518098667,0.0234997881111413,0.0233555223373435,0,0,0.0242683113770646,0.0461726572670362,0.0233485450796992,0,0,"XLOC_009294 | TCONS_00013405.p1","Ss_chrX.2","",NA,NA,"A0A0K0DS45","",NA,"SPAL_0001092700",0,"",NA,"",NA
"24","SSTP_0000005700",0.0673594493524411,0.189029474303572,0.107984240795449,0.0171201857264616,0.0186309425865158,0.108399125333862,0,0,0,0.0168018465897711,0.01652305742223,0,0,0.0164092388969754,0.016177657580475,0.188163945872598,0.116857114771119,0.0870162205796321,0.542359584009291,0.512005758060391,0.506663811820605,0,0.0233354045874106,0.0428468509188456,"XLOC_008648 | TCONS_00013745.p1","Ss_chrX.2","Zf-RVT domain-containing protein",NA,NA,"A0A0K0DS48","",NA,"SPAL_0000612100",55.4217,"",NA,"",NA
"25","SSTP_0000005800",0.0506916237607567,0.085984813938904,0.0360835774537039,0,0,0.0180159775727237,0,0,0,0,0.0165720180261243,0,0,0,0,0,0.0933216826952396,0.021641329374221,0.0902176349530357,0.439571422016096,0.389933206062388,0,0,0,"XLOC_008648 | TCONS_00013745.p1","Ss_chrX.2","Reverse transcriptase domain-containing protein","RT_dom, DNA/RNA_pol_sf",NA,"A0A0K0DS49","SRAE_X000237300 | WBGene00267958",23.6486,"SPAL_0000417100",22.7477,"",NA,"",NA
"26","SSTP_0000005900",0.0168219804040329,0.0686911911168414,0.089898392914626,0,0,0,0,0.0275939523766823,0,0,0,0,0.0253293790885322,0,0.0161799669336754,0,0.0233629808754766,0,0.0903620076546076,0.14616991252378,0.207273700866014,0,0,0,"XLOC_008648 | TCONS_00013745.p1","Ss_chrX.2","Zf-RVT domain-containing protein",NA,NA,"A0A0K0DS50","",NA,"SPAL_0000612100",53.3898,"",NA,"",NA
"27","SSTP_0000006000",0,0.0171974845458605,0.0177586093950045,0,0,0,0,0,0,0,0,0,0,0,0,0,0.0233745309331871,0.0220570595011801,0,0.071865272793764,0.0231890916147551,0,0,0,"XLOC_008648 | TCONS_00012905.p1","Ss_chrX.2","Cytochrome P450",NA,NA,"A0A0K0DS51","",NA,"SPAL_0000612100",46.4646,"",NA,"",NA
"28","SSTP_0000006050",0.0329664758547263,0,0,0.0334607525016046,0,0.0178096531217121,0,0,0,0,0,0,0,0.0165816654798605,0.0167376853962356,0,0.117139191166302,0.066852498829634,0.266487450950977,0.118966377708369,0.184341999211211,0,0,0,"XLOC_008648 | TCONS_00013745.p1","Ss_chrX.2","",NA,NA,"A0A0K0DS52","",NA,"",NA,"",NA,"",NA
"29","SSTP_0000006100",0.0166927583349998,0.0348523568912455,0.0179947450271265,0,0.018352634309911,0.0182217972825479,0.0219152429874755,0.0272776160440725,0.0368858718396338,0,0,0,0,0,0,0.165790299120313,0.0473709048344195,0,0,0.218463572862685,0.211476731594523,0,0,0,"XLOC_008648 | TCONS_00012907.p1","Ss_chrX.2","",NA,NA,"A0A0K0DS53","",NA,"",NA,"",NA,"",NA
"30","SSTP_0000006200",0.0167322205586888,0,0,0.0170780827501807,0,0,0,0,0,0,0.0164350444463567,0,0,0,0,0.0470554312421263,0.0467653732309505,0.0437367322168489,0.452190079812292,0.170012701108818,0.115593107632906,0,0,0,"XLOC_008648 | TCONS_00012908.p1","Ss_chrX.2","",NA,NA,"A0A0K0DS54","SRAE_X000237300 | WBGene00267958",22.4852,"SPAL_0000417100",22.4852,"",NA,"",NA
"31","SSTP_0000006300",0,0.051498236267543,0,0.0342022884031739,0,0,0,0.0275557182545865,0,0,0,0,0,0,0,0.070558786668224,0.0467609490766216,0.0436135173244411,0.180844089470281,0.26770381075793,0.069218379287648,0.0234045022208897,0,0.0427363887898103,"XLOC_008648 | TCONS_00013745.p1","Ss_chrX.2","Reverse transcriptase domain-containing protein","RT_dom, DNA/RNA_pol_sf",NA,"A0A0K0DS55","SRAE_X000237300 | WBGene00267958",34.1584,"SPAL_0000417100",25.2475,"",NA,"",NA
"32","SSTP_0000006400",0.0506158910703249,0.0171978787140958,0,0.20559543937268,0.149313999018892,0.0902712798512495,0.0221131705462947,0.0553170633694382,0.036942351113511,0,0,0,0,0,0,0.117598662081443,0.116833562550278,0.0651517754534838,0.271092324427388,0.219691150813236,0.2530265811054,0.0704006205192238,0.0467378313243893,0.0214600724932494,"XLOC_008648 | TCONS_00012909.p1","Ss_chrX.2","Zf-RVT domain-containing protein",NA,NA,"A0A0K0DS56","",NA,"SPAL_0000612100",42.5249,"",NA,"",NA
"33","SSTP_0000006425",0,0.035165621474586,0.0180149190692255,0.152163100262213,0.108699101262982,0.0720484483330171,0,0,0,0,0,0,0,0,0,0.0947633903510738,0,0.112370132391847,0,0.0240328183787716,0.0232558974461986,0.023551172200767,0.0458694381850376,0,NA,NA,"Ovule protein",NA,NA,"A0A0K0DS57","",NA,"",NA,"",NA,"",NA
"34","SSTP_0000012100",0,0.0343850072982739,0.0720880480179868,0.0171285079267037,0.0746500084242527,0.0180425005877388,0.0442177726025422,0,0,0,0,0,0.0253018481497644,0.0163905225229183,0,0.0557103917703078,0.047140298321296,0.0217762606439126,0,0.146427309372433,0.390739863409198,0.0234616369499354,0.0467304350541868,0.0858310751072044,"XLOC_007728 | TCONS_00012223.p1","Ss_chr2","Sulfotransfer_1 domain-containing protein","Sulfotransferase, Chst-1","membrane, positive regulation of response to oxidative stress, chondroitin 4-sulfotransferase activity, sulfotransferase activity, chondroitin sulfate biosynthetic process","A0A0K0DSB2","SRAE_2000507400 | WBGene00265327",41.9558,"",NA,"",NA,"K07H8.8 | WBGene00019508",22.3975
"35","SSTP_0000012200",0,0.051585715514271,0.0899734812553928,0,0.037248721962402,0,0.817025069028355,0.165713966153383,0.0370075118959646,0,0,0.0184584611947267,0.0253801100826737,0,0.0270239019108878,0.117766440333005,0,0.0654444101916796,0,0,0,0.0234496104279751,0.0933397678312269,0.0428370455202524,"XLOC_007728 | TCONS_00012223.p1","Ss_chr2","Carbohydrate sulfotransferase","Sulfotransferase, Chst-1","membrane, positive regulation of response to oxidative stress, chondroitin 4-sulfotransferase activity, sulfotransferase activity, chondroitin sulfate biosynthetic process","A0A0K0DSB3","SRAE_2000507400 | WBGene00265327",51.3761,"",NA,"",NA,"K07H8.8 | WBGene00019508",22.0183
"36","SSTP_0000012300",0.0168245301537051,0.0171963682944997,0.0179914705147788,0,0,0,0,0,0,0,0,0,0,0,0,0.0571611618267281,0,0.0317571846227164,0,0,0,0.0234495109332215,0,0,"XLOC_007728 | TCONS_00012223.p1","Ss_chr2","","Sulfotransferase, Chst-1","membrane, positive regulation of response to oxidative stress, chondroitin 4-sulfotransferase activity, sulfotransferase activity, chondroitin sulfate biosynthetic process","A0A0K0DSB4","SRAE_2000507400 | WBGene00265327",58.3732,"",NA,"",NA,"K07H8.8 | WBGene00019508",25.8373
"37","SSTP_0000021200",0,0,0.0180708915778396,0.203579978385824,0.290797889430042,0.252827730275352,0.0651624413817129,0.0807768057214277,0.036274776047643,0.100577736287772,0.0820997397756229,0.0359870996318465,0.104213821914747,0.0167263932693585,0.0168492540914828,0.0474940339626824,0.0711056763484703,0.0450448797808611,0,0.0241184009378166,0.0932972402375987,0.0236007517229651,0.0690075420974822,0.0212241114393537,"XLOC_003023 | TCONS_00004866.p1","Ss_chr1","",NA,"membrane","A0A0K0DSK0","",NA,"",NA,"",NA,"",NA
"38","SSTP_0000022750",0,0.0341128593514461,0.0382076876167329,0,0.0206996817421074,0,0,0,0,0,0,0,0,0.016678789676477,0,0.0997389561037544,0.107094655173749,0.060857345768346,0,0.0744650237378254,0.067036449739757,0.0217044753190816,0.119045686182675,0,NA,NA,"",NA,NA,"A0A0K0DSL6","",NA,"",NA,"",NA,"",NA
"39","SSTP_0000032400",0.0166437833510292,0.0173064362279783,0.0358054175309793,0.0170427652752416,0,0.0725817012321065,0,0,0.0367828532936942,0,0,0,0,0,0,0.0471389894591926,0.0471223804557237,0.0444231486652057,0.634501258252659,0.65294324998341,0.444284363757381,0.0935673119942047,0.092274415638929,0.084589193256924,"XLOC_008070 | TCONS_00012404.p1","Ss_chrX.1","BZIP domain-containing protein",NA,NA,"A0A0K0DSW1","",NA,"",NA,"",NA,"",NA
"40","SSTP_0000035150",0,0,0,0,0,0,0,0,0,0,0,0,0,0,0,0,0,0,0,0,0,0,0,0,NA,NA,"",NA,NA,"A0A0K0DSZ0","",NA,"",NA,"",NA,"",NA
"41","SSTP_0000036100",0,0,0,0,0,0,0,0,0,0,0,0,0.00202168950802539,0.179758720948143,0.0845822370259317,0,0,0,0,0,0,0.0151573903281476,0.0301662993918829,0,"XLOC_003442 | TCONS_00010366.p1","Ss_chr2","",NA,NA,"A0A0K0DT00","",NA,"",NA,"",NA,"",NA
"42","SSTP_0000036200",0.10439258895288,0.0264901094114199,0.0609155409581799,0.340648916810644,0.243518035391891,0.212437999201773,0.154471281517534,0.110759100531556,0.0999168319462286,0.198606720237739,0.186413439183824,0.243887226837716,0.0784934807092866,0.111513895905974,0.0768425994029503,0.103316184617541,0.0210199609922183,0.0560674812947491,0,0.0529405280548861,0.0246459643552792,0,0,0.0200259852989464,"XLOC_003429 | TCONS_00010356.p1","Ss_chr2","Cytochrome oxidase subunit III",NA,"membrane","A0A0K0DT01","",NA,"",NA,"",NA,"",NA
"43","SSTP_0000037200",0,0,0,0,0,0,0,0,0,0,0,0,0,0,0,0.0442340382303129,0,0,0,0.0912579039677162,0.0672005820782129,0.0500782634496523,0,0,"XLOC_004826 | TCONS_00006705.p1","Ss_chr2","",NA,NA,"A0A0K0DT11","",NA,"",NA,"",NA,"",NA
"44","SSTP_0000054300",0.0336469708305048,0.0343572331514581,0.0539503117337393,0.342298941588113,0.409515172001748,0.343377610537908,0.220662002436667,0.469205232934706,0.14783668978681,0.0335921858456993,0.0825476566178764,0.0922171161771675,0.101376941216284,0.13131730042823,0.0647693444216797,0.0705651221012352,0.0467503854920669,0.0217736864790952,0,0.0243683393725688,0.0230463666874223,0,0,0,"XLOC_007074 | TCONS_00009241.p1","Ss_chr2","XK-related protein",NA,"membrane","A0A0K0DTI2","SRAE_2000212400 | WBGene00262332",80,"SPAL_0001620500",71.3043,"SVE_0446000",69.1304,"",NA
"45","SSTP_0000064000",0,0,0,0.0178462451171933,0.0408504571717993,0.0729745888092448,0,0,0,0,0,0,0,0,0,0.0549726440777791,0.0236732422326712,0.0362126565809244,0,0.17202091260982,0.0404570617598534,0,0.0595292354745861,0.0438874526078722,NA,NA,"",NA,NA,NA,"",NA,"",NA,"",NA,"",NA
"46","SSTP_0000064300",0,0,0,0,0,0.017961911249142,0,0,0,0,0,0,0,0,0,0,0.0232598110182992,0.064734204152455,0,0,0.0457388272131978,0,0,0,"XLOC_009168 | TCONS_00014021.p1","Ss_chrX.2","Helicase C-terminal domain-containing protein","Helicase_C, P-loop_NTPase",NA,"A0A0K0DTS9","",NA,"",NA,"",NA,"",NA
"47","SSTP_0000064400",0.0335460404169004,0.0515654388237073,0.0717986888747283,0.171185265819482,0.167110786525507,0.290122958968433,0.0220132981061259,0.0550732328156727,0,0.0335825726243831,0.0329490668765141,0.0368461949880472,0.0254432942174841,0.0494057461135368,0.0326041374012501,0.0943223045177394,0.117174705797897,0.197235395964575,0.362612461718606,0.097386397143549,0.092673130513725,0.281110680576341,0.302594771929802,0.234925850160032,"XLOC_009169 | TCONS_00013318.p1","Ss_chrX.2","C2H2-type domain-containing protein",NA,NA,"A0A0K0DTT0","",NA,"",NA,"",NA,"",NA
"48","SSTP_0000064450",0.0337384930976792,0.0687900042643873,0.0901128214691514,0.0856637886784589,0.0373232845742392,0.0180573728964003,0,0.055309089112217,0,0,0.0331006110746566,0,0,0.0164028481635104,0.0161555553586501,0.0940893063549344,0.0233683205466962,0.260684602287702,0,0.0976343648164815,0.0920314954525265,0.0469318988977872,0.0233664853772823,0.0214572331249264,"XLOC_008523 | TCONS_00013681.p1","Ss_chrX.2","SPK domain-containing protein",NA,NA,"A0A0K0DTT1","",NA,"",NA,"",NA,"",NA
"49","SSTP_0000064600",0,0,0.0179239473700799,0,0.018546727129478,0,0,0,0,0,0,0,0,0,0,0,0,0.0218728168842502,0,0.0486222108111401,0.0231270132743392,0,0,0,"XLOC_009170 | TCONS_00014022.p1","Ss_chrX.2","DUF1670 domain-containing protein",NA,NA,"A0A0K0DTT3","",NA,"",NA,"SVE_0392400",45.977,"",NA
"50","SSTP_0000064800",0.0337621575541019,0,0.0180304178783754,0.0342635173448775,0.0186724001172954,0.0541126748400815,0,0,0.0369179760676089,0,0,0,0,0.0327741778035765,0,0.0940174020314256,0.093401983972868,0.130110260668588,0,0.0976510860146125,0.114872501317972,0.0234679393924837,0.0467508596695791,0.0214686862729068,"XLOC_009171 | TCONS_00014023.p1","Ss_chrX.2","PRE_C2HC domain-containing protein",NA,NA,"A0A0K0DTT5","",NA,"",NA,"SVE_1494700",18.6047,"",NA
"51","SSTP_0000065000",0.0169382906158922,0.051633202214893,0.126528476040504,0.205714581870155,0.056184794325704,0.0359843881298328,0,0.0277269358220806,0.0736980134934349,0,0,0,0,0.0490600239269386,0,0.0704122772846286,0.0699399717438501,0.151075679047155,0.270435724226252,0.415698497745469,0.412023814783027,0.187965403070634,0,0.12917766228878,"XLOC_009189 | TCONS_00014036.p1","Ss_chrX.2","CCHC-type domain-containing protein","RT_dom, Znf_CCHC, Aspartic_peptidase_AS, RNaseH-like_sf, RNaseH_sf, RT_RNaseH_2, Rev_trsase/Diguanyl_cyclase, DNA/RNA_pol_sf","proteolysis, nucleic acid binding, zinc ion binding, transferase activity, nucleotidyltransferase activity, DNA polymerase complex, aspartic-type endopeptidase activity, RNA-templated DNA biosynthetic process, RNA-directed DNA polymerase activity, DNA-directed DNA polymerase activity, DNA biosynthetic process","A0A0K0DTT7","",NA,"SPAL_0000881000",13.43,"SVE_1661900",11.5942,"",NA
"52","SSTP_0000065100",0,0,0,0,0,0.0180217548857951,0,0.027646409746859,0,0,0,0.0184662550467778,0,0,0,0,0.0233308827773836,0.0216642541034493,0,0.0243953079270333,0.0459068015689551,0,0.0233593500301581,0,"XLOC_008539 | TCONS_00012824.p1","Ss_chrX.2","EKC/KEOPS complex subunit CGI121",NA,NA,"A0A0K0DTT8","",NA,"",NA,"",NA,"",NA
"53","SSTP_0000065200",0,0,0,0,0,0,0,0,0,0,0,0,0,0,0,0.0234990120096935,0,0,0.0902810570087081,0.0243988852339603,0.0229750327872852,0.0234557970589648,0.070080966822061,0,"XLOC_009189 | TCONS_00013333.p1","Ss_chrX.2","DUF4476 domain-containing protein",NA,NA,"A0A0K0DTT9","",NA,"SPAL_0000351900",33.1269,"SVE_0770600",23.839,"",NA
"54","SSTP_0000065300",0,0,0,0,0.0372481287574075,0.0180030184634784,0,0,0,0,0,0,0.0252465438507495,0,0,0.0234561988730764,0,0.0432988667757263,0.180233474974952,0.0974139485104331,0.114668061317405,0,0,0,"XLOC_009189 | TCONS_00013334.p1","Ss_chrX.2","",NA,NA,"A0A0K0DTU0","",NA,"",NA,"",NA,"",NA
"55","SSTP_0000065400",0,0.0344201871973541,0.0180771266426411,0.0171415108207358,0.0187307609210379,0.0359713561781125,0,0,0,0,0,0,0,0.01634810318213,0,0.563150237766297,0.302988694359323,0.388262240737658,0.0901190697370241,0,0.228795774966115,0.0234949685294858,0,0.0215321218554352,"XLOC_009189 | TCONS_00014036.p1","Ss_chrX.2","",NA,NA,NA,"",NA,"",NA,"",NA,"",NA
"56","SSTP_0000065600",0,0,0,0,0.0373920069887772,0,0,0.0553753224916479,0.0368567179337296,0,0,0,0,0,0,0.0469431123629622,0.0932624057983829,0.151279918242219,0.0901581053785057,0.146542852384123,0.0458227832503946,0.0704163651909548,0,0,"XLOC_009191 | TCONS_00014039.p1","Ss_chrX.2","DDE_Tnp_1_7 domain-containing protein","PGBD",NA,"A0A0K0DTU1","",NA,"SPAL_0001664000",19.7487,"",NA,"",NA
"57","SSTP_0000065800",0.0664535396761555,0.0172694154222348,0.0178717474150445,0,0.0182783786157558,0.0181117199223947,0,0,0,0,0,0,0,0,0,0.258763704391659,0.0705475244143112,0.243889397710529,0,0.0482954685489387,0.0933706402606373,0,0,0,NA,NA,"",NA,NA,NA,"",NA,"",NA,"",NA,"",NA
"58","SSTP_0000065900",0,0.0171852475049931,0.0899260060041315,0.0342427550819028,0.0186148207382862,0,0,0.0276056101625639,0,0,0.0165111829392455,0.0184482704884689,0.0760888291619837,0,0.0324223447396501,0.164766160028637,0.11695449905787,0.0871939459926062,0,0.0243749394468744,0.138420965987869,0.0234364102523874,0.0233224888858945,0,"XLOC_009193 | TCONS_00013335.p1","Ss_chrX.2","BZIP domain-containing protein",NA,NA,"A0A0K0DTU3","",NA,"",NA,"",NA,"",NA
"59","SSTP_0000066000",0,0,0.0180073636931408,0,0.0371950480909937,0,0,0,0,0,0,0,0,0,0,0.0474068543295887,0.0235555095613401,0,0,0.0488561590318489,0,0.0235206902426691,0,0.0428101944289284,"XLOC_009193 | TCONS_00014041.p1","Ss_chrX.2","Retrotransposable element",NA,NA,"A0A0K0DTU4","",NA,"SPAL_0000582100",32.2148,"SVE_1473800",30.8725,"",NA
"60","SSTP_0000066100",0,0.0172055667339357,0.126483290813219,0.0342748994215121,0.0187213909546341,0.0179877392778662,0,0,0.0368393307087,0,0,0,0,0,0.0160524974173033,0.0469290566335951,0.0233070907631798,0.107889734668487,0.180242825764069,0.24444557731902,0.137310694294304,0,0,0.0215217251585321,"XLOC_009193 | TCONS_00014041.p1","Ss_chrX.2","CCHC-type domain-containing protein","Integrase_cat-core, Znf_CCHC, RNaseH-like_sf, RNaseH_sf, Znf_CCHC_sf, RT_RNaseH_2, Integrase_H2C2, Rev_trsase/Diguanyl_cyclase, DNA/RNA_pol_sf","nucleic acid binding, cytoplasm, zinc ion binding, DNA integration, DNA polymerase complex, enzyme binding, DNA-directed DNA polymerase activity, DNA biosynthetic process","A0A0K0DTU5","",NA,"SPAL_0000901400",44.5233,"SVE_0611300",30.1217,"",NA
"61","SSTP_0000066250",0.0500955517755895,0,0.0357908013582262,0,0.0184804420703157,0.0181182231734321,0,0,0,0,0,0,0,0,0.0326489658635857,0,0.0234036118334064,0,0.0905887931428826,0.0485421858312108,0.0231603797086645,0,0,0,NA,NA,"",NA,NA,"A0A0K0DTU7","",NA,"",NA,"",NA,"",NA
"62","SSTP_0000066300",0.0165077180166388,0.0174680609578059,0.0358619580739093,0.050555709561414,0.0541720687192546,0.0179520416913927,0,0,0,0,0,0,0.0258880759228948,0.0166169962466415,0,0.0706619786408861,0.164708925495716,0.111825808460459,0,0,0.0231898560387757,0.02342632348517,0.0228579194150138,0,NA,NA,"",NA,NA,"A0A0K0DTU8","",NA,"",NA,"",NA,"",NA
"63","SSTP_0000066400",0,0,0,0.0170240423230344,0,0.0180149710596392,0,0,0.0368124639724903,0,0,0,0,0,0,0,0,0.0434783933424646,0,0.0242239034944217,0.0229978253145824,0,0,0,"XLOC_008544 | TCONS_00012826.p1","Ss_chrX.2","",NA,NA,"A0A0K0DTU9","SRAE_0000050600 | WBGene00256250",57.8947,"SPAL_0001206300",0,"SVE_1093800",5.26316,"",NA
"64","SSTP_0000066500",0.0168759370327666,0.0859677292678876,0.0180257651644536,0.017129211288414,0,0.0721520656331629,0,0.0553176850434069,0.0369176826755055,0.0168081245875381,0,0,0,0,0,0.188027623193742,0.116749359252741,0.216883187270501,0.180594895119161,0.0976307440307795,0.321672974781373,0.0469273386488416,0,0.0214628733866011,"XLOC_008545 | TCONS_00013695.p1","Ss_chrX.2","DDE_Tnp_1_7 domain-containing protein",NA,NA,"A0A0K0DTV0","",NA,"",NA,"",NA,"",NA
"65","SSTP_0000066550",0.0166508785745931,0,0,0,0,0,0,0,0,0,0,0,0,0,0,0,0,0.0220052901347971,0,0.0242228130421724,0.0696052510693928,0.02333187315714,0,0,"XLOC_009195 | TCONS_00014043.p1","Ss_chrX.2","LAGLIDADG_2 domain-containing protein",NA,NA,"A0A0K0DTV1","",NA,"",NA,"SVE_2015900",30.3704,"",NA
"66","SSTP_0000066600",0,0.0342849500264664,0.053811267586096,0,0,0.0180459651693392,0,0,0,0,0,0,0,0.0163922912759196,0,0.0939398891551071,0.0700163574754543,0.108776864100431,0.0902635648454372,0.0729362621156279,0.115121187767021,0,0,0.0213493482027788,"XLOC_008546 | TCONS_00012827.p1","Ss_chrX.2","NR LBD domain-containing protein",NA,NA,"A0A0K0DTV2","",NA,"",NA,"",NA,"",NA
"67","SSTP_0000066700",0.0332227910812447,0.0348989018091466,0.0359697649032333,0,0.0182598864159692,0.127138858085832,0,0.0271446212611282,0,0.0167291404191002,0,0.0181560296420391,0.025808988765649,0,0,0.307235711833654,0.14194046235785,0.201352863222477,0,0.1208668132429,0.0468799470477655,0,0,0.0423677697293019,NA,NA,"Magnetosome protein Mad2",NA,"membrane","A0A0K0DTV3","",NA,"",NA,"",NA,"",NA
"68","SSTP_0000066850",0.0166955693907686,0.0171853560910209,0,0.0341839570618263,0.0554388818914518,0.0181531352997285,0,0,0,0,0,0,0,0,0,0.165226779213565,0.0938347986657845,0.110180155904834,0.0907365480463731,0.0485563698267511,0.0464599952087019,0,0.0231711839999106,0.0212774295123195,"XLOC_008549 | TCONS_00013697.p1","Ss_chrX.2","",NA,NA,"A0A0K0DTV5","",NA,"SPAL_0000447200",28.0576,"SVE_0270600",53.9568,"",NA
"69","SSTP_0000066900",0,0,0.0361357710668303,0.102832996852488,0.0748780427578463,0.107961962764793,0,0.110863845226499,0.0368496142352254,0.0672690547395595,0.0497975804404028,0.0185034117576925,0.0252387299300638,0.0490616598064886,0.0160604931674058,0.211231492143904,0.116565314106245,0.25906549642794,0.270435540506697,0.268890961079251,0.38921060256671,0.0704666878654312,0.0234205230820125,0,"XLOC_009196 | TCONS_00014044.p1","Ss_chrX.2","Reverse transcriptase Ty1/copia-type domain-containing protein","Aspartic_peptidase_AS, RVT_2, Rev_trsase/Diguanyl_cyclase, DNA/RNA_pol_sf","proteolysis, aspartic-type endopeptidase activity","A0A0K0DTV6","",NA,"",NA,"",NA,"",NA
"70","SSTP_0000066950",0,0.0344809496639748,0,0.0170709752565174,0,0,0,0,0,0,0,0,0,0,0,0,0.0470022566964199,0,0,0.0242321002555357,0.0466348026261775,0,0,0.0212228944741314,"XLOC_009197 | TCONS_00013336.p1","Ss_chrX.2","Conserved oligomeric Golgi complex subunit 6",NA,NA,"A0A0K0DTV7","",NA,"",NA,"",NA,"",NA
"71","SSTP_0000067000",0.398021358763349,0.166937767295552,0.344052045446163,0.137089779740946,0.0372210061765537,0.0181275579638824,0,0.0275995601770757,0,0.0168142646219417,0.0165083664932556,0.000666592973685739,0,0.0164653538411591,0,0.0800555467761554,0.0468704971793774,0.0542499273788612,0.0906402442565213,0.0487637119195155,0.0925578837725089,0.0469014593619938,0.0233225444059459,0.0856041922613475,"XLOC_008550 | TCONS_00012829.p1","Ss_chrX.2","SCP domain-containing protein",NA,NA,"A0A0K0DTV8","",NA,"SPAL_0001722100",19.171,"SVE_1777500",18.6528,"",NA
"72","SSTP_0000067100",0.236985367465824,0.154897444834405,0.361358270524276,0.051430428513718,0.0561546316476944,0.0900337954519563,0.310171363761367,0,0,0.65605233947896,0.149385758948295,0.148046359651303,0,0.0163647629053317,0.0160771353296271,0.0234835476239871,0.0233269337698514,0.0216114761517495,0,0.122238911591693,0.137491292795257,0.0469869775767541,0.0234211620559685,0.0860753515469424,NA,NA,"Integrase catalytic domain-containing protein","RT_dom, Integrase_cat-core, RNaseH-like_sf, RNaseH_sf, RT_RNaseH_2, Integrase_H2C2, Rev_trsase/Diguanyl_cyclase, DNA/RNA_pol_sf","nucleic acid binding, DNA integration, DNA polymerase complex, DNA-directed DNA polymerase activity, DNA biosynthetic process","A0A0K0DTV9","",NA,"SPAL_0001210500",44.2793,"SVE_0292700",22.8826,"",NA
"73","SSTP_0000067300",0,0,0.0180312572530502,0,0,0,0.0663624798406099,0.0276692051879732,0,0.336418101141747,0.0331167369359132,0.018483176960151,0,0,0.0161625510654157,0,0,0,0.0904165257943248,0.0976809634181961,0.0460359279624717,0.0234770527269717,0,0,"XLOC_008579 | TCONS_00012856.p1","Ss_chrX.2","",NA,NA,"A0A0K0DTW1","",NA,"SPAL_0000329900",41.4966,"SVE_1107800",9.86395,"",NA
"74","SSTP_0000067800",0,0,0,0,0,0,0,0,0,0,0,0,0,0,0,0,0,0,0,0,0,0,0,0,NA,NA,"",NA,NA,NA,"",NA,"",NA,"",NA,"",NA
"75","SSTP_0000067900",0,0,0,0,0,0,0,0,0,0,0,0,0,0,0,0,0,0,0,0,0,0,0,0,"XLOC_000037 | TCONS_00003626.p1","Ss_chr1","",NA,NA,NA,"",NA,"",NA,"",NA,"",NA
"76","SSTP_0000072100",0.0337270016039563,0.0171909585193202,0.0540484692052373,0.15413618337794,0.111930335763861,0.144396853041544,0.0221022093446236,0.0276460171315147,0.036931730969283,0.0336131402165931,0.0496335242572051,0.0369368804712922,0.0759334846836343,0.0327918722412897,0.0645925679666061,0.0470252815408088,0.046719679586804,0.0217136970518489,0.180675517450281,0.0243996029922955,0.045995354019351,0.0469143153711335,0.0700744685354412,0,"XLOC_003174 | TCONS_00003433.p1","Ss_chr1","","DUF1182","membrane","A0A0K0DU05","",NA,"",NA,"SVE_0017000",69.8305,"",NA
"77","SSTP_0000074464",0.0671297066026691,0.0515062711640987,0.125666125416501,0.273664160949035,0.352974257725123,0.289456996775436,0,0,0,0,0,0,0.0253724649978461,0.0492926860019622,0,0.305846412219703,0.0701646178707058,0.196400662589023,0.180924815456589,0.0486733870235791,0.161621152080811,0.187253804453989,0,0.0854521839823376,"XLOC_009139 | TCONS_00013301.p1","Ss_chrX.2","Tyr recombinase domain-containing protein",NA,NA,"A0A0K0DU29","",NA,"",NA,"SVE_0142200",30.6122,"",NA
"78","SSTP_0000074476",0.0166941172156766,0.0686323245694479,0,0.204878195127188,0.40640255168915,0.217532493826068,0,0,0,0,0,0,0,0.0164595841396851,0.016345206292619,0.0942512786402268,0,0.065898202778733,0.0906196036712493,0.0242658951724604,0.092698489228742,0.0467419784169703,0.0231701922077105,0.0212657048209803,"XLOC_009139 | TCONS_00013998.p1","Ss_chrX.2","",NA,NA,"A0A0K0DU30","",NA,"",NA,"SVE_0765900",35.6164,"",NA
"79","SSTP_0000074488",0,0.0519370129633023,0.0537377619555674,0.204749751657688,0.128300841636548,0.181546435283028,0,0,0,0,0,0,0,0,0,0.0943225753012326,0.023580140596528,0.066692155018334,0,0.0726288728818475,0.0935900267789872,0.0468098500508838,0.0461700994936637,0.0211733973420019,"XLOC_009139 | TCONS_00013303.p1","Ss_chrX.2","RNase H domain-containing protein",NA,NA,"A0A0K0DU31","",NA,"",NA,"",NA,"",NA
"80","SSTP_0000074500",0.0166478960123916,0.0172860203061731,0.053684996189899,0.187659959559749,0.348162567422752,0.12699864322801,0,0,0,0,0.016371865188015,0,0.0256074840540603,0,0,0.212144801952306,0.0942364182982603,0.111044251959623,0,0,0.023381887745202,0.0935082892630994,0,0.021173619394295,"XLOC_009140 | TCONS_00013304.p1","Ss_chrX.2","Ribosome-binding factor A",NA,NA,"A0A0K0DU32","",NA,"",NA,"",NA,"",NA
"81","SSTP_0000074550",0.0502765593916429,0.0515149624403629,0.0179330877696238,0.222323753619778,0.371020654679432,0.362266387427697,0,0,0,0,0,0,0,0,0.0325702196870277,0.0706681284979963,0.0468212050064245,0.19700996539994,0.181125612003635,0.097293800922745,0.0462898878793802,0.0936135198453653,0.0232572677019733,0.149361745833648,"XLOC_009140 | TCONS_00013305.p1","Ss_chrX.2","",NA,NA,"A0A0K0DU33","",NA,"",NA,"",NA,"",NA
"82","SSTP_0000074600",0.0504517723714975,0.0171843422297459,0.035962721072699,0.154080986380518,0.0558270703635299,0.162801194810196,0,0,0.0369899550408032,0,0,0,0,0,0,0.211873023533389,0.140368963486375,0.065422778255015,0,0.0487435299927088,0.161551244495843,0.0703020395925672,0,0.0214021424937185,"XLOC_009141 | TCONS_00014000.p1","Ss_chrX.2","",NA,NA,NA,"",NA,"",NA,"",NA,"",NA
"83","SSTP_0000081100",0.0505578019090746,0.0515897121641242,0.0540318582704104,0.205586642700017,0.205094238293163,0.0903894817156564,0.0662946730894024,0.304026703651179,0.406730886192996,0,0,0,0,0,0,0.0235358454519911,0.070160085084061,0.108833691118117,0.0904518839216863,0.0975949765062989,0.115220527537321,0,0.0467050654687746,0.042878752423121,"XLOC_004044 | TCONS_00010639.p1","Ss_chr2","G_PROTEIN_RECEP_F1_2 domain-containing protein",NA,"membrane","A0A0K0DU98","",NA,"",NA,"SVE_0283300",39.8406,"",NA
"84","SSTP_0000081200",0.134678552785158,0.120361056539331,0.143969910820608,0.154179449203656,0.0558797993891118,0.144760960591187,0.0220827477943032,0.110488184097695,0.110996508284022,0.0504358114679252,0.0495645490384112,0.0369176618240226,0.0507459045910539,0.0328691292973697,0.0810798900033743,0.329676952715244,0.187208152117205,0.196242224336847,0,0,0,0.140709856496572,0.18670115992409,0.0642655828135851,"XLOC_004044 | TCONS_00005823.p1","Ss_chr2","","7TM_GPCR_serpentine_rcpt_Sre","membrane, sensory perception of chemical stimulus","A0A0K0DU99","SRAE_2000392800 | WBGene00264155",72.1973,"SPAL_0000394600",70.852,"SVE_0283200",68.6099,"",NA
"85","SSTP_0000114333",0.0168760613236962,0.034401773249826,0.0721141334913544,0.119951125631754,0.056005638550529,0.162502607122227,0.796237523895104,0.0829933153151572,0,0.084079794302244,0.0496687623964253,0.0924003947735048,0,0.0656081617417048,0.016151486535808,0.0470449339377185,0.0701079361384584,0.0434356497593934,0.0903739804095368,0.170904048476578,0.115018413786257,0.0469424796261301,0.163618007639709,0.0214649633404821,"XLOC_006511 | TCONS_00008576.p1","Ss_chr2","",NA,"membrane","A0A0K0DV76","SRAE_2000471200 | WBGene00264950",67.8689,"",NA,"SVE_0341700",22.623,"",NA
"86","SSTP_0000114366",0,0,0,0,0,0,0.0443612739847515,0,0,0,0,0,0,0,0,0,0,0,0,0,0,0,0,0,"XLOC_006511 | TCONS_00008576.p1","Ss_chr2","ORF C",NA,"membrane","A0A0K0DV77","",NA,"",NA,"",NA,"",NA
"87","SSTP_0000115300",0.0842001516079635,0.0171885789233004,0,0.0171245765048801,0.0931539203216581,0.0723056452685489,0,0,0,0,0.0165238887744136,0.0184563558259164,0,0,0.0161895585149879,0.0470567548807949,0.0701466359429403,0.0435408657663169,0,0.0487705400003831,0.0921810651742232,0,0.0233378853149767,0.0428493492372009,"XLOC_004185 | TCONS_00005990.p1","Ss_chr2","Metalloendopeptidase","EGF-like_dom, Peptidase_M12A, Peptidase_Metallo, MetalloPept_cat_dom_sf","hydrolase activity, metal ion binding, proteolysis, metalloendopeptidase activity, zinc ion binding, metallopeptidase activity, peptidase activity","A0A0K0DV87","",NA,"SPAL_0000384800",39.0042,"SVE_0784700",39.0042,"",NA
"88","SSTP_0000115450",0,0,0,0,0,0,0,0,0,0,0,0,0,0,0,0,0,0,0,0,0,0,0,0,NA,NA,"",NA,"membrane","A0A0K0DV90","",NA,"",NA,"",NA,"",NA
"89","SSTP_0000135400",0,0,0,0,0,0,0,0.0611507258600609,0.0950635251744557,0,0,0,0,0,0,0,0,0,0,0,0,0,0,0,NA,NA,"G_PROTEIN_RECEP_F1_2 domain-containing protein",NA,NA,"A0A0K0DVT8","",NA,"",NA,"",NA,"",NA
"90","SSTP_0000162800",0.0166400172290006,0.0518613806234878,0,0,0.0549362906124468,0,0.0218690121296079,0.0544522437862865,0.183937519969044,0.100304980195746,0.0654639494227261,0.0547055436019093,0.435357780315679,0.149016353745367,0.099352854521858,0.141395550129557,0.0470861383157695,0.0665958016055225,0.0907100557785474,0,0.023369700677464,0.0935162302868163,0.0461150956980739,0,"XLOC_006698 | TCONS_00008820.p1","Ss_chr2","LITAF domain-containing protein",NA,NA,"A0A0K0DWL1","",NA,"SPAL_0000667900",52.8302,"SVE_0880300",50.9434,"",NA
"91","SSTP_0000167000",0.0842747250643331,0.154786273484096,0.162116992427189,0.154206838320526,0.13053186355207,0.10847597750021,0.0663029063719401,0.0552846650463754,0.221872064932768,0.100892588708057,0.148846077099391,0,0.0760569536732028,0.0328420312685782,0,0.141227863509952,0.0467773848741083,0.0653034161413835,0,0,0,0.0234631022218279,0.093421976985278,0,"XLOC_004395 | TCONS_00006227.p1","Ss_chr2","DUF4433 domain-containing protein",NA,NA,"A0A0K0DWQ3","SRAE_2000472000 | WBGene00264959",67.4603,"SPAL_0000594300",66.6667,"SVE_0354300",66.6667,"",NA
"92","SSTP_0000187450",0.0168646194835526,0.0343867901818206,0,0.171286317780241,0.167908910934969,0.0722120424610908,0.132627443643457,0.110589278680528,0.0369397286171055,0.033618031699558,0.0330916092566986,0.0369393141886189,0.0506339764499107,0.0327991863118602,0.0646116932800349,0.141104994403931,0.0233635814915899,0.0868810668476939,0,0.073207272752823,0.161027191643817,0.328442733742423,0.30368526635812,0.128709099711572,"XLOC_004479 | TCONS_00010812.p1","Ss_chr2","ZP domain-containing protein","ZP_dom",NA,"A0A0K0DXA8","SRAE_2000195300 | WBGene00262160",41.9244,"",NA,"",NA,"",NA
"93","SSTP_0000211000",0.0168806939491045,0.0172076748491866,0.0180342811130618,0.171427353268347,0.0746962758564434,0.0361317611159629,0.0663758507353802,0.138367460136656,0,0,0.033122510519496,0.0184866563291278,0,0.0164108736662953,0.0808098202149833,0.0706029759385689,0.070143873413567,0.0651965797813625,0,0.0244236721076135,0,0,0.0233815328814531,0.0429430263115645,"XLOC_004587 | TCONS_00006438.p1","Ss_chr2","7TM_GPCR_Srx domain-containing protein","7TM_GPCR_serpentine_rcpt_Srv","membrane","A0A0K0DXZ6","",NA,"",NA,"SVE_0587500",40.604,"",NA
"94","SSTP_0000211050",0.0506299039941222,0,0,0.239869757481722,0.0560056770447295,0.0902356358481662,0.199041668574467,0.387276024811206,0.369325070393354,0.0840625120595038,0.115892661355853,0.0369558791802704,0,0.131158334749498,0.0807041268711504,0.141079858829616,0.140160319197493,0.195327848450546,0,0.024412108231386,0.0919612362230041,0.0469374946926038,0.0701178510561147,0.0643940843261241,"XLOC_004587 | TCONS_00006439.p1","Ss_chr2","Serpentine receptor class gamma","7TM_GPCR_serpentine_rcpt_Srv","membrane","A0A0K0DXZ7","SRAE_0000024200 | WBGene00255982",69.906,"SPAL_0000997200",63.3229,"SVE_0587600",60.1881,"",NA
"95","SSTP_0000219300",0,0,0,0,0,0,0,0,0,0,0,0,0,0,0,0,0,0,0,0,0,0,0,0,NA,NA,"",NA,"membrane","A0A0K0DY79","",NA,"",NA,"",NA,"",NA
"96","SSTP_0000237100",0,0.017195911212218,0,0.0685238570834796,0.0186620863268278,0.108313165635602,0.331659610748723,0.63607420816531,0.775699595275674,0.0504334969492784,0.0331011594448603,0.0184743245853065,0,0.0491957216393015,0.0322980918660475,0.117585208353089,0.0700921416960846,0.0434295478972147,0,0,0,0.187713308637968,0.257028904016409,0.12874570428243,"XLOC_004697 | TCONS_00006561.p1","Ss_chr2","G_PROTEIN_RECEP_F1_2 domain-containing protein",NA,"membrane","A0A0K0DYQ5","",NA,"",NA,"",NA,"",NA
"97","SSTP_0000247432",0.123917890517735,0.148342736490717,0.256374414371429,0,0,0,0,0,0,0,0.0162676619297258,0,0.0259427603329835,0,0,0,0.0562635596958883,0.100631004170964,0.375460435317855,0.537562070601033,0.0797124494656964,0.0468718323922748,0,0,"XLOC_009349 | TCONS_00014140.p1","Ss_chrX.2","Ovule protein",NA,NA,"A0A0K0DZ09","",NA,"",NA,"",NA,"",NA
"98","SSTP_0000248850",0.0834846133213496,0.0172040715831563,0.0179126235996197,0.136833135453712,0.0738955953997451,0.108984126337696,0.0219516096742333,0.0274388935624373,0.0370149712698744,0.0335696813393125,0.0656615074831811,0.146862132115781,0.102073228687394,0.0661287999920453,0.08213299825719,0.141674824326493,0.140887708049103,0.110330702953465,0.181679507116653,0.145738979395652,0.13959545605072,0.0935853711298418,0.0926812961413811,0.0212877337998238,"XLOC_005653 | TCONS_00011339.p1","Ss_chr2","",NA,NA,"A0A0K0DZ24","",NA,"SPAL_0000780850",58.5185,"SVE_0425600",59.2593,"",NA
"99","SSTP_0000251600",0,0,0.0180315564222933,0,0.0373472872961569,0,0.11059399010136,0.13833649138114,0.073839107279816,0.134492764485234,0.132482992560968,0.203285528472278,0.278262931996698,0.0983267358933222,0.354887679880458,0.211548507660831,0.0700544318572925,0.195171165165394,0,0,0,0.0469385714954895,0,0.0214700404176274,"XLOC_005640 | TCONS_00007609.p1","Ss_chr2","Serpentine receptor class gamma",NA,"membrane","A0A0K0DZ52","SRAE_2000087700 | WBGene00261077",75.942,"SPAL_0000777850",60.5797,"SVE_0422300",66.6667,"",NA
"100","SSTP_0000256400",0.01661135564798,0,0,0.1532994960622,0.109376650492907,0.16354747252954,0.284064580235296,0.108505808682239,0.255856039545768,0,0.0492341177131916,0.0362440158924472,0,0.0166530952400794,0.0336001315058756,0.071064589542921,0.0710836932714839,0.0224303817841465,0.181102848447354,0.024205293757808,0,0,0,0,NA,NA,"",NA,NA,"A0A0K0DZ98","SRAE_2000466400 | WBGene00264900",52.3256,"SPAL_0001430100",45.3488,"SVE_0575600",44.186,"",NA
"101","SSTP_0000259600",0,0,0,0,0,0,0,0,0,0,0,0,0,0,0,0,0,0,0,0,0,0,0,0,"XLOC_003734 | TCONS_00010512.p1","Ss_chr2","HTH_48 domain-containing protein","Transposase_1, Homeobox-like_sf, WH-like_DNA-bd_sf, RNaseH_sf, Mos1_HTH","nucleic acid binding","A0A0K0DZD1","SRAE_X000180600 | WBGene00267383",41.2979,"SPAL_0001603900",73.7463,"SVE_0295600",25.6637,"",NA
"102","SSTP_0000260850",0,0,0,0,0,0,0,0,0.0368214648627207,0,0,0,0,0,0,0,0,0,0,0,0,0,0,0,NA,NA,"",NA,NA,"A0A0K0DZE4","",NA,"",NA,"",NA,"",NA
"103","SSTP_0000261700",0,0,0,0,0,0,0,0,0,0,0,0,0,0,0,0,0,0,0,0,0,0,0,0,NA,NA,"",NA,NA,NA,"",NA,"",NA,"",NA,"",NA
"104","SSTP_0000261800",0,0,0,0,0,0,0,0,0,0,0,0,0,0,0,0,0,0,0,0,0,0,0,0,"XLOC_003376 | TCONS_00010329.p1","Ss_chr2","SCP domain-containing protein",NA,NA,"A0A0K0DZF5","",NA,"",NA,"",NA,"",NA
"105","SSTP_0000263700",0.0167690516845905,0.0343595753372093,0.0538279873533445,0.153979057433635,0.0742648675649991,0.163086386321158,0.154083335941487,0.165195007897065,0.0740374927814698,0.184631109980112,0.115298122338461,0.22101483667418,0.203369902297383,0.0658262872528643,0.0488503276256636,0.0706892832184846,0.0702587300673968,0.0437820016074967,0,0.0486716096888126,0.0694441616411958,0,0,0.0213526057872058,"XLOC_009395 | TCONS_00014186.p1","Ss_chrX.3","DUF695 domain-containing protein",NA,NA,"A0A0K0DZH5","SRAE_X000071700 | WBGene00266276",84,"SPAL_0001556200",73.7143,"SVE_0056000",73.7143,"",NA
"106","SSTP_0000266900",0,0,0,0.00174706708292337,0,0.348211970203249,0,0,0.298259689837172,0.19772057227009,0,3.32514247127102e-07,0,0.162427437547613,0.183684165790177,0,0,0,0,0,0,0,0,0,"XLOC_010009 | TCONS_00015546.p1","Ss_chrX.3","HTH_48 domain-containing protein","Transposase_1, Homeobox-like_sf, WH-like_DNA-bd_sf, RNaseH_sf, Mos1_HTH","nucleic acid binding","A0A0K0DZK7","SRAE_X000180600 | WBGene00267383",41.8879,"SPAL_0001603900",73.4513,"SVE_0295600",25.9587,"",NA
"107","SSTP_0000276875",0.0168607820029209,0,0,0,0,0.0178009449013772,0,0.0266727206231314,0,0,0,0.0177884074898016,0,0,0,0.0241452423381675,0,0.0227654791906429,0,0,0.0694470343359413,0,0,0,"XLOC_009153 | TCONS_00014012.p1","Ss_chrX.2","",NA,NA,"A0A0K0DZV9","",NA,"",NA,"",NA,"",NA
"108","SSTP_0000276900",0,0,0.0178811490182691,0,0,0.0542551496595694,0,0,0,0,0,0.0183407075816757,0,0,0,0.141066984466446,0,0.0874915558225817,0.0903820460136199,0.072749945558958,0.0693291385792117,0.0233405845711241,0,0,"XLOC_008513 | TCONS_00012810.p1","Ss_chrX.2","DUF4218 domain-containing protein",NA,NA,"A0A0K0DZW0","",NA,"",NA,"",NA,"",NA
"109","SSTP_0000277000",0,0,0,0.154096859516896,0.0932793459815534,0.144279100534271,0,0,0,0,0,0,0,0,0,0.117487198758555,0.0700323276540669,0.06506516649086,0.0902756308248877,0.0731864928771695,0.137847873346635,0.117263993718202,0.0467133853370999,0.0643503687402693,"XLOC_009154 | TCONS_00013309.p1","Ss_chrX.2","",NA,NA,"A0A0K0DZW1","",NA,"",NA,"",NA,"",NA
"110","SSTP_0000277100",0.0167104522914039,0.0171856103618519,0.0358290316511073,0.102588343087655,0.0184898221700567,0.0907829056063192,0,0,0,0,0,0,0,0,0,0.188816989212325,0.0703663243503813,0.11011966610491,0.0907538052227013,0.0971773542606246,0.0696844736072025,0.0467976609621334,0,0.106444450466757,"XLOC_009155 | TCONS_00013310.p1","Ss_chrX.2","",NA,NA,"A0A0K0DZW2","",NA,"",NA,"",NA,"",NA
"111","SSTP_0000277200",0,0,0,0.0851851999822993,0.073721446445264,0.0361800927185575,0.0218715629045344,0,0,0,0,0,0,0.0164341288282433,0,0.0235153777667776,0,0.0438634406819916,0.090435345124801,0.0242111655841301,0.0462727043345595,0,0,0,"XLOC_009155 | TCONS_00013310.p1","Ss_chrX.2","",NA,NA,"A0A0K0DZW3","",NA,"",NA,"",NA,"",NA
"112","SSTP_0000277250",0,0,0,0,0,0.0177456772494,0,0,0,0,0,0,0,0,0,0.09479795634341,0.0234920666579358,0.0447997507908979,0,0,0.0230158012857502,0.0703213775216181,0.0228207494677793,0.105528360675622,NA,NA,"Protein kinase domain-containing protein","Kinase-like_dom_sf",NA,"A0A0K0DZW4","",NA,"",NA,"",NA,"",NA
"113","SSTP_0000277600",0.0336429380761709,0.0516491727394527,0.0719775496404708,0.0171487835485098,0.0372475073861913,0,0.044169227250198,0,0,0.0336576194806181,0.0660812241048694,0.0554031990401825,0,0,0,0.141588536919117,0.0703772725475632,0.0218984875130996,0,0,0.0231663385770952,0.0469402415849586,0,0.021416500155516,"XLOC_008504 | TCONS_00012806.p1","Ss_chrX.2","",NA,NA,"A0A0K0DZW8","",NA,"",NA,"",NA,"",NA
"114","SSTP_0000277700",0,0,0,0.0170502502712328,0,0.0362134956790158,0,0.0547047882044023,0,0,0,0,0,0,0,0.0941521353140681,0,0.0219965784107805,0,0.0484265153453507,0.139155389778648,0,0.0230972550562066,0,"XLOC_009147 | TCONS_00013307.p1","Ss_chrX.2","",NA,NA,NA,"",NA,"",NA,"",NA,"",NA
"115","SSTP_0000277800",0.101420893183531,0.0172013288180139,0.0541433413341332,0.154216993294879,0.130859385124493,0.0900883874968187,0,0.0276890619515266,0,0,0,0,0,0.0327443744758688,0.0160987913479684,0.117445028602098,0.140001993921902,0.173129577355865,0.180459054812649,0.268704778104873,0.252320895772573,0.0939113920938196,0.0467928359787523,0.0429846250259213,"XLOC_009147 | TCONS_00014006.p1","Ss_chrX.2","HTH CENPB-type domain-containing protein","DDE_SF_endonuclease_dom, HTH_CenpB_DNA-bd_dom, Homeobox-like_sf, Trp_repressor/repl_initiator, Brinker_DNA-bd","nucleic acid binding, sequence-specific DNA binding","A0A0K0DZW9","",NA,"",NA,"",NA,"",NA
"116","SSTP_0000277900",0,0.0171532774709385,0.0179185551319398,0.153742647241793,0.0741735452907516,0.14469599531892,0.0219881299349294,0,0.0369577628361756,0,0,0,0.0253739149578708,0.0164250536743675,0.0324927729501793,0.117602268101618,0.0935194662033875,0.174770913767976,0.0904283950203582,0.267342862470685,0.277181894430589,0.0233788122939045,0.0232432470832762,0.0426517476795827,"XLOC_009147 | TCONS_00013306.p1","Ss_chrX.2","BTB domain-containing protein",NA,NA,"A0A0K0DZX0","",NA,"",NA,"",NA,"",NA
"117","SSTP_0000278000",0.0169299292084006,0.0516281996438961,0.0361381118530414,0.154275271483913,0.112321219533006,0.107998792034856,0.0221553802762393,0.027718262097235,0.0368607479015185,0,0,0.0185055111702121,0,0.0163591544148123,0.0160679008291962,0.399106331392858,0.279838322397007,0.302384230180032,0.0901722088143863,0.293368847511488,0.206136178165676,0.0234921603018911,0.0702670324384301,0.0215207954411299,"XLOC_009146 | TCONS_00014005.p1","Ss_chrX.2","Reverse transcriptase domain-containing protein","RT_dom, RT_RNaseH_2, Rev_trsase/Diguanyl_cyclase, DNA/RNA_pol_sf",NA,"A0A0K0DZX1","SRAE_0000059800 | WBGene00256344",32.3797,"",NA,"SVE_0615200",27.0481,"",NA
"118","SSTP_0000278300",0,0.0172078308766613,0.0361133638875978,0.0342829023473368,0.187040175615839,0.0540607721089254,0.0221442447105793,0.027702022107174,0.184470871574876,0.0168200159468489,0,0,0,0,0,0.375908098434289,0.140031338829788,0.21640890550478,0,0.391012432672249,0.29821579425838,0.0469745989735343,0.046815102120912,0.0215034226560249,"XLOC_008503 | TCONS_00013664.p1","Ss_chrX.2","DDE_3 domain-containing protein","RNaseH_sf","nucleic acid binding","A0A0K0DZX4","",NA,"SPAL_0001194000",18.9024,"",NA,"",NA
"119","SSTP_0000278800",0.233413194132585,0.116371554720005,0.0887239576566002,0.0469863814902233,0,0,0.0300392760109142,0,0,0.0243517290666491,0,0,0,0.0821995503345913,0.0836031413915493,0.0827449084192369,0.0939069221923125,0.136418742655127,0,0.0704036538334088,0,0,0,0,"XLOC_001783 | TCONS_00004398.p1","Ss_chr1","",NA,NA,"A0A0K0DZX9","",NA,"",NA,"",NA,"",NA
"120","SSTP_0000279800",0.0683467785745154,0.163777436819986,0.199881492680105,0.0712674177398438,0.0180516206037039,0.074967863474222,0,0,0,0.0166638890933279,0,0,0,0.0174778198128235,0.0168243694295025,0.0718481904221601,0.0772443542114339,0.0705837990987321,0.542850857018955,0.36538695397941,0.257929486248524,0.118336822954918,0,0.0214810023677251,NA,NA,"",NA,NA,"A0A0K0DZY1","",NA,"",NA,"",NA,"",NA
"121","SSTP_0000289133",0,0.0173627586104664,0,0.118546610280381,0.199535105549366,0.216486974814936,0,0,0,0,0,0,0,0,0,0.0234575388836713,0.0235102666479179,0.0222470788332576,0,0.0240017536433385,0.0698763835334984,0.0233536892457065,0,0,"XLOC_009341 | TCONS_00014132.p1","Ss_chrX.2","Reverse transcriptase domain-containing protein","RT_dom",NA,"A0A0K0E075","",NA,"",NA,"",NA,"",NA
"122","SSTP_0000289166",0.0166618033747114,0,0.0357442038105145,0.238986237852828,0.221168282624653,0.29001619049301,0,0.0273731289477744,0,0,0.0163787592369707,0,0,0.0495069980402047,0.0163975407234446,0.212165273327469,0.0234472633767501,0.0660903270013596,0,0.0969703788158829,0.139358074201176,0,0,0,"XLOC_009341 | TCONS_00013436.p1","Ss_chrX.2","",NA,NA,"A0A0K0E076","",NA,"",NA,"",NA,"",NA
"123","SSTP_0000289200",0,0.017167496980462,0,0.359155197538168,0.204861718431543,0.252462070281296,0,0,0.110675978321592,0.0167841652223958,0,0,0.0252883894531983,0.0819028863850261,0,0,0.0466677607308792,0,0.0902485568092345,0.146172885412114,0.160863346480425,0,0,0,NA,NA,"Reverse transcriptase domain-containing protein","RT_dom, Rev_trsase/Diguanyl_cyclase, DNA/RNA_pol_sf",NA,"A0A0K0E077","SRAE_0000046800 | WBGene00256212",21.3768,"SPAL_0001126200",18.4783,"SVE_1124000",9.05797,"",NA
"124","SSTP_0000289250",0,0,0,0.356650278051073,0.401214776173496,0.361070433265596,0,0,0,0,0,0,0.0254844128019901,0,0.0164602410268708,0.0469261663526421,0,0.022078744716946,0.0903170350604283,0.0964346492198081,0.116158643089866,0.0465414716309,0,0.0632411167450474,"XLOC_008701 | TCONS_00013788.p1","Ss_chrX.2","Transmembrane protein",NA,NA,"A0A0K0E078","",NA,"",NA,"",NA,"",NA
"125","SSTP_0000289300",0,0,0,0.75212827481307,0.538531506144455,0.451893457821025,0.0440427872628647,0.0275422708238592,0.0369483826345924,0,0,0.018411265197571,0.076053200783923,0.0328348298332656,0,0.0235090567605829,0.116856916549875,0.0436040024791003,0.0903913974767977,0.0486507826132833,0.0922676207743768,0,0,0.0213573537483271,NA,NA,"DUF1016 family protein",NA,NA,"A0A0K0E079","",NA,"SPAL_0001348100",29,"SVE_1228400",48.5,"",NA
"126","SSTP_0000289400",0.0166475377710759,0.0173452787877227,0,0.0852799399959208,0.0366167130149013,0.108961812998925,0,0,0,0,0,0,0.0256722131587926,0,0,0.0707918219247196,0.0471747892995803,0,0.181275336358419,0.0483857078650983,0.0701576195020228,0.0468434027929099,0,0.021148167338588,"XLOC_008702 | TCONS_00013789.p1","Ss_chrX.2","",NA,NA,NA,"",NA,"",NA,"",NA,"",NA
"127","SSTP_0000289500",0,0.103204224385284,0.0721764923020809,0.0171349732317382,0.0186895868759265,0.12616216653487,0.0221307722117127,0.0276841356092401,0.110687988867491,0,0,0.0184885569587984,0,0,0,0.164455094315759,0.093354386846796,0.064957881855372,0.180500366126581,0.12212430745061,0.18358369718032,0,0.0233920524826394,0,"XLOC_008703 | TCONS_00013790.p1","Ss_chrX.2","Integrase catalytic domain-containing protein","Integrase_cat-core, RNaseH-like_sf, RNaseH_sf, Integrase_H2C2","nucleic acid binding, DNA integration","A0A0K0E080","",NA,"SPAL_0001607025",17.4118,"SVE_0597600",53.8824,"",NA
"128","SSTP_0000289600",0.554138390012473,0.326503126738543,0.377214234993399,0.1198218746675,0.0557702234721,0.108671998232388,0.06613292980089,0.110280379958758,0.0370150320161147,0.0335950292791882,0.0164903423558641,0,0.0254015963111239,0.0164493379577887,0.0162557192216894,0.0706593540999873,0.0702423355870381,0.0437101703711462,0,0.243564962056641,0.369935217196241,0.0234267375063387,0.0232976563122498,0.0213776871855325,"XLOC_009342 | TCONS_00013437.p1","Ss_chrX.2","DUF2235 domain-containing protein",NA,NA,"A0A0K0E081","",NA,"SPAL_0001686200",32.9843,"SVE_0894700",26.7016,"",NA
"129","SSTP_0000289633",0,0,0.036304699998313,0,0,0,0,0,0,0,0,0,0,0,0,0,0,0,0,0.0243930802409455,0,0,0,0,NA,NA,"DDE_Tnp_1_7 domain-containing protein",NA,NA,"A0A0K0E082","",NA,"",NA,"",NA,"",NA
"130","SSTP_0000289666",0,0.0171661934233358,0.0359425179311625,0.0171025308317985,0.0744078631230561,0.0180596852460336,0,0,0.036929851028134,0.151054807029542,0.148487057097861,0.129013179990857,0.101295349605596,0.131212799545139,0.2264965289491,0.117517100495516,0.0467136526517402,0,0.090334413898333,0,0.0230268916425264,0.0234143561019982,0,0,"XLOC_009344 | TCONS_00014135.p1","Ss_chrX.2","RT_RNaseH_2 domain-containing protein","RT_RNaseH_2, DNA/RNA_pol_sf",NA,"A0A0K0E083","",NA,"SPAL_0000043100",26.2931,"SVE_0092600",40.5172,"",NA
"131","SSTP_0000289700",0.0167449437680267,0.0171829638501962,0.0717480715619934,0.0684257337029312,0.111208714873149,0.0544327432991473,0,0.0549963945230332,0,0.134309498861328,0.0328987860429584,0.0919842201432352,0.0763930485682347,0.148290276259596,0.17969814923819,0,0.0234464560211241,0.109758871269891,0,0.0729849725008944,0.0463800643458557,0.0234167699852567,0.0464739965418384,0,"XLOC_009345 | TCONS_00014136.p1","Ss_chrX.2","Transposable element Tc3 transposase","RNaseH_sf","nucleic acid binding","A0A0K0E084","",NA,"SPAL_0000523600",56.3291,"",NA,"",NA
"132","SSTP_0000289800",0.0501119326128881,0.120574976011097,0.0179222521243524,0.171181005844056,0.184778838822834,0.127272333201548,0.0439254228013835,0,0.111108272565391,0.0839685544354806,0.114936749354871,0.0550956552080685,0.051110805639854,0.0827536458501696,0.0658375848724271,0,0.0235282704357947,0.0221071095513169,0,0.0486143910227439,0,0,0.0463328502550534,0.042602254946148,"XLOC_009346 | TCONS_00014137.p1","Ss_chrX.2","HTH_7 domain-containing protein","RNaseH_sf","nucleic acid binding","A0A0K0E085","",NA,"",NA,"",NA,"",NA
"133","SSTP_0000290000",0,0,0,0,0,0,0,0,0,0,0,0,0,0,0,0,0,0,0,0,0,0,0,0,NA,NA,"",NA,NA,NA,"",NA,"",NA,"",NA,"",NA
"134","SSTP_0000290200",0.217596533003075,0.166390297440449,0.201985342635037,0.135326141046726,0.149813208921136,0.0988915508225302,0.141231760339135,0.036650391570527,0,0.0143253869046704,0.0635394729014829,0.124451659543396,0.0274292401079529,0.0924292383432038,0.0510611632601758,0.05712992794198,0.0501565817032265,0.067507694948788,0,0.0573763843721722,0.0639746992120986,0.0215175065118794,0.0225950063477783,0.0234704924758104,NA,NA,"",NA,NA,NA,"",NA,"",NA,"",NA,"",NA
"135","SSTP_0000302900",0,0.0343730821677819,0.017868248721674,0.0341389392653038,0.0368103154163449,0.145001262643906,0,0,0,0,0.0490943389844939,0,0.0254912592084472,0,0.0164172092761428,0.0470953395718333,0.0469334749488083,0.0220576088576651,0,0.145391861403438,0.162725689389461,0,0.0692823159218132,0.0212262339302372,"XLOC_008806 | TCONS_00013018.p1","Ss_chrX.2","BPH_3 domain-containing protein",NA,NA,"A0A0K0E0L6","",NA,"",NA,"",NA,"",NA
"136","SSTP_0000303900",0,0,0.0585485663901284,0.0461342894580808,0.0428769935253835,0.0842760390376034,0.0492941094511636,0,0.0737237266468396,0,0,0,0.0505072717257333,0.0255248472582894,0.0911829537208036,0.0683255266905611,0.0651654311867302,0.041649881929576,0.312464865557747,0.166519077800455,0.30202590972466,0,0,0.0214683375013904,"XLOC_008813 | TCONS_00013845.p1","Ss_chrX.2","DDE_Tnp_1_7 domain-containing protein","PGBD",NA,"A0A0K0E0M7","",NA,"",NA,"",NA,"",NA
"137","SSTP_0000322300",0.0168850078883803,0,0.0180327730461425,0.017130721213363,0,0,0,0,0,0.033619368433259,0.0165621558521338,0,0,0,0.0483627277087801,0.0939915710950132,0.0233436077737174,0.0216715552518312,0,0,0,0.0469359276626885,0,0,"XLOC_000490 | TCONS_00000483.p1","Ss_chr1","G_PROTEIN_RECEP_F1_2 domain-containing protein","7TM_GPCR_serpentine_rcpt_Srv","membrane","A0A0K0E160","",NA,"SPAL_0001723400",20.1635,"SVE_0329400",34.6049,"",NA
"138","SSTP_0000322400",0.101334883812753,0.0516057855328623,0.126266633185828,0.239919762568866,0.242852133821956,0.378833545597878,0.0221261639444096,0.0553534940267435,0.0738475329270907,0.0336318187014098,0,0.0184862447626928,0.126494918156957,0.0327790516747412,0.0483918048450089,0.117543400037936,0.070063695859419,0.108423075555273,0,0.0732655015645619,0,0.0469519770866466,0.0467701847097248,0.0429565094640367,"XLOC_000490 | TCONS_00000484.p1","Ss_chr1","G_PROTEIN_RECEP_F1_2 domain-containing protein","7TM_GPCR_serpentine_rcpt_Srv","membrane","A0A0K0E161","SRAE_0000045400 | WBGene00256198",57.423,"SPAL_0001254400",18.4874,"SVE_0328000",43.6975,"",NA
"139","SSTP_0000334600",0.0794610496070002,0.0955104890973192,0.00378402484427467,0,0,0,0.430827088657315,0.242894809171667,0.00998518716169493,0,0,0.069322137822976,0.0655994111984379,0.0358958311263973,0,0.0222389886704987,0.0206531264913564,0.0732721451663856,0,0.115992696833789,0,0.0653181140638925,0.271366066839981,0.0953932439598196,"XLOC_003453 | TCONS_00005123.p1","Ss_chr2","guanylate cyclase","Prot_kinase_dom, Kinase-like_dom_sf, Nucleotide_cyclase","membrane, ATP binding, protein kinase activity, protein phosphorylation, lyase activity, cGMP biosynthetic process","A0A0K0E1H8","",NA,"",NA,"SVE_0651200",15.368,"",NA
"140","SSTP_0000334700",0,0,0,0,0,0,0,0,0,0,0,0,0,0,0,0,0.0481790362082304,0,0,0.0237568608417386,0,0,0,0.0429535667905733,"XLOC_009248 | TCONS_00014070.p1","Ss_chrX.2","HTH psq-type domain-containing protein",NA,NA,"A0A0K0E1H9","",NA,"",NA,"",NA,"",NA
"141","SSTP_0000334800",0,0,0,0,0,0,0,0,0,0,0,0,0,0,0,0.0235115530892206,0.0233709706523196,0,0,0,0,0.0233814257429885,0,0,"XLOC_009249 | TCONS_00013372.p1","Ss_chrX.2","Ankyrin repeat protein",NA,NA,"A0A0K0E1I0","",NA,"",NA,"",NA,"",NA
"142","SSTP_0000353900",0.0344840802572208,0,0.0361145812050527,0,0.0386094702958842,0,0,0.0761322716138283,0,0,0,0,0,0,0.0444540844880135,0,0,0,0,0,0,0.0997287046534794,0.0435914360557687,0.0895993724535049,NA,NA,"",NA,NA,"A0A0K0E219","",NA,"",NA,"",NA,"",NA
"143","SSTP_0000358500",0.592237696690869,0,0,0,0,0,0,0,0.940125886352567,0,0,0.240822114310156,0,0,0,0.348009224693178,0.315673479911831,0,0,0,0,0,0,0,"XLOC_006105 | TCONS_00011559.p1","Ss_chr2","HTH_48 domain-containing protein","Transposase_1, Homeobox-like_sf, WH-like_DNA-bd_sf, RNaseH_sf, Mos1_HTH","nucleic acid binding","A0A0K0E263","SRAE_X000180600 | WBGene00267383",41.2979,"SPAL_0001603900",73.7463,"SVE_0295600",25.3687,"",NA
"144","SSTP_0000363500",0.101332550905672,0.034396067090815,0.0901816703292245,0.12236469353942,0.0186799283239988,0.0721227891968604,0.0663695577833458,0,0.0369073703485062,0.235365155940925,0.144628233698409,0.221798890000052,0.0505736985169591,0.0655278781851235,0.112838535635398,0.117495296476991,0.046689388134162,0.10834965739312,0.541650657764641,0.268596057033547,0.321467737171005,0.0469427804274884,0.0701478364688825,0.0429536154297757,"XLOC_003798 | TCONS_00005519.p1","Ss_chr2","Metalloendopeptidase","EGF-like_dom, Peptidase_M12A, MetalloPept_cat_dom_sf","hydrolase activity, metal ion binding, proteolysis, metalloendopeptidase activity, metallopeptidase activity, peptidase activity","A0A0K0E2B3","SRAE_2000325600 | WBGene00263477",47.6064,"SPAL_0000800720",42.8191,"SVE_1220700",41.2234,"",NA
"145","SSTP_0000364850",0,0.0171748617645964,0,0.171098924585757,0.149072864871222,0.162335875131867,0.132475167243281,0.0552305741428099,0.0369042235236272,0,0,0,0,0,0,0.0234954506396633,0.0466838377952799,0.0217044078847694,0.0902742450775794,0.0487500783375797,0.0229854955627514,0,0,0,"XLOC_003803 | TCONS_00010545.p1","Ss_chr2","Serpentine receptor class gamma","7TM_GPCR_serpentine_rcpt_Srv","membrane","A0A0K0E2C7","SRAE_2000471000 | WBGene00264948",62.8975,"SPAL_0001518500",48.7633,"SVE_0341800",47.3498,"",NA
"146","SSTP_0000364900",0,0.0172177663262758,0.0180484935618052,0.54891641571433,0.35510860137292,0.343310507658892,0.0442827462291793,0.249249696855718,0.295815098538525,0,0,0,0,0,0,0,0,0,0,0,0,0,0,0,"XLOC_003803 | TCONS_00005526.p1","Ss_chr2","G_PROTEIN_RECEP_F1_2 domain-containing protein","GPCR_Rhodpsn_7TM, 7TM_GPCR_serpentine_rcpt_Srv","membrane","A0A0K0E2C8","",NA,"",NA,"",NA,"",NA
"147","SSTP_0000365700",0,0.0174011618971422,0.035941167476864,0.034166055022818,0.0182911334402556,0.018185078869429,0.0655710826539034,0,0,0.0334803579017313,0,0,0,0,0,0.118195539640129,0,0.133942668860084,0,0,0.0234544865970593,0.211329560131478,0.276896012954566,0.190598683899019,"XLOC_003809 | TCONS_00005532.p1","Ss_chr2","",NA,NA,"A0A0K0E2D7","",NA,"",NA,"",NA,"",NA
"148","SSTP_0000378200",0,0,0.352222182939631,0,0,0,0,0,0,0,0,0,0,0,0,0,0,0,0,0,0,0,0,0,"XLOC_006167 | TCONS_00011595.p1","Ss_chr2","HTH_48 domain-containing protein","Transposase_1, Homeobox-like_sf, WH-like_DNA-bd_sf, RNaseH_sf, Mos1_HTH","nucleic acid binding","A0A0K0E2R3","SRAE_X000180600 | WBGene00267383",41.2979,"SPAL_0001603900",72.8614,"SVE_0295600",25.3687,"",NA
"149","SSTP_0000379800",0.0506553465202676,0.137573032814574,0.0360666494364222,0.205581620727818,0.186762846598135,0.216390961332514,0,0,0.0369097763680405,0.0504423666200465,0.0331466821419824,0.0184935138166582,0.0506326219260151,0.09836084251406,0.0322649797590833,0.0705002597779067,0,0.151723488124664,0.180560948081843,0.146489852886536,0.18372597029238,0.0469381294130857,0.0701366669129574,0.0214727908982589,"XLOC_006176 | TCONS_00008207.p1","Ss_chr2","","DUF1647",NA,"A0A0K0E2S9","SRAE_0000008900 | WBGene00255826",84.573,"SPAL_0000721400",71.9008,"SVE_1076800",70.5234,"C16D9.5 | WBGene00015860",20.9366
"150","SSTP_0000380500",0,0,0.0178998188064227,0,0,0,0.167972522078889,0.214197018861672,0.353021312742506,0,0.0491970911296586,0.0258735185044019,0.0624268794750641,0,0.0051080931060479,0.201094881601704,0.0806171235465204,0.0624210531908261,0,0.0109741003728009,0.0149892974380768,0.0467809463162787,0.0605994137138826,0.021274464810282,"XLOC_006177 | TCONS_00011598.p1","Ss_chr2","Hemagglutinin",NA,NA,"A0A0K0E2T6","",NA,"",NA,"",NA,"",NA
"151","SSTP_0000380600",0.0165888003437897,0,0,0.01900509308503,0.0992225118561222,0.144866618626168,0.418204182838784,0.521783957364499,0.148612461306271,0,0,0,0,0.0165348863243507,0.0166007317894016,0,0.0235378353756559,0.0246790174098673,0.107194824789356,0.136028523097441,0.122092527678509,0,0,0,"XLOC_003869 | TCONS_00005602.p1","Ss_chr2","LAGLIDADG_2 domain-containing protein",NA,NA,"A0A0K0E2T7","SRAE_X000212400 | WBGene00267702",37.3737,"SPAL_0001160200",43.4343,"SVE_1630800",31.3131,"",NA
"152","SSTP_0000386400",0.0808650920398507,0.0820662526931442,0.0862482209805493,0.34279354922825,0.156460861708449,0.192848914683003,0.132215444479619,0,0,0.0802185614922339,0.158528939026189,0.176635299097065,0.0300489327438379,0,0.0190999561934625,0.279628779583498,0.0555460574539869,0.128375001169412,0.0901864938584434,0.0291633886243782,0.0817397752371159,0,0.0234149220608828,0,"XLOC_003893 | TCONS_00005632.p1","Ss_chr2","BPI2 domain-containing protein","MLT-10-like","membrane","A0A0K0E2Z5","SRAE_0000027500 | WBGene00256017",68.0556,"SPAL_0001560000",51.5432,"SVE_0372800",51.3889,"",NA
"153","SSTP_0000386500",0.020433930486308,0.00396253821699822,0.0578215702508804,0,0.0858863241737831,0.0233933789347231,0.110526906897205,0.0274727678494252,0.0370320402980132,0.071005849767391,0.0566453184874007,0.0634891306498888,0.0461269039518504,0.0494304603324874,0.0786961862370382,0.025726590073055,0.0613935862519873,0.00130728049622653,0,0.0682498523229558,0.0100375573101309,0.0234101812833949,0,0.0639238446757051,NA,NA,"Flagellar basal body rod modification protein",NA,NA,"A0A0K0E2Z6","",NA,"",NA,"",NA,"",NA
"154","SSTP_0000391300",0.0337703425635526,0.0516061047410311,0.0180352606834541,0.291338615636802,0.261480736078714,0.360912980295741,0.132743055671682,0.249060451915458,0.295470489088505,0.0336328105647084,0.0662543730053372,0.0554550530907187,0.0506138414906198,0,0.0322786359531033,0.0470280350513885,0.070080637244758,0.043393083725029,0,0.024420130547147,0.0459716048571952,0.0234754449569783,0.0701458529876045,0.042948674093291,"XLOC_006212 | TCONS_00008254.p1","Ss_chr2","G_PROTEIN_RECEP_F1_2 domain-containing protein",NA,"membrane","A0A0K0E342","SRAE_2000045000 | WBGene00260644",51.0386,"SPAL_0000705000",14.2433,"",NA,"",NA
"155","SSTP_0000404800",0.0669458305325091,0.0177461605724745,0.0182025397568978,0.441466648028211,0.346080229402922,0.505280533508144,0.04344234944622,0.0538413294183,0,0.0336437481964473,0.0493623476100993,0.0358563507388549,0,0,0.0341130352723572,0.0239149832071284,0.0475956869625517,0,0,0,0,0.0236739085611942,0,0,NA,NA,"",NA,"membrane","A0A0K0E3H6","",NA,"",NA,"",NA,"",NA
"156","SSTP_0000414550",0.0510678784884217,0.0186018384089685,0.0367343889812048,0.0316180853847775,0.0179179087491923,0.0169996148045347,0.0411814510664007,0,0.0339896647261423,0,0.0335402319431533,0.0693938413647919,0,0.0174932695499191,0.017230054107171,0.0246697546241847,0.0497540239707336,0.0462474767347433,0,0,0.0445771969315308,0.0494796714741515,0.0226982583027503,0,NA,NA,"",NA,"membrane","A0A0K0E3S5","",NA,"",NA,"",NA,"",NA
"157","SSTP_0000421012",0,0,0,0,0,0,0,0,0,0,0,0,0,0,0.0712127044711699,0,0,0.0551030970622574,0,0,0,0.00061388555970747,0,0,"XLOC_008084 | TCONS_00012436.p1","Ss_chrX.2","",NA,NA,"A0A0K0E3Z0","",NA,"",NA,"",NA,"",NA
"158","SSTP_0000421300",0.0590696907062541,0.146611237505829,0.0174599711331163,0.137136375160864,0.0553737655310182,0.107910388082769,0,0,0.0370840278122364,0.0619586783453931,0.0276113342007414,0.0367390832907584,0,0,0.0284876354592615,0,0,0,0.0911892089069668,0,0,0,0,0.0144769811879415,"XLOC_008436 | TCONS_00013637.p1","Ss_chrX.2","BESS domain-containing protein",NA,NA,"A0A0K0E3Z5","",NA,"SPAL_0000001500",47.5,"SVE_0686800",34.1667,"",NA
"159","SSTP_0000421400",0,0,0,0,0,0,0,0,0,0,0,0,0,0,0,0,0,0,0,0,0,0,0,0,NA,NA,"",NA,NA,"A0A0K0E3Z6","",NA,"SPAL_0000817400",59.8291,"",NA,"",NA
"160","SSTP_0000425300",0.033734754033445,0,0.0360344314056368,0.0171222412315688,0,0,0,0.0552921869451836,0,0.03360286086911,0,0,0.0505775323003543,0.0163822692346508,0.0161283514285771,0.0939838184183465,0.0466849428372993,0.0433681954722624,0,0.0243969190752386,0,0.023453748506048,0,0,"XLOC_003631 | TCONS_00005308.p1","Ss_chr2","Serpentine receptor class gamma","7TM_GPCR_serpentine_rcpt_Srg","membrane, transmembrane signaling receptor activity, sensory perception of chemical stimulus","A0A0K0E434","",NA,"",NA,"",NA,"",NA
"161","SSTP_0000425600",0.0337784209632005,0,0.0360788675268046,0,0.0934081856783033,0.0180489652256918,0.420449097161631,0.11071855727689,0.184703265727376,0.100919687767582,0.0662699526518137,0.129423450219155,0.0506230504999159,0.0327945540528547,0.0645675485262692,0,0.0700938952468093,0,0,0,0,0,0.0233873694386181,0,"XLOC_005978 | TCONS_00007970.p1","Ss_chr2","Serpentine Receptor, class T","7TM_GPCR_serpentine_rcpt_Srt","membrane","A0A0K0E437","SRAE_2000446800 | WBGene00264700",55.4572,"SPAL_0000597600",28.3186,"SVE_0350500",61.3569,"srt-23 | WBGene00021947",30.9735
"162","SSTP_0000437900",0,0,0,0,0,0,0.105798199862242,0,0,0.300276333472843,0,0.144769284821515,0,0.223001953851974,0.0935882786836522,0,0,0,0,0,0,0,0,0,NA,NA,"Protein-tyrosine phosphatase","PTP_cat, Tyr_Pase_dom, Tyr_Pase_cat, Tyr_Pase_AS, Prot-tyrosine_phosphatase-like","protein tyrosine phosphatase activity, phosphatase activity, protein dephosphorylation, dephosphorylation","A0A0K0E4G0","SRAE_2000143200 | WBGene00261637",25.7143,"",NA,"",NA,"",NA
"163","SSTP_0000440600",0.0168551838117598,0.0172246434248071,0.0540691992079252,0,0.0186520291466329,0,0,0.027660361099631,0,0.0168394138518717,0.0165443744755752,0,0,0,0,0.0235975041666997,0.0234506803671809,0.0874386082780822,0.0906962219582885,0.0244286216296101,0,0.0469776727830274,0.0233709006970809,0.042903362537911,"XLOC_008553 | TCONS_00012830.p1","Ss_chrX.2","Sporozoite surface protein 2-like",NA,NA,"A0A0K0E4I6","",NA,"",NA,"",NA,"",NA
"164","SSTP_0000441100",0,0,0,0,0,0,0,0,0,0,0,0,0,0,0,0,0,0,0,0,0,0,0,0,"XLOC_001257 | TCONS_00001360.p1","Ss_chr1","KASH domain-containing protein",NA,NA,"A0A0K0E4J1","",NA,"SPAL_0001120600",54.2169,"SVE_1481100",67.2691,"",NA
"165","SSTP_0000441200",0,0,0,0,0,0,0,0,0,0,0,0,0,0,0,0.0520612166737281,0,0,0,0,0,0,0,0.0194424544240828,"XLOC_009275 | TCONS_00013393.p1","Ss_chrX.2","",NA,NA,"A0A0K0E4J2","SRAE_0000066900 | WBGene00256418",70.5882,"",NA,"SVE_0614300",61.7647,"",NA
"166","SSTP_0000450500",0,0,0.0360505791006941,0,0.0186682678446631,0,0,0,0,0.0672095657915424,0.0165552738022227,0.0184724038622553,0.0252748323774055,0.0163740332236797,0.016113204497555,0.070461937908954,0,0.064983358981436,0,0,0,0,0,0,"XLOC_009415 | TCONS_00014206.p1","Ss_chrX.3","TGFbeta ligand","TGF-b_C, Cystine-knot_cytokine","signal transduction, growth factor activity","A0A0K0E4T5","SRAE_X000075600 | WBGene00266317",65.0406,"SPAL_0000197400",24.3902,"SVE_0043600",46.6125,"",NA
"167","SSTP_0000451300",0,0,0,0.256287763273042,0.148684078940713,0.162358760184707,0.264380954411781,0.468454489851853,0.405794487337619,0,0,0,0.0252961122424061,0.016383757777242,0,0,0,0.0434578041110792,0,0,0.0230006077396199,0,0,0,"XLOC_009967 | TCONS_00014746.p1","Ss_chrX.3","Serpentine receptor class gamma","7TM_GPCR_serpentine_rcpt_Srv","membrane","A0A0K0E4U3","SRAE_X000074800 | WBGene00266309",45.5319,"",NA,"",NA,"",NA
"168","SSTP_0000452800",0.033194806632641,0.102796833485807,0.0356137921548169,0,0,0,0,0,0,0,0,0,0,0,0.0163681937368132,0.0234731045069026,0,0.0220004219926168,0,0,0,0,0,0,NA,NA,"",NA,NA,"A0A0K0E4V9","",NA,"",NA,"SVE_1120700",49.2063,"",NA
"169","SSTP_0000453000",0.0335973381425551,0.0171835386564391,0.0539051649815496,0.0513561163552639,0.0557833612463472,0.0362108159964324,0,0,0,0,0,0,0,0.0164440527506064,0,0.0470918370133153,0.0468145889166993,0.109198753358643,0.452678703290548,0.34101318458073,0.32349090078096,0.0234271317809497,0.0233022883344274,0.0213823495372707,"XLOC_011356 | TCONS_00016701.p1","Ss_chrX.6","ULP_PROTEASE domain-containing protein","Peptidase_C48_C, Papain-like_cys_pep_sf","proteolysis, cysteine-type peptidase activity","A0A0K0E4W1","",NA,"",NA,"SVE_1746800",0,"",NA
"170","SSTP_0000453100",0.0338546952625476,0.0688419051637068,0.0180676842157295,0.0514292627592391,0.149743750739541,0.180060864201693,0,0.0554334360434335,0.0368716932691501,0,0.0165981821798452,0,0,0.130913506929608,0,0.211345329471093,0.303240276823788,0.475429549674199,0.180394479265847,0.293367289512857,0.206228321287509,0.0939718940967093,0.0468415194092643,0.0860739558483185,"XLOC_011018 | TCONS_00016415.p1","Ss_chrX.6","DEAD/DEAH box helicase","Helicase_C, DEAD/DEAH_box_helicase_dom, Ski2/MTR4_C, Helicase_ATP-bd, P-loop_NTPase","nucleic acid binding, nucleotide binding, ATP binding","A0A0K0E4W2","",NA,"",NA,"",NA,"",NA
"171","SSTP_0000454500",0,0,0.0182615493612732,0.270460107642722,0.217758191895377,0.287221116572417,0,0,0,0,0,0,0,0,0,0.0719733382420677,0.0238463671237648,0,0,0.096569140308291,0.0464238742940853,0,0,0.0427738663777738,NA,NA,"Reverse transcriptase domain-containing protein","RT_dom, Rev_trsase/Diguanyl_cyclase, DNA/RNA_pol_sf",NA,"A0A0K0E4X6","",NA,"SPAL_0000575400",53.7313,"SVE_1850900",0,"",NA
"172","SSTP_0000454600",0,0.0172061283071649,0.0360951147058536,0.171406556563825,0.112154468370852,0.306570081463015,0.0664078073690193,0,0,0.0168193388778218,0.0165765911996682,0,0,0,0,0.0705155104511453,0.0700513062722226,0.108344533543086,0.180592160112157,0.122155823244133,0.275558710672635,0.046966200129505,0.0233968453430933,0.0214908890162693,"XLOC_009084 | TCONS_00013983.p1","Ss_chrX.2","Reverse transcriptase domain-containing protein","Rev_trsase/Diguanyl_cyclase, DNA/RNA_pol_sf",NA,"A0A0K0E4X7","",NA,"",NA,"SVE_0833600",13.9651,"",NA
"173","SSTP_0000454800",0.285667594798983,0.188823097347728,0.305401584724936,0.10261143910483,0.0929687752444212,0.0903335553570718,0,0,0,0,0,0,0,0.0164092463405483,0.0323855217861392,0.0940449354839877,0.093457815672307,0.0653209501937617,0.180740678575279,0.0486945830332834,0.0921758383126516,0.0234097928731659,0.0232960008903192,0,"XLOC_009088 | TCONS_00013253.p1","Ss_chrX.2","",NA,NA,"A0A0K0E4X9","",NA,"",NA,"",NA,"",NA
"174","SSTP_0000454900",0.0166820528356053,0,0,0.290691912814963,0.239317469910948,0.272801515854671,0.328917640750133,0.328594769049602,0.14797716489265,0,0,0.0183223084969524,0,0.0165641487035015,0.0165279073248513,0,0,0.0221902140389596,0.0909249839725194,0.0485559069051344,0,0.023420377309571,0.0231394753626946,0,"XLOC_008436 | TCONS_00012752.p1","Ss_chrX.2","Transposase_31 domain-containing protein",NA,NA,"A0A0K0E4Y0","",NA,"SPAL_0000817400",59.8291,"",NA,"",NA
"175","SSTP_0000455100",0,0,0,0,0,0,0,0,0,0,0,0,0,0,0,0,0,0,0,0,0,0,0,0,NA,NA,"",NA,NA,NA,"",NA,"",NA,"",NA,"",NA
"176","SSTP_0000455500",0,0,0,0,0,0,0,0,0,0,0,0,0,0,0,0,0,0,0,0,0,0,0,0,NA,NA,"HTH LytTR-type domain-containing protein",NA,NA,"A0A0K0E4Y6","",NA,"SPAL_0000959800",61.8557,"",NA,"",NA
"177","SSTP_0000455525",0,0,0,0,0,0,0,0,0,0,0,0,0,0,0,0,0,0,0,0,0,0,0,0,"XLOC_009200 | TCONS_00013337.p1","Ss_chrX.2","",NA,NA,"A0A0K0E4Y7","SRAE_0000047700 | WBGene00256221",46.3768,"",NA,"",NA,"",NA
"178","SSTP_0000455600",0,0,0,0,0,0,0,0,0,0,0,0,0,0,0,0,0,0,0,0,0,0,0,0,NA,NA,"DNA-directed RNA polymerase",NA,NA,"A0A0K0E4Y8","",NA,"",NA,"",NA,"",NA
"179","SSTP_0000455800",0.0333659736826675,0.0172474216929674,0.0537231116205701,0.0513086147585225,0.0184149106476471,0.0181758542422956,0,0,0,0,0.0163993983469555,0,0,0.033110208641697,0,0.189029105606385,0.117626415251003,0.19942917841791,0.0909722246903976,0.218423098100642,0.186708490751794,0.117074527144738,0.023141074030746,0.0212653837584399,"XLOC_008579 | TCONS_00012851.p1","Ss_chrX.2","Integrase_H2C2 domain-containing protein","Integrase_H2C2",NA,"A0A0K0E4Z0","",NA,"",NA,"",NA,"",NA
"180","SSTP_0000455900",0.0499843140337572,0.0347194422381473,0.107609968939412,0.0512106878524968,0,0.0181754582328579,0,0,0,0,0,0,0,0,0,0.0708509311660273,0.0708212684437767,0.0668126546189561,0.181426696322164,0.145278529979592,0,0.07032362753967,0.0230849923706032,0.105829282058489,"XLOC_008579 | TCONS_00012852.p1","Ss_chrX.2","ILEI domain-containing protein",NA,NA,"A0A0K0E4Z1","",NA,"",NA,"",NA,"",NA
"181","SSTP_0000456000",0,0,0,0,0,0,0,0,0,0,0,0,0,0,0,0,0,0.0219966891617415,0,0.118835507132567,0.0691381132541319,0,0,0,NA,NA,"Reverse transcriptase domain-containing protein",NA,NA,"A0A0K0E4Z2","",NA,"",NA,"",NA,"",NA
"182","SSTP_0000456200",0,0.0171622672693057,0.017919461443343,0.0341786403490743,0.0185195197182762,0,0,0,0,0.0503130508131966,0,0,0.025427825176604,0.0164584624407666,0,0.188492315677808,0.0234191010640663,0.065759136456101,0,0.0243019252547908,0.0926372078183509,0.0935625065348377,0,0.0213095633363389,"XLOC_008579 | TCONS_00012853.p1","Ss_chrX.2","Integrase catalytic domain-containing protein","Integrase_cat-core, RNaseH-like_sf, RNaseH_sf","nucleic acid binding, DNA integration","A0A0K0E4Z4","",NA,"",NA,"SVE_0391900",37.5,"",NA
"183","SSTP_0000456300",0,0,0,0,0,0,0,0,0,0,0,0,0,0,0,0,0,0,0,0,0,0,0,0,"XLOC_011365 | TCONS_00017181.p1","Ss_chrX.6","HTH_48 domain-containing protein","Transposase_1, Homeobox-like_sf, WH-like_DNA-bd_sf, RNaseH_sf, Mos1_HTH","nucleic acid binding","A0A0K0DTA4","SRAE_X000180600 | WBGene00267383",41.5929,"SPAL_0001603900",74.0413,"SVE_0295600",25.6637,"",NA
"184","SSTP_0000458700",0.12124588954629,0.125159354582761,0.281918385186624,0,0.0371068097994021,0,0,0,0,0.0272183446755982,0,0,0,0,0,0,0,0,0,0.262355441082045,0.0762321366930043,0,0,0,NA,NA,"Chromo domain-containing protein","Chromo/chromo_shadow_dom, Chromo-like_dom_sf, Chromo_domain",NA,"A0A0K0E503","",NA,"",NA,"",NA,"",NA
"185","SSTP_0000465500",0,0,0.020138136647675,0.0178866201806475,0,0,0,0,0,0,0,0,0,0,0,0,0,0.0185854671201534,0.0902078716180057,0,0,0,0,0,NA,NA,"",NA,NA,"A0A0K0E571","",NA,"",NA,"",NA,"",NA
"186","SSTP_0000465700",0.117589607073738,0,0.0179697376831808,0.0171230963266257,0.055787830551012,0.0724560717152257,0.022050561227811,0.0275780990298838,0.0370204451041275,0.0672058082650637,0.0659819127043232,0.0922030079837448,0,0.0493543478473962,0.032512564395768,0.117784664729975,0.117088677426062,0.262269650601403,0.090572566464795,0.341082008050057,0.184980576625216,0.0702979840922772,0.0233044604781271,0.0641530229449603,"XLOC_010542 | TCONS_00015779.p1","Ss_chrX.4","Rab-GAP TBC domain-containing protein",NA,NA,"A0A0K0E574","",NA,"",NA,"SVE_1889100",25.3886,"",NA
"187","SSTP_0000465800",0,0,0,0.0170833905434646,0.0184644730478778,0.0181435610930164,0,0,0,0.0167630566371174,0,0,0,0,0,0.0471783870796991,0.0234466304100817,0,0,0.097050472024319,0.116121075589837,0.0233758696974389,0,0,"XLOC_010542 | TCONS_00015778.p1","Ss_chrX.4","PAPS_reduct domain-containing protein",NA,NA,"A0A0K0E575","",NA,"",NA,"SVE_1305000",28.2609,"",NA
"188","SSTP_0000465900",0.0166463003847664,0,0,0,0,0,0,0,0.0369148618394701,0,0,0,0,0,0,0,0,0,0.0907301164072658,0.0242259485237593,0.0699025651488997,0,0,0,"XLOC_010541 | TCONS_00015777.p1","Ss_chrX.4","Exported protein",NA,NA,"A0A0K0E576","",NA,"",NA,"",NA,"",NA
"189","SSTP_0000466000",0.0168631752634073,0.0171929185373923,0,0.0171283103771705,0.018655136505585,0,0.0442066990026902,0.0276456855020761,0,0.0168086485721311,0,0,0,0.016400230594586,0,0.0470361144375269,0.14018516616331,0.0217223933236047,0.0903599793047868,0.122006411168815,0.138033778190751,0.0234593491328982,0,0,"XLOC_010669 | TCONS_00015912.p1","Ss_chrX.4","",NA,NA,NA,"",NA,"",NA,"",NA,"",NA
"190","SSTP_0000466300",0,0.0515415647837186,0.036426690589328,0,0.0372532582627891,0.0180623678494283,0,0,0.036943070837084,0.0167979566088491,0.0165192319868649,0.0553471957814502,0,0,0,0.0705449810985708,0.0233661060124505,0.0434980372470661,0.090372755835553,0.0975018513882973,0.0690745836025612,0.0234370538684739,0,0,"XLOC_010676 | TCONS_00015914.p1","Ss_chrX.4","Metalloendopeptidase","Peptidase_M12A, MetalloPept_cat_dom_sf","hydrolase activity, metal ion binding, proteolysis, metalloendopeptidase activity, zinc ion binding, metallopeptidase activity, peptidase activity","A0A0K0E579","",NA,"",NA,"SVE_1329800",20.0803,"hch-1 | WBGene00001828",26.1044
"191","SSTP_0000468000",0,0,0.0180349608601969,0.154175195427221,0.0373573973507221,0.0721056703467079,0.0663632095961847,0.0553421728913005,0,0.033618963948608,0.0165644903484212,0,0.0252809407830083,0,0.0322298452299161,0.0939772895654485,0.0233398366260925,0.0649899055064498,0.0902560255677111,0.0244152263595894,0.137734421376884,0.0469369280244909,0,0.0214752830083993,"XLOC_010476 | TCONS_00015246.p1","Ss_chrX.3","CCHC-type domain-containing protein","Peptidase_aspartic_dom_sf",NA,"A0A0K0E594","SRAE_X000236900 | WBGene00267954",33.3333,"SPAL_0000451300",18.75,"",NA,"",NA
"192","SSTP_0000468100",0.0166922680375421,0,0,0,0,0,0,0,0,0,0,0,0,0,0,0,0.0238127888871105,0,0,0.0486619701877695,0,0,0,0,NA,NA,"RNase H domain-containing protein","RNaseH_domain, RNaseH-like_sf, RNaseH_sf","nucleic acid binding, RNA phosphodiester bond hydrolysis, endonucleolytic, RNA-DNA hybrid ribonuclease activity","A0A0K0E595","",NA,"",NA,"",NA,"",NA
"193","SSTP_0000468200",0,0.0176487187980541,0,0.0168222095111171,0.0180509019046745,0.0178264742255419,0,0,0,0.0333761892875754,0,0.0177662834517889,0,0,0.0169203497770262,0.0476147881436022,0.0943961089558447,0.0225019124485591,0,0.0718032952621788,0.0693618668978942,0.0235471847833837,0.0229246535073025,0,"XLOC_010476 | TCONS_00015723.p1","Ss_chrX.3","Dethiobiotin synthase",NA,NA,"A0A0K0E596","",NA,"",NA,"",NA,"",NA
"194","SSTP_0000468250",0,0.0171481188919417,0.0358109970418646,0,0.037033941341661,0.0361814880582787,0.0219582722222311,0,0.0369579801252375,0.0167509072292544,0,0,0,0.0164327301381583,0.0162676403958174,0.141154616807447,0.0935228637956296,0.0437330976199506,0.0904303038078759,0.072856740115531,0.161817286876939,0.0233702131894577,0,0.063908669252385,NA,NA,"Transposable element Tc3 transposase","RNaseH_sf","nucleic acid binding","A0A0K0E597","",NA,"",NA,"",NA,"",NA
"195","SSTP_0000468350",0.0497033326333393,0.105135914083842,0.0359486494923875,0.0169384610762282,0.0181254482353742,0,0.0865922073550057,0,0,0.200246605411778,0.180035924059578,0.10789495959959,0.129902759666293,0.183347522719437,0.0839189227380667,0.141836387502926,0.0708044019344536,0.157066497440382,0,0.0481384949158532,0.0932194762558251,0,0,0.08454700110308,"XLOC_010474 | TCONS_00015721.p1","Ss_chrX.3","",NA,NA,"A0A0K0E599","",NA,"",NA,"",NA,"",NA
"196","SSTP_0000468400",0.0335173697225014,0.0858832171156814,0.0358705657857407,0,0.0185477460526055,0,0.0659842495781544,0,0.0740387032431256,0.13423036625421,0.0823053236576527,0.0920415088187541,0.025428081745556,0.049380141213367,0.0488840488160836,0.0471297873164518,0.117098039546699,0.153320454517047,0.0905807274221604,0.0486518566733908,0.046310402544523,0.117045088931408,0,0.0640149762380773,"XLOC_010474 | TCONS_00015245.p1","Ss_chrX.3","",NA,NA,"A0A0K0E5A0","",NA,"",NA,"",NA,"",NA
"197","SSTP_0000468500",0.0168079450702032,0.0343542403414042,0.0179728289728781,0.0342247469007448,0.037199701485012,0.0361649215161671,0.0220534668441244,0,0,0.100758026469577,0.0659925982025567,0.0553067375225303,0.101444442391011,0.04927872263109,0.0486440608769204,0.047061730386755,0.11693395067898,0.174410593016419,0,0.0730825340556293,0.0230713713308427,0.046847695189792,0,0,"XLOC_010474 | TCONS_00015245.p1","Ss_chrX.3","",NA,NA,"A0A0K0E5A1","SRAE_0000072900 | WBGene00256486",31.1321,"",NA,"",NA,"",NA
"198","SSTP_0000473000",0,0,0.0714556069465908,0.204802772517078,0.110473954400234,0.0906095387630025,0.197050134510624,0.0546926411874779,0.147700960686081,0.0167459803055468,0.016367270380041,0.0915341697768846,0.0509793177160147,0.0660045883186533,0.0492344369200418,0.164855759418415,0.0703818080274246,0.0220477953240795,0.181285518222018,0,0.0464838564083628,0,0,0.0212261356748711,"XLOC_010452 | TCONS_00015224.p1","Ss_chrX.3","Rhomboid domain-containing protein",NA,"membrane","A0A0K0E5E4","SRAE_X000004700 | WBGene00265601",64.8438,"",NA,"SVE_0118200",46.875,"",NA
"199","SSTP_0000473250",0,0,0,0.10189058923036,0.0363779276942761,0.0362071816219777,0,0.108157477450295,0.036426772163059,0,0,0,0.0257866003562831,0,0,0.07091491120044,0.023635557119172,0.022383452851952,0,0.12062992195363,0.0935596786193724,0,0.0229754550027737,0,"XLOC_009898 | TCONS_00015498.p1","Ss_chrX.3","Transposase",NA,NA,"A0A0K0E5E7","",NA,"",NA,"",NA,"",NA
"200","SSTP_0000475200",0.117314254541298,0.137417497641006,0.0717431628833036,0.051316795976397,0,0.0181213974388962,0.0219954788686187,0.165084961984136,0.444247021496491,0.0335585807719639,0.016461524302892,0.018408871558357,0.025428868824343,0.0164605741676542,0.0162952046931192,0.235655958993629,0.0936813312782795,0.175228800303328,0.0905835311794309,0.194613352736722,0.0926237682981392,0.280917467586709,0.302334680986965,0.0853556969777861,"XLOC_009893 | TCONS_00014664.p1","Ss_chrX.3","",NA,NA,"A0A0K0E5G7","SRAE_X000006900 | WBGene00265623",62.1302,"",NA,"",NA,"",NA
"201","SSTP_0000476900",0,0,0.113238495758129,0.109156540418131,0.115681708136085,0.112750860457271,0,0,0.474718478472796,0.434204208206588,0.107957924179177,0.119705282505587,0,0,0,0.272800863096319,0,0.124557761434816,0,0,0,0,0,0,"XLOC_005742 | TCONS_00011387.p1","Ss_chr2","HTH_48 domain-containing protein","Transposase_1, WH-like_DNA-bd_sf, RNaseH_sf, Mos1_HTH","nucleic acid binding","A0A0K0E5I4","SRAE_X000180600 | WBGene00267383",42.638,"SPAL_0001603900",73.9264,"SVE_0295600",26.6871,"",NA
"202","SSTP_0000479750",0,0,0,0,0,0,0,0,0,0,0,0,0,0,0,0,0,0,0,0,0,0,0,0,NA,NA,"",NA,"membrane","A0A0K0E5L1","",NA,"",NA,"",NA,"",NA
"203","SSTP_0000480400",0,0,0,0,0,0,0,0,0,0,0,0,0,0,0,0,0,0,0,0,0,0,0,0,"XLOC_007922 | TCONS_00012315.p1","Ss_chr2","",NA,NA,"A0A0K0E5L7","",NA,"",NA,"",NA,"",NA
"204","SSTP_0000482800",0,0,0,0,0,0,0,0,0,0,0,0,0,0,0,0,0,0,0,0,0,0,0,0,NA,NA,"",NA,NA,NA,"",NA,"",NA,"",NA,"",NA
"205","SSTP_0000483000",0,0,0.0179820942851509,0,0,0,0,0,0,0.0167918482192843,0.0165214170720916,0,0.0253075471501033,0.0491859151686565,0,0.0470808687888144,0.0233787329662678,0.0217288014212028,0,0,0,0.0234225898070936,0,0,"XLOC_010950 | TCONS_00016948.p1","Ss_chrX.6","Carbohydrate sulfotransferase","Sulfotransferase, Chst-1","membrane, sulfotransferase activity, chondroitin 4-sulfotransferase activity, chondroitin sulfate biosynthetic process, positive regulation of response to oxidative stress","A0A0K0E5P4","",NA,"SPAL_0001242500",24.1107,"SVE_0327400",15.0198,"",NA
"206","SSTP_0000487300",0.101368680735434,0.0688056185266806,0.0360835037358161,0.017136016643217,0.0373722572467313,0,0,0,0,0.11770373007128,0.099426063272656,0.0739510825377323,0.0758597206223214,0.196585461304214,0.0805859423511912,0.0940007646219034,0.140073221251515,0.0216662848757953,0.180555860501491,0.21981466141505,0.183677480028449,0.211288088060973,0.0233893633419993,0.0859348463403023,"XLOC_008368 | TCONS_00012703.p1","Ss_chrX.2","Gustatory receptor",NA,"membrane","A0A0K0E5T9","SRAE_2000462500 | WBGene00264857",30.5344,"SPAL_0000686400",44.5293,"SVE_1328300",43.5115,"",NA
"207","SSTP_0000488000",0,0,0,0.0170330538899477,0,0,0,0,0,0,0,0,0,0,0,0,0,0.0865479423758668,0,0,0.0687227275955817,0,0,0,"XLOC_008666 | TCONS_00013759.p1","Ss_chrX.2","DDE_3 domain-containing protein","Homeobox-like_sf, Arg_repress_DNA-bd, WH-like_DNA-bd_sf, RNaseH_sf, Tc1-like_DDE_dom","nucleic acid binding, DNA-binding transcription factor activity, regulation of transcription, DNA-templated, arginine metabolic process","A0A0K0E5U7","",NA,"",NA,"",NA,"",NA
"208","SSTP_0000490500",0,0.0176491206562177,0.0362071001287697,0.0848248522665632,0.09100038456203,0.108439432469477,0.326027392579866,0.269498098269735,0.326565848463594,0.235474860057134,0.328377080950527,0.161824127566768,0.235819646471959,0.268362970778848,0.219700559785012,0.0714694764068699,0.023738580969913,0,0,0.0241495727881686,0,0,0.0460727676943892,0,"XLOC_008897 | TCONS_00013885.p1","Ss_chrX.2","Ig-like domain-containing protein",NA,NA,"A0A0K0E5X0","",NA,"",NA,"",NA,"",NA
"209","SSTP_0000491950",0.016736133915027,0,0.0179357135482022,0.0684535539491035,0.0370441016727412,0.0544768493628095,0.0439587677856498,0.0274840800343816,0.0740943999223185,0.0839608758134385,0.0822129205167489,0.055186015734247,0,0,0.0327225140065053,0.0235980893178665,0.0469125730727346,0.0439861358256513,0,0.0729770989989312,0.0696378212559593,0.0234198206579927,0,0,"XLOC_008907 | TCONS_00013889.p1","Ss_chrX.2","Winged helix-turn-helix domain-containing protein","Homeobox-like_sf, WH-like_DNA-bd_sf","membrane","A0A0K0E5Y5","",NA,"SPAL_0001779100",26.4901,"",NA,"",NA
"210","SSTP_0000492000",0.184192657923871,0.0859750940332728,0.143532192167697,0.0513488534966902,0.0370715789631255,0,0.0219921133014779,0,0.0370644605500429,0,0,0.0184023865780318,0,0,0.0163589815872818,0,0,0.0219932446709754,0.181590888126442,0.0486762977018095,0.0464283515832555,0.023423804127573,0,0.0213297860830691,"XLOC_008907 | TCONS_00013108.p1","Ss_chrX.2","",NA,NA,"A0A0K0E5Y6","",NA,"",NA,"",NA,"",NA
"211","SSTP_0000492300",0.0166275680981312,0,0,0.17013547803502,0.0364689834326081,0.0181218170306325,0.0217473533603535,0.189617329182325,0.254706170754737,0.0335398026174126,0.016418885804912,0.0542930225953337,0,0.0502224687017352,0.0504895581359975,0.0474491471126315,0.11850403707756,0.135079910611436,0.0904795641086168,0,0.0702861204786289,0.165211930379321,0.0922441308246427,0.106133333492106,"XLOC_008264 | TCONS_00012602.p1","Ss_chrX.2","Septum formation initiator",NA,NA,"A0A0K0E5Y9","",NA,"",NA,"",NA,"",NA
"212","SSTP_0000492350",0,0.0171894956291949,0,0,0,0.0360827103390919,0,0.0541906510982929,0,0,0,0,0,0.0329489061438106,0,0.0703199797016374,0,0.0441695719876544,0,0.0240792583830784,0.0697537484505548,0.0232465515708592,0,0,"XLOC_008265 | TCONS_00013530.p1","Ss_chrX.2","",NA,NA,"A0A0K0E5Z0","",NA,"",NA,"",NA,"",NA
"213","SSTP_0000492400",0,0,0.017944908818742,0.0171161915836994,0.0556579140392215,0.0181412750595493,0,0,0,0,0,0,0,0,0,0.0943520304761357,0.0703481476618232,0.109697434260165,0,0.0486811307629159,0,0.0937011233835102,0,0.0426943399337034,"XLOC_008266 | TCONS_00012604.p1","Ss_chrX.2","CULLIN_2 domain-containing protein",NA,NA,"A0A0K0E5Z1","",NA,"",NA,"",NA,"",NA
"214","SSTP_0000492500",0,0,0,0,0.0186481778260597,0.0180407786275746,0,0.0276351555922876,0,0,0,0,0,0,0,0.0705048754898895,0,0.130212216736841,0.180590422664245,0.0731693131120228,0.11492873744238,0.0468950393436844,0,0.042883358427983,"XLOC_008266 | TCONS_00012605.p1","Ss_chrX.2","RT_RNaseH_2 domain-containing protein","RT_RNaseH_2, DNA/RNA_pol_sf",NA,"A0A0K0E5Z2","",NA,"SPAL_0000114566",17.7852,"",NA,"",NA
"215","SSTP_0000492700",0,0,0,0.0197278985852381,0.0213796765727672,0.0407416294253805,0.0220714116597287,0.0276066218522381,0,0,0,0,0.0253220112134579,0,0,0.0781765172809661,0.0285719603124035,0.0434859312855065,0.198992304098026,0.0277016280012707,0.0528027538096812,0.0525234502697385,0,0.0286020829457524,"XLOC_008910 | TCONS_00013892.p1","Ss_chrX.2","PiggyBac transposable element-derived protein 4","PGBD, PGBD4_C_Znf-ribbon",NA,"A0A0K0E5Z4","SRAE_0000060200 | WBGene00256348",42,"SPAL_0001653684",19.2,"",NA,"",NA
"216","SSTP_0000492800",0,0,0,0,0,0,0,0,0,0,0,0,0,0.0164259737534984,0,0,0,0,0,0.0524485298577241,0,0,0,0,"XLOC_008910 | TCONS_00013892.p1","Ss_chrX.2","DDE_Tnp_1_7 domain-containing protein","PGBD",NA,"A0A0K0E5Z5","SRAE_0000060300 | WBGene00256349",76.8473,"SPAL_0001653700",30.5419,"",NA,"",NA
"217","SSTP_0000492850",0.0330190762035134,0.0517370963119117,0,0,0,0.0180283317591806,0,0,0,0,0,0,0.0510331518944541,0.0164558920469332,0.0165390088554975,0,0,0.0663781034645436,0.0899693145843012,0.0959886227982056,0.196890821141342,0,0.0228894555507975,0.0419927352389635,"XLOC_008266 | TCONS_00013531.p1","Ss_chrX.2","Transmembrane protein",NA,"membrane","A0A0K0E5Z6","",NA,"",NA,"SVE_1305300",31.6327,"",NA
"218","SSTP_0000503200",0.033402747928592,0.103198567797718,0.161258208168412,0,0,0,0.0219491188778867,0,0.0370130189947248,0,0.0164177787954213,0,0,0.0165213432742336,0,0,0,0.0661772279439179,0,0.0971554890004452,0.0930258086446709,0,0,0,"XLOC_008960 | TCONS_00013163.p1","Ss_chrX.2","Secreted protein",NA,NA,"A0A0K0E6A1","",NA,"",NA,"",NA,"",NA
"219","SSTP_0000503300",0.0337380893618736,0.0171939804654081,0.0180211588147086,0,0,0,0.0221086496722034,0,0.0369320678271689,0,0,0,0.0253105552568028,0,0.0161455601548704,0,0.023360299042266,0,0,0.0244050315020578,0,0,0,0,"XLOC_008960 | TCONS_00013163.p1","Ss_chrX.2","Metalloendopeptidase","Peptidase_M12A, Peptidase_Metallo, MetalloPept_cat_dom_sf","hydrolase activity, metal ion binding, proteolysis, metalloendopeptidase activity, zinc ion binding, metallopeptidase activity, peptidase activity","A0A0K0E6A2","SRAE_X000146600 | WBGene00267037",45.9016,"SPAL_0000938500",35.4098,"",NA,"nas-38 | WBGene00003554",25.5738
"220","SSTP_0000503700",0.0504448161332275,0.0515018642230304,0.0718911527656972,0.0342072000219314,0,0.0180600220053765,0,0.0275836519414016,0.110793128812646,0.067139473990252,0.132000496675529,0.0368636794706162,0.07597295494335,0.0492059412578892,0.0485345788647265,0.141025670074477,0.0233576155188637,0.0870183208798848,0,0.0243849874796817,0.0460540264156191,0,0,0,"XLOC_008960 | TCONS_00013163.p1","Ss_chrX.2","Metalloendopeptidase","Peptidase_M12A, Peptidase_Metallo, MetalloPept_cat_dom_sf","hydrolase activity, metal ion binding, proteolysis, membrane, metalloendopeptidase activity, zinc ion binding, metallopeptidase activity, peptidase activity","A0A0K0E6A6","SRAE_X000146700 | WBGene00267038",45.4936,"SPAL_0000929100",33.0472,"",NA,"",NA
"221","SSTP_0000507000",0,0,0,0.647284836499499,0.942142798773869,0.811988969033706,0,0,0,0,0,0,0.0253179869626063,0,0,0.0469319532645635,0.023320054496149,0.0436195186165198,0,0,0,0,0,0,"XLOC_008329 | TCONS_00012678.p1","Ss_chrX.2","",NA,"membrane","A0A0K0E6D9","",NA,"",NA,"",NA,"",NA
"222","SSTP_0000507100",0,0.051540192690252,0,0.188253275189298,0.130099767825182,0.271615725694529,0,0.0275631608669751,0.037005722408209,0,0,0,0,0.0164452008038176,0,0,0,0.0436991768767337,0,0.146102338584764,0.184921375035804,0.14052523973272,0.256210205459992,0.192351324539762,"XLOC_008329 | TCONS_00012679.p1","Ss_chrX.2","",NA,"membrane","A0A0K0E6E0","",NA,"",NA,"",NA,"",NA
"223","SSTP_0000508700",0.0339261786401934,0.12046154692401,0.0543204480954652,0.102846701283062,0.11231916420744,0.125991442102721,0.0886193127028185,0,0,0.0168195099450641,0.0331994251563663,0.0555148478373494,0.0255830444726231,0.0981492825772522,0.0482002925606866,0.517048075739903,0.280260105327922,0.431945850968653,0.0901673779132568,0.196597702927109,0.206122549752024,0.0704741297536118,0,0.0215203595218137,"XLOC_011353 | TCONS_00017174.p1","Ss_chrX.6","ATP-dependent DNA helicase","DNA_helicase_pif1-like, P-loop_NTPase","hydrolase activity, nucleotide binding, ATP binding, helicase activity, ATP hydrolysis activity, DNA duplex unwinding, DNA repair, cellular response to DNA damage stimulus, DNA recombination, DNA helicase activity, telomere maintenance","A0A0K0E6F6","SRAE_X000153700 | WBGene00267110",55.3985,"",NA,"",NA,"",NA
"224","SSTP_0000508800",0.0338429291459583,0.0688295160077431,0.108374763421968,0.11998181577805,0.130983896439524,0.18006883259918,0.0221489876297441,0.0277094414625456,0.036871722812326,0.0168187385215773,0,0.0370022762876845,0.0505125973642857,0,0.0321588481063021,0.140892883209025,0.186606165359582,0.259375680855631,0.450981683173839,0.366623840158227,0.412506423599778,0.117441386912172,0.0936574298601862,0.0215118427185048,"XLOC_011353 | TCONS_00017174.p1","Ss_chrX.6","Helitron_like_N domain-containing protein","Helitron_helicase-like",NA,"A0A0K0E6F7","",NA,"SPAL_0001475500",9.67742,"",NA,"",NA
"225","SSTP_0000521200",0.0536287287962266,0.0638894639584613,0.0744059079820323,0,0.0224586452904883,0,0,0,0,0.113514596200827,0.0229036990553879,0.0486418260131206,0,0.0951167639106572,0,0.0470279582741015,0,0.089688015659113,0,0,0.0600679744492187,0,0,0,"XLOC_011488 | TCONS_00017232.p1","Ss_chrX.6","Phospholipid scramblase",NA,NA,"A0A0K0E6T6","",NA,"",NA,"",NA,"",NA
"226","SSTP_0000521300",0,0.0451832454775722,0,0.0673297594918447,0,0.026373980984049,0,0,0,0.0249367892927866,0,0.0724566805266398,0,0,0,0.0628894735008477,0.0307138158000512,0.135470856197905,0,0,0,0,0,0,"XLOC_001484 | TCONS_00004261.p1","Ss_chr1","",NA,NA,"A0A0K0E6T7","",NA,"",NA,"",NA,"",NA
"227","SSTP_0000523600",0.0337614148154662,0,0.0360599219992834,0.171313817883773,0.0746882233426109,0.162333920560824,0.0663509020198931,0.0829946270716013,0.258420682651804,0.134482660723411,0.0165589010630497,0.0369580217989871,0.0505903063431982,0.0819338436496763,0.0645218731439743,0.0705115002966489,0.0933999292089793,0.065053699176979,0,0,0.0229739948442071,0,0.0233750096688049,0.0214682139801416,"XLOC_008168 | TCONS_00012515.p1","Ss_chrX.2","G_PROTEIN_RECEP_F1_2 domain-containing protein","GPCR_Rhodpsn_7TM, 7TM_GPCR_serpentine_rcpt_Srab","membrane","A0A0K0E6W2","SRAE_X000223300 | WBGene00267813",56.686,"SPAL_0000372750",27.907,"SVE_0226300",44.7674,"",NA
"228","SSTP_0000524300",0.176491675448917,0.167513016446829,0.0741274885149161,0.144386895743332,0.332216991819691,0.152876473824689,0.0609130520235548,0.107002596072796,0.133434588439431,0.0334880007713926,0.0520180933390018,0.0884518092410033,0.0247721405427339,0.0541859977402228,0.101293252531289,0.154382045254733,0.125374153009699,0.0944679971878003,0.0819264046126614,0.047151232661046,0.0437348334579889,0.0730410029138113,0.0688950051946471,0.0522206317659271,NA,NA,"Peptidase_M14 domain-containing protein",NA,NA,"A0A0K0E6W9","",NA,"",NA,"",NA,"",NA
"229","SSTP_0000526100",0.0332747081480975,0.0172473626497498,0,0.341261081583742,0.311692355480177,0.217756652320098,0.153151503850935,0.272686689714707,0.220999703435363,0.0334531093420951,0.081805590545255,0.127737458791258,0.153743497814464,0.082795690593067,0.0992231748571963,0.023572386137495,0.0470682658946774,0.0887226439084055,0,0,0,0,0,0,"XLOC_000066 | TCONS_00000063.p1","Ss_chr1","BHLH domain-containing protein","bHLH_dom, HLH_DNA-bd_sf","protein dimerization activity","A0A0K0E6Y7","SRAE_1000009600 | WBGene00256690",95.4545,"SPAL_0000254700",81.8182,"SVE_0255700",84.5455,"hlh-32 | WBGene00013665",45.4545
"230","SSTP_0000530600",0.222442033470582,0.208905865890871,0.133827920186181,0,0,0,0,0,0,0.0678605876980347,0.0332260675776546,0,0.0511798564830155,0.107895644866184,0.0940426078970902,0.244132593709809,0.0856089608123588,0.268633782349714,0.128602774243213,0.0964616584982982,0.0716383877949639,0.251981314053751,0.169940035382627,0.0877329572351245,"XLOC_001738 | TCONS_00001836.p1","Ss_chr1","Peptidase_M14 domain-containing protein","Peptidase_M14","proteolysis, zinc ion binding, metallocarboxypeptidase activity","A0A0K0E730","SRAE_2000373500 | WBGene00263960",37.6238,"",NA,"",NA,"",NA
"231","SSTP_0000535725",0.0331796921372908,0,0.0299038037481347,0.102762357701818,0,0.109593552474722,0,0,0,0,0,0,0.025709424865671,0,0.0302780520770267,0,0.023576891350569,0,0,0,0,0.0320450681322234,0.109754358182287,0.0772986537877774,"XLOC_011281 | TCONS_00017124.p1","Ss_chrX.6","Serpentine receptor class gamma",NA,"membrane","A0A0K0E782","SRAE_2000474400 | WBGene00264985",69.7917,"SPAL_0001229000",66.6667,"SVE_1655300",64.5833,"",NA
"232","SSTP_0000535800",0,0,0,0,0,0,0,0,0,0,0,0,0,0,0,0,0,0,0,0,0,0,0,0,NA,NA,"",NA,NA,NA,"",NA,"",NA,"",NA,"",NA
"233","SSTP_0000537500",0,0,0.0177547670626391,0,0,0,0,0,0,0,0,0,0.0256336676744549,0,0.0331271327518846,0,0,0,0,0.0237384632641998,0,0,0,0,"XLOC_006082 | TCONS_00011546.p1","Ss_chr2","",NA,NA,"A0A0K0E799","SRAE_2000459600 | WBGene00264828",70.5128,"",NA,"",NA,"",NA
"234","SSTP_0000537600",0,0.0171972741159922,0.0180436946537195,0.0171311708187027,0.0186900905204686,0.0180129817875913,0.17703214866678,0.110730993194854,0.1475110101327,0,0.0662965882762547,0.129404776997307,0.126317104133772,0.0327359518239067,0.257509587488785,0.0469662662022247,0.0933110000854785,0.0432704949637192,0,0,0,0,0,0,"XLOC_006082 | TCONS_00008091.p1","Ss_chr2","Glycosyltransferase family 92 protein","Glyco_transf_92","membrane, transferase activity, glycosyltransferase activity","A0A0K0E7A0","SRAE_2000459700 | WBGene00264829",59.3548,"SPAL_0000304950",43.2258,"SVE_1595200",53.5484,"",NA
"235","SSTP_0000538900",0,0,0,0,0,0,0,0,0,0,0,0,0,0,0,0,0,0,0,0,0,0,0,0,NA,NA,"",NA,NA,NA,"",NA,"",NA,"",NA,"",NA
"236","SSTP_0000546200",0.0337661938961517,0.0688072308291422,0.0180337913058329,0.0342749838388836,0.0373506024572988,0.0902401240339607,0.0442450148131129,0.055342736547969,0.0369375393523274,0.285877462471488,0.380925672472096,0.314230378000961,0.050620005424003,0.147563845773742,0.17757196008966,0.0235159861759522,0.0467246781125285,0.130208448256699,0,0,0,0.0469495694478644,0.023380227788655,0.0644167898992773,"XLOC_003228 | TCONS_00004953.p1","Ss_chr1","G_PROTEIN_RECEP_F1_2 domain-containing protein","7TM_GPCR_serpentine_rcpt_Srt","membrane","A0A0K0E7I6","",NA,"",NA,"",NA,"",NA
"237","SSTP_0000617700",0.0926913047832056,0.0768233987929959,0.0594203949362185,0.0351844304680672,0.0176769407496817,0.0176615771767103,0,0,0,0.0175866672788905,0,0,0.0233734933521603,0.0397005978462186,0.0147106572395866,0.0538388287013047,0.0685286703854596,0.0731185867271198,0.177446868068119,0.0270179468668865,0.0210971722863638,0,0,0,"XLOC_011488 | TCONS_00017232.p1","Ss_chrX.6","",NA,NA,"A0A0K0E571","",NA,"",NA,"",NA,"",NA
"238","SSTP_0000628800",0.0337684676050848,0.0516102949528961,0.0901758364626626,0.0856956471330547,0.0186766570734471,0.0180504290543318,0.110621718041825,0.276734992312164,0.332479415265674,0.0672718577436465,0.0828157965087157,0.0554572751859603,0.126566286727842,0.06559245653369,0.113006647549603,0.0705563732964877,0.070095533563037,0.021704859893347,0,0.0244210537971283,0,0.0234769240310149,0.0233819618289468,0.0429475990781515,"XLOC_003340 | TCONS_00003608.p1","Ss_chr1","G_PROTEIN_RECEP_F1_2 domain-containing protein",NA,"membrane","A0A0K0E9V6","SRAE_1000223600 | WBGene00258850",67.8899,"SPAL_0000920500",59.3272,"SVE_0195000",44.6483,"",NA
"239","SSTP_0000633100",0,0.00662119688569259,0,0,0,0,0,0,0,0,0.040666077716269,0.0309956426014029,0,0,0,0.0272699906325245,0,0.0353746178343038,0.707955916459004,0.291153796265385,0.199455736794544,0,0,0.0214040158277963,NA,NA,"Metalloendopeptidase","Peptidase_M12A, Peptidase_Metallo, MetalloPept_cat_dom_sf","hydrolase activity, metal ion binding, proteolysis, membrane, metalloendopeptidase activity, zinc ion binding, metallopeptidase activity, peptidase activity","A0A0K0E9Z9","SRAE_X000146600 | WBGene00267037",44.5415,"SPAL_0000938500",33.6245,"",NA,"nas-38 | WBGene00003554",25.7642
"240","SSTP_0000636175",0.0335333047904253,0,0.0717413395314491,0.034175789158931,0,0,0,0,0,0.0167662566024447,0,0.03680671349044,0,0.0492462659935949,0.113513400473688,0,0.0467324524083219,0.0218017302703126,0,0.170196576664557,0.0461340281895021,0,0,0,"XLOC_011019 | TCONS_00016416.p1","Ss_chrX.6","Retrotransposon gag protein",NA,NA,"A0A0K0EA32","SRAE_0000047200 | WBGene00256216",16.3265,"",NA,"SVE_1106400",20.9184,"",NA
"241","SSTP_0000636200",0.050353382647047,0,0.0718197985416416,0.0684335737567799,0.0557415934001151,0,0,0.0275554777354039,0,0.0503641080423217,0.0329636714258034,0.0368494915716704,0.0507711433206653,0.0493170685773214,0.113712117538408,0.0706166166623808,0.0233998410245317,0.0218401482247996,0,0.0730296967850644,0.0462113156683167,0,0,0,"XLOC_011019 | TCONS_00016417.p1","Ss_chrX.6","CCHC-type domain-containing protein","Znf_CCHC, Znf_CCHC_sf","nucleic acid binding, membrane, cytoplasm, zinc ion binding, enzyme binding","A0A0K0EA33","",NA,"SPAL_0001164300",28.6458,"SVE_0092300",39.0625,"",NA
"242","SSTP_0000636300",0.0504539292102647,0.0859100695765606,0.0719216970665813,0,0,0,0,0.0275958665045167,0,0.0335986121364577,0.0330113970529865,0.0184431426439898,0.0760854629950835,0.164271005896952,0.129697739998833,0.0235359398721578,0.0233891683581917,0,0,0,0.0692123196861894,0.0468630287974512,0,0,"XLOC_011019 | TCONS_00016418.p1","Ss_chrX.6","",NA,NA,"A0A0K0EA34","",NA,"",NA,"",NA,"",NA
"243","SSTP_0000636400",0.0167758380480562,0.0171658825909617,0.107674511861855,0.0341991043472805,0.0185709849010327,0,0,0,0.0739464942859036,0.016779371983602,0.0658936367869492,0.0184152588381563,0.101490129602608,0.0985832232503223,0.113653566884733,0.0235267302339548,0.0233877923878734,0.0218289026778641,0.271356235515847,0.0486615326611236,0.0461875213463209,0.023401815757717,0,0,"XLOC_011019 | TCONS_00016419.p1","Ss_chrX.6","RNA methyltransferase",NA,NA,"A0A0K0EA35","SRAE_X000233100 | WBGene00267915",46.875,"",NA,"SVE_0092400",38.5417,"",NA
"244","SSTP_0000636500",0.101410691754851,0.0688082126813212,0.216562022951679,0.1028171439157,0.0934637004665208,0.0360439799191093,0,0.083064100880503,0,0.0168149599805309,0.0828828886377967,0.0369811622908544,0.32858311694499,0.19650728735615,0.338196412127477,0.0234930830082898,0.0700139773009532,0.108245671721409,0.360988332550933,0.34198716772024,0.252396918460649,0,0.0467909138461595,0.0644724704966935,"XLOC_011019 | TCONS_00016988.p1","Ss_chrX.6","Reverse transcriptase domain-containing protein","RT_dom, RT_RNaseH_2, Rev_trsase/Diguanyl_cyclase, DNA/RNA_pol_sf",NA,"A0A0K0EA36","",NA,"SPAL_0001458300",68.4091,"",NA,"",NA
"245","SSTP_0000636600",0.0673383069685484,0.103123683507296,0.107962592998354,0.017123568701179,0.0186253682985503,0.0180811073315325,0.0441569960010188,0,0,0.0840224221510468,0.0495579588669012,0.0369067183276406,0.152123640486368,0.246316949383592,0.210562300659879,0.0235316915771636,0.0233848858589161,0.0217798933270769,0.0904429834812873,0.243815164061908,0.0461077951301577,0.0468867290557089,0.046665381270434,0.0214188097699453,"XLOC_011019 | TCONS_00016988.p1","Ss_chrX.6","Integrase catalytic domain-containing protein","Integrase_cat-core, RNaseH-like_sf, RNaseH_sf","nucleic acid binding, DNA integration","A0A0K0EA37","SRAE_0000047000 | WBGene00256214",42.0601,"SPAL_0000132800",51.5021,"SVE_0092700",36.9099,"",NA
"246","SSTP_0000636700",0.016820808780165,0.0171744407893515,0.0359589596692509,0.0513323282693955,0.0186103930617308,0.0180673651744716,0,0,0,0.0167919864433233,0.0330120683728066,0.0184391304851614,0.0253369523678332,0.0164100549238323,0.016187247147416,0.0470306793607198,0.093474951538169,0.130600140465032,0.0903807553700486,0.0730880422822434,0.0921576559024194,0,0.0233142748102593,0,"XLOC_011020 | TCONS_00016420.p1","Ss_chrX.6","Recep_L_domain domain-containing protein",NA,NA,"A0A0K0EA38","SRAE_0000044600 | WBGene00256190",33.3333,"SPAL_0000355000",25.974,"SVE_0607800",18.6147,"",NA
"247","SSTP_0000636733",0,0,0,0,0,0,0,0,0,0,0,0,0,0,0,0,0,0.0215403886472483,0,0,0,0,0,0,"XLOC_011362 | TCONS_00016705.p1","Ss_chrX.6","",NA,NA,"A0A0K0EA39","",NA,"",NA,"",NA,"",NA
"248","SSTP_0000636766",0,0,0,0,0,0,0,0.0272488481171805,0,0.0167354863589298,0.0163824998963451,0.0182553073161302,0,0,0,0,0.0235884426407243,0.0444770083795423,0,0.0242182212726303,0.0702172333127983,0.0468263307602483,0,0,"XLOC_011363 | TCONS_00017180.p1","Ss_chrX.6","HTH_48 domain-containing protein","Mos1_HTH",NA,"A0A0K0EA40","",NA,"",NA,"",NA,"",NA
"249","SSTP_0000636800",0,0.0171593270575428,0,0.0683679016243973,0,0.0180868248957115,0,0.0275288818849992,0,0,0.0329310395786722,0,0,0,0,0.0470396397101962,0.0233812049837782,0.0873037488473563,0,0.121602610224508,0.0692686037352668,0.0467846578054355,0,0,"XLOC_011363 | TCONS_00017180.p1","Ss_chrX.6","Integrase catalytic domain-containing protein","Integrase_cat-core, RNaseH-like_sf, RNaseH_sf","nucleic acid binding, DNA integration","A0A0K0EA41","",NA,"SPAL_0000325500",20.5263,"SVE_0832100",42.1053,"",NA
"250","SSTP_0000637000",0,0,0,0.0513793234928982,0,0,0.0441101036599291,0,0,0.0168046406024378,0.0659959124589828,0.0184443086694917,0.0254089716667921,0.0493677885855754,0,0.0235611561726272,0.0234218014772384,0,0,0.0487358009210181,0,0,0,0,"XLOC_011022 | TCONS_00016421.p1","Ss_chrX.6","Reverse transcriptase domain-containing protein","Integrase_recombinase_N","DNA binding","A0A0K0EA43","",NA,"",NA,"",NA,"",NA
"251","SSTP_0000637700",0,0,0,0,0,0,0,0.00247096772810121,0.0612834070546363,0,0,0,0,0,0.0170818242876358,0,0,0,0,0,0,0.23225851295943,0.133422830247299,0.184736861990821,"XLOC_008420 | TCONS_00012744.p1","Ss_chrX.2","Porin OmpL",NA,NA,"A0A0K0EA50","",NA,"",NA,"",NA,"",NA
"252","SSTP_0000638000",0,0,0.0179919644739185,0,0,0.0721478563387529,0,0,0,0,0,0,0,0,0,0,0,0.0217064237823496,0.0902691818220281,0.0243684446999788,0,0.0234298208608263,0,0,"XLOC_010913 | TCONS_00016332.p1","Ss_chrX.5","",NA,"membrane","A0A0K0EA53","",NA,"SPAL_0001344300",45.1264,"SVE_0379800",39.3502,"",NA
"253","SSTP_0000639100",0.0168728653904447,0.0687755362319002,0.0180238225021087,0.325465993729453,0.335959763511728,0.324776074382605,0.132665106332487,0.331877482464659,0.221546046500263,0.084043925431456,0.0827622024045067,0.110843240333143,0.0759085379903935,0.0491736540843807,0.080686282798313,0.0705245852578492,0.0934192963780205,0.108491577033715,0.18063374006179,0.170847087673232,0.0689556214026009,0.0234634770660131,0,0.0214600061491374,"XLOC_010909 | TCONS_00016328.p1","Ss_chrX.5","Reverse transcriptase domain-containing protein","RT_dom, Rev_trsase/Diguanyl_cyclase, DNA/RNA_pol_sf",NA,"A0A0K0EA64","SRAE_2000127600 | WBGene00261479",71.1599,"SPAL_0001402600",58.6207,"",NA,"",NA
"254","SSTP_0000639200",0.0507355890585226,0.0172052330658705,0.0180550174556804,0.0685549038658574,0.149621457002117,0.18015304541964,0,0,0,0,0.0165850975053937,0.0184963543644283,0,0.0491122928892012,0.0160929883544332,0.0704658658485923,0.0699987645968094,0.129799145255213,0.270676737624388,0.0733057498818549,0,0,0,0.0430036116824951,"XLOC_010909 | TCONS_00016328.p1","Ss_chrX.5","Integrase catalytic domain-containing protein","Integrase_cat-core, RNaseH-like_sf, RNaseH_sf, RT_RNaseH, Integrase_H2C2, DNA/RNA_pol_sf","nucleic acid binding, DNA integration, DNA polymerase complex, DNA-directed DNA polymerase activity, DNA biosynthetic process","A0A0K0EA65","",NA,"",NA,"",NA,"",NA
"255","SSTP_0000639300",0.016782779957153,0.0515246463005944,0.0179526319299208,0.273727825829649,0.353016168898684,0.343936731154508,0.0220320603763392,0,0,0,0,0,0.0253875474702102,0,0.0162467286838316,0.164780640701909,0.0936050877014338,0.131058117540577,0.27148602116181,0.170401410763728,0.25418990722636,0.117069321581001,0.256132923178332,0.0854634553795092,"XLOC_010909 | TCONS_00016328.p1","Ss_chrX.5","SANT domain-containing protein",NA,NA,"A0A0K0EA66","",NA,"",NA,"SVE_1093600",37.1728,"",NA
"256","SSTP_0000639400",0,0,0.0180482744999006,0.0685243960825728,0.224353679261008,0.23406452015011,0,0,0,0.0168097962235977,0,0,0,0,0,0.140857233366186,0.0932816237113247,0.151332154748774,0.0901769133986363,0.097701096940612,0.0687545356919423,0.0469480516715342,0,0,"XLOC_010909 | TCONS_00016328.p1","Ss_chrX.5","Reverse transcriptase domain-containing protein","RT_dom, Integrase_cat-core, RT_RNaseH, Integrase_H2C2, Rev_trsase/Diguanyl_cyclase, DNA/RNA_pol_sf","DNA integration","A0A0K0EA67","",NA,"SPAL_0000582600",55.1789,"SVE_1105500",61.3936,"",NA
"257","SSTP_0000639500",0.0331995593992435,0.0690212297097791,0,0.0170018583102977,0.109580813709072,0.0180969462015633,0,0,0,0,0,0,0,0,0,0.0235048042167979,0.0469934001990852,0.0664607706932524,0.0904030725282271,0.0241279294165767,0.0233236725010543,0,0,0,"XLOC_010908 | TCONS_00016327.p1","Ss_chrX.5","",NA,NA,"A0A0K0EA68","",NA,"",NA,"",NA,"",NA
"258","SSTP_0000639600",0,0,0,0.0171276631236072,0.0934165565863664,0.162118552046471,0,0,0,0,0.0165682389815986,0,0,0,0,0.0234815226656715,0.0699795640765274,0.0216386776102111,0.180405626153644,0.0976617203967921,0.229341545754928,0,0.0233836618877701,0,"XLOC_010806 | TCONS_00016157.p1","Ss_chrX.5","",NA,NA,NA,"",NA,"",NA,"",NA,"",NA
"259","SSTP_0000641200",0,0.0172144558153175,0,0.22291271066495,0.13104974151616,0.0900583299592879,0.0221591790381751,0.0554446753259037,0,0,0,0,0,0,0,0.0469789832500345,0,0,0.631563822879611,0.146715278194971,0.11460977901835,0.0704946391622193,0.11712698018871,0.0860900874872023,"XLOC_010799 | TCONS_00016148.p1","Ss_chrX.5","Sulfatase domain-containing protein","DUF229, Alkaline_phosphatase_core_sf","membrane","A0A0K0EA84","",NA,"SPAL_0001569300",54.1159,"",NA,"Y73F8A.35 | WBGene00013539",19.9695
"260","SSTP_0000641400",0.0338505926701423,0.0516226584185915,0.0722608570955396,0.137120675698372,0.112293448592246,0.162016549951595,0.155059499681497,0.221702365866302,0.258044418551221,0,0,0,0,0.0163604767473774,0.0160719512097053,0.0939109473357792,0.0233210959916934,0.194439807221085,0.450886916493183,0.293321446490516,0.343626092595577,0.023489128107985,0.0468349210079001,0.0430312705205367,"XLOC_010900 | TCONS_00016321.p1","Ss_chrX.5","DUF4806 domain-containing protein",NA,NA,"A0A0K0EA86","",NA,"SPAL_0001403075",19.9713,"",NA,"",NA
"261","SSTP_0000641700",0.134628692342259,0.223273128905921,0.215831589035763,0,0,0.0361183235988132,0,0,0,0.117548000011298,0.214660032044561,0.184423277464332,0.0253237328233245,0.131217192407645,0.113207478362192,0.0470191579303442,0.11680480724962,0.0434947491011464,0.0903527462351952,0.0487334176575669,0.0920881563810469,0,0.023320808802852,0.0642286446513521,"XLOC_010898 | TCONS_00016219.p1","Ss_chrX.5","",NA,NA,"A0A0K0EA89","",NA,"SPAL_0000448200",15.9184,"SVE_0065800",2.04082,"",NA
"262","SSTP_0000641750",0.0841365743735015,0,0.0539590970991619,0.0171172900930203,0.0372349350478023,0.0542227364011143,0.176556905670466,0,0,0.1511855785508,0.231172978139439,0.166015000538032,0.354853763238632,0.196995943072528,0.259094486201323,0.0940974870191796,0.210399686715954,0.130650069706904,0.0904153084921151,0.0731159842930868,0.0230481476145174,0.0468689094846137,0,0.0214098368373502,"XLOC_010898 | TCONS_00016218.p1","Ss_chrX.5","CCHC-type domain-containing protein","Znf_CCHC, Znf_CCHC_sf","nucleic acid binding, cytoplasm, zinc ion binding, enzyme binding","A0A0K0EA90","",NA,"SPAL_0000448200",13.8528,"SVE_0065800",5.19481,"",NA
"263","SSTP_0000641800",0.0332876317904097,0.0527840653171087,0.108498440694646,0.0506801407248862,0.0362671286734768,0.0179831528866766,0.0649120662859674,0.0268409545364178,0,0.0836977691222668,0.130841165900025,0.0893105023635208,0.0261250131974265,0.0669728092742082,0.15210646371459,0.047479029896806,0.0709683233775159,0.0675037688321972,0,0.048050235275856,0.0232672299440336,0,0,0.021221573126823,NA,NA,"Secreted protein",NA,NA,"A0A0K0EA91","",NA,"",NA,"",NA,"",NA
"264","SSTP_0000641900",0,0,0,0,0.0183706693638726,0,0,0,0,0,0,0,0,0,0,0,0.0234443738374528,0.0440634093807502,0,0,0,0.0233173018499946,0,0,"XLOC_010897 | TCONS_00016318.p1","Ss_chrX.5","Integrase catalytic domain-containing protein","DNA/RNA_pol_sf",NA,"A0A0K0EA92","SRAE_X000233100 | WBGene00267915",41.2698,"",NA,"SVE_0092400",24.6032,"",NA
"265","SSTP_0000642000",0,0,0.0540877377254867,0,0.0186576325642793,0,0,0.0276695384783487,0,0,0.0165488525409366,0,0.0254615285385149,0,0,0.0236153094347963,0,0,0,0,0,0,0,0,"XLOC_010896 | TCONS_00016317.p1","Ss_chrX.5","Integrase catalytic domain-containing protein","RT_dom, Integrase_cat-core, RNaseH-like_sf, RNaseH_sf, Rev_trsase/Diguanyl_cyclase, DNA/RNA_pol_sf","nucleic acid binding, DNA integration, DNA polymerase complex, DNA-directed DNA polymerase activity, DNA biosynthetic process","A0A0K0EA93","SRAE_X000232700 | WBGene00267911",18.2266,"SPAL_0000043200",20.6897,"SVE_1780600",21.1823,"",NA
"266","SSTP_0000642300",0.0168679245763407,0.0171967142945234,0.0901066519907882,0.137056130957637,0.111960849729448,0.0361130428637954,0.0221088058064057,0,0,0,0,0,0.0253219497952582,0,0,0.078859798590611,0.0701043661487198,0.0868980936171233,0.0903749241234369,0.21966445347501,0.230083784825263,0.623020845110985,0.143287387864752,0.283068503824087,"XLOC_010892 | TCONS_00016313.p1","Ss_chrX.5","DDE_Tnp_IS1595 domain-containing protein","Tnp_ISXO2-like",NA,"A0A0K0EA96","SRAE_0000065500 | WBGene00256403",29.5533,"SPAL_0001121000",27.8351,"SVE_0328900",23.0241,"",NA
"267","SSTP_0000642550",0,0,0.053656654171331,0,0.0365684534062145,0.0181294525842236,0.0436552329045447,0.0543221537221395,0,0,0,0,0,0,0,0.0235436664556341,0.0235435173821789,0.0666362838185234,0,0,0.0700701652122577,0,0,0,"XLOC_010792 | TCONS_00016141.p1","Ss_chrX.5","SH2 domain-containing protein",NA,NA,"A0A0K0EAA0","",NA,"",NA,"",NA,"",NA
"268","SSTP_0000642600",0.379473408204375,0.181105352886666,0.523683649655088,0,0.037364421210706,0.0375109339191131,0,0,0,0.0221658106808267,0.0218827648981833,0,0,0,0.0422447722768217,0,0,0,0,0,0.0230026961268577,0,0,0.0283715805444124,"XLOC_010792 | TCONS_00016140.p1","Ss_chrX.5","",NA,NA,"A0A0K0EAA1","",NA,"SPAL_0000817400",39.5062,"",NA,"",NA
"269","SSTP_0000642800",0.0501283354982882,0,0.0717050259961291,0,0,0.0545140882671572,0.900347667530257,0.137296434107834,0.185154725410642,0.0167903257956872,0,0,0,0,0,0.0472556678182745,0,0.0220697595984446,0,0.0486012715973748,0.0930708627586516,0,0.0231889801012538,0,"XLOC_010790 | TCONS_00016138.p1","Ss_chrX.5","",NA,"membrane","A0A0K0EAA3","",NA,"",NA,"",NA,"",NA
"270","SSTP_0000644200",0.0505777272276237,0.0171885462653824,0,0.0342479186433017,0.0186507612473193,0.0360977659055569,0.132587481839935,0.13819488373664,0.332377935241032,0.117631147310498,0.0827036262665499,0.0738571313505779,0.0759333763948391,0.0491872533424708,0.0484491798401986,0.352675523777806,0.303652255207004,0.325741018001751,0.0903354966138119,0,0.160992717890079,0.0703606052691475,0.070060186754222,0.0428898986315591,"XLOC_010878 | TCONS_00016209.p1","Ss_chrX.5","",NA,NA,"A0A0K0EAB7","",NA,"SPAL_0000847900",57.0934,"SVE_0616700",65.7439,"",NA
"271","SSTP_0000644400",0.0508417928331716,0.051643114892839,0.0361658730004103,0.0685823575051123,0.16863497259023,0.107924256138313,0.0221690842218576,0.0277372666281375,0,0,0.0166145356108953,0,0.0252311643221487,0,0.0641872152758672,0.0469359753105711,0.163170304354981,0.237269808478638,0.36052474585946,0.317980267891245,0.388969353386263,0.0470023168538931,0.0703173117237049,0.0646180891552239,"XLOC_008641 | TCONS_00013739.p1","Ss_chrX.2","Integrase catalytic domain-containing protein","RT_dom, Integrase_cat-core, RNaseH_domain, RNaseH-like_sf, RNaseH_sf, Rev_trsase/Diguanyl_cyclase, DNA/RNA_pol_sf","metal ion binding, nucleic acid binding, DNA integration, RNA phosphodiester bond hydrolysis, endonucleolytic, RNA-DNA hybrid ribonuclease activity, DNA polymerase complex, DNA-directed DNA polymerase activity, DNA biosynthetic process","A0A0K0EAB9","",NA,"SPAL_0000090500",71.875,"",NA,"",NA
"272","SSTP_0000644500",0,0.0171601983488344,0.0714025032150773,0,0.0368016998472758,0,0,0,0,0,0,0,0,0,0,0.0940884134568725,0.0234380426339781,0.0880997030367619,0,0.0242085488895774,0.0232222365846834,0,0,0,"XLOC_008628 | TCONS_00012888.p1","Ss_chrX.2","F-box domain-containing protein",NA,NA,"A0A0K0EAC0","",NA,"SPAL_0000963800",31.7829,"SVE_2000400",10.8527,"",NA
"273","SSTP_0000644600",0,0.0171985088626587,0,0,0.0186786222805515,0,0.0221225891400066,0,0,0,0,0,0,0,0,0.0940083870119426,0.116739318977385,0.151732450780597,0,0.0244175762358187,0.0229672577454542,0.0469430790387016,0,0.021475351795626,"XLOC_009275 | TCONS_00013393.p1","Ss_chrX.2","ATPase_AAA_core domain-containing protein",NA,NA,"A0A0K0EAC1","SRAE_0000050400 | WBGene00256248",78.6301,"",NA,"SVE_0614200",46.0274,"",NA
"274","SSTP_0000644700",0,0,0,0,0,0,0,0,0,0,0,0,0,0,0,0,0.0265590174976567,0,0,0,0,0,0,0,"XLOC_009275 | TCONS_00014085.p1","Ss_chrX.2","PAZ domain-containing protein",NA,NA,"A0A0K0EAC2","",NA,"",NA,"SVE_0196800",0,"",NA
"275","SSTP_0000650500",0,0,0,0,0,0.0289498115268244,0,0,0,0,0,0,0,0,0,0,0,0,0,0,0,0,0,0,"XLOC_001257 | TCONS_00001360.p1","Ss_chr1","KASH domain-containing protein",NA,NA,"A0A0K0EAI0","",NA,"SPAL_0001120600",60.2273,"SVE_1481100",70.4545,"",NA
"276","SSTP_0000664700",0.100231697663332,0.0354966154225911,0.108891173819832,0,0.0180095009269038,0.0177780046433132,0.0214643606957591,0,0,0.0167060725737531,0,0,0,0.0167928981726258,0.0169620203183323,0,0.0237354187826749,0,0.889974290151024,0.645731599976462,0.714311033658467,0,0,0,NA,NA,"",NA,NA,"A0A0K0EAX2","",NA,"",NA,"",NA,"",NA
"277","SSTP_0000664800",0.0363904741008566,0.0377962831166648,0.0079330694068969,0,0.0124158499678926,0.0461007553128005,0,0,0.0374578800695512,0.0441761223397813,0,0,0,0,0,0,0,0,0,0,0.017179049915349,0.000157808013155523,0.013252690447221,0,NA,NA,"Doublecortin domain-containing protein",NA,NA,"A0A0K0EAX3","",NA,"",NA,"",NA,"",NA
"278","SSTP_0000665000",0,0.0174134657047344,0,0,0.0180606013103891,0,0,0,0,0,0,0,0,0,0,0.42296815926006,0.281695702583785,0.312179311990279,0.17923250419342,0.143735128263229,0.162436447721144,0.0233765419289169,0,0,NA,NA,"",NA,"membrane","A0A0K0EAX5","",NA,"",NA,"",NA,"",NA
"279","SSTP_0000665450",0.0162651403424017,0.0172220690924686,0,0,0,0,0,0,0,0,0,0,0,0,0.0165415998637594,0.0231972627715166,0,0.0220093018308038,0,0,0,0,0,0,"XLOC_010765 | TCONS_00016245.p1","Ss_chrX.5","",NA,NA,"A0A0K0EAY0","",NA,"",NA,"",NA,"",NA
"280","SSTP_0000665500",0.050656406524618,0.0516000082104307,0.0721389942182214,0.0685411845692336,0.112063093077606,0.144321374551385,0,0.193704470731214,0.0738476543929158,0.0336283051289715,0.016563389581432,0,0,0.0327793393794866,0,0.16455824678814,0.16348069952064,0.195184829518915,0.0903135381448664,0.293018953712714,0.45489399488932,0.117365261674094,0,0.128844418202882,"XLOC_010856 | TCONS_00016188.p1","Ss_chrX.5","Integrase catalytic domain-containing protein","Integrase_cat-core, RNaseH-like_sf, RNaseH_sf","nucleic acid binding, DNA integration","A0A0K0EAY1","",NA,"SPAL_0000697675",6.6092,"SVE_0270800",17.2414,"",NA
"281","SSTP_0000665600",0.0506952149502449,0.0516156576180125,0.0360912940256395,0.154258943859698,0.13083099535492,0.0901727116995074,0.0221339412688667,0.0276874271273712,0.0369167027573203,0.151367849774644,0.0497238032235249,0.0739673553109843,0.0252924933221889,0.0491577229294768,0,0.235056979880313,0.11675479620453,0.238388139306499,0.0902986863954913,0.0732877633084545,0.0459304568781624,0.0234817023108038,0.046789061560232,0.0214883822528567,"XLOC_010764 | TCONS_00016244.p1","Ss_chrX.5","Helicase ATP-binding domain-containing protein","Helicase_C, DEAD/DEAH_box_helicase_dom, Helicase_ATP-bd, P-loop_NTPase","hydrolase activity, RNA binding, nucleic acid binding, nucleotide binding, ATP binding, helicase activity","A0A0K0EAY2","",NA,"SPAL_0001707200",16.3265,"SVE_1153200",13.2653,"",NA
"282","SSTP_0000665800",0,0,0,0,0,0,0,0,0,0,0,0,0,0,0,0,0,0,0,0,0,0,0,0,"XLOC_008668 | TCONS_00013760.p1","Ss_chrX.2","HTH_48 domain-containing protein","Transposase_1, Homeobox-like_sf, WH-like_DNA-bd_sf, RNaseH_sf, Mos1_HTH","nucleic acid binding","A0A0K0DTA4","SRAE_X000180600 | WBGene00267383",41.5929,"SPAL_0001603900",74.0413,"SVE_0295600",25.6637,"",NA
"283","SSTP_0000666000",0,0.0175128687137726,0.0359952309839924,0.0170196450503139,0.0364530220430071,0.0181420781273545,0.0436033621947335,0.0271042569777404,0.0365157127276888,0,0,0,0,0,0,0.0474509229286884,0.0473930561003421,0.0673404227845427,0,0.0725074041815906,0.0469206516213559,0,0.0230498610717431,0,NA,NA,"Phage tail protein",NA,NA,"A0A0K0EAY6","",NA,"",NA,"",NA,"",NA
"284","SSTP_0000666100",0,0.0174031444667416,0,0,0.0180498965048336,0,0,0.0536276068752234,0,0,0,0,0,0,0.0166593688060874,0.046968622363911,0,0.0222853464680414,0,0,0.069574322218033,0,0,0.0210117010077372,"XLOC_010762 | TCONS_00016243.p1","Ss_chrX.5","",NA,NA,"A0A0K0EAY7","",NA,"",NA,"",NA,"",NA
"285","SSTP_0000666200",0,0,0.0361479601576977,0,0.018495602857426,0,0.0441763180012952,0,0,0,0,0,0,0,0,0,0.0237789645526452,0,0,0.0977618599975198,0,0,0,0,"XLOC_010762 | TCONS_00016243.p1","Ss_chrX.5","Integrase catalytic domain-containing protein","Integrase_cat-core, RNaseH-like_sf, RNaseH_sf","nucleic acid binding, DNA integration","A0A0K0EAY8","",NA,"SPAL_0001322600",0,"",NA,"",NA
"286","SSTP_0000666250",0,0,0,0,0,0,0.0217126665369621,0,0,0,0,0,0,0.0163915853606787,0,0,0,0.0219362155008914,0,0,0,0,0,0,"XLOC_010762 | TCONS_00016243.p1","Ss_chrX.5","RT_RNaseH domain-containing protein","RT_RNaseH, DNA/RNA_pol_sf",NA,"A0A0K0EAY9","",NA,"",NA,"",NA,"",NA
"287","SSTP_0000666300",0.0337092886934778,0.0343868478675211,0,0.0513862818295228,0.0186463598869389,0.0361345541087448,0.0220973664083027,0.0829152022936316,0,0.0504299526301504,0.0330761396005326,0.0184660879546,0.025335985880887,0.0164108879953904,0.016173488590259,0.0470552156058606,0.0467512146921749,0.0869917106634921,0,0.0487933860978548,0.18421835881749,0.0938332279321143,0.0700572688536389,0.021441713021104,"XLOC_010851 | TCONS_00016185.p1","Ss_chrX.5","Peptidase A2 domain-containing protein","Aspartic_peptidase_AS, Peptidase_aspartic_dom_sf","proteolysis, aspartic-type endopeptidase activity","A0A0K0EAZ0","",NA,"",NA,"",NA,"",NA
"288","SSTP_0000666400",0.016907926890599,0,0.0541531461492764,0.342710145693352,0.261777511494898,0.666474033770675,0,0.0276932406801019,0,0,0,0,0,0.016368392019699,0.0160913283136174,0.0704548662323963,0.0466586155262224,0.108155010925198,0.0902119702013724,0.342022395514405,0.229295568396669,0.0469585731776523,0.0234002651727716,0.0429938302719138,"XLOC_010850 | TCONS_00016289.p1","Ss_chrX.5","Reverse transcriptase domain-containing protein","RT_dom, RT_RNaseH, Rev_trsase/Diguanyl_cyclase, DNA/RNA_pol_sf",NA,"A0A0K0EAZ1","SRAE_0000059900 | WBGene00256345",11.9522,"SPAL_0000137600",36.255,"SVE_0722800",12.9482,"",NA
"289","SSTP_0000666450",0,0.0516078891201166,0.0178793271430138,0.290247807824165,0.147127912909784,0.272126969435017,0,0.0273486916333281,0.0369328094400046,0.016750811327542,0,0,0.0255243028769437,0,0,0.0707261708910384,0.0469746275672841,0.132550598677034,0.362852725521204,0.363429913765834,0.232767360435406,0.0700827726137876,0,0.0212314953131837,"XLOC_010849 | TCONS_00016184.p1","Ss_chrX.5","DUF5641 domain-containing protein",NA,NA,"A0A0K0EAZ2","",NA,"",NA,"",NA,"",NA
"290","SSTP_0000667110",0.0168664550387776,0.0515642265772711,0.0180172437497745,0.0171240096189379,0.149259137004228,0.198419888955809,0,0.110585840084998,0.0369136567314971,0.016803176517186,0.0496388732605221,0.0369347877243788,0,0.0491595968196847,0.0161333351469152,0.18801033125797,0.0466960244528312,0.086772805833122,0.180581399335569,0.0975925088293597,0.206814731826567,0,0,0,"XLOC_010758 | TCONS_00016109.p1","Ss_chrX.5","Metalloendopeptidase","Peptidase_M12A, Peptidase_Metallo, MetalloPept_cat_dom_sf","hydrolase activity, metal ion binding, proteolysis, membrane, metalloendopeptidase activity, zinc ion binding, metallopeptidase activity, peptidase activity","A0A0K0EB00","Sra-stal-1 | WBGene00267045",54.4304,"SPAL_0001287200",31.6456,"SVE_0735800",33.2278,"",NA
"291","SSTP_0000668300",0,0.034388751021162,0.0360453499297924,0.102775850556371,0.149302143922241,0.090235195963163,0.154770861042393,0.110620890782135,0.14772384331543,0.0840474719295716,0.0331021520845783,0.0554207642308869,0.050616087296037,0.0491829201281723,0.0322850442148033,0.04702376765345,0.0233586323528447,0,0,0,0,0,0,0,"XLOC_011003 | TCONS_00016978.p1","Ss_chrX.6","Serpentine receptor class gamma","7TM_GPCR_serpentine_rcpt_Srv","membrane","A0A0K0EB12","",NA,"SPAL_0001477800",52.5806,"",NA,"",NA
"292","SSTP_0000674300",0,0,0,0.327493734036554,0.271996516238303,0.22436109177986,0,0,0,0,0,0,0,0,0,0,0,0,0,0,0,0,0,0,NA,NA,"",NA,NA,"A0A0K0EB72","",NA,"",NA,"",NA,"",NA
"293","SSTP_0000674600",0.134444733170057,0.120401192525411,0.0539323015874404,0,0.037212414366548,0,0.0220638350336774,0.0275944072093111,0.0370472647400479,0.117690886012406,0.0825235583264814,0.129152453086544,0.0762800159859496,0.0329309581903498,0.0976357741087546,0.0707272468101297,0.0703109660701298,0.0218778556881431,0,0,0,0.117239833899489,0.0932731392464968,0.0855852897543158,"XLOC_010972 | TCONS_00016959.p1","Ss_chrX.6","",NA,"membrane","A0A0K0EB75","SRAE_X000013950 | WBGene00265695",56.8421,"SPAL_0000458200",31.0526,"SVE_0598500",35.2632,"",NA
"294","SSTP_0000679900",0,0,0,0.237800960390768,0,0,0,0.305825707204382,0.320940773904363,0.167918885860284,0.41400770552279,0.126737217199237,6.84515973749388e-09,0,0,0.31989516486494,0,0,0,0.130218558510627,0,0,0,0,"XLOC_003535 | TCONS_00010424.p1","Ss_chr2","HTH_48 domain-containing protein","Transposase_1, Homeobox-like_sf, WH-like_DNA-bd_sf, RNaseH_sf, Mos1_HTH","nucleic acid binding","A0A0K0DTA4","SRAE_X000180600 | WBGene00267383",41.5929,"SPAL_0001603900",74.0413,"SVE_0295600",25.6637,"",NA
"295","SSTP_0000686200",0,0,0,0.23950754478091,0,0,0,0,0,0,0,0.235136908875427,0,0,0,0,0,0,0,0,0,0,0,0,"XLOC_005892 | TCONS_00011463.p1","Ss_chr2","HTH_48 domain-containing protein","Transposase_1, Homeobox-like_sf, WH-like_DNA-bd_sf, RNaseH_sf, Mos1_HTH","nucleic acid binding","A0A0K0E335","SRAE_X000180600 | WBGene00267383",41.5929,"SPAL_0001603900",73.1563,"SVE_0295600",25.6637,"",NA
"296","SSTP_0000687700",0,0.0172831934555398,0,0,0,0,0,0,0,0,0.0160273348738824,0,0,0.0164018009426517,0.0166274387068277,0.0466528524466712,0.0463042408610971,0.0220656171542458,0,0,0,0.0230591560433395,0,0,"XLOC_003567 | TCONS_00005236.p1","Ss_chr2","Ovule protein",NA,NA,"A0A0K0EBK4","",NA,"",NA,"",NA,"",NA
"297","SSTP_0000687800",0.0507173027561817,0.0172051427846301,0.0902537992375281,0,0,0,0.0221383179130459,0,0,0.018000771657507,0.0247282675200113,0.0554829472221393,0.0252785431954296,0.0327550580798909,0.0503881894476392,0.0939850581394245,0.0466820112856233,0,0,0,0,0,0,0,"XLOC_003567 | TCONS_00005237.p1","Ss_chr2","Zinc metalloproteinase","EGF-like_dom, Peptidase_M12A, Peptidase_Metallo, Metallopeptidase_nem, MetalloPept_cat_dom_sf, Sperma_CUB_dom_sf","hydrolase activity, metal ion binding, proteolysis, metalloendopeptidase activity, zinc ion binding, metallopeptidase activity, peptidase activity, extracellular region, molting cycle, collagen and cuticulin-based cuticle","A0A0K0EBK5","",NA,"",NA,"SVE_0826300",38.3929,"",NA
"298","SSTP_0000688600",0,0,0,0,0,0,0,0,0,0,0,0,0.0252917342243433,0,0,0.023447631104595,0,0,0,0.0242223868281939,0.0230287825093193,0,0,0,"XLOC_009205 | TCONS_00013342.p1","Ss_chrX.2","GIY-YIG domain-containing protein",NA,NA,"A0A0K0EBL4","",NA,"SPAL_0001190600",63.6871,"SVE_1162200",23.4637,"",NA
"299","SSTP_0000688850",0.0338310731296125,0.0172075026599434,0.0180583794186097,0.119986238287577,0.14965143151231,0.306267445829133,0,0,0,0.0168194397091364,0,0,0.0252679511643257,0,0,0.0469799968791768,0,0.194689231970246,0.0902300496889557,0.0488782453056962,0.206388319698397,0.0469747638900297,0.070228623623139,0.0430118049869514,"XLOC_010859 | TCONS_00016191.p1","Ss_chrX.5","Ribonuclease H","DNA/RNA_pol_sf",NA,"A0A0K0EBL7","",NA,"SPAL_0001493800",25.6167,"SVE_1450500",6.26186,"",NA
"300","SSTP_0000688900",0.0167848540401183,0,0.0179552229990106,0.0855346492011775,0.0185804244722736,0.0180949514962358,0,0.0275555325060975,0.0369847029924682,0.0167854144144267,0,0,0,0.0328703207210864,0,0.0470646161129116,0.0233940315661086,0.17463336481582,0.180951802540193,0.170387368940036,0.115477431884537,0,0.023284265258897,0,"XLOC_010859 | TCONS_00016191.p1","Ss_chrX.5","CCHC-type domain-containing protein","Znf_CCHC, Znf_CCHC_sf","nucleic acid binding, cytoplasm, zinc ion binding, enzyme binding","A0A0K0EBL8","",NA,"",NA,"",NA,"",NA
"301","SSTP_0000689000",0,0,0,0.0854135708514402,0.148674157906505,0.126235672833635,0.0440583935414676,0.30308464584826,0.0368792111030799,0,0,0,0,0,0.0161520242837918,0,0,0.0217200916910058,0,0,0.0229913203503009,0,0,0,"XLOC_010858 | TCONS_00016190.p1","Ss_chrX.5","SopA domain-containing protein",NA,NA,"A0A0K0EBL9","SRAE_X000236650 | WBGene00267951",33.4728,"SPAL_0000355000",19.2469,"SVE_0607800",18.41,"",NA
"302","SSTP_0000698800",0.405267584105919,0.481676126601302,0.216435235835041,0.0514145634950343,0.0186783393111978,0.0541374849087433,0.0221249837167368,0,0,0,0,0,0,0,0,0.117572347475907,0,0.0216963129041685,0.180676308672462,0.317475843773094,0.160900200908156,0.0234763449555327,0.0233830860059294,0,"XLOC_010914 | TCONS_00016333.p1","Ss_chrX.5","Integrase catalytic domain-containing protein","Integrase_cat-core, RNaseH-like_sf, RNaseH_sf, RT_RNaseH, Integrase_H2C2","nucleic acid binding, DNA integration","A0A0K0EBW8","",NA,"",NA,"SVE_1663200",30.9735,"",NA
"303","SSTP_0000699000",0,0,0.0178310615291851,0.0170089371908094,0.0365312404278161,0,0,0,0,0,0,0,0,0,0,0.0469875866927323,0.0234688633272512,0.0221246874761877,0.0904293412994838,0,0.023288368609489,0.0233064624742427,0,0,"XLOC_008651 | TCONS_00012910.p1","Ss_chrX.2","",NA,NA,"A0A0K0EBX0","",NA,"",NA,"",NA,"",NA
"304","SSTP_0000699300",0.0673272723968147,0.15477187652832,0.0899774807942874,0.0342662152467395,0.0744996369498454,0,0.0220818388412079,0.0828573201044905,0,0,0,0,0,0,0,0.0706712781403619,0.0702306831944483,0.109103424281351,0.0905441192787926,0.0243902201722993,0.0461846492170582,0.0938062014387425,0,0,"XLOC_009297 | TCONS_00013408.p1","Ss_chrX.2","Regulatory protein zeste",NA,NA,"A0A0K0EBX4","",NA,"",NA,"",NA,"",NA
"305","SSTP_0000699400",0.050424662521405,0.0344116674440561,0.143840710623634,0.0342742955514505,0.0186094842015613,0.0544100855435793,0,0,0,0,0,0,0,0,0,0.0471714946075401,0.0703338755913908,0.218906307228363,0.0906732107308188,0.0243829526900649,0,0.0469103554731531,0.0466437768690864,0.0214012965310971,"XLOC_008654 | TCONS_00013749.p1","Ss_chrX.2","",NA,"membrane","A0A0K0EBX5","",NA,"",NA,"",NA,"",NA
"306","SSTP_0000699500",0,0,0,0,0,0.0179975662993751,0,0,0,0,0,0,0,0,0,0.0234043878374182,0.0465326715665906,0.0434341550175357,0,0.0242026929407526,0.0229749855815857,0,0,0,"XLOC_008656 | TCONS_00012911.p1","Ss_chrX.2","RT_RNaseH_2 domain-containing protein","DNA/RNA_pol_sf",NA,"A0A0K0EBX6","",NA,"",NA,"SVE_0292000",21.466,"",NA
"307","SSTP_0000699600",0,0.0170921128565522,0,0.0169964354918364,0,0,0,0,0,0,0,0,0,0,0,0,0.0233317168996149,0.0438419992479459,0,0.0482736774570822,0.0462215894284429,0,0,0,"XLOC_008657 | TCONS_00012912.p1","Ss_chrX.2","DUF1746 domain-containing protein",NA,"membrane","A0A0K0EBX7","",NA,"",NA,"",NA,"",NA
"308","SSTP_0000699850",0.0165611349685689,0.0175157097231096,0,0,0,0,0,0,0,0.0166805877974745,0,0,0,0,0,0,0.0235920621884609,0.022429071275618,0,0.0240596559257375,0,0,0,0.0211282813954076,NA,NA,"Anoctamin",NA,NA,"A0A0K0EBY0","",NA,"",NA,"",NA,"",NA
"309","SSTP_0000699900",0.0507489179017653,0.189264738465717,0.144466833077528,0.068556287790342,0.130948433691008,0.0540317921299551,0.0442897504073264,0.0277037709466799,0,0,0,0,0.0505220344788911,0,0.0321714663144156,0.258333125612925,0.139972036074968,0.345970760983608,0.0902084726675732,0.146627273600305,0.160468053654704,0.32879693331398,0.234093148523788,0.322594866123177,"XLOC_009302 | TCONS_00014100.p1","Ss_chrX.2","Ribonuclease H","Integrase_cat-core, RNaseH_domain, RNaseH-like_sf, RNaseH_sf, Integrase_H2C2","nucleic acid binding, DNA integration, RNA phosphodiester bond hydrolysis, endonucleolytic, RNA-DNA hybrid ribonuclease activity","A0A0K0EBY1","",NA,"SPAL_0000492700",24.6429,"SVE_1078500",4.82143,"",NA
"310","SSTP_0000700000",0.0507857450132136,0.0344146521516784,0.03613468496423,0.0514186774414787,0.112311732523555,0.0359929256047946,0,0,0,0,0,0,0.0252425853917382,0,0.0321286721184882,0.0938916423313205,0.0932640978816493,0.0647822761966997,0.180313926162093,0.0733342390501111,0.0457987798111613,0.0469789144891317,0.0234200406445894,0.0860754375213535,"XLOC_009303 | TCONS_00014101.p1","Ss_chrX.2","Reverse transcriptase domain-containing protein","RT_dom, Rev_trsase/Diguanyl_cyclase, DNA/RNA_pol_sf",NA,"A0A0K0EBY2","",NA,"SPAL_0001092800",21.4646,"SVE_1431600",3.91414,"",NA
"311","SSTP_0000700100",0.0168962203492418,0,0,0,0,0,0.0221230208445817,0.0276753887807633,0,0,0,0,0,0,0.0160854584159819,0,0.0466357942821449,0.0216232118209851,0.0901682290714807,0,0,0,0,0,"XLOC_008660 | TCONS_00012913.p1","Ss_chrX.2","DNA-directed DNA polymerase",NA,NA,"A0A0K0EBY3","",NA,"SPAL_0000393900",20.0828,"SVE_1706700",12.6294,"",NA
"312","SSTP_0000700200",0,0,0.0360678800461385,0,0,0,0,0.0276685942452329,0,0,0,0,0.0252647115540919,0.0163682461429818,0.0160998255419907,0.0234816306008875,0,0.0865712484241142,0,0.0244113790201245,0.0229371408212787,0.0234634146722079,0.0467578771072717,0.0214750603568308,"XLOC_009304 | TCONS_00013411.p1","Ss_chrX.2","EKC/KEOPS complex subunit CGI121",NA,NA,"A0A0K0EBY4","",NA,"SPAL_0001146600",17.1429,"SVE_0798200",17.8571,"",NA
"313","SSTP_0000700300",0.0168858684963228,0,0.0180338932282686,0,0,0.0180319396151094,0,0,0,0,0,0.0184814724853079,0,0.0163828228952625,0,0.0234996923610507,0.0233454374430968,0,0.0902785465460283,0,0,0.0234694216074776,0,0,"XLOC_009305 | TCONS_00013412.p1","Ss_chrX.2","Transposase",NA,NA,"A0A0K0EBY5","",NA,"SPAL_0001287275",46.4481,"SVE_2006800",16.9399,"",NA
"314","SSTP_0000700400",0,0,0,0,0,0.017992464095581,0,0,0,0,0,0,0,0.0326984709399006,0.0160761735695022,0,0,0,0,0.14636245087061,0.114530393596674,0,0.0233639076840056,0,"XLOC_008661 | TCONS_00012914.p1","Ss_chrX.2","Protein kinase domain-containing protein","Kinase-like_dom_sf",NA,"A0A0K0EBY6","",NA,"SPAL_0001185000",13.3909,"SVE_1244600",15.7667,"",NA
"315","SSTP_0000700600",0.100057809192247,0,0.108108872880882,0.0171151378771799,0.0183060503768231,0.036427479800293,0.0219016833439237,0.0272396364584773,0,0,0.0164216401414012,0,0,0,0,0.0473853823457785,0.0473823824818088,0.0895509189450376,0.272958677101689,0.121151057573541,0.0469881735396552,0.0235385450954921,0.0231092365261601,0,"XLOC_009307 | TCONS_00013413.p1","Ss_chrX.2","",NA,NA,"A0A0K0EBY8","",NA,"",NA,"",NA,"",NA
"316","SSTP_0000700650",0.0167433927098339,0.017177026372402,0.0717312137674282,0,0.0926596776858674,0.054416291699633,0,0,0,0,0,0,0,0.0164726133612262,0,0.0471669852490093,0.0234387759156398,0.02193967251477,0.0906521227623786,0.0243219688489878,0.0463589689733386,0.0702273320081807,0.0696951661457097,0.0213240748516262,NA,NA,"",NA,"membrane","A0A0K0EBY9","",NA,"",NA,"",NA,"",NA
"317","SSTP_0000700700",0,0.00864655238065813,0,0,0,0,0,0,0,0,0,0,0,0,0,0.0232929442525026,0.0115940621321557,0.0221000833430614,0,0,0.011410799762742,0.0115607143329532,0,0,NA,NA,"Integrase_H2C2 domain-containing protein","Integrase_H2C2",NA,"A0A0K0EBZ0","SRAE_0000061100 | WBGene00256358",41.6667,"",NA,"",NA,"",NA
"318","SSTP_0000701000",0,0.00861275335574619,0.00895929733923542,0.00855763538967874,0.0092354910216855,0.0181767740339638,0.0109807796571729,0.0137140116525106,0,0.00839686064957162,0,0.00918037024046553,0,0.00827367196925188,0.00822795232648753,0.01180581588558,0.0235272864173922,0,0.0454551698602398,0.0364511215948102,0.0582768037269664,0.0234179303035439,0.0347447787035188,0.0532244761087021,"XLOC_008669 | TCONS_00012916.p1","Ss_chrX.2","DUF4174 domain-containing protein",NA,NA,"A0A0K0EBZ3","SRAE_X000232200 | WBGene00267906",0,"SPAL_0001140300",28.6822,"",NA,"",NA
"319","SSTP_0000701100",0,0,0,0.0511808358131448,0,0,0,0,0,0,0,0,0,0,0.0161071909527192,0.117162697492514,0.139687293189542,0.129952012274484,0,0.0728987415977503,0.0687998853296041,0,0,0,"XLOC_009309 | TCONS_00014105.p1","Ss_chrX.2","HTH CENPB-type domain-containing protein","HTH_CenpB_DNA-bd_dom, Homeobox-like_sf, Trp_repressor/repl_initiator, Brinker_DNA-bd","sequence-specific DNA binding","A0A0K0EBZ4","",NA,"SPAL_0000795000",44.9057,"SVE_0026100",26.4151,"",NA
"320","SSTP_0000701200",0,0.00861275335574619,0.00895929733923542,0.00855763538967874,0.0092354910216855,0.0181767740339638,0.0109807796571729,0.0137140116525106,0,0.00839686064957162,0,0.00918037024046553,0,0.00827367196925188,0.00822795232648753,0.01180581588558,0.0235272864173922,0,0.0454551698602398,0.0364511215948102,0.0582768037269664,0.0234179303035439,0.0347447787035188,0.0532244761087021,"XLOC_009310 | TCONS_00013414.p1","Ss_chrX.2","DUF4174 domain-containing protein",NA,NA,"A0A0K0EBZ3","SRAE_X000232200 | WBGene00267906",0,"SPAL_0001140300",28.6822,"",NA,"",NA
"321","SSTP_0000701500",0,0.00864655238065813,0,0,0,0,0,0,0,0,0,0,0,0,0,0.0232929442525026,0.0115940621321557,0.0221000833430614,0,0,0.011410799762742,0.0115607143329532,0,0,NA,NA,"Integrase_H2C2 domain-containing protein","Integrase_H2C2",NA,"A0A0K0EBZ0","SRAE_0000061100 | WBGene00256358",41.6667,"",NA,"",NA,"",NA
"322","SSTP_0000701600",0,0.0176491800331417,0,0,0.110218498377293,0,0,0,0,0,0,0,0,0,0,0,0,0,0,0.0730687008966917,0,0.0237503143151087,0,0.0213499888331562,NA,NA,"60S ribosomal protein L38",NA,NA,"A0A0K0EBZ9","",NA,"",NA,"",NA,"",NA
"323","SSTP_0000701633",0,0.00857455965902783,0,0.0255876767224936,0,0.0241557077077992,0.00729792639751759,0,0.0184579072992823,0.00837011965048238,0,0,0,0.016463912844085,0,0,0,0,0.0679148623821026,0.0363484244186639,0.0608460206182612,0,0,0,"XLOC_008672 | TCONS_00013764.p1","Ss_chrX.2","",NA,NA,"A0A0K0EC66","",NA,"",NA,"",NA,"",NA
"324","SSTP_0000701666",0.0505845984420954,0.0343756390246829,0.0360272743631107,0.565057652621067,0.503624446667522,0.505247410644239,0,0,0,0,0,0,0,0,0,0.14104002492937,0.0700615729234908,0.0868249937681038,0.0903146804064638,0.0731868642385981,0.0229904599590088,0.0469061104281495,0,0,"XLOC_009315 | TCONS_00013417.p1","Ss_chrX.2","CCHC-type domain-containing protein",NA,NA,"A0A0K0EC01","",NA,"",NA,"SVE_0392000",13.7124,"",NA
"325","SSTP_0000702800",0.0673287630102211,0.068737453995456,0.0719640717343936,0.171205698117288,0.0931134855008971,0.10846331538916,0.11038023532573,0,0,0.201618306301407,0.0165169227338856,0,0.0253484329965823,0.0328352804333462,0.0323862540807183,0.141161415718316,0.0467601864706532,0.174195853360536,0.090428860743664,0.0243774741647436,0.0460971386456348,0.023439400522895,0.0233290617672469,0.0214156723658449,"XLOC_009320 | TCONS_00013424.p1","Ss_chrX.2","RNase H domain-containing protein","RNaseH-like_sf, RNaseH_sf","nucleic acid binding","A0A0K0EC14","",NA,"",NA,"",NA,"",NA
"326","SSTP_0000703300",0.0166974635276454,0,0.0178940991384309,0.273225541435105,0.129335765951668,0.34449576661741,0,0,0,0,0,0,0,0.032925809017637,0.0163484826658912,0.0235675211212271,0.023414840434795,0.0219704706598084,0.090637768241466,0.0242707592365135,0.0463585352543008,0.116878508850873,0.0463497322536387,0.0425399940275209,"XLOC_009323 | TCONS_00014116.p1","Ss_chrX.2","Histone-lysine N-methyltransferase SETMAR","Transposase_1, RNaseH_sf","nucleic acid binding","A0A0K0EC19","",NA,"SPAL_0001337600",1.36986,"SVE_0104900",33.5616,"",NA
"327","SSTP_0000703400",0.0166179694946623,0.0172549466862528,0,0.255440387398772,0.365827982479693,0.235430890708382,0,0,0,0,0,0,0,0,0.0165323622148363,0.0235292690951828,0,0.0221689274158015,0,0,0,0,0,0.0211355573655722,"XLOC_009324 | TCONS_00014117.p1","Ss_chrX.2","HTH_11 domain-containing protein","HTH_11, WH-like_DNA-bd_sf, RNaseH_sf","nucleic acid binding","A0A0K0EC20","",NA,"",NA,"SVE_0394900",40.1869,"",NA
"328","SSTP_0000703500",0,0,0,0.15369430690727,0.036790111452031,0.108874557976443,0,0,0,0,0,0,0,0,0,0.0471611046851924,0,0,0,0.0484680310402746,0.0232818326960658,0,0,0,"XLOC_008678 | TCONS_00012922.p1","Ss_chrX.2","PITH domain-containing protein",NA,NA,"A0A0K0EC21","",NA,"",NA,"",NA,"",NA
"329","SSTP_0000703600",0.016832549723705,0,0,0.0337860227410297,0.0362934642710523,0.161221246789778,0,0,0,0,0,0,0,0,0,0,0.0239162811075069,0.0227228954243285,0.0896755835512882,0.0240982351549812,0,0,0,0,NA,NA,"Transposase",NA,NA,"A0A0K0EC22","",NA,"",NA,"",NA,"",NA
"330","SSTP_0000703700",0,0.0171536048945703,0,0,0.0185757135288308,0.054170095657357,0,0,0,0,0,0,0,0,0,0.0469986693434684,0.0233529813256174,0.130611515330396,0,0,0.0691125018881529,0.0233920646956086,0,0.0213638608522969,"XLOC_008681 | TCONS_00013771.p1","Ss_chrX.2","DDE_Tnp_1_7 domain-containing protein","PGBD",NA,"A0A0K0EC23","",NA,"",NA,"",NA,"",NA
"331","SSTP_0000703800",0,0.0343685866823376,0,0.0513592062829827,0,0.0540763872353292,0.0221017070809358,0,0.0368930342461608,0,0.0165472952097191,0,0,0.0327521381420272,0.016120376882207,0.164418247137581,0.140007962102826,0.108354935517038,0,0.024395402396003,0.11479690728901,0.140708208227431,0.0467173917305755,0.042906382634616,"XLOC_008681 | TCONS_00013771.p1","Ss_chrX.2","DDE_Tnp_1_7 domain-containing protein","PGBD",NA,"A0A0K0EC24","",NA,"",NA,"",NA,"",NA
"332","SSTP_0000703900",0,0.0174753549054427,0.0180125944909171,0.119671559048701,0.0549073102299981,0.0181966723537812,0,0.0272163876400222,0.0367886391277279,0.0335072866713883,0.0492374814558888,0,0,0,0,0.0236828877836431,0,0.0896328116510483,0.0908736731413159,0.096854727583963,0.0469502085501645,0.0470832624147688,0.0461745740554955,0.021222920006166,NA,NA,"",NA,NA,"A0A0K0EC25","",NA,"",NA,"",NA,"",NA
"333","SSTP_0000703950",0,0,0.017900622277126,0,0,0.0180965039023922,0,0,0,0,0,0,0,0,0,0,0.0467831793059595,0.0218853420242536,0.0904643123896865,0.0242804487108523,0,0,0,0.0212944869278532,"XLOC_008682 | TCONS_00012923.p1","Ss_chrX.2","RT_RNaseH_2 domain-containing protein","Rev_trsase/Diguanyl_cyclase, DNA/RNA_pol_sf",NA,"A0A0K0EC26","",NA,"",NA,"",NA,"",NA
"334","SSTP_0000704000",0,0,0.0179320865142738,0,0,0,0,0,0,0,0,0,0,0.0163657874919757,0,0.0234521047915387,0.0233059575593294,0.130243346777269,0.090137509472405,0,0.0229766992885374,0.0233633191809868,0,0,"XLOC_008683 | TCONS_00012924.p1","Ss_chrX.2","RT_RNaseH domain-containing protein","RT_RNaseH_2, DNA/RNA_pol_sf",NA,"A0A0K0EC27","",NA,"",NA,"",NA,"",NA
"335","SSTP_0000704100",0.0334290577258186,0.120841486118256,0.0538175355685003,0.102794694818218,0.0738058147815385,0.0546274186858606,0,0.0274419425674276,0,0.016806146179907,0,0,0,0,0,0.118324960491612,0.117846473904392,0.110878363488505,0,0.0972126619975693,0.163571841124074,0.281349892148026,0.115873508430378,0.255619005086067,"XLOC_009327 | TCONS_00013428.p1","Ss_chrX.2","",NA,NA,"A0A0K0EC28","",NA,"",NA,"SVE_2005300",31.7073,"",NA
"336","SSTP_0000704200",0.0503673875927349,0.103131164388218,0.0179604353534301,0.325256731487776,0.130121819651035,0.144947471156701,0.0220437543565508,0,0,0,0.0164903071361472,0.018436186010619,0,0.0164503874312513,0.0162681329007454,0.282742496839876,0.117112317149912,0.153112141322446,0.18117461270045,0.0730718760045906,0.115681218956659,0.421758203886073,0.0698900419277489,0.277881585913359,"XLOC_008684 | TCONS_00012925.p1","Ss_chrX.2","",NA,NA,"A0A0K0EC29","",NA,"SPAL_0000642200",22.5806,"",NA,"",NA
"337","SSTP_0000704300",0,0.0174091225196753,0,0,0.0362685533366906,0.0180659856336613,0,0,0,0,0,0,0,0.0331301598086166,0,0.0941760371069819,0.0471302901636156,0.0223127122528114,0,0.0481374521617093,0.0699827106544621,0.11718104707604,0.0458488990610168,0.0210561614266964,"XLOC_008684 | TCONS_00012925.p1","Ss_chrX.2","DUF2179 domain-containing protein",NA,NA,"A0A0K0EC30","",NA,"SPAL_0000435600",24.1379,"SVE_1687600",22.9885,"",NA
"338","SSTP_0000704400",0,0,0,0.137020931361594,0.275979096034196,0.236912320094643,0.0658992268659853,0.0820297362081559,0.184791045135074,0.184728088074043,0.0657571484398413,0.0732743298170597,0,0,0,0.023670664454223,0,0.0223155443061428,0,0.0243021196575773,0.0234868281858521,0,0.0463463568267658,0,"XLOC_008685 | TCONS_00013775.p1","Ss_chrX.2","CACTA en-spm transposon protein",NA,NA,"A0A0K0EC31","",NA,"",NA,"",NA,"",NA
"339","SSTP_0000704700",0,0.0346538974894497,0,0.0170724473467829,0,0,0,0,0,0,0,0.018256570834772,0,0,0,0,0.0235942303018941,0,0,0,0,0,0,0,"XLOC_008686 | TCONS_00013776.p1","Ss_chrX.2","Reverse transcriptase domain-containing protein",NA,NA,"A0A0K0EC34","",NA,"",NA,"",NA,"",NA
"340","SSTP_0000704833",0.0167166075607158,0.0344486405101942,0.0358674168197122,0.0513729678281724,0.0554870361563565,0.05455630678081,0.0219774896026457,0.0549424854874685,0,0.0840231460867388,0.0166616906161368,0.0367586428834971,0.0766450828912741,0.0993097720449675,0.115121907904964,0.0472806174550829,0,0.0441842339521745,0,0.0972738659230011,0,0,0.023197614731353,0,"XLOC_009328 | TCONS_00014121.p1","Ss_chrX.2","CCHC-type domain-containing protein","Znf_CCHC, Znf_CCHC_sf","nucleic acid binding, cytoplasm, zinc ion binding, enzyme binding","A0A0K0EC37","",NA,"",NA,"",NA,"",NA
"341","SSTP_0000704866",0.0331983820944403,0.0349025414585274,0.0179700576017327,0.102664226649196,0.0182521961991493,0.0544629221905328,0.0436211831233237,0,0,0.0668556860060955,0.0327585842195745,0.0544244514560131,0.0774273503981419,0.0996069179981552,0.0836878588483219,0.0708327960042451,0,0,0.0905127209470386,0,0.0234268492141102,0,0,0.021152129345544,NA,NA,"DDE_Tnp_1_7 domain-containing protein",NA,NA,"A0A0K0EC38","",NA,"",NA,"",NA,"",NA
"342","SSTP_0000704900",0.0167872654277159,0.0515801196168289,0.0359190590204914,0.154096789133964,0.185869570945496,0.235649747483794,0,0.0551398135556265,0,0.0335993864416356,0,0.0368746973680971,0,0.0493818103736584,0,0,0.0468639893526682,0.109466150447571,0,0.0730764655067485,0.0694529889750214,0.0234325907985123,0,0,"XLOC_009330 | TCONS_00013429.p1","Ss_chrX.2","Zf-RVT domain-containing protein",NA,NA,"A0A0K0EC39","",NA,"SPAL_0000528400",62.9834,"SVE_1495500",39.779,"",NA
"343","SSTP_0000705000",0,0,0.0356669983866903,0.25550343304118,0.147127047905506,0.307476610616155,0,0,0,0.0334278016413245,0,0,0,0.0329334373582238,0,0.0470459193652638,0.0233966186368053,0.0439651752089338,0.0904533495280732,0.0725704459254738,0.11588083578921,0,0,0,"XLOC_009330 | TCONS_00013429.p1","Ss_chrX.2","",NA,NA,"A0A0K0EC40","",NA,"",NA,"",NA,"",NA
"344","SSTP_0000705100",0,0.0515607286942247,0,0.0342442871330363,0.0373013974506431,0.0360907497584502,0.0220969598122034,0.138196686675816,0.036922959252572,0,0,0,0.0506102624357137,0.016391986127453,0,0.0940282249763025,0.140125632911143,0.217085397956281,0,0.0975752312083901,0.137953593797815,0.164161842318423,0.0233526083440434,0.0857787700401476,"XLOC_009331 | TCONS_00014125.p1","Ss_chrX.2","DDE_3 domain-containing protein","RNaseH_sf, Tc1-like_DDE_dom","nucleic acid binding","A0A0K0EC41","",NA,"",NA,"",NA,"",NA
"345","SSTP_0000705133",0.0168000174202228,0.0171886698429485,0,0.0171233197205471,0.0557921720469156,0.0905635289975531,0.0441056668150096,0.0551593911220645,0,0.302428294699105,0.280443749680547,0.184413372607884,0,0.0329038753311879,0.0162539800904546,0.188447264505662,0.0702491263752058,0.284084274786095,0.181134781519482,0.0243640130451049,0.161839247451185,0.210899711362158,0.116528818787821,0.0855437276788572,"XLOC_009333 | TCONS_00014126.p1","Ss_chrX.2","Retrovirus-related Pol polyprotein from transposon 17.6",NA,"membrane","A0A0K0EC42","",NA,"",NA,"",NA,"",NA
"346","SSTP_0000705166",0,0.0344161788010445,0,0.340484479671514,0.0548791497110381,0.0724203690970112,0,0,0,0.216950859334733,0.146914723939126,0.072826795007799,0.0511311223036951,0.033042754339918,0.0164995368603163,0.117593714340255,0.117403153721808,0.0885207393296667,0,0.0483201921619378,0.162943335608465,0.069972331156911,0.0460484799657906,0,"XLOC_008690 | TCONS_00012928.p1","Ss_chrX.2","RNase H domain-containing protein",NA,NA,"A0A0K0EC43","",NA,"",NA,"",NA,"",NA
"347","SSTP_0000705200",0,0.0178855104572291,0,0.338909551643922,0.109147679383663,0.305925292369103,0.499039891346259,0.564551285391771,0.324642479621677,0.0336684504180789,0.0330794452338874,0.0179063739514238,0,0.016958568047386,0,0,0.0239051914477717,0.0910707182539921,0.0899673505479053,0.0242017568008442,0.023269237166893,0.0714837592284331,0.06956700252134,0.0857587622814936,"XLOC_009334 | TCONS_00014127.p1","Ss_chrX.2","",NA,NA,"A0A0K0EC44","",NA,"",NA,"",NA,"",NA
"348","SSTP_0000706900",0,0.0174676611246905,0.0178363960820973,0,0,0,0,0,0,0,0,0,0,0,0,0,0,0,0,0,0,0,0,0,"XLOC_009206 | TCONS_00014052.p1","Ss_chrX.2","HSCB_C domain-containing protein",NA,NA,"A0A0K0EC60","",NA,"",NA,"",NA,"",NA
"349","SSTP_0000707000",0.235336273366494,0.18910412687243,0.269679997579913,0,0.0558135825873044,0.0181112399056503,0.0220615580278368,0,0,0,0,0,0,0,0,0.141328452599317,0.117084562061058,0.109223846505208,0,0.0731137745444125,0.0924510544786007,0,0,0.0213959870569532,"XLOC_009206 | TCONS_00014052.p1","Ss_chrX.2","HTH_48 domain-containing protein","RNaseH_sf, Mos1_HTH","nucleic acid binding","A0A0K0EC61","",NA,"",NA,"",NA,"",NA
"350","SSTP_0000707100",0.201223445798964,0.39613125732374,0.62887286877827,0,0.0185581961609989,0.0181951480310609,0,0,0,0,0.0164748557185588,0,0,0.0165160834257822,0,0,0.0235020912550629,0,0.0909799944292466,0.0243723976670364,0.0697906501408026,0,0.0232723136091149,0.1067873131768,"XLOC_008558 | TCONS_00012834.p1","Ss_chrX.2","N-acetyltransferase domain-containing protein",NA,NA,"A0A0K0EC62","",NA,"",NA,"SVE_1254200",53.3333,"",NA
"351","SSTP_0000707250",0.0167699947305954,0,0.0182549247495681,0.0509113154747831,0.0182199628068074,0.0180013476418689,0,0,0,0.0504920091795564,0.0329406529551002,0.0179237686118696,0,0,0,0.0479423258421949,0.0475840787179261,0.068026619169141,0,0.0241504963118211,0.0699384442282627,0.0236965054589001,0.0462046220186239,0.0427317418264009,NA,NA,"",NA,NA,"A0A0K0EC64","",NA,"",NA,"",NA,"",NA
"352","SSTP_0000707300",0,0.0347204831172046,0.0358567258064308,0.170428919376258,0.0547445187376716,0.199565975622618,0,0.0271456664373461,0,0.116905751441582,0.0326900253701716,0.0363759473283457,0.0256755307013501,0.0165494549114381,0.0166637699453987,0.16508490086107,0.0942585388933963,0.0668139891976132,0.0905584727160966,0.144852321652167,0.0701981449586518,0.0468517597901758,0.0920817257256566,0.0422556568627084,NA,NA,"",NA,NA,"A0A0K0EC65","",NA,"",NA,"",NA,"",NA
"353","SSTP_0000707333",0,0.00857455965902783,0,0.0255876767224936,0,0.0241557077077992,0.00729792639751759,0,0.0184579072992823,0.00837011965048238,0,0,0,0.016463912844085,0,0,0,0,0.0679148623821026,0.0363484244186639,0.0608460206182612,0,0,0,"XLOC_009209 | TCONS_00013343.p1","Ss_chrX.2","",NA,NA,"A0A0K0EC66","",NA,"",NA,"",NA,"",NA
"354","SSTP_0000707366",0.0168749548897792,0.0344001179874827,0.0180275297725373,0.102810486330035,0.0933370708898782,0.0541661148961623,0.022116465666511,0,0.0369451242931305,0.0168152483033023,0,0,0,0,0,0.305781899288885,0.116843029465861,0.217175488027244,0,0,0.0920131747288745,0.140820390077486,0.210352867147995,0.085854727149351,"XLOC_008561 | TCONS_00012836.p1","Ss_chrX.2","Integrase catalytic domain-containing protein","RNaseH-like_sf, RNaseH_sf","nucleic acid binding","A0A0K0EC67","",NA,"SPAL_0001476500",5.26316,"SVE_0687500",47.6974,"",NA
"355","SSTP_0000707400",0,0,0,0.478206246241303,0.482258956898132,0.415591502121787,0,0,0,0,0,0,0,0,0,0.0939925008420718,0,0.0218023922129972,0.0903424244764123,0.0243011881324237,0,0,0,0,"XLOC_008562 | TCONS_00012837.p1","Ss_chrX.2","",NA,NA,"A0A0K0EC68","SRAE_0000070500 | WBGene00256457",35.9375,"SPAL_0001605600",57.8125,"",NA,"",NA
"356","SSTP_0000707700",0.133698603213482,0.103499545790459,0.179269800496804,0.273998140365667,0.147682633523404,0.181918968089533,0.0878729681354911,0.219563531235797,0.296420693643893,0,0,0,0,0,0,0.118170462338058,0.0942350197762852,0.110696383588651,0.0909879851538669,0.0972254186351477,0.0233397555897628,0.140586862920955,0.0695213582496435,0.063891968361353,"XLOC_009211 | TCONS_00013345.p1","Ss_chrX.2","","AT_hook_DNA-bd_motif","DNA binding","A0A0K0EC71","",NA,"",NA,"",NA,"",NA
"357","SSTP_0000707800",0.383004452314848,0.291318611291202,0.107137213614461,0,0,0,0,0,0,0,0,0,0,0.0164517236629161,0.0163433578768337,0.0706100262351062,0.16371764213208,0.175733984115265,0.0904862303018299,0.121071833136053,0.0926491867688148,0.116604323688764,0,0.0212237673850831,"XLOC_008978 | TCONS_00013178.p1","Ss_chrX.2","",NA,NA,"A0A0K0EC72","SRAE_X000023200 | WBGene00265788",34.2857,"",NA,"",NA,"",NA
"358","SSTP_0000732800",0,0.0343793484762633,0,0.274005945441524,0.149297027327424,0.180352692112179,0.1105346897504,0.0553036999886595,0.258380649244713,0,0,0.0369422818136279,0,0.0327689346676396,0,0.0939975957484561,0.0233458601939769,0.108430503674977,0,0.0244018504724001,0.0229737424244524,0,0.0467272943206868,0,"XLOC_004910 | TCONS_00010994.p1","Ss_chr2","Serpentine receptor class gamma","7TM_GPCR_serpentine_rcpt_Srg","membrane, transmembrane signaling receptor activity, sensory perception of chemical stimulus","A0A0K0ECW2","SRAE_0000016250 | WBGene00255901",62.0061,"SPAL_0001177825",46.8085,"SVE_0755400",56.231,"",NA
"359","SSTP_0000737200",0.0676118314477205,0.034404552192576,0.0541433038574483,0.0685450814759694,0.056081573716709,0.0901032831824945,0.0442689989488576,0.0553784666286882,0.0368925315805744,0.0672598843468458,0,0,0.101095864138591,0.0163746154049084,0,0.09396814619802,0.0933472160558192,0.0216463912448888,0.0902422986176851,0,0.0229428930258601,0.0939155144573386,0.163775276757725,0.0644763112852863,"XLOC_004926 | TCONS_00006822.p1","Ss_chr2","G_PROTEIN_RECEP_F1_2 domain-containing protein","GPCR_Rhodpsn_7TM","membrane","A0A0K0ED08","SRAE_0000020600 | WBGene00255945",70.8241,"SPAL_0000504300",54.1203,"SVE_0242600",55.902,"",NA
"360","SSTP_0000738200",0,0,0,0.0171385651366959,0,0,0.0663522543844718,0.221308398022536,0.332642069718435,0.0168186367980665,0,0,0,0,0,0,0.0233765471428584,0,0,0,0,0,0,0,"XLOC_007257 | TCONS_00012020.p1","Ss_chr2","Serpentine receptor class gamma","7TM_GPCR_serpentine_rcpt_Srg, GPCR_Rhodpsn_7TM","membrane, transmembrane signaling receptor activity, sensory perception of chemical stimulus","A0A0K0ED18","",NA,"",NA,"",NA,"",NA
"361","SSTP_0000738900",0.101135753943465,0,0.0737159242560011,0,0,0,0.239775939490623,0,0,0,0,0,0.0910116566004434,0,0,0,0.0353340162874399,0,0.0394936177396052,0,0,0.00685442544126821,0,0,"XLOC_004932 | TCONS_00011006.p1","Ss_chr2","",NA,NA,"A0A0K0ED25","",NA,"",NA,"",NA,"",NA
"362","SSTP_0000742200",0.0204623344683361,8.6829179591248e-08,0,0,0,0,0,0,0,0,0,0,0,0,0,0,0,0,0,0,0,0,0,0,NA,NA,"",NA,NA,"A0A0K0ED59","",NA,"",NA,"",NA,"",NA
"363","SSTP_0000742300",0.0168155653528658,0,0,0.354395329173967,0.163155626119187,0.0894769841158848,0.129636411993338,0.0535035297480086,0.0719044675746847,0.0168163865440631,0,0,0.0526688277621491,0,0,0.0240063457160059,0.0238921491135968,0.022699967579839,0.0895850991391668,0,0.0231944322701805,0,0,0,NA,NA,"",NA,"membrane","A0A0K0ED60","",NA,"SPAL_0000423300",54.5455,"SVE_1642100",53.0303,"",NA
"364","SSTP_0000763350",0,0.0179902427950334,0,0.0522251689380602,0.059171687542939,0.0530851641649722,0,0,0.032014508171779,0.0346134940613796,0,0.0364305787072527,0,0,0,0,0.0227631067784957,0.0234885610730702,0,0,0.0441718057206405,0.138070143172297,0.216396528147699,0.0872626272533366,"XLOC_005032 | TCONS_00006945.p1","Ss_chr2","",NA,NA,"A0A0K0EDS1","",NA,"",NA,"",NA,"",NA
"365","SSTP_0000809100",0.0334661467821932,0.0871642264719916,0.126086763940942,0.0514337904186407,0.0368277359304278,0.0182579964462356,0,0.0273536579497656,0,0,0,0.0183220077902182,0,0,0,0,0,0,0.583049125107536,0.65138779386994,0.564534651723973,0,0,0,"XLOC_009054 | TCONS_00013241.p1","Ss_chrX.2","",NA,NA,"A0A0K0EF26","",NA,"",NA,"",NA,"",NA
"366","SSTP_0000821800",0.194448894988359,0.0931484047388471,0.223396184597708,0.0972082745980202,0.111427927179259,0.0170359413035298,0.0204430982759469,0.0270467420263581,0.0335601887563723,0.0169319177827983,0,0,0,0,0.0167888697375834,0.156272341221974,0.126207174295945,0.166210592319184,0.24781736891043,0.0236840532492847,0.0220561665226209,0.0242709748097319,0.0231667089036021,0,NA,NA,"Vesicle transport protein",NA,NA,"A0A0K0EFF5","",NA,"",NA,"",NA,"",NA
"367","SSTP_0000826950",0.0664824109232094,0.136667501491292,0.0211485173542455,0.320679847888062,0.232898225628384,0.167132142610364,0.0864286446703054,0,0.0360223827468124,0.167161866803487,0.195988538135703,0.107022798585578,0.0598595229995894,0.18391868329122,0.101263023987115,0.0250688708730756,0.0472462671138293,0.143382903211908,0,0,0.0296311326268399,0.0235505790886829,0.114498519929208,0,"XLOC_003429 | TCONS_00010356.p1","Ss_chr2","",NA,NA,"A0A0K0EFK7","",NA,"",NA,"",NA,"",NA
"368","SSTP_0000827000",0,0,0,0,0,0,0,0,0,0,0,0,0,0,0,0,0,0,0,0,0,0,0,0,NA,NA,"",NA,NA,NA,"",NA,"",NA,"",NA,"",NA
"369","SSTP_0000827600",0.0169195060898176,0.0344045242735296,0,0.0856746533267305,0.0561279273619136,0.0727133577487387,0,0,0.0368539897097053,0,0,0,0,0,0,0.0704142923240336,0.0233148798354739,0.0249437232970023,0.540921402589335,0.223043241393672,0.137417787436706,0.0234818667575306,0,0,"XLOC_009092 | TCONS_00013987.p1","Ss_chrX.2","Reverse transcriptase domain-containing protein","RT_dom, Rev_trsase/Diguanyl_cyclase, DNA/RNA_pol_sf",NA,"A0A0K0EFL4","",NA,"SPAL_0001094000",30.3965,"SVE_1278600",59.7651,"",NA
"370","SSTP_0000827625",0.0336505697668748,0.0687387808792251,0.0179860084119289,0.119849003831328,0.0744640954699681,0.090424263663908,0.0220701942689536,0,0,0.0168023556011899,0,0,0,0,0.0162066826063921,0.0235349785364466,0.0233877364361234,0.0217922871554513,0,0.12187544528993,0.184518391208043,0.0468767940625713,0,0.0214096831112242,"XLOC_009096 | TCONS_00013259.p1","Ss_chrX.2","Borrelia burgdorferi BBR25 lipofamily protein",NA,NA,"A0A0K0EFL5","",NA,"",NA,"",NA,"",NA
"371","SSTP_0000828000",0,0,0,0,0.0183595168716772,0.0182592932796566,0,0,0,0,0,0,0,0,0,0,0,0,0,0,0,0.0236367763066333,0,0,"XLOC_009728 | TCONS_00015418.p1","Ss_chrX.3","",NA,NA,"A0A0K0EFL9","",NA,"",NA,"",NA,"",NA
"372","SSTP_0000829100",0,0,0.0178691615593598,0.0511253999129151,0.0184646807727769,0.036151411105653,0.0219034454582277,0,0.036896770275884,0.0167252039418729,0,0,0.0507359960524567,0.0328287933816921,0.0325488164336139,0.0939888003085742,0.0467156260178348,0.0656061491687646,0,0,0,0,0,0,"XLOC_010290 | TCONS_00015077.p1","Ss_chrX.3","",NA,NA,"A0A0K0EFN0","",NA,"",NA,"",NA,"",NA
"373","SSTP_0000829800",0.0166582806655357,0.0260853276398892,0.0179575781995306,0.0427174323703522,0.0183147282882197,0.0363682388104114,0.174959635383892,0.258602015059178,0.349691918597288,0,0.0245967433825567,0.0273740956370067,0.0257172491254675,0,0.00833513104233181,0.023635410200419,0.0236364209479222,0.011152050191982,0,0.0847822977545652,0.0117244519766616,0.0117339380047284,0.0115502600413526,0.0317652442181997,"XLOC_008563 | TCONS_00012838.p1","Ss_chrX.2","HTH_48 domain-containing protein",NA,NA,"A0A0K0EFN8","SRAE_X000212400 | WBGene00267702",39.3939,"SPAL_0001160200",42.4242,"SVE_1630800",30.303,"",NA
"374","SSTP_0000833100",0.0851638496710436,0.068779049753653,0.0180342019468595,0,0.0933900839044508,0.0411014787355415,0,0,0,0.0841639159670673,0.0430638572787254,0.0554409810374153,0.0505570939544381,0.0714986817546965,0.0397409911560803,0.106175660148306,0,0.0506843822622946,0,0.0521455919876126,0.178901039256439,0.0469344300211856,0,0,"XLOC_010548 | TCONS_00015782.p1","Ss_chrX.4","Metalloendopeptidase","Peptidase_M12A, Peptidase_Metallo, MetalloPept_cat_dom_sf, Sperma_CUB_dom_sf","hydrolase activity, metal ion binding, proteolysis, membrane, metalloendopeptidase activity, zinc ion binding, metallopeptidase activity, peptidase activity","A0A0K0EFS1","SRAE_X000145900 | WBGene00267030",50.9044,"",NA,"SVE_1504900",38.2429,"",NA
"375","SSTP_0000833200",0.0666483895642807,0,0,0,0,0.0849977977030736,0,0,0,0.134104875327261,0.0231347564441777,0,0.025255278960004,0.0267354740626743,0.105240765320603,0.15205959543142,0.0466225299344722,0.0792633365933568,0.180297020002864,0.142867406165971,0.165310728819658,0,0,0,"XLOC_010548 | TCONS_00015783.p1","Ss_chrX.4","Metalloendopeptidase","Peptidase_M12A, Peptidase_Metallo, MetalloPept_cat_dom_sf, Sperma_CUB_dom_sf","zinc ion binding, proteolysis, metalloendopeptidase activity, metallopeptidase activity","A0A0K0EFS2","SRAE_X000146800 | WBGene00267039",50.1548,"SPAL_0000929100",40.2477,"",NA,"",NA
"376","SSTP_0000837200",0.0167446393972862,0,0,0.154399248275795,0.184151453440077,0.255726597880694,0.0659472853577717,0.191532641462432,0.110974291515927,0.0168173857061556,0,0,0,0,0,0,0.0474499500362677,0.0447642724131976,0,0,0,0.353373995529551,0.371203462185199,0.170172161609812,"XLOC_003259 | TCONS_00003518.p1","Ss_chr1","",NA,"membrane","A0A0K0EFW5","",NA,"SPAL_0000407700",30.6931,"",NA,"",NA
"377","SSTP_0000841250",0,0.0176299309999575,0.0180833211007819,0,0,0.017927563377922,0,0,0,0,0,0,0,0,0,0,0,0,0,0.0719822008879144,0.0464477746118187,0.0470378448391966,0,0.00526021500349161,NA,NA,"Variable outer membrane protein",NA,"membrane","A0A0K0EG04","",NA,"",NA,"",NA,"",NA
"378","SSTP_0000841300",0,0,0,0,0.0182466333355835,0,0,0,0,0,0,0,0,0,0,0.0236898417252365,0.0474223008363103,0,0,0,0,0,0,0,NA,NA,"Integrase catalytic domain-containing protein","RNaseH-like_sf, RNaseH_sf","nucleic acid binding","A0A0K0EG05","SRAE_0000066300 | WBGene00256412",50.5747,"",NA,"",NA,"",NA
"379","SSTP_0000841400",0.0674881900917067,0.0343849535479565,0.0360453789866489,0.0171283793236039,0.0186633990158171,0.0360819603417071,0,0,0,0,0,0,0,0,0,0.117528441226669,0.0467045265142677,0.065085409011588,0.451535335019463,0.146429763670537,0.183857743566527,0,0.0233660176303223,0,"XLOC_008511 | TCONS_00013672.p1","Ss_chrX.2","HTH_48 domain-containing protein","Transposase_1, WH-like_DNA-bd_sf, RNaseH_sf, Mos1_HTH","nucleic acid binding","A0A0K0EG06","",NA,"SPAL_0001337600",29.595,"SVE_0104900",17.134,"",NA
"380","SSTP_0000841600",0.479644449807212,0.172063392583133,0.213217205581498,0.0342774741732575,0.0374317319812024,0.07210417453617,0,0,0.0368567680209083,0.0336343594781595,0.0165962371692304,0,0.0757338872359341,0,0.0160672942718046,0.281688066806537,0.023317172999497,0.172784642204279,0.270485889482025,0.0977704770390793,0.174319753502853,0.0469756728503359,0,0.0215159425789005,"XLOC_008509 | TCONS_00013670.p1","Ss_chrX.2","C2H2-type domain-containing protein",NA,NA,"A0A0K0EG08","",NA,"",NA,"",NA,"",NA
"381","SSTP_0000841700",0.0168371634147905,0.0172003206920756,0.0360009554215234,0,0,0,0.0220885671505354,0,0,0,0,0,0,0,0,0,0,0.0218193128696647,0,0.0731875920514059,0.0461838950128556,0.0234566709571082,0,0,"XLOC_009250 | TCONS_00013373.p1","Ss_chrX.2","",NA,NA,"A0A0K0EG09","SRAE_0000073400 | WBGene00256491",32.8767,"SPAL_0001169700",32.4201,"SVE_1252600",30.5936,"",NA
"382","SSTP_0000841800",0.0337422943484267,0.0343905686784479,0.0540690966151853,0.0342605160713067,0.0373259720997675,0.0180491750369222,0.0884433067535801,0,0,0.0168103977929074,0,0,0,0,0.0161450858219036,0.0940563943357525,0.0467219280560192,0.303927568604881,0.180682503151592,0.0976289069963584,0.114974661447645,0.351955651284345,0.0467335828142749,0.085834062617878,"XLOC_009253 | TCONS_00013376.p1","Ss_chrX.2","Integrase catalytic domain-containing protein","Integrase_cat-core, RNaseH-like_sf, RNaseH_sf","nucleic acid binding, DNA integration","A0A0K0EG10","",NA,"SPAL_0000693100",15.9609,"SVE_1186400",7.49186,"",NA
"383","SSTP_0000841900",0.01665110671423,0,0,0.0341191095885578,0,0,0,0,0,0,0,0,0,0,0,0.0235442939661347,0,0.0880837389454357,0,0.0484469789836179,0.0232158503056902,0.163353554266543,0,0,"XLOC_009254 | TCONS_00013377.p1","Ss_chrX.2","",NA,NA,"A0A0K0EG11","",NA,"",NA,"",NA,"",NA
"384","SSTP_0000842000",0,0.0172456297245151,0,0.0171151834423701,0.0184328513750298,0,0,0.0274142528860766,0,0,0,0,0,0.0165576627503869,0,0,0.0235455458638956,0,0.181909325285197,0.0728361489993321,0.0466878204654815,0.0234221948746567,0,0.0212801195246998,"XLOC_008605 | TCONS_00012873.p1","Ss_chrX.2","SET domain-containing protein",NA,NA,"A0A0K0EG12","SRAE_X000179800 | WBGene00267375",25.2033,"SPAL_0000355000",11.3821,"SVE_0607800",20.3252,"",NA
"385","SSTP_0000842100",0,0,0,0,0,0,0,0,0,0,0,0,0,0,0,0,0.0232988024765514,0,0,0,0,0,0,0,"XLOC_008606 | TCONS_00012874.p1","Ss_chrX.2","Transcriptional regulator",NA,NA,"A0A0K0EG13","",NA,"SPAL_0001726100",24,"",NA,"",NA
"386","SSTP_0000842200",0,0.0171959538300652,0,0,0,0.018015486773787,0,0.0276782841674538,0,0,0,0,0.0252664346995713,0,0,0,0.0233294529868085,0.0649234174880748,0,0.195351909951733,0.0917471553856129,0.187761019571302,0.0233872068752079,0.0859333226952929,"XLOC_008607 | TCONS_00012875.p1","Ss_chrX.2","Reverse transcriptase domain-containing protein","Peptidase_aspartic_dom_sf, Rev_trsase/Diguanyl_cyclase, DNA/RNA_pol_sf",NA,"A0A0K0EG14","",NA,"SPAL_0001607725",0,"SVE_1780000",63.4921,"",NA
"387","SSTP_0000842300",0,0.0171828570604679,0,0,0.0185902006714515,0,0,0,0,0,0,0,0,0,0,0.0941958875451095,0.0234096892560071,0.0218478211552859,0,0.0243552989788678,0.046228651050729,0.11712593446454,0.0232971412386433,0.0855109512504197,"XLOC_008607 | TCONS_00013725.p1","Ss_chrX.2","Reverse transcriptase domain-containing protein","RT_dom, Rev_trsase/Diguanyl_cyclase, DNA/RNA_pol_sf",NA,"A0A0K0EG15","",NA,"SPAL_0001607725",36.2694,"SVE_1780000",72.0207,"",NA
"388","SSTP_0000842400",0.0166772891152573,0,0.0179060530064226,0.0341944057387936,0.0920361942424666,0.0545152691758065,0.0219317358499477,0.0273820744876239,0.0739584854655819,0.0167798687113531,0,0,0,0,0.0164878082114634,0.0708804234535754,0.0470390778043561,0.110787859020532,0.0909312341723152,0.194072833605947,0.0466736773010971,0.257499588713515,0.0693995610914303,0.10627916527361,"XLOC_008607 | TCONS_00013725.p1","Ss_chrX.2","",NA,NA,"A0A0K0EG16","",NA,"",NA,"",NA,"",NA
"389","SSTP_0000842500",0,0,0.0571466801408868,0,0,0,0,0,0,0.0574858748470949,0,0.0522387118689858,0,0,0,0,0,0,0,0,0.0843689127057226,0,0,0,"XLOC_009256 | TCONS_00014074.p1","Ss_chrX.2","RNase H domain-containing protein","RNaseH-like_sf, RNaseH_sf","nucleic acid binding","A0A0K0EG17","SRAE_0000061900 | WBGene00256366",24.2798,"SPAL_0000535600",34.5679,"SVE_0647000",47.3251,"",NA
"390","SSTP_0000842700",0.0168916767488989,0,0,0.0343294327722721,0.0184103040394768,0,0.0219974800196924,0,0,0.136138159389239,0.0996321716346647,0.0545076598619003,0,0,0,0.0964937484817665,0,0,0,0.024436576482779,0,0.071896814388501,0.093282040699246,0.06463776182191,"XLOC_008462 | TCONS_00012769.p1","Ss_chrX.2","Integrase_SAM-like_N domain-containing protein",NA,NA,"A0A0K0EG19","",NA,"",NA,"",NA,"",NA
"391","SSTP_0000842900",0.0333247872759392,0.08792146420554,0.018045108362798,0,0.0366080047940875,0.018218089407637,0.021907255555224,0.0272103834933388,0,0.285688317007093,0.29641559811002,0.163693800278708,0,0.0334479924851776,0,0.237878606906199,0.190280022326484,0.18020048247925,0,0.0242785436701277,0,0.236629408827353,0.115603831801038,0.170197046544103,"XLOC_008461 | TCONS_00013651.p1","Ss_chrX.2","",NA,NA,"A0A0K0EG21","SRAE_0000062000 | WBGene00256367",65.8824,"",NA,"",NA,"",NA
"392","SSTP_0000843000",0.0333943563075501,0.0176856263159364,0.0181439302306683,0,0,0,0.0436172092928967,0,0,0.0841535025906066,0.0329726276986054,0.0180662758700031,0,0,0,0.0238429331969985,0.0237976466793261,0,0.0905457680067512,0.0242158823213605,0.02341855348781,0.0236961408798401,0.0461909704828672,0.10654947363964,NA,NA,"HTH_48 domain-containing protein","Mos1_HTH",NA,"A0A0K0EG22","",NA,"",NA,"",NA,"",NA
"393","SSTP_0000843100",0.101469561359758,0.0688140636644905,0.14443357015682,0.0685477196608207,0,0.0540345778948312,0.110702372066307,0,0,0.235416584401264,0.331690963276338,0.0924749553322666,0.0252621117278661,0.0163676254148413,0.0482655775497583,0.0939382795556573,0.116643764887112,0.0865085507506631,0.0902091974782449,0.122167373795411,0.160487351826734,0.25830105763786,0.514890067070909,0.258011805485912,"XLOC_009105 | TCONS_00013271.p1","Ss_chrX.2","CCHC-type domain-containing protein","Znf_CCHC, Peptidase_aspartic_dom_sf, Znf_CCHC_sf, DNA/RNA_pol_sf","nucleic acid binding, cytoplasm, zinc ion binding, enzyme binding","A0A0K0EG23","",NA,"SPAL_0000206700",8.5389,"SVE_1277000",18.2163,"",NA
"394","SSTP_0000843300",0,0,0,0.0169717219506318,0,0.0180492441135172,0,0,0,0,0,0,0,0,0,0,0.0468163271214885,0.066185808654929,0,0.0722566426901823,0.116029126993139,0,0.0229531619524345,0,"XLOC_009105 | TCONS_00013269.p1","Ss_chrX.2","Helicase C-terminal domain-containing protein","P-loop_NTPase",NA,"A0A0K0EG25","SRAE_0000057100 | WBGene00256317",49.0909,"SPAL_0001491800",35.4545,"",NA,"",NA
"395","SSTP_0000843350",0.0331319052790382,0.0174164079685286,0.017934074155354,0.272176901058257,0.163941359933484,0.199296974599437,0,0,0,0,0,0,0,0.0165679106633557,0,0,0.0236007362436175,0.0892969200757922,0.0903314772519447,0.0722896566539586,0.0233799390265526,0,0.0229645612056925,0,NA,NA,"Reverse transcriptase domain-containing protein","RT_dom",NA,"A0A0K0EG26","",NA,"",NA,"",NA,"",NA
"396","SSTP_0000843600",0,0.034482724164443,0,0,0,0.0178078195039711,0,0,0.035790447191026,0,0,0,0.0255116921875401,0.016432872384501,0.0165406120115854,0,0.0232680318285124,0.0220900497099694,0,0.023763957747098,0.0230398911780774,0.0231696995337122,0,0,NA,NA,"HTH_48 domain-containing protein","Mos1_HTH",NA,"A0A0K0EG29","SRAE_X000162100 | WBGene00267194",31.7073,"SPAL_0000068300",35.3659,"SVE_1972200",51.2195,"",NA
"397","SSTP_0000844300",0,0.0343491093133783,0.0179381202245018,0,0.0185623058833271,0,0,0,0,0,0,0,0,0,0,0.0235521640080248,0.0234104957565579,0.0874976399742977,0.0905379551554722,0.0973212840581136,0.0462628442963774,0.023407085467744,0,0.0213498728940312,"XLOC_009167 | TCONS_00013317.p1","Ss_chrX.2","Integrase catalytic domain-containing protein","RNaseH-like_sf, RNaseH_sf","nucleic acid binding","A0A0K0EG35","",NA,"SPAL_0000417400",89.3258,"",NA,"",NA
"398","SSTP_0000844350",0.0332827157965673,0.0172885566588471,0.0536882502874895,0,0.0183135563038778,0,0,0,0,0,0.0163673173849256,0,0,0,0.0331202068151321,0.0235678319987295,0.0235449154882745,0,0.0907173641955862,0.0967996199549433,0.0233715835505056,0,0,0,"XLOC_009166 | TCONS_00014019.p1","Ss_chrX.2","CBFD_NFYB_HMF domain-containing protein",NA,NA,"A0A0K0EG36","",NA,"",NA,"",NA,"",NA
"399","SSTP_0000844400",0,0,0.0179247774271921,0.0170950500294683,0,0,0,0,0,0,0,0.0183975192305993,0,0,0,0.0235510635382887,0.0234059451491836,0,0.181055832830614,0.0243116795954428,0.115707950766624,0,0,0,"XLOC_009165 | TCONS_00014018.p1","Ss_chrX.2","DUF4371 domain-containing protein","DUF4371, EPM2A-int_1/ZBED8-like",NA,"A0A0K0EG37","",NA,"",NA,"",NA,"",NA
"400","SSTP_0000844500",0.0168726822426777,0.0687807277415871,0.144192181438178,0.0171306107775702,0.018664337407848,0.0360934113318068,0,0,0,0,0,0,0.0759230651633227,0,0,0.188095431452973,0.0700758985846436,0.151931201846056,0.0903322173575771,0.097631230169889,0.114954075111061,0.0234649812682379,0.140207701507071,0.0429200925341393,"XLOC_009164 | TCONS_00013316.p1","Ss_chrX.2","",NA,NA,NA,"",NA,"",NA,"",NA,"",NA
"401","SSTP_0000844600",0.0506090986366231,0.085959482625048,0.144167048109025,0.0171273669984084,0.0373221931155303,0.0541286919386017,0.0663228312390223,0.0276522008169862,0,0,0,0,0.0759071043318836,0.0163907659599669,0.0161380498312515,0.188056994403095,0.0934154464405322,0.173596160729027,0.632195679341758,0.585679574927542,0.528671319812603,0.0469211953238247,0.0233637738462929,0.0214562497700813,"XLOC_008520 | TCONS_00012815.p1","Ss_chrX.2","DUF4780 domain-containing protein",NA,NA,"A0A0K0EG38","",NA,"",NA,"SVE_1553900",0.318471,"",NA
"402","SSTP_0000844700",0,0.0343845525781077,0.198410747919757,0.0171263305033074,0.0560493995191501,0.0540302348860115,0,0,0.036870853011933,0,0.0165680535114467,0,0,0.016365014617339,0,0.0704349869794994,0.0233231935971319,0.0216336078603872,0.450947056842671,0.512699358091646,0.435657329824014,0,0,0,"XLOC_008519 | TCONS_00013678.p1","Ss_chrX.2","Integrase catalytic domain-containing protein","Integrase_cat-core, RNaseH-like_sf, RNaseH_sf, Integrase_H2C2","nucleic acid binding, DNA integration","A0A0K0EG39","",NA,"SPAL_0001561300",20.4444,"",NA,"",NA
"403","SSTP_0000844800",0.0167565435608291,0.0344171725084255,0,0,0.0185446604498037,0.036362321573114,0,0,0,0,0,0,0,0,0,0,0,0,0.272710335077225,0.0730660942680775,0.116204302892623,0,0.0232557917422649,0,"XLOC_008519 | TCONS_00013678.p1","Ss_chrX.2","RT_RNaseH_2 domain-containing protein","RT_RNaseH_2, Rev_trsase/Diguanyl_cyclase, DNA/RNA_pol_sf",NA,"A0A0K0EG40","",NA,"SPAL_0000901400",65.5629,"SVE_0611300",48.3444,"",NA
"404","SSTP_0000844900",0.0168828121706055,0.0343955294846543,0.0721284067725088,0.0171330513269827,0,0,0,0,0.0369199747717426,0,0,0,0,0,0,0.141034039528229,0.186813964598978,0.195170041124012,0.0903038878059217,0.122074518339509,0.091901342179358,0.117349613871563,0.0467552407555137,0.107354308462833,"XLOC_008519 | TCONS_00012814.p1","Ss_chrX.2","DNA-directed RNA polymerase",NA,NA,"A0A0K0EG41","",NA,"SPAL_0001330800",0.867052,"SVE_0725000",19.0751,"",NA
"405","SSTP_0000845000",0,0.0172078195946628,0.0722869584808043,0,0,0.0544297568175984,0,0,0,0,0,0,0,0,0,0.0469340864303141,0.0233095730771495,0.0884180885040501,0.0917813915200838,0.0493595093196768,0.092422307934325,0,0.0479252088887511,0.0216848257143848,"XLOC_008519 | TCONS_00013678.p1","Ss_chrX.2","Reverse transcriptase domain-containing protein","RT_dom, RT_RNaseH_2, Rev_trsase/Diguanyl_cyclase, DNA/RNA_pol_sf",NA,"A0A0K0EG42","",NA,"SPAL_0001598300",14.3849,"",NA,"",NA
"406","SSTP_0000845100",0.0175153395389196,0,0.0209991474718388,0.0179266811953085,0.0571870320451816,0,0.022484988803261,0,0,0.0170192410174082,0.0168101278281991,0.0196093393376131,0.0514917349827247,0.0330925778869157,0.0694605844541012,0,0,0.0218380056187866,0.0917713062330459,0.0772982304976091,0.0707051597664048,0.0243256929318038,0.0234152651834043,0.0436157202982406,"XLOC_008519 | TCONS_00013678.p1","Ss_chrX.2","",NA,NA,NA,"",NA,"",NA,"",NA,"",NA
"407","SSTP_0000845200",0.0166956486140648,0,0.0537137280124439,0.0683683174007795,0.110878675416648,0.108919251435097,0.0438735897403495,0.0274337209544412,0.0369876161013621,0,0,0,0,0.0495034611661362,0.0163933444351015,0.141623854690266,0.187670487855501,0.242397412421927,0.272210935819849,0.194226400939703,0.232301078346125,0.0701635894917337,0.0231712939510917,0.0212775304773157,"XLOC_008517 | TCONS_00012813.p1","Ss_chrX.2","",NA,NA,"A0A0K0EG43","",NA,"",NA,"",NA,"",NA
"408","SSTP_0000845300",0.133771477920966,0.103271937025633,0.125525789240826,0,0.0740334522472553,0.0545435736931715,0.0219706520664938,0.164856480884384,0,0.0167997080255437,0,0,0.0255244821891822,0,0,0.165482843333952,0.11747537857942,0.331052730645004,0.0908771691640453,0.218842475872207,0.302458162874672,0.046847995817602,0.023207094091952,0.0852415095143326,"XLOC_008517 | TCONS_00012812.p1","Ss_chrX.2","",NA,NA,"A0A0K0EG44","",NA,"",NA,"",NA,"",NA
"409","SSTP_0000845400",0,0.0800227557162933,0,4.31230516134335e-08,1.65496269745318e-05,0,0,0,0,0.071738400259104,0,0,0,0.0677808728533025,0,0,0,0,0,0,0,0,0,0,"XLOC_009163 | TCONS_00014016.p1","Ss_chrX.2","HTH_48 domain-containing protein","Transposase_1, Homeobox-like_sf, WH-like_DNA-bd_sf, RNaseH_sf, Mos1_HTH","nucleic acid binding","A0A0K0EG45","SRAE_X000180600 | WBGene00267383",41.0029,"SPAL_0001603900",73.4513,"SVE_0295600",25.3687,"",NA
"410","SSTP_0000845600",0,0,0.192475070635308,0.127876594457973,0.168422439890162,0,0.0865252660901848,0,0,0.145375556284207,0.0614107641276954,0.107445173528134,0,0,0,0,0,0,0,0,0,0,0,0,"XLOC_000181 | TCONS_00003719.p1","Ss_chr1","HTH_48 domain-containing protein","Transposase_1, Homeobox-like_sf, WH-like_DNA-bd_sf, RNaseH_sf, Mos1_HTH","nucleic acid binding","A0A0K0EG47","SRAE_X000180600 | WBGene00267383",41.1765,"SPAL_0001603900",72.9412,"SVE_0295600",25.2941,"",NA
"411","SSTP_0000856800",0,0,0,0,0,0,0,0,0,0,0,0,0,0,0,0,0,0,0,0,0,0,0,0,"XLOC_009675 | TCONS_00015398.p1","Ss_chrX.3","HTH_48 domain-containing protein","Transposase_1, Homeobox-like_sf, WH-like_DNA-bd_sf, RNaseH_sf, Mos1_HTH","nucleic acid binding","A0A0K0EGF7","SRAE_X000180600 | WBGene00267383",41.5929,"SPAL_0001603900",73.7463,"SVE_0295600",25.6637,"",NA
"412","SSTP_0000861500",0.0603514420743166,0,0.0621288223104622,0.0506183749357499,0.179636944057448,0.106261396426798,0.219216947273525,0.1618349185762,0.103732805730544,0.145383118257948,0,0.173486740383514,0.0884594462750406,0.0563528808953263,0.0508344205542318,0.0817894408744834,0.0648585398871104,0.0765210545909722,0,0.0782395018766489,0,0,0,0.0670818145469647,"XLOC_011330 | TCONS_00017160.p1","Ss_chrX.6","Histone-lysine N-methyltransferase SETMAR","RNaseH_sf","nucleic acid binding","A0A0K0EGK4","SRAE_X000167800 | WBGene00267252",50.9259,"SPAL_0001603900",62.037,"SVE_0295600",51.8519,"",NA
"413","SSTP_0000861600",0.135471543015728,0.257423579757813,0.20702333679844,0.104948409831657,0.145356969920916,0.192625771269307,0.11720050697231,0.139908413818086,0.117263692773892,0.0178820099475037,0.0547397035685546,0.0380907479623136,0.0919727781873193,0.0553052834036636,0.0409949616896692,0.210718148689229,0.156575430575622,0.191625856002845,0.0900260441607393,0.0257143349829852,0.0248225721934341,0.106839302831748,0,0,"XLOC_001865 | TCONS_00004438.p1","Ss_chr1","",NA,NA,"A0A0K0EGK5","",NA,"",NA,"",NA,"",NA
"414","SSTP_0000866200",0,0,0,0,0,0,0,0,0,0,0,0,0,0,0,0,0,0,0,0,0,0,0,0,NA,NA,"",NA,NA,NA,"",NA,"",NA,"",NA,"",NA
"415","SSTP_0000867500",0,0.0171856091604413,0,0,0.0185952342289501,0,0,0.0275773384340394,0,0,0,0,0,0,0,0.0858979883363838,0.0234119594963882,0.0218453538074108,0.0905453005505838,0.0974411724654823,0.0693383558841702,0.971121464789334,0.556175273444696,0.701521756384466,"XLOC_008012 | TCONS_00012412.p1","Ss_chrX.1","DDE_Tnp_IS1595 domain-containing protein",NA,NA,"A0A0K0EGR3","SRAE_X000009600 | WBGene00265650",25.5102,"",NA,"SVE_0484000",20.4082,"",NA
"416","SSTP_0000867600",0,0,0,0,0.0369779047032702,0,0,0.0274594743113492,0,0,0,0,0,0.0165002216907707,0,0.0472017681722254,0.0234542986708635,0.0440455794460658,0,0.0242931694588127,0.0232270645947326,0.584939941836344,0.324707099706968,0.787651480019776,"XLOC_008044 | TCONS_00012379.p1","Ss_chrX.1","",NA,NA,"A0A0K0EGR5","",NA,"SPAL_0000051200",26.7606,"SVE_1683000",30.9859,"",NA
"417","SSTP_0000867700",0.016600620219408,0,0.0179948502952431,0,0.0728197581485957,0,0,0,0,0,0,0,0,0,0,0.0236860521463829,0.0473248212993844,0.0224768557166526,0,0,0.0233906942134572,0.424142534198301,0.276283704470566,0.169538121416107,NA,NA,"Peptidase A2 domain-containing protein","Peptidase_aspartic_dom_sf",NA,"A0A0K0EGR6","",NA,"",NA,"",NA,"",NA
"418","SSTP_0000867900",0,0,0,0.0498330597137038,0.128224290130158,0.0885005728310418,0,0.0271358899056376,0,0.0206018138864924,0,0,0,0,0.00850591967913258,0.0364752541785013,0.00882937238840987,0.0823784633487151,0,0,0,0,0.0230077681704478,0,"XLOC_011535 | TCONS_00016883.p1","Ss_chrX.6","HTH_48 domain-containing protein",NA,NA,"A0A0K0EGR8","SRAE_X000212400 | WBGene00267702",39.3939,"SPAL_0001160200",44.4444,"SVE_1630800",31.3131,"",NA
"419","SSTP_0000868300",0.0506667666055173,0.0172037076248691,0.0721539927005904,0.0342780497171547,0,0.036088688056668,0.0221273174922397,0,0,0.0336356677489681,0.0165668510579806,0,0.0253053744909135,0,0,0.0705408885203676,0.0700789291970576,0.043385013119144,0,0.0488469499741384,0.0689483416275086,0.0704343316190473,0.233859045563349,0.042956942211097,"XLOC_003272 | TCONS_00003537.p1","Ss_chr1","Metalloendopeptidase","Peptidase_M12A, Peptidase_Metallo, MetalloPept_cat_dom_sf","hydrolase activity, metal ion binding, proteolysis, metalloendopeptidase activity, zinc ion binding, metallopeptidase activity, peptidase activity","A0A0K0EGS2","SRAE_X000147200 | WBGene00267044",56.7723,"SPAL_0000938500",41.4986,"",NA,"nas-38 | WBGene00003554",25.3602
"420","SSTP_0000878050",0,0.0172344599545564,0,0.0511095075513075,0.0548824867870817,0.0905500790914265,0.109208582307641,0.0544157033940844,0.0367702394697174,0.0667850623939774,0.0490282268741827,0.054641823823764,0.0255642313208719,0.0165348778771482,0.0495353860978941,0.0470731415693822,0.0234971424506653,0.0221478965045806,0,0.0241842895540934,0.04660898322344,0,0,0,"XLOC_010590 | TCONS_00015832.p1","Ss_chrX.4","GIY-YIG domain-containing protein",NA,NA,"A0A0K0EH24","",NA,"",NA,"",NA,"",NA
"421","SSTP_0000884000",0.178052427945237,0.210735897834655,0.079081115548118,0.330715395705688,0.428531701753613,0.224697823411425,0.0213355691061547,0,0,0,0.0154165948465973,0.021535887355388,0.113249436632526,0.0876043339532372,0.0545961421656155,0.10355656418946,0.0759157056038349,0.094345047085311,0.237925864175611,0,0.121561223841988,0.0201467613990536,0,0.0180112100301783,"XLOC_011528 | TCONS_00017255.p1","Ss_chrX.6","Variable lymphocyte receptor B cassette",NA,NA,"A0A0K0EH82","",NA,"",NA,"",NA,"",NA
"422","SSTP_0000896950",0,0,0,0,0,0,0,0,0.0307838698049928,0,0,0,0,0.0178884042566517,0,0.0257099404026898,0,0,0,0,0,0,0,0,NA,NA,"",NA,NA,"A0A0K0EHL5","",NA,"",NA,"",NA,"",NA
"423","SSTP_0000918200",0,0.0347372340542835,0.0179460428647146,0,0.0733841011665316,0.0181907280539845,0,0,0,0.0334949156784788,0.0492085454242681,0.0182545035593738,0,0,0,0.047246251000689,0.0944923670792268,0.0668615068127165,0.544785201824093,0.218138923312942,0.374970499541414,0.234575621402212,0.392844346751473,0.105883257282496,"XLOC_000896 | TCONS_00000948.p1","Ss_chr1","",NA,NA,"A0A0K0EI75","SRAE_1000143400 | WBGene00258040",68.6274,"",NA,"",NA,"",NA
"424","SSTP_0000933800",0,0.00050511005775171,0,0,0,0,0,0,0,0,0.00739437474796006,0,0,0,0,0,0,0,0.161044840018848,0.0715236448322819,0,0,0,2.93950532116516e-08,"XLOC_008554 | TCONS_00012831.p1","Ss_chrX.2","",NA,NA,"A0A0K0EIN2","SRAE_X000212400 | WBGene00267702",38.7097,"SPAL_0001160200",40.3226,"SVE_1630800",19.3548,"",NA
"425","SSTP_0000938100",0.0168656578774314,0,0,0.171238660998101,0.186568828415936,0.0721650526510431,0.375753182507101,0.60821981156642,0.627624215610895,0,0,0,0,0,0,0.0470087175012476,0.0233511563255144,0.0433974926038077,0.0903034802149693,0,0.068952829013971,0.0234551677334495,0.0233587300167408,0,"XLOC_005930 | TCONS_00007917.p1","Ss_chr2","",NA,"membrane","A0A0K0EIS5","",NA,"",NA,"SVE_0377200",47.4194,"",NA
"426","SSTP_0000943400",0,0,0,0.0337880912604375,0,0.0179383433803411,0,0,0,0,0,0,0,0,0.0162452372196007,0,0.0232229567526955,0,0,0,0.0460130873071717,0,0,0,"XLOC_008551 | TCONS_00013700.p1","Ss_chrX.2","DDE_Tnp_IS1595 domain-containing protein","Tnp_ISXO2-like",NA,"A0A0K0EIY0","",NA,"SPAL_0000349400",21.875,"",NA,"",NA
"427","SSTP_0000943500",0,0,0,0,0,0,0,0,0,0,0,0,0,0,0,0,0,0,0,0,0,0,0,0,"XLOC_009198 | TCONS_00014045.p1","Ss_chrX.2","RT_RNaseH_2 domain-containing protein","RT_RNaseH_2, DNA/RNA_pol_sf",NA,"A0A0K0EIY1","",NA,"SPAL_0001194100",2.38095,"SVE_1334000",66.6667,"",NA
"428","SSTP_0000943525",0,0,0,0,0,0,0,0,0,0,0,0,0,0,0,0.0233018864458681,0,0,0,0,0.0230087958667281,0,0,0,"XLOC_009198 | TCONS_00014045.p1","Ss_chrX.2","Integrase catalytic domain-containing protein","Integrase_cat-core, RNaseH-like_sf, RNaseH_sf","nucleic acid binding, DNA integration","A0A0K0EIY2","",NA,"SPAL_0000132100",0,"SVE_0915700",21.1382,"",NA
"429","SSTP_0000943700",0.147751784063205,0.0872286051394972,0.106594873024416,0.100287569008898,0.100918006637259,0.0720118597361852,0,0.0454449080546233,0.0527590316479616,0.0753998530658992,0,0.0197506117566268,0.128370636138637,0.0854202844562126,0.147823502082054,0.362865176429714,0.116214948333741,0.475051119781798,0,0.0429570975112083,0.0549326621990396,0,0,0.0521941306883159,"XLOC_010425 | TCONS_00015206.p1","Ss_chrX.3","rRNA small subunit pseudouridine methyltransferase Nep1",NA,NA,"A0A0K0EIY4","",NA,"SPAL_0001133800",36.8821,"SVE_1439800",0,"",NA
"430","SSTP_0000944000",0,0,0,0,0,0,0,0,0,0,0,5.62038475534774e-07,0.0729498943116325,0,0,0,0,0,0,0.107944022325373,0,0,0,2.43973006556964e-07,"XLOC_010515 | TCONS_00015991.p1","Ss_chrX.4","HTH_48 domain-containing protein","Transposase_1, Homeobox-like_sf, WH-like_DNA-bd_sf, RNaseH_sf, Mos1_HTH","nucleic acid binding","A0A0K0E7K6","SRAE_X000180600 | WBGene00267383",41.5929,"SPAL_0001603900",73.4513,"SVE_0295600",25.6637,"",NA
"431","SSTP_0000944100",0.0166216653098744,0.0171497672396717,0,0.0170399847401483,0.0183896986070325,0.0542902521507395,0,0,0.0368657497622976,0,0,0,0,0.0164745903869241,0.0163834851341097,0.0470156101326464,0.0234237954337824,0.0220115731086401,0.362043065597171,0.217744373032671,0.324915064228588,0.0233149203516852,0.0230612804045871,0,"XLOC_008034 | TCONS_00012376.p1","Ss_chrX.1","Pecanex-like protein",NA,NA,"A0A0K0EIY8","",NA,"",NA,"SVE_0931900",31.7829,"",NA
"432","SSTP_0000944300",0.0500383110632541,0.0173770226508815,0,0,0,0,0,0,0,0,0,0,0,0.0166162808646708,0,0,0,0,0,0.0242493360824785,0,0,0,0,NA,NA,"",NA,NA,"A0A0K0EIZ0","",NA,"",NA,"",NA,"",NA
"433","SSTP_0000946800",0.0169340265012488,0.0516254793258189,0.0361432175922769,0.0514214095424192,0.0561714738946696,0.179919287396801,0,0,0.0368474687592799,0,0,0,0,0.0654110862775481,0.0160568651007024,0.0938778418786702,0.0699364216355227,0.0863353452449427,0.721128294546124,0.171138941382266,0.320472788135902,0.187934758350404,0.093700232426166,0.0215246046483057,"XLOC_009119 | TCONS_00013996.p1","Ss_chrX.2","Retrovirus-related Pol polyprotein from transposon 17.6","RT_dom, Integrase_cat-core, RNaseH-like_sf, RNaseH_sf, RT_RNaseH_2, Integrase_H2C2, Rev_trsase/Diguanyl_cyclase, DNA/RNA_pol_sf","nucleic acid binding, DNA integration, DNA polymerase complex, DNA-directed DNA polymerase activity, DNA biosynthetic process","A0A0K0EJ17","SRAE_0000072400 | WBGene00256481",59.6417,"SPAL_0000332300",40.0421,"SVE_1063300",28.5564,"",NA
"434","SSTP_0000946900",0.0335588187173333,0.0343696625089766,0.0359030297175734,0.0171138874459397,0.018577554507472,0.0181202140688183,0.0440571397976178,0,0.0370256900879584,0,0.0164823684789912,0,0,0,0.0162762754527901,0.11781841751821,0.0234228985463089,0.0437730643924572,0.181189199358028,0.0730457479591875,0.161986970956619,0.0234217818447431,0.0232859674693525,0.0427301403035208,"XLOC_008487 | TCONS_00013659.p1","Ss_chrX.2","DDE_Tnp_IS1595 domain-containing protein",NA,NA,"A0A0K0EJ18","SRAE_X000009600 | WBGene00265650",68.3333,"",NA,"SVE_0484000",38.3333,"",NA
"435","SSTP_0000947000",0,0,0,0,0,0.0179891960773811,0,0,0,0,0,0,0,0,0,0.0233936773774435,0,0.0434876126094835,0,0.0724477766854698,0.0689609168198584,0,0,0,"XLOC_009119 | TCONS_00013282.p1","Ss_chrX.2","PITH domain-containing protein",NA,NA,"A0A0K0EJ19","",NA,"SPAL_0000369500",33.1361,"SVE_1063100",36.6864,"",NA
"436","SSTP_0000947100",0,0.017099721807612,0,0.0170259142446952,0,0.0542075798047627,0,0,0,0,0,0,0,0,0,0.0234754929556086,0.0233400804708144,0.0218797772755816,0,0.0242071704170458,0.0461884849529634,0.0233004706475292,0,0,"XLOC_008489 | TCONS_00012795.p1","Ss_chrX.2","DDE_Tnp_1_7 domain-containing protein","PGBD",NA,"A0A0K0EJ20","",NA,"",NA,"",NA,"",NA
"437","SSTP_0000947200",0,0.0171937947492831,0.0721248130916708,0.0513865791847978,0.0186744135524828,0.108166620677238,0,0.0276658205593628,0,0,0,0,0,0.0163790942921823,0.0322360308663765,0.140967789367762,0.116701749026922,0.108337903936397,0,0.122057167134911,0.0918356390366765,0.117327005532067,0.0467520437322112,0.0644115374325928,"XLOC_008490 | TCONS_00013661.p1","Ss_chrX.2","DDE_Tnp_1_7 domain-containing protein","PGBD",NA,"A0A0K0EJ21","",NA,"",NA,"",NA,"",NA
"438","SSTP_0000947300",0,0.0149829831052568,0.0178962041749936,0,0.0134171677778334,0,0.0219042821959216,0,0,0,0,0,0,0.0165525195866195,0,0,0.0470440108966159,0.0348244867252967,0,0.0210101317215639,0,0,0,0,"XLOC_009120 | TCONS_00013283.p1","Ss_chrX.2","",NA,NA,"A0A0K0EJ22","",NA,"",NA,"",NA,"",NA
"439","SSTP_0000947400",0,0,0.018024870053122,0,0,0.036044283726883,0,0,0,0,0,0,0,0,0,0.0234870221436295,0.116664488013696,0.108306049875905,0.270689569130641,0.0976118183169564,0.0918078005891252,0.0703721555986603,0.140206875930805,0.0643885877034126,"XLOC_008491 | TCONS_00013662.p1","Ss_chrX.2","DUF4371 domain-containing protein","RNaseH-like_sf, DUF4371, EPM2A-int_1/ZBED8-like",NA,"A0A0K0EJ23","",NA,"",NA,"",NA,"",NA
"440","SSTP_0000948300",0,0.0171711991553381,0,0.803993008385399,0.559129835808335,0.702885827639236,0.0220803515741351,0.0276178858555242,0.184405907327096,0,0,0,0,0,0.0161208220041869,0.164361040054463,0.0699815651528321,0.151734561928227,0.0902106321449019,0.0243734070517967,0.0229606444060338,0,0,0,"XLOC_003707 | TCONS_00005407.p1","Ss_chr2","Sulfotransfer_1 domain-containing protein","Sulfotransferase, Chst-1, P-loop_NTPase","membrane, positive regulation of response to oxidative stress, chondroitin 4-sulfotransferase activity, sulfotransferase activity, chondroitin sulfate biosynthetic process","A0A0K0EJ32","SRAE_2000463050 | WBGene00264863",79.0323,"SPAL_0000087100",64.8387,"SVE_1332200",59.6774,"K07H8.8 | WBGene00019508",20.3226
"441","SSTP_0000949300",0.0334593376457502,0.0344107479163262,0.0179351369821932,0,0.0185111055540408,0,1.1425691308723,0.0549846465758167,0,0.0167939322419454,0,0,0.0765252752020925,0.0330400601170781,0,0.0472583756836936,0.0469650219790591,0.066147602767971,0,0,0,0.0234257645580594,0,0,"XLOC_006036 | TCONS_00008039.p1","Ss_chr2","C-type lectin domain-containing protein",NA,"membrane","A0A0K0EJ42","SRAE_2000463900 | WBGene00264873",82.3944,"SPAL_0001428500",72.5352,"SVE_0573900",70.4225,"",NA
"442","SSTP_0000955610",0.0336865804867812,0.0515571301804251,0.036000410303084,0.171213087962034,0.130441004684629,0.198710851583498,0.0883401398751788,0.0276225868261683,0.0369510358336349,0,0.0165268130313018,0,0,0,0.0323482348457317,0.0705581245043832,0,0.0652472858067931,0.180774826659228,0.121919718997739,0.1611841636194,0,0,0,"XLOC_006018 | TCONS_00008016.p1","Ss_chr2","Metalloendopeptidase","EGF-like_dom, Peptidase_M12A, MetalloPept_cat_dom_sf","hydrolase activity, metal ion binding, proteolysis, metalloendopeptidase activity, metallopeptidase activity, peptidase activity","A0A0K0EJA8","SRAE_2000495500 | WBGene00265202",53.937,"",NA,"",NA,"hch-1 | WBGene00001828",24.4094
"443","SSTP_0000963700",0,0,0,0.0342934475718341,0.0934112658532543,0.0180633928625485,0.022132674436115,0.166101550855991,0.295719993093296,0.0168259888539169,0.0165682850596758,0.0184922535880426,0,0,0,0,0.0233803385434656,0.0217241526897727,0,0,0,0.093948941951817,0.116951141360216,0.0429609817819687,"XLOC_005789 | TCONS_00011411.p1","Ss_chr2","Serpentine receptor class gamma","7TM_GPCR_serpentine_rcpt_Sre","membrane, sensory perception of chemical stimulus","A0A0K0EJJ1","SRAE_2000425700 | WBGene00264487",27.0701,"SPAL_0000440600",50.9554,"SVE_0648300",51.2739,"",NA
"444","SSTP_0000973700",0,0,0,0,0.0145025426085354,0,0,0,0,0,0,0,0,0,0,0,0,0,0,0,0,0,0,0,"XLOC_010006 | TCONS_00014784.p1","Ss_chrX.3","Subcommissural organ spondin",NA,NA,"A0A0K0EJU6","SRAE_1000098100 | WBGene00257581",75.8621,"SPAL_0001697100",79.3103,"SVE_0003800",82.7586,"",NA
"445","SSTP_0000984900",0,0.0175125230844721,0,0,0,0,0.0647854396822075,0,0.108194717652784,0.0333319071071348,0.0163249492387841,0,0.0259027524109949,0,0,0.094438381079166,0,0.0223921347954149,0,0,0.0463786751154708,0.0234642079821154,0.0228694314361508,0,"XLOC_008886 | TCONS_00013089.p1","Ss_chrX.2","CUB domain-containing protein",NA,NA,"A0A0K0EK57","",NA,"",NA,"",NA,"",NA
"446","SSTP_0000986000",0,0,0.0179524978982551,0,0,0,0.0440133429477784,0,0,0,0,0,0,0.0164906644764577,0,0.188874588944454,0.0938578429269757,0.153746302058221,0,0.0243486214907224,0,0.0468694621123461,0.0232572024771546,0.0426948170667105,"XLOC_008629 | TCONS_00012889.p1","Ss_chrX.2","DEAD domain-containing protein","DEAD/DEAH_box_helicase_dom, P-loop_NTPase","nucleic acid binding, ATP binding","A0A0K0EK68","",NA,"",NA,"",NA,"",NA
"447","SSTP_0000986100",0,0,0,0,0,0,0,0,0,0,0,0,0,0,0,0.0234575628405708,0,0,0,0,0,0,0,0,"XLOC_008630 | TCONS_00012890.p1","Ss_chrX.2","DUF3019 domain-containing protein",NA,NA,"A0A0K0EK69","",NA,"",NA,"",NA,"",NA
"448","SSTP_0000986200",0,0,0.0716714648642782,0.0243321189109156,0,0,0,0,0.036941858262907,0.0200364613129909,0,0.0208147278763722,0,0.0207462343434335,0,0.0271333918074439,0.135001669053436,0.0934784404194502,0,0,0.0373551648095708,0,0.0232114508851764,0,"XLOC_008631 | TCONS_00012891.p1","Ss_chrX.2","",NA,NA,"A0A0K0EK70","",NA,"",NA,"",NA,"",NA
"449","SSTP_0000986300",0.0169330876468684,0.051623477014137,0.0180707172064276,0.1028385513828,0.056168844890371,0.0359831402870147,0,0,0,0,0,0,0,0.016352480561259,0.0160567925133193,0.0704066946216559,0.0699347469017803,0.17266962646757,0.270416628111383,0.171131257538629,0.13734389647689,0.140945187805233,0,0.0645704947285021,"XLOC_008632 | TCONS_00013738.p1","Ss_chrX.2","Endonuclease","Znf_CCHC, Aspartic_peptidase_AS, Peptidase_A2_cat, Peptidase_aspartic_dom_sf, Znf_CCHC_sf, RT_RNaseH_2, Rev_trsase/Diguanyl_cyclase, DNA/RNA_pol_sf","hydrolase activity, proteolysis, nucleic acid binding, cytoplasm, zinc ion binding, aspartic-type endopeptidase activity, enzyme binding","A0A0K0EK71","SRAE_1000163800 | WBGene00258246",56.5635,"SPAL_0001133200",58.698,"SVE_0270100",63.1804,"",NA
"450","SSTP_0000986400",0,0,0,0.051272926251552,0.111498138104305,0.0180527787293562,0,0,0,0,0,0,0.0253136624115258,0,0,0.0704800167743446,0.0233463573347396,0.152276357833344,0.090300407414956,0.0243318911006394,0.0920956098241402,0.0701907333897786,0,0.0213718037101768,"XLOC_008632 | TCONS_00012892.p1","Ss_chrX.2","Integrase catalytic domain-containing protein","Integrase_cat-core, RNaseH-like_sf, RNaseH_sf","nucleic acid binding, DNA integration","A0A0K0EK72","",NA,"SPAL_0000408700",34.9776,"",NA,"",NA
"451","SSTP_0000986500",0.0506905580049166,0.137634286928975,0.108265424030908,0.0171390181364127,0.0560655062662893,0.108206524326617,0.0221323947581405,0.0553706771923699,0,0,0,0,0,0.0163857551486735,0.016121517829166,0.11752557979114,0.0467010768472303,0.108360854719068,0.0902971051632949,0.024427565759728,0,0.18784150860987,0.0935706902714586,0.0644597429928491,"XLOC_009277 | TCONS_00013394.p1","Ss_chrX.2","DUF4218 domain-containing protein",NA,NA,"A0A0K0EK73","",NA,"",NA,"SVE_0769500",11.5979,"",NA
"452","SSTP_0000986600",0.100846205172844,0.309374799251681,0.143809880288275,0.0684901876046072,0,0.0362122286258496,0,0,0,0,0,0.0184421846815078,0,0,0.0162437048918741,0.0235485373663467,0.0702318278911948,0,0,0,0.0231056432594986,0.046866468889748,0.0233110431993294,0.0641795682510614,"XLOC_009278 | TCONS_00014088.p1","Ss_chrX.2","",NA,NA,NA,"",NA,"",NA,"",NA,"",NA
"453","SSTP_0000986800",0,0.0343286994479849,0,0.0170999466174896,0,0.0180052306648642,0,0,0,0,0,0,0,0.0163575128873372,0.0161026407079497,0.0234615974624666,0.0699243902726946,0.0432941778529835,0.0901353173114402,0,0.0229338258373999,0,0.069993746813504,0.0214278855025624,"XLOC_008556 | TCONS_00013703.p1","Ss_chrX.2","",NA,NA,NA,"",NA,"",NA,"",NA,"",NA
"454","SSTP_0000986900",0.0164243221657492,0.017407562932709,0.0178355461303664,0,0,0,0,0,0,0,0,0,0,0,0,0,0,0.0222105709227159,0,0,0.0229782756472901,0,0,0,NA,NA,"dCTP deaminase",NA,NA,"A0A0K0EK75","",NA,"",NA,"",NA,"",NA
"455","SSTP_0000987100",0.107289677068593,0.107225765483082,0.169150366341892,0.0881311754260742,0.0190498233446947,0.161219379392946,0,0,0,0,0.0163878694996678,0.0286211250998985,0.0801348567903747,0.167971439011005,0.122457418079876,0.122066845457372,0.078319774228911,0.113894515261918,0.499869440944022,0.126148628718073,0.124116438431191,0.0245540194394836,0.0249752359596696,0.0228802240633525,NA,NA,"HEAT repeat domain-containing protein",NA,NA,"A0A0K0EK77","SRAE_1000030200 | WBGene00256896",52.7132,"SPAL_0001021200",0,"SVE_0019200",47.2868,"",NA
"456","SSTP_0000987200",0.387703708966504,0.361055016676606,0.270183361244787,0.0513848474350977,0.0186482103300616,0.0361271027093622,0,0,0,0,0,0,0,0.0164079238553971,0,0.0940969973763048,0.0233720980870367,0.0217406862193571,0,0.0975892895758592,0.230210061562159,0,0.0233539158161315,0.0214435775231029,NA,NA,"Retrotrans_gag domain-containing protein",NA,NA,"A0A0K0EK78","",NA,"SPAL_0000448500",11.4815,"",NA,"",NA
"457","SSTP_0000987600",0,0,0,0,0,0,0,0,0,0,0,0,0,0,0,0,0,0,0,0,0,0,0,0,NA,NA,"",NA,NA,NA,"",NA,"",NA,"",NA,"",NA
"458","SSTP_0000989900",0,0,0.01809494534995,0,0,0,0,0,0,0,0,0,0,0,0,0,0,0,0,0,0,0,0,0,"XLOC_001812 | TCONS_00001905.p1","Ss_chr1","LAGLIDADG_2 domain-containing protein",NA,NA,"A0A0K0EKA5","",NA,"",NA,"",NA,"",NA
"459","SSTP_0000992200",0,0,0,0.051504679791944,0.0185561534511228,0,0,0,0.0371509072858884,0,0.0164808188968665,0.0184365277661642,0,0,0,0.047412638744542,0,0,0,0,0.0233395640110722,0.0939677453094672,0.0930615695132505,0.10685618173385,"XLOC_001802 | TCONS_00004409.p1","Ss_chr1","",NA,"membrane","A0A0K0EKC8","",NA,"SPAL_0000244900",49.2754,"SVE_1987400",47.8261,"",NA
"460","SSTP_0000992500",0.0501365891530251,0,0.0358600009279056,0,0,0.0909842489330167,0.219674442670229,0.384173794949044,0.704058421523981,0.117611010351492,0.114927395722329,0.0183584650201042,0.102407518240812,0.082763574116178,0,0.0472706277135395,0.0235601257892012,0.0221525174752514,0.0909820019407963,0.0243052309885531,0,0.187420925926314,0.32437661947275,0.21297971260415,"XLOC_000144 | TCONS_00003694.p1","Ss_chr1","","7TM_GPCR_serpentine_rcpt_Sri","membrane","A0A0K0EKD1","SRAE_1000100700 | WBGene00257607",53.6,"SPAL_0000244500",50.4,"SVE_0002100",48,"",NA
"461","SSTP_0000992600",0,0.0343915208665823,0.108136984493321,0.0342616712665934,0.0559874824976388,0.126358647074822,0.198997376596735,0.110622865436602,0.184682215260921,0.184921425833505,0.13240722404822,0.0923720753273796,0.151881904103736,0.114784705615422,0.0968868518371885,0.0705485487078786,0.116815643073278,0.0868519438883889,0.18070015254222,0.0976297649208633,0,0.117320770685004,0.210299409242166,0.0643742159218379,"XLOC_000144 | TCONS_00003694.p1","Ss_chr1","G_PROTEIN_RECEP_F1_2 domain-containing protein","GPCR_Rhodpsn_7TM","membrane","A0A0K0EKD2","SRAE_1000100700 | WBGene00257607",61.0561,"SPAL_0000244500",51.1551,"SVE_0002100",50.495,"",NA
"462","SSTP_0000992700",0,0.0345954710788186,0.0179055631733812,0.0682480446564676,0.0916163968981333,0.0726112034120557,0.0656470910632658,0.027242771594469,0.0368100971865473,0.0334555156508139,0.0163760071589978,0.0547389979060297,0.0512497557481878,0,0.0165689194322219,0.0471605897865774,0.0235574160093635,0.044424351471732,0.0907655280687943,0.0242126413741432,0.0467682047410949,0.163753162353286,0.115358241626408,0,"XLOC_000144 | TCONS_00003694.p1","Ss_chr1","","7TM_GPCR_serpentine_rcpt_Sri","membrane","A0A0K0EKD3","SRAE_1000100700 | WBGene00257607",59.434,"SPAL_0000244500",50.9434,"SVE_0002100",49.0566,"",NA
"463","SSTP_0000998000",0.00239868660904104,0.0668344134627139,0,0.0513350604390099,0,0,0,0,0,0.0167930479394652,0,0.0184503475942144,0,0,0,0.033873032206964,0.093377891805246,0.0251106662425592,0,0,0.0426443989160821,0,0,0,"XLOC_010548 | TCONS_00015787.p1","Ss_chrX.4","Metalloendopeptidase","Peptidase_M12A, Peptidase_Metallo, MetalloPept_cat_dom_sf","hydrolase activity, metal ion binding, proteolysis, metalloendopeptidase activity, zinc ion binding, metallopeptidase activity, peptidase activity","A0A0K0EKI6","SRAE_X000146700 | WBGene00267038",48.3986,"SPAL_0000929100",36.6548,"",NA,"",NA
"464","SSTP_0000999750",0,0,0,0,0.0179908809459974,0,0,0,0,0,0,0,0,0,0.0167056985172706,0,0,0,0,0,0,0,0,0,NA,NA,"NADH dehydrogenase subunit 1",NA,"membrane","A0A0K0EKK4","",NA,"",NA,"",NA,"",NA
"465","SSTP_0001014400",0,0,0,0,0,0,0,0,0,0,0,0,0,0,0,0,0,0,2.15206703912234e-08,0,0,0,0,0,"XLOC_011185 | TCONS_00016575.p1","Ss_chrX.6","Peptidase_M14 domain-containing protein","Peptidase_M14","proteolysis, zinc ion binding, metallocarboxypeptidase activity","A0A0K0EL00","",NA,"",NA,"",NA,"",NA
"466","SSTP_0001018500",0,0,0,0.0686052805644138,0,0.0180632612093087,0.0885602414979452,0.360012531649509,0.147873538487959,0.0168299204246246,0,0.0184988600807591,0,0,0,0.0706065322325453,0,0,0,0.0244384148662796,0,0.093974455651302,0.0935945140656188,0.0214890653880369,"XLOC_003386 | TCONS_00010336.p1","Ss_chr2","G_PROTEIN_RECEP_F1_2 domain-containing protein","GPCR_Rhodpsn_7TM, 7TM_GPCR_serpentine_rcpt_Str","membrane","A0A0K0EL41","SRAE_2000420200 | WBGene00264431",66.3609,"SPAL_0000685600",37.6147,"SVE_0886800",55.9633,"",NA
"467","SSTP_0001019600",0,0,0,0.154193423484059,0.0186307512381539,0.036186922117295,0.0220864912008706,0,0,0,0,0,0,0,0,0.0235478224134827,0,0.0218009647461922,0,0,0,0,0.0233418990582518,0.0428527804363361,"XLOC_005710 | TCONS_00011372.p1","Ss_chr2","",NA,"membrane","A0A0K0EL52","SRAE_2000526500 | WBGene00265525",70.4846,"SPAL_0001351700",44.0529,"SVE_0879300",58.1498,"",NA
"468","SSTP_0001019900",0.0168643696608397,0.0171836228139233,0,0.75325447261001,0.820805328828817,1.11787658173875,0,0,0,0,0,0,0,0,0,0.0234923240389515,0,0.0216811124945098,0.0902551909227658,0.0487855125699923,0.0229679151925692,0,0,0,"XLOC_003378 | TCONS_00010331.p1","Ss_chr2","G_PROTEIN_RECEP_F1_2 domain-containing protein",NA,"membrane","A0A0K0EL55","",NA,"",NA,"",NA,"",NA
"469","SSTP_0001028100",0.0816909939304649,0.103506613245719,0.0894876479692865,0.0485640453977532,0.0350184690172391,0.0274194949960269,0,0.0543084130515508,0.0367296394988824,0,0.0370317930467513,0.0363765835399368,0.197353421823049,0.0620608770813398,0.0166145357657847,0.218999684615727,0.0942298520602582,0.0987979353642177,0,0.0816849807890586,0.050756349903871,0.0115359532401886,0,0,"XLOC_010503 | TCONS_00015744.p1","Ss_chrX.4","LAGLIDADG_2 domain-containing protein",NA,NA,"A0A0K0ELD7","SRAE_X000212400 | WBGene00267702",39.3939,"SPAL_0001160200",45.4545,"SVE_1630800",31.3131,"",NA
"470","SSTP_0001028500",0,0,0.0178009481416998,0.0169881849155154,0,0.0542003591810857,0,0,0,0,0,0,0.0255114924717695,0,0.0164646085174769,0.0234689553666806,0.0468617400472731,0.0441666736187602,0.0903494756394819,0.0241088315523825,0.0464567182435844,0.0232747918391275,0.0919016359570737,0.0421773276689234,"XLOC_010498 | TCONS_00015740.p1","Ss_chrX.4","",NA,NA,"A0A0K0ELE1","",NA,"",NA,"",NA,"",NA
"471","SSTP_0001028600",0.581122911878504,0.258177724531594,0.392602917404262,0,0.0366266067723208,0.0362271761920074,0.0655365459864464,0,0,0,0,0.0182349066619096,0,0.0495602281539367,0.0329785186709728,0.164881034979914,0.0234720607746206,0.177016587185871,0,0.072461762338683,0.139725748303555,0,0,0,"XLOC_008073 | TCONS_00012430.p1","Ss_chrX.1","Transposase",NA,NA,"A0A0K0ELE2","",NA,"",NA,"",NA,"",NA
"472","SSTP_0001028700",0.151733280326195,0.154893217871193,0.0540582196705465,0,0.0186524145244686,0,0,0.0553096187595166,0,0,0,0,0,0,0,0,0,0.0218039088708947,0.0905567998571191,0.122075898423313,0.0461589497437633,0.0234753296946281,0.0233657045344874,0,"XLOC_008073 | TCONS_00012430.p1","Ss_chrX.1","SHSP domain-containing protein",NA,NA,"A0A0K0ELE3","",NA,"SPAL_0000416100",0,"SVE_1046100",38.8186,"",NA
"473","SSTP_0001028800",0,0.0173256605907017,0,0,0.0360659957375713,0.0179321590882282,0,0,0,0,0,0,0.0256082129675946,0,0,0,0.0234241629365099,0,0,0,0.0463815279933245,0,0,0,"XLOC_008034 | TCONS_00012376.p1","Ss_chrX.1","",NA,NA,"A0A0K0ELE4","",NA,"",NA,"",NA,"",NA
"474","SSTP_0001037300",0.11853326469048,0,0,0.11180339212596,0.111017692045756,0,0,0,0,0,0.105768199169261,0,0.147088724086444,0,0.241800089391226,0.165135200719114,0,0,0,0,0,0,0,0,"XLOC_009361 | TCONS_00015256.p1","Ss_chrX.3","HTH_48 domain-containing protein","Transposase_1, Homeobox-like_sf, WH-like_DNA-bd_sf, RNaseH_sf, Mos1_HTH","nucleic acid binding","A0A0K0ELM9","SRAE_X000180600 | WBGene00267383",41.2979,"SPAL_0001603900",73.4513,"SVE_0295600",25.3687,"",NA
"475","SSTP_0001037400",0.0331849883357998,0,0,0.0170084203273822,0,0.0180788027454061,0,0.0272429069416669,0.0735948840846504,0,0,0,0,0.0164695941413658,0,0.0470237387390763,0.070214181012713,0.0440828357445245,0.0904644539015918,0.0724238759188128,0.092870889718453,0,0,0,"XLOC_009162 | TCONS_00013315.p1","Ss_chrX.2","Conjugal transfer protein",NA,NA,"A0A0K0ELN0","",NA,"",NA,"",NA,"",NA
"476","SSTP_0001037500",0,0.0171865752705722,0,0.0510087488562285,0.0548104623888559,0.0361647355374768,0,0,0.0367034241590901,0,0,0,0,0,0.0164788858660835,0.140935892521964,0.093804752770815,0.154717405218861,0,0.1447789034371,0.0929940067310077,0.0465899493287932,0,0.0211068785696712,NA,NA,"",NA,NA,"A0A0K0ELN1","",NA,"",NA,"",NA,"",NA
"477","SSTP_0001037600",0.0166469107530557,0.017256044376103,0,0.0341395589294678,0.036703993362526,0.0363027876240486,0.0875747725690616,0.0818755605122957,0.147592987278505,0.016742483531198,0.0163737089313621,0.0182702644663519,0.025638088888862,0,0.0165401804818872,0.188875355460937,0.117683906717614,0.199700032595297,0.363141840700356,0.29067620760899,0.0700223870295865,0,0,0.0424097635221228,"XLOC_009161 | TCONS_00013314.p1","Ss_chrX.2","",NA,NA,"A0A0K0ELN2","",NA,"",NA,"",NA,"",NA
"478","SSTP_0001037800",0.202309725512786,0.154833196290951,0.108106832114082,0.0171393527689083,0.0373044520020417,0.0542582561653155,0,0,0,0,0.0330838046567154,0,0,0,0,0.0941851453945983,0.0701910877736137,0.0871082965590413,0,0.14645241013404,0.253602738664197,0,0.0467238052888591,0.0428957569329092,"XLOC_008515 | TCONS_00013675.p1","Ss_chrX.2","Integrase catalytic domain-containing protein","Integrase_cat-core, RNaseH-like_sf, RNaseH_sf","nucleic acid binding, DNA integration","A0A0K0ELN4","SRAE_0000047000 | WBGene00256214",44,"SPAL_0000132800",47.6,"SVE_0092700",32.8,"",NA
"479","SSTP_0001037900",0.270529155743276,0.223637115854574,0.482921109334448,0.0737754419873476,0.144051339025271,0.0778185882342031,0.0834737247190154,0,0.0368832226813137,0.11770620254473,0.049745047913127,0.036986559817958,0,0.0235717027172504,0.0214629947615516,0.0960409341837475,0.0514521486602657,0.109786861063561,0.228674830920284,0.150894042750916,0.340007691236248,0.0704414661304004,0.187207506863671,0,"XLOC_008515 | TCONS_00013675.p1","Ss_chrX.2","DDE_Tnp_1_7 domain-containing protein","PGBD",NA,"A0A0K0ELN5","",NA,"",NA,"",NA,"",NA
"480","SSTP_0001038000",0.388700678311646,0.206487813452596,0.469236147436052,0.0685680904230333,0.0560760192762988,0.0541122303633262,0.0221363633974595,0.0276903681989736,0.0369223365705656,0.0841034176206993,0.149186457068386,0.11096380564103,0.0252965164313376,0,0,0.0940363294657173,0.0233544051653355,0.021675533816095,0.180625257390724,0.17102400721105,0.206722921918922,0.0234844276027774,0.0233969174656258,0.042981145330034,"XLOC_008515 | TCONS_00013675.p1","Ss_chrX.2","Reverse transcriptase domain-containing protein","RT_dom, Rev_trsase/Diguanyl_cyclase, DNA/RNA_pol_sf",NA,"A0A0K0ELN6","SRAE_X000232600 | WBGene00267910",61.1825,"SPAL_0001720500",43.4447,"SVE_0092500",32.1337,"",NA
"481","SSTP_0001038200",0,0,0,0.11972873388848,0.0551110296924668,0.109289085548412,0,0,0,0,0,0,0,0,0,0,0,0,0.454589435835715,0.169888753603209,0.140800169058839,0.0234886555002591,0,0.0424093796827382,"XLOC_008452 | TCONS_00012764.p1","Ss_chrX.2","RNase H domain-containing protein","RNaseH_domain, RNaseH-like_sf, RNaseH_sf","nucleic acid binding, RNA phosphodiester bond hydrolysis, endonucleolytic, RNA-DNA hybrid ribonuclease activity","A0A0K0ELN9","",NA,"SPAL_0000526000",68.6274,"SVE_0372100",26.4706,"",NA
"482","SSTP_0001038700",0.253643791939654,0.120435851156543,0.198587886743972,0.10283287393691,0.0561017119808334,0,0,0.0276971288608443,0.0368895851807942,0.0840871403757408,0.0663331820926838,0.0739820615796403,0.176897171474425,0.392953215684592,0.225362888322119,0.140946987992799,0.0933423412092418,0.25966913348352,0.0902367120607551,0.0244340486029179,0.0229375000044981,0.0939337987177013,0.0468069294651159,0.0644984441021936,"XLOC_008508 | TCONS_00012808.p1","Ss_chrX.2","SAP domain-containing protein",NA,NA,"A0A0K0ELP5","",NA,"",NA,"",NA,"",NA
"483","SSTP_0001038900",0.0450217326196785,0,0.0396709313969041,0.0856725705263234,0.0374057704087892,0.0539023792299199,0,0,0,0,0,0,0,0,0,0.0234775171378741,0,0.0864603983713295,0,0,0.0318218285062605,0,0,0,"XLOC_009186 | TCONS_00013331.p1","Ss_chrX.2","",NA,NA,NA,"",NA,"",NA,"",NA,"",NA
"484","SSTP_0001038933",0.0670463800180391,0.22344531764732,0.251221398966729,0,0,0.0181407591149155,0.044008549998335,0,0,0,0,0,0,0,0,0.0235872852603726,0.0234487679214531,0.0658166924540533,0,0.024339826832928,0.115911148594041,0,0.0232596879361018,0.0640396183960614,"XLOC_009185 | TCONS_00013330.p1","Ss_chrX.2","",NA,NA,"A0A0K0ELP7","",NA,"",NA,"SVE_1254200",50.3067,"",NA
"485","SSTP_0001038966",0.0168319466512774,0.0171829526027076,0,0.034238185827104,0.0558666958884253,0.0361483939791811,0.0662250197180462,0.0276103005203154,0.0369611314337427,0.201601252675177,0.115614783481883,0.0922463110710002,0.0506886868626043,0.0492453334387132,0.0161895528175603,0.164666088704796,0.0467536447274137,0.130617753198932,0,0.0243760334514098,0.0921759673092398,0.0234377492593018,0,0.0214150867074175,"XLOC_008538 | TCONS_00012823.p1","Ss_chrX.2","RNase H domain-containing protein","RNaseH-like_sf, RNaseH_sf","nucleic acid binding","A0A0K0ELP8","",NA,"SPAL_0000796200",41.1017,"",NA,"",NA
"486","SSTP_0001040000",0.0355952495711822,0.104734335599473,0,0,0.0546328784040861,0,0,0,0,0,0,0,0.0627918219724908,0,0,0.422177069967796,0.0640306774080624,0.205708549814996,0.182533622707374,0.125024218837131,0.0596453464120841,0,0,0,NA,NA,"Histone-lysine N-methyltransferase SETMAR","Transposase_1, RNaseH_sf","nucleic acid binding","A0A0K0ELQ8","",NA,"SPAL_0001337600",9.23913,"SVE_0104900",27.1739,"",NA
"487","SSTP_0001040050",0,0.0171618879513632,0,0.0170972395835136,0,0,0,0,0,0,0,0,0,0,0,0.0235093251497331,0,0.0217861392758112,0,0,0,0,0.023282764587958,0,NA,NA,"G_PROTEIN_RECEP_F1_2 domain-containing protein","GPCR_Rhodpsn_7TM, 7TM_GPCR_serpentine_rcpt_Srh","membrane","A0A0K0ELQ9","SRAE_2000474450 | WBGene00264986",33.3333,"SPAL_0001229050",29.0476,"SVE_1655200",37.619,"",NA
"488","SSTP_0001042300",0,0,0,0.0171212095185427,0.0185510011579262,0,0.0440085146555189,0,0,0.0168041094909507,0,0.0368239349443383,0.0509843102429174,0.032988767532057,0,0.259694469364897,0.0469399279860236,0.08790637377912,0,0.0243485362675768,0,0.0468757863072972,0.116289272336386,0.064032796279292,"XLOC_005677 | TCONS_00007645.p1","Ss_chr2","",NA,NA,"A0A0K0ELT4","SRAE_2000276800 | WBGene00262982",56.051,"SPAL_0001410300",52.2293,"SVE_1725900",45.8599,"",NA
"489","SSTP_0001042800",0,0,0,0,0,0,0.0219759321331919,0.0274846035252843,0,0.0335142200897118,0,0,0.0253843030683312,0.0821629450242817,0.113826485996925,0,0.023383770698551,0.0218607233638779,0,0.048595327502049,0,0.0233767850019563,0.092933923474101,0,"XLOC_005674 | TCONS_00011350.p1","Ss_chr2","VHL domain-containing protein","VHL_sf, VHL_beta_dom_sf",NA,"A0A0K0ELT9","",NA,"SPAL_0001739850",35.0575,"SVE_1618700",49.4253,"",NA
"490","SSTP_0001042950",0.0332914934478719,0.0171982917246506,0,0,0.0551200347538249,0.0181306206075472,0.131332224470121,0,0.0368992391626035,0.284514839025864,0.0490792598345097,0.23765163279045,0.102059023714325,0.264187568640492,0.361680916384967,0.0707205155225125,0.0938547988958761,0.0220923153749123,0,0,0,0.0233548169184247,0,0,NA,NA,"",NA,NA,"A0A0K0ELU1","SRAE_0000025300 | WBGene00255993",69.6721,"SPAL_0001739750",60.6557,"SVE_1618900",64.7541,"",NA
"491","SSTP_0001046550",0.0168954844776476,0,0,0,0,0,0.0220220355297154,0,0.0735281940453419,0.0170416899047661,0,0,0,0,0,0,0,0,0,0,0,0,0,0,NA,NA,"SCP domain-containing protein",NA,NA,"A0A0K0ELX7","",NA,"",NA,"",NA,"",NA
"492","SSTP_0001046600",0,0.0343915553797495,0.036051172595956,0.0342633392385208,0.0373324738541939,0.0360910014184011,0.132679370475539,0.165955720646161,0.147715341627639,0,0.0165540788437708,0.0369516329141176,0.101224454627013,0.0163933243834587,0.016139513177402,0.117555534997566,0,0.021701399913827,0,0.0244092211294032,0.0459766860447168,0.0234661464961109,0.0233697354659142,0.0214620915660948,"XLOC_001677 | TCONS_00001784.p1","Ss_chr1","Nucleotid_trans domain-containing protein","DUF1647, Nucleotide-diphossugar_trans",NA,"A0A0K0ELX8","SRAE_1000110300 | WBGene00257705",68.5535,"SPAL_0000078900",54.0881,"SVE_0615800",50.9434,"C16D9.5 | WBGene00015860",22.0126
"493","SSTP_0001048100",0,0.0171941072041233,0,0.342483497554735,0.241461330563962,0.163247651267517,0.418390198742198,0.330547900667278,0.296460711333684,0.0167967999341736,0.016479968491053,0,0,0,0.0326148433641728,0.0235882914245157,0.023442692477821,0.043844418168611,0,0.0487090880863636,0,0.164035134888217,0.465683512593759,0.192275653979483,"XLOC_000025 | TCONS_00003623.p1","Ss_chr1","G_PROTEIN_RECEP_F1_2 domain-containing protein","7TM_GPCR_serpentine_rcpt_Sre","membrane, sensory perception of chemical stimulus","A0A0K0ELZ3","SRAE_1000095600 | WBGene00257556",71.345,"SPAL_0000976000",56.7251,"SVE_1036800",55.5556,"",NA
"494","SSTP_0001053100",0.0336659245530417,0.0171819234772839,0,0,0,0,0.0220749866734422,0,0,0,0.0165170542989922,0.0184489654541909,0,0.0164117127641894,0,0.0235198393310627,0,0.0217634159192184,0,0,0.0230374704413343,0,0,0,"XLOC_009587 | TCONS_00014375.p1","Ss_chrX.3","Cytochrome P450","Cyt_P450, Cyt_P450_sf","heme binding, monooxygenase activity, oxidoreductase activity, acting on paired donors, with incorporation or reduction of molecular oxygen, iron ion binding","A0A0K0EM43","SRAE_1000114400 | WBGene00257747",65.4167,"SPAL_0001528500",62.0833,"SVE_0180900",56.25,"cyp-14A4 | WBGene00011009",32.5
"495","SSTP_0001057400",0.0668319149874751,0.0515441935940013,0,0.0512823233128877,0.0739477940149135,0.0544569839961116,0.0658252108884762,0.0823664247199753,0.148009974296118,0.134186171334662,0.0328326502767439,0.128564119128604,0.229314159517818,0.181424475235977,0.147395561960657,0.0707964086394369,0.0937894695965735,0.0440290588758009,0,0.0728731339579456,0.0464445653886759,0.0467969847946397,0,0.0212884135043955,"XLOC_010032 | TCONS_00014819.p1","Ss_chrX.3","",NA,"membrane","A0A0K0EM86","SRAE_X000183800 | WBGene00267415",65.035,"SPAL_0001464700",66.4336,"SVE_0631200",65.035,"",NA
"496","SSTP_0001061600",0,0,0,0,0,0,0,0,0,0,0,0,0,0,0,0,0,0,0,0,0,0,0,0,"XLOC_005731 | TCONS_00011383.p1","Ss_chr2","Histone-lysine N-methyltransferase SETMAR","RNaseH_sf","nucleic acid binding","A0A0K0EMC8","SRAE_X000167800 | WBGene00267252",68.6441,"SPAL_0001603900",77.9661,"SVE_0295600",74.5763,"",NA
"497","SSTP_0001065200",0.0168757212671074,0.0343875880339395,0,0.137035700872779,0.03733408678395,0.120210578600841,0.139273175986209,0.0829767504643427,0.110757854792807,0.0504254031951788,0.0496638987531681,0.110854304034742,0.0252972987154776,0.0327757835777316,0.112941059925641,0,0.0467016641426947,0,0.270903263535417,1.17029843813444e-05,0.0344038735770808,0,0,0,"XLOC_002034 | TCONS_00002137.p1","Ss_chr1","7TM_GPCR_Srx domain-containing protein",NA,"membrane","A0A0K0EMG3","",NA,"",NA,"",NA,"",NA
"498","SSTP_0001071075",0,0,0,0,0,0,0,0,0,0,0,0,0,0,0,0,0,0.0437933910682107,0,0.0238687484986002,0.0230518685016551,0,0,0,"XLOC_009242 | TCONS_00014068.p1","Ss_chrX.2","Conserved domain protein",NA,"membrane","A0A0K0EMM1","",NA,"",NA,"",NA,"",NA
"499","SSTP_0001071100",0.0330182992134757,0,0,0.016932025236552,0,0,0,0,0,0,0,0,0,0,0,0.0235690837402121,0,0.0669537319302868,0.0900557773529221,0.096221158091425,0.0466427494520181,0.0234453128197777,0,0,NA,NA,"DDE_Tnp_1_7 domain-containing protein","PGBD","membrane","A0A0K0EMM2","",NA,"",NA,"",NA,"",NA
"500","SSTP_0001071500",0.134607547547977,0.0858872506891045,0.143873264839628,0.0684543056523598,0,0.0180690658245281,0.0441349587205916,0,0,0.235125095438726,0.0495318974265831,0.0737723383061542,0.0253371398577634,0.0164103304974193,0.0647417400781853,0.611435087423758,0.397288274024726,0.413518606766727,0.180778490382545,0.0731035924096649,0.0691136607154033,0.0234300150275687,0,0.0214075104162269,"XLOC_009238 | TCONS_00013366.p1","Ss_chrX.2","Structural maintenance of chromosomes protein 6",NA,NA,"A0A0K0EMM5","",NA,"",NA,"",NA,"",NA
"501","SSTP_0001071600",0.0500121135339373,0.103568561013566,0.0179084469943015,0.0170922769849779,0,0,0,0.0273517782258041,0,0.13416737750572,0.0327857551701394,0.0366174030275657,0.0256135052888683,0,0.0165312270813297,0.260130670523796,0.164680977938008,0.133117690919685,0,0.0242648421779235,0.0700195970842886,0.0468114040480595,0.0231248731335765,0.0212449914043989,NA,NA,"Peptidase A2 domain-containing protein","Peptidase_aspartic_dom_sf",NA,"A0A0K0EMM6","",NA,"",NA,"",NA,"",NA
"502","SSTP_0001071700",0,0,0,0,0,0,0,0,0,0,0,0,0,0,0,0.116907227669178,0,0.0884920850024251,0,0.02390547970304,0,0,0,0,NA,NA,"DDE-1 domain-containing protein",NA,NA,"A0A0K0EMM7","",NA,"",NA,"",NA,"",NA
"503","SSTP_0001071800",0.0165937280502236,0,0,0,0,0,0,0,0,0.0501361978346865,0,0.0181393399992773,0,0,0,0.0471912974052042,0.118243799474146,0.111889947129922,0,0.0241430676092298,0.0234292637808425,0.0234911876341387,0.0230118032217624,0,"XLOC_009235 | TCONS_00014064.p1","Ss_chrX.2","Integrase_H2C2 domain-containing protein","Integrase_H2C2",NA,"A0A0K0EMM8","",NA,"",NA,"",NA,"",NA
"504","SSTP_0001072000",0.0168789970621692,0,0.0360512827046651,0.017122139937005,0,0,0,0,0,0.0168011942461566,0,0,0.0758081922051454,0,0.0161079768312235,0.0704498945790338,0,0.0866157293145742,0,0,0.0229455019752365,0.0938270208780142,0.0467371885051749,0,"XLOC_008588 | TCONS_00013719.p1","Ss_chrX.2","Helicase C-terminal domain-containing protein","Helicase_C, P-loop_NTPase",NA,"A0A0K0EMN0","SRAE_X000140700 | WBGene00266975",19.4226,"SPAL_0000682000",17.8478,"SVE_0770000",15.4856,"",NA
"505","SSTP_0001072100",0,0.0343963475811703,0,0,0.0373173984937079,0.0180627162272053,0.0221075880249303,0,0,0,0.016547864178493,0,0,0,0,0.0235282037513841,0.0934929817930173,0.108678786217197,0,0.0732195805182768,0.0460366660186457,0.117330355826341,0.0467285753316396,0.0214542395813744,"XLOC_008587 | TCONS_00012858.p1","Ss_chrX.2","DUF2309 domain-containing protein",NA,NA,"A0A0K0EMN1","SRAE_X000234600 | WBGene00267930",49.8221,"",NA,"SVE_1704900",3.20285,"",NA
"506","SSTP_0001072200",0.016864771757436,0.0343700093835569,0.0180148565894836,0.0342418701980404,0,0,0,0,0.036904196005734,0,0,0.0184645719954487,0.0252888697199394,0.0163822227424278,0.0161295242253851,0.0704864425038733,0.0700263421460415,0.130114244030663,0.0902678183350274,0.0731829473575278,0.160805325173808,0.0938061923481044,0.0233558624440329,0.0428987554600141,"XLOC_009232 | TCONS_00014061.p1","Ss_chrX.2","DDE_Tnp_1_7 domain-containing protein","EPM2A-int_1/ZBED8-like, PGBD, SPIN-DOC_Znf-C2H2",NA,"A0A0K0EMN2","",NA,"",NA,"",NA,"",NA
"507","SSTP_0001072250",0,0,0,0.0170070505168214,0,0,0,0,0,0,0,0,0,0.0164382911378806,0,0,0.0466959099966116,0.021940846279573,0,0,0,0,0,0.0211668593799953,"XLOC_009230 | TCONS_00013361.p1","Ss_chrX.2","",NA,NA,"A0A0K0EMN3","",NA,"SPAL_0001763500",45.9259,"",NA,"",NA
"508","SSTP_0001072300",0.0336804013993542,0.0515632921818488,0.0539963040573632,0.139515255742366,0.115743519838458,0.129841223148122,0.11041703142016,0,0,0.218468758646451,0.313954146356186,0.206905248604979,0.0253445978701273,0.0164156223016065,0.0161866585596383,0.0470520168256148,0.0467594391164592,0.0652993825470973,0,0.0487689776218512,0.023041638531113,0.0468903399021908,0,0.0214245840472735,"XLOC_008586 | TCONS_00013717.p1","Ss_chrX.2","",NA,NA,NA,"",NA,"",NA,"",NA,"",NA
"509","SSTP_0001072400",0.0333858560023766,0,0.0181320930469203,0.0511227428202004,0.0182599300584959,0.0363066566302916,0.0218113737315955,0,0,0.0336494564805276,0.032979158932969,0.0361894866958147,0,0.0336066167671888,0,0,0.0237938340912275,0.0678480552246029,0,0.024242955324551,0.0468997902022609,0,0.0231142940292248,0.0213034850791341,"XLOC_009229 | TCONS_00013360.p1","Ss_chrX.2","Ovule protein",NA,NA,"A0A0K0EMN4","",NA,"",NA,"",NA,"",NA
"510","SSTP_0001072500",0.0336173771559273,0,0,0,0.0186070108115688,0,0.022064245192785,0,0,0.0672412443060593,0.115536655642314,0.0184508555690342,0,0,0,0.0471360660426564,0.0468571476947906,0.0655917774775248,0.0906138354982937,0,0.046263667985092,0.0468908301897534,0.023317883088504,0,"XLOC_009229 | TCONS_00013360.p1","Ss_chrX.2","",NA,NA,"A0A0K0EMN5","",NA,"",NA,"",NA,"",NA
"511","SSTP_0001072600",0.0167033492394711,0,0.0358886632414266,0,0,0,0,0.0273480503576286,0,0,0.016426954400644,0,0,0,0,0.0236579044240123,0.0236182202901019,0,0.0910667627874211,0.072926488011521,0.140547460472714,0,0,0,"XLOC_008583 | TCONS_00013714.p1","Ss_chrX.2","Reverse transcriptase Ty1/copia-type domain-containing protein",NA,NA,"A0A0K0EMN6","",NA,"",NA,"",NA,"",NA
"512","SSTP_0001072700",0,0.0859535355500203,0.0180147772040037,0,0.0373067954025813,0.0361013097420305,0,0.0552854560512632,0.110803695444964,0.0168064743558621,0.0165430513596873,0.0369333834355601,0,0,0,0.0235142663427539,0.0233603966444315,0.0217177953035058,0.0903449053717544,0.21958667458116,0.230010834156719,0.0234564233577291,0,0,"XLOC_008582 | TCONS_00013713.p1","Ss_chrX.2","",NA,NA,NA,"",NA,"",NA,"",NA,"",NA
"513","SSTP_0001072800",0.100198517963954,0.103868980000837,0.143592181897971,0.291271729812609,0.18419469420429,0.218622257601546,0.131832568933933,0.0547882362025323,0.185105969486382,0.302388119908274,0.0164255291926408,0.0366812322510431,0,0,0,0.0710726660617912,0.0472160175507826,0.0890211372958884,0,0,0.0234225520496417,0.0234608995104883,0,0.0425702427332323,"XLOC_008581 | TCONS_00012857.p1","Ss_chrX.2","Phage protein",NA,NA,"A0A0K0EMN7","",NA,"",NA,"",NA,"",NA
"514","SSTP_0001073000",0.0842279174587152,0.0344083945986053,0.0540217859908524,0,0,0,0.154672256263638,0,0,0.302784481785599,0.0495955516870793,0.0923485467001319,0,0,0.016222520842678,0,0.0234126809369655,0,0,0,0.0230879291423825,0.046930545922168,0,0,"XLOC_008579 | TCONS_00013712.p1","Ss_chrX.2","Integrase catalytic domain-containing protein","Integrase_cat-core, RNaseH-like_sf, RNaseH_sf","nucleic acid binding, DNA integration","A0A0K0EMN9","",NA,"SPAL_0000132100",19.1111,"SVE_0915700",35.5556,"",NA
"515","SSTP_0001073400",0,0.0343607790164736,0.0179349789778191,0.0342116650717117,0.0185441245415158,0,0.0219936768463481,0.0275102112812907,0,0,0.0164583501493643,0,0,0.0164678531638142,0.0489242324649596,0.0471471633681429,0.0702972639367342,0.0438396733973064,0.181235272948126,0.0243293310322521,0.0926650946002104,0.0234126151194247,0,0.0426717442230557,"XLOC_008023 | TCONS_00012413.p1","Ss_chrX.1","HTH_48 domain-containing protein","WH-like_DNA-bd_sf, RNaseH_sf, Mos1_HTH","nucleic acid binding","A0A0K0EMP3","",NA,"SPAL_0000087900",35.7576,"SVE_1923700",27.8788,"",NA
"516","SSTP_0001073500",0,0,0.0179016466096172,0.0339669889943033,0.0363507556560145,0,0,0,0,0,0,0,0,0,0,0.0235241091653275,0.0470945158815406,0.0445381009386967,0.270726355593701,0.0240614858987917,0.186651927780874,0,0,0,"XLOC_008023 | TCONS_00012413.p1","Ss_chrX.1","Histone-lysine N-methyltransferase SETMAR","RNaseH_sf","nucleic acid binding","A0A0K0EMP4","",NA,"SPAL_0000447000",31.5217,"SVE_1851100",39.1304,"",NA
"517","SSTP_0001074300",0,0.023272485036879,0.0259837335132287,0,0,0,0,0,0,0,0.0220408585499737,0,0.0346127288815291,0,0,0,0,0,0,0,0,0,0,0,"XLOC_011330 | TCONS_00017160.p1","Ss_chrX.6","HTH_48 domain-containing protein","Mos1_HTH",NA,"A0A0K0EMQ2","",NA,"",NA,"",NA,"",NA
"518","SSTP_0001076500",0.151428574519047,0.171903913631211,0.143909116067339,0.0171266173753028,0.0744712510712916,0.0542805791958116,0.0220734252110044,0,0,0.0672263973985131,0.049539346232643,0.0738068768644295,0.0507507613624992,0.032871560661312,0,0.0941925191825832,0.140408159884441,0.109061853655261,0.181018543552125,0.512000227173327,0.600171947589647,0.0937704593660204,0,0.0856442669635958,"XLOC_009728 | TCONS_00015418.p1","Ss_chrX.3","ATP-dependent DNA helicase","DNA_helicase_pif1-like, P-loop_NTPase","hydrolase activity, nucleotide binding, ATP binding, helicase activity, ATP hydrolysis activity, DNA duplex unwinding, DNA repair, cellular response to DNA damage stimulus, DNA recombination, DNA helicase activity, telomere maintenance","A0A0K0EMS4","SRAE_X000153700 | WBGene00267110",57.4074,"",NA,"",NA,"",NA
"519","SSTP_0001087850",0,0.0181985943752219,0,0.084404440885573,0.163455832169281,0.124456235768008,0.107817456566285,0.0533156894025239,0.107592353247688,0.0338313226077807,0.0333708465675035,0,0,0.0171919575505862,0,0,0.0242523026462091,0,0,0.0241339934716415,0.0232105749701816,0,0,0,NA,NA,"",NA,NA,"A0A0K0EN42","",NA,"",NA,"",NA,"",NA
"520","SSTP_0001091200",0,0,0,0.360002094002322,0.129562832927934,0.382262509896094,0.197932882519148,0.467318843029308,0.111301407881987,0,0,0,0.0255806188736835,0,0,0,0,0,0,0,0.0233250398295444,0.046898780579705,0.278577187511267,0.0853224576671582,"XLOC_008773 | TCONS_00012986.p1","Ss_chrX.2","",NA,NA,"A0A0K0EN75","SRAE_X000031700 | WBGene00265875",56.391,"",NA,"SVE_1982200",45.1128,"",NA
"521","SSTP_0001094150",0,0,0,0,0,0,0.0221652733448932,0.0275822058804197,0,0.016935729292548,0,0,0,0,0,0,0,0,0,0,0,0.118551085737167,0.233855767681301,0.0857704131961885,"XLOC_008759 | TCONS_00012972.p1","Ss_chrX.2","",NA,NA,"A0A0K0ENA4","",NA,"",NA,"",NA,"",NA
"522","SSTP_0001095600",0.0167625801211689,0.0710056741574294,0.0363996795892594,0.0506546266065214,0.108689365990067,0.125306656116502,0.259268480887325,0.4012765946614,0.287461593681828,0.200890981037403,0.0821965427289321,0.0533755327272252,0,0.168093844878988,0.153182976616079,0.119489184284661,0.0950336642497606,0.135722161655606,0.0895453854588835,0,0.0463700428763193,0.0710640547263295,0,0.0213154409712192,"XLOC_008751 | TCONS_00012964.p1","Ss_chrX.2","",NA,NA,"A0A0K0ENB9","",NA,"",NA,"",NA,"",NA
"523","SSTP_0001113300",0.336440565516964,0.0861591788224349,0.179979479998829,0,0.0186242154620925,0,0,0,0,0.0168380961545423,0,0,0,0,0,0.0236307159164954,0,0,0.0908399201538505,0,0.0232085968494207,0.0234851535057638,0.0233453453798623,0.0214210796528182,"XLOC_005848 | TCONS_00007835.p1","Ss_chr2","",NA,NA,"A0A0K0ENU6","SRAE_0000077600 | WBGene00256535",47.7528,"SPAL_0001119400",44.382,"SVE_0363300",44.9438,"",NA
"524","SSTP_0001113400",0.0168693044208545,0,0,0.0171332060613564,0,0.0180582354777374,0,0,0,0,0,0.0184746211412479,0.0506460733655556,0,0,0,0,0,0,0,0,0,0,0,"XLOC_005848 | TCONS_00007836.p1","Ss_chr2","","Sulfotransferase, Chst-1","membrane, positive regulation of response to oxidative stress, chondroitin 4-sulfotransferase activity, sulfotransferase activity, chondroitin sulfate biosynthetic process","A0A0K0ENU7","SRAE_2000465250 | WBGene00264888",33.2192,"SPAL_0001429400",61.6438,"SVE_0574900",59.9315,"K07H8.8 | WBGene00019508",18.4932
"525","SSTP_0001117700",0,0,0,0.325159914844565,0.317026806886941,0.378501777694207,0.0662738808244483,0,0.11066340094413,0,0,0,0.101104167897744,0.212942296471226,0.209563321351371,0,0.0699922453201242,0,0.270670794327285,0.0975388073638138,0.390313592252262,0.0234419476290892,0.0233469875690354,0,"XLOC_009868 | TCONS_00014655.p1","Ss_chrX.3","Sulfotransfer_1 domain-containing protein","Sulfotransferase, Chst-1","membrane, positive regulation of response to oxidative stress, chondroitin 4-sulfotransferase activity, sulfotransferase activity, chondroitin sulfate biosynthetic process","A0A0K0ENZ0","SRAE_2000507400 | WBGene00265327",39.5706,"",NA,"",NA,"K07H8.8 | WBGene00019508",20.5521
"526","SSTP_0001121800",0.0338251307060819,0,0,0.2741488682698,0.205729180072174,0.0900222336258496,0.0442788700375073,0.0830907469023025,0.14746077999929,0.336259649116192,0.116093951937328,0.166442555108644,0.151514956439771,0.179978849075324,0.289431719464268,0.117386274874319,0.0699635959155335,0.108074405370458,0.0901792572633016,0.024431548328905,0.0458313625124588,0.0234793265403827,0,0,"XLOC_010409 | TCONS_00015188.p1","Ss_chrX.3","Reticulocyte binding protein",NA,NA,"A0A0K0EP31","SRAE_X000254300 | WBGene00268130",75.2181,"SPAL_0001090500",54.2757,"SVE_0620200",53.2286,"",NA
"527","SSTP_0001126700",0,0.0515290052623566,0.0179981766399251,0,0,0,0,0,0,0.0503778144797703,0.0826370501277475,0.221405066640903,0.0505936516551671,0.0163862955568443,0.0645690439180271,0.0704923745632464,0.0466877545218569,0.108531144312736,0.451409588428026,0.219393855776128,0.367799363499899,0.0703092814781203,0,0.0214277529229924,"XLOC_009826 | TCONS_00014608.p1","Ss_chrX.3","Metalloendopeptidase","Peptidase_M12A, MetalloPept_cat_dom_sf","hydrolase activity, metal ion binding, proteolysis, metalloendopeptidase activity, zinc ion binding, metallopeptidase activity, peptidase activity","A0A0K0EP80","Sra-stal-1 | WBGene00267045",57.9505,"SPAL_0001287200",38.5159,"SVE_0735800",39.2226,"",NA
"528","SSTP_0001127500",0.0170598324873539,0.0247680447448313,0.0179815312238924,0,0,0,0,0,0,0.0196426817415641,0.0398668741667178,0.0368890120395177,0,0,0.0272608785098623,0.029520874299888,0.0701585401983832,0.0435879180725287,0.0981574146631708,0.0759446542239242,0,0,0,0,"XLOC_010548 | TCONS_00015785.p1","Ss_chrX.4","Astacin domain-containing protein","Peptidase_M12A, MetalloPept_cat_dom_sf","proteolysis, metalloendopeptidase activity, metallopeptidase activity","A0A0K0EP89","",NA,"SPAL_0000516300",35,"SVE_1329900",30.4545,"",NA
"529","SSTP_0001127900",0,0,0,0.237800960390768,0,0,0,0.305825707204382,0.320940773904363,0.167918885860284,0.41400770552279,0.126737217199237,6.84515973749388e-09,0,0,0.31989516486494,0,0,0,0.130218558510627,0,0,0,0,"XLOC_010717 | TCONS_00016087.p1","Ss_chrX.4","HTH_48 domain-containing protein","Transposase_1, Homeobox-like_sf, WH-like_DNA-bd_sf, RNaseH_sf, Mos1_HTH","nucleic acid binding","A0A0K0DTA4","SRAE_X000180600 | WBGene00267383",41.5929,"SPAL_0001603900",74.0413,"SVE_0295600",25.6637,"",NA
"530","SSTP_0001128500",0,0,0,0,0,0,0,0,0,0,0,0,0,0,0,0,0,0,0,0,0,0,0,0,NA,NA,"",NA,NA,NA,"",NA,"",NA,"",NA,"",NA
"531","SSTP_0001128700",0,0.0171534459059962,0,0,0,0,0,0,0.0368677460337631,0,0,0,0,0,0,0,0.0233182452887995,0.0216905924372693,0,0.024341107326087,0,0,0,0,"XLOC_009201 | TCONS_00013338.p1","Ss_chrX.2","DUF4806 domain-containing protein",NA,NA,"A0A0K0EPA0","",NA,"SPAL_0001287000",13.3829,"SVE_1778500",8.55019,"",NA
"532","SSTP_0001128800",0,0,0,0,0.0185524256515082,0,0,0,0,0,0,0,0,0,0,0.0234754051252288,0,0.0435124534725958,0,0,0,0,0,0,"XLOC_009202 | TCONS_00013339.p1","Ss_chrX.2","",NA,NA,"A0A0K0EPA1","",NA,"SPAL_0000005000",65.3846,"",NA,"",NA
"533","SSTP_0001128900",0,0,0,0.139858921879123,0.304842878309124,0.274709216696771,0,0,0.184070737424925,0,0,0,0.283056914500263,0.132926807443107,0,0.127102664774384,0,0,0,0.125457364318118,0.248976380329228,0,0,0,"XLOC_009816 | TCONS_00014598.p1","Ss_chrX.3","E3 ubiquitin-protein ligase","Znf_UBR, ClpS_core, Ribosomal_L7/12_C/ClpS-like, UBR1-like","metal ion binding, zinc ion binding, transferase activity, ubiquitin protein ligase activity, protein ubiquitination, ubiquitin-dependent protein catabolic process via the N-end rule pathway, protein catabolic process","A0A0K0EPA2","SRAE_1000275900 | WBGene00259375",87.3786,"SPAL_0000554000",81.1893,"SVE_1685000",0,"ubr-1 | WBGene00016326",30.0971
"534","SSTP_0001131300",0.067355851167724,0.0515036601244654,0.12593427606971,0,0,0.0721086178217448,0,0,0,0,0.033041645305277,0,0.0505613083525784,0.0163760127715991,0.0322605331579091,0.164384371865818,0.11664829367844,0.195208870693662,0.0902267444764516,0.0974639206931963,0.0689139573255788,0.023425252186051,0,0,"XLOC_009452 | TCONS_00014238.p1","Ss_chrX.3","CAP domain-containing protein","CAP_sf",NA,"A0A0K0EPC9","",NA,"",NA,"",NA,"",NA
"535","SSTP_0001133500",0.0698231360673613,0.0762811660520254,0.217900014932885,0,0,0,0,0,0,9.37417983818584e-10,0,0,0,0.0434798926539968,0.0701817685798924,0,0.107527908113365,0.0505635284401203,0,0.0705785596807222,0.199042634630468,0,0,0,NA,NA,"SCP domain-containing protein","CRISP-related, V5_allergen-like, CAP_domain, Allrgn_V5/Tpx1_CS, SCP_GAPR1-like, CAP_sf","extracellular region","A0A0K0EPF1","",NA,"SPAL_0001400900",35.8974,"SVE_0646900",32.8205,"F09B9.5 | WBGene00008604",20.5128
"536","SSTP_0001133800",0.0167901102602106,0.0343389169604206,0,0.0684183386430402,0.167235796836305,0,0,0.0275595832507446,0.0369716075232366,0,0,0,0,0,0,0.0940950594874655,0.0935444363879466,0.0872631005048534,0.0904482153938782,0.0730218586311484,0.0923256180415142,0,0,0,"XLOC_009220 | TCONS_00014057.p1","Ss_chrX.2","Reverse transcriptase domain-containing protein","RT_dom, Rev_trsase/Diguanyl_cyclase, DNA/RNA_pol_sf",NA,"A0A0K0EPF4","",NA,"SPAL_0000937800",26.5,"",NA,"",NA
"537","SSTP_0001143100",0,0.0304245972716272,0,0.179683253429999,0.116297975910067,0,0.0471138862392562,0,6.28740014030796e-09,0,0,0,0,0,0,0,0,0,0,0,0.00489721824038826,0,0,0,"XLOC_008449 | TCONS_00013641.p1","Ss_chrX.2","Integrase catalytic domain-containing protein",NA,NA,"A0A0K0EPP5","SRAE_X000232300 | WBGene00267907",48.8889,"SPAL_0000610800",54.0741,"SVE_0893500",28.8889,"",NA
"538","SSTP_0001143200",0,0.0344218646164188,0.0542245791915219,0.0171427644987669,0.0749099235621415,0.0539786525950207,0.0221609383642938,0.027726106550154,0,0.100926431065624,0.0664249909028025,0.0370184183555234,0.0252380845190484,0.0490614799904762,0.0481705508728403,0.140828085285635,0.209825039146372,0.194253154630804,0.270442879858219,0.171166211485604,0.457830351816983,0,0.0234292742541784,0.0861148867223936,"XLOC_008534 | TCONS_00013688.p1","Ss_chrX.2","Reverse transcriptase domain-containing protein","RT_dom, Rev_trsase/Diguanyl_cyclase, DNA/RNA_pol_sf",NA,"A0A0K0EPP6","",NA,"SPAL_0000792100",22.9312,"SVE_0270700",27.8166,"",NA
"539","SSTP_0001143216",0,0,0,0.0168932458837935,0,0,0,0,0,0,0,0,0,0,0,0.0699430396019526,0,0.0218397961529634,0,0,0.0276859692087808,0,0,0,"XLOC_009179 | TCONS_00013327.p1","Ss_chrX.2","",NA,"membrane","A0A0K0EPP7","",NA,"",NA,"",NA,"",NA
"540","SSTP_0001143232",0,0,0,0.017019875075607,0,0.054088865179286,0,0,0,0,0,0,0.0252973692731566,0.0163755893416099,0,0.0234468943929704,0.0466021829919147,0.0217920260166252,0,0.14523059837584,0.0691124572433706,0.0232912998418217,0,0,"XLOC_008535 | TCONS_00012821.p1","Ss_chrX.2","DDE_Tnp_ISL3 domain-containing protein","RNaseH_sf","nucleic acid binding","A0A0K0EPP8","",NA,"",NA,"",NA,"",NA
"541","SSTP_0001143400",0,0,0,0,0,0,0,0,0.223409467611789,0,0,0.0051093010823933,0,0,0,0,0,0,0,0,0,0.00646063287346414,8.84258327091743e-05,0,"XLOC_003453 | TCONS_00005122.p1","Ss_chr2","ANF_receptor domain-containing protein","ANF_lig-bd_rcpt, Peripla_BP_I","membrane","A0A0K0EPQ2","",NA,"SPAL_0001140500",38.3333,"",NA,"",NA
"542","SSTP_0001143500",0,0,0,0.093325917398459,0.0394500331722063,0.151915221772305,0,0,0,0,0,0,0,0,0,0,0,0,0,0,0,0,0,0,"XLOC_010316 | TCONS_00015099.p1","Ss_chrX.3","",NA,"membrane","A0A0K0EPQ3","SRAE_2000474400 | WBGene00264985",73.1092,"SPAL_0001229000",66.3866,"SVE_1655300",22.6891,"",NA
"543","SSTP_0001144200",0.0504916028832497,0.0178366428913603,0,0,0,0.018016291064034,0,0,0,0.0337315799638989,0,0.0179554593770956,0,0,0,0,0,0,0.0901881429123188,0.169324885713459,0.186934607900133,0,0.0231687559134893,0,"XLOC_010314 | TCONS_00015097.p1","Ss_chrX.3","DUF1778 domain-containing protein",NA,NA,"A0A0K0EPR0","",NA,"",NA,"SVE_1252800",28.9855,"",NA
"544","SSTP_0001144300",0.0499063751088753,0.0517187795188037,0,0.0853330789684374,0.0734010785824982,0.145160429109967,0.0218798369859901,0.0272931579982674,0.0368809967182745,0.050207437970645,0.163613879150349,0.109615262699407,0.0511917345417124,0.0826766509684022,0.033038592462895,0.141616902358073,0.0235081469689793,0.0886413298155947,0.181457885069392,0.193682998206042,0.209881143590194,0,0.0692454063470857,0,"XLOC_009741 | TCONS_00014537.p1","Ss_chrX.3","Dimer_Tnp_hAT domain-containing protein",NA,NA,"A0A0K0EPR1","",NA,"SPAL_0000413000",0,"SVE_0859600",50.4425,"",NA
"545","SSTP_0001144500",0.0166582806655357,0.0260853276398892,0.0179575781995306,0.0427174323703522,0.0183147282882197,0.0363682388104114,0.174959635383892,0.258602015059178,0.349691918597288,0,0.0245967433825567,0.0273740956370067,0.0257172491254675,0,0.00833513104233181,0.023635410200419,0.0236364209479222,0.011152050191982,0,0.0847822977545652,0.0117244519766616,0.0117339380047284,0.0115502600413526,0.0317652442181997,NA,NA,"HTH_48 domain-containing protein",NA,NA,"A0A0K0EFN8","SRAE_X000212400 | WBGene00267702",39.3939,"SPAL_0001160200",42.4242,"SVE_1630800",30.303,"",NA
"546","SSTP_0001144700",0,0,0,0,0,0,0,0,0,0,0,0,0,0,0,0,0,0,0,0,0,0,0,0,NA,NA,"WD_REPEATS_REGION domain-containing protein","Gprotein_B, WD40_repeat, WD40/YVTN_repeat-like_dom_sf, Guanine_nucleotide-bd_bsu, WD40_repeat_CS, G-protein_beta_WD-40_rep, WD40_repeat_dom_sf","signal transduction, protein binding","A0A0K0EPR5","SRAE_2000266500 | WBGene00262876",99.6815,"SPAL_0000120400",98.0892,"SVE_0461600",98.4076,"gpb-2 | WBGene00001680",88.535
"547","SSTP_0001148100",0.069721908048207,0.0757669502230899,0.0543530199323973,0,0,0,0,0,0,0,0,0,0,0,0,0,0,0,0.0895948780432147,0.120128739005645,0.0744777288855812,0,0,0,"XLOC_011485 | TCONS_00016848.p1","Ss_chrX.6","HTH araC/xylS-type domain-containing protein",NA,NA,"A0A0K0EPU9","SRAE_X000022900 | WBGene00265785",50.7042,"",NA,"",NA,"",NA
"548","SSTP_0001148200",0,0,0,0,0,0,0,0,0,0,0,0,0,0,0,0,0,0,0,0,0,0,0,0,NA,NA,"",NA,NA,NA,"",NA,"",NA,"",NA,"",NA
"549","SSTP_0001148500",0,0,0,0,0,0,2.93425365686038e-06,0,0,0,0.162171480195206,0,0,0,0,0,0,0,0,0.11658423988879,0,0,0,0,"XLOC_008433 | TCONS_00012749.p1","Ss_chrX.2","I-set domain-containing protein","Ig_I-set, Ig-like_fold, Ig-like_dom_sf",NA,"A0A0K0EPV3","",NA,"",NA,"",NA,"",NA
"550","SSTP_0001150110",0.0504010248798887,0.0687267472329986,0,0.0342335893880009,0.0371882961126285,0.0724048537456109,0.110246118800382,0.1378848078806,0.110999343195538,0.184750505419476,0.131948331192749,0.16592036507445,0,0.065761510759994,0.016238325583933,0.117707407071062,0.0627182947927286,0.130995198967049,0,0,0,0.0702751529734353,0,0,"XLOC_010676 | TCONS_00015916.p1","Ss_chrX.4","EGF-like domain-containing protein",NA,NA,"A0A0K0EPX2","",NA,"SPAL_0000516300",34.6734,"SVE_1329900",33.1658,"",NA
"551","SSTP_0001150700",0.0201096595342281,0,0.043549924511664,0,0,0,0,0,0,0,0,0.0253991524307246,0,0.0632410437287873,0.0213757535541798,0.067182322615038,0,0,0,0,0.029534879423629,0,0.0338858986533285,0,"XLOC_003272 | TCONS_00003537.p1","Ss_chr1","Metalloendopeptidase","Peptidase_M12A, Peptidase_Metallo, MetalloPept_cat_dom_sf","hydrolase activity, metal ion binding, proteolysis, membrane, metalloendopeptidase activity, zinc ion binding, metallopeptidase activity, peptidase activity","A0A0K0EPX8","SRAE_X000143100 | WBGene00267000",33.0396,"",NA,"SVE_1504900",36.3436,"",NA
"552","SSTP_0001151000",0,0,0,0,0,0,0,0,0,0,0,0,0,0,0,0,0,0,0,0,0,0,0,0,NA,NA,"",NA,NA,NA,"",NA,"",NA,"",NA,"",NA
"553","SSTP_0001158600",0.0167989823802334,0,0,0.0343565604676185,0,0.0547102300979037,0,0,0,0,0.0164992099704698,0.0369220762692376,0,0,0,0.0237031905340191,0,0,0,0,0,0.023514071464146,0.0466226434416487,0,"XLOC_000519 | TCONS_00000515.p1","Ss_chr1","Ribosomal protein L16",NA,NA,"A0A0K0EQ57","",NA,"",NA,"",NA,"",NA
"554","SSTP_0001168200",0.0843804732897358,0.0515897674072499,0.0721080017527184,0.0342649527071176,0.0560035896463745,0.0541359477472374,0.0663440846103507,0.248951261661895,0.0791337106773778,0.252170624742207,0.33110897633168,0.35106300977298,0.202447832377257,0.114752738489886,0.0645615886719596,0.0470225959447176,0.0700735470349357,0.0217002829708501,0.0903286680410757,0.0244107600399766,0.0459753175885868,0.0704021523155409,0.186972853398534,0.0429276735917219,"XLOC_000555 | TCONS_00000555.p1","Ss_chr1","G_PROTEIN_RECEP_F1_2 domain-containing protein","GPCR_Rhodpsn_7TM, 7TM_GPCR_serpentine_rcpt_Srv","membrane","A0A0K0EQF3","SRAE_1000020400 | WBGene00256798",75.3894,"SPAL_0001545100",59.19,"SVE_0338600",57.3209,"",NA
"555","SSTP_0001210100",0.0164843090492568,0.0174041204225194,0,0.0337537131422149,0.0180835910119242,0.0539281180576796,0,0,0,0,0,0,0.0515050950435656,0.0165880606577217,0,0.0235234654474015,0,0.0222986630667605,0,0.0239883791070022,0.0930301574053485,0,0,0,NA,NA,"",NA,NA,"A0A0K0ERM1","",NA,"",NA,"",NA,"",NA
"556","SSTP_0001211900",0.0502455519765125,0.0171611134309332,0,0.205095569256903,0.278094008341721,0.217225993220892,0.10990249156294,0.109982433374921,0.295871756127763,0.0502987746873232,0.0164493836074695,0,0.0508007675643749,0.0493279289666307,0.0651001578983179,0.0235416263829883,0.0233961643181206,0.0875061078984452,0,0,0,0,0,0,"XLOC_003367 | TCONS_00005039.p1","Ss_chr2","","Her-1, Her-1_sf, Her-1_C",NA,"A0A0K0ERN9","",NA,"SPAL_0000386600",52.907,"SVE_1684900",35.4651,"",NA
"557","SSTP_0001213300",0,0.034370474308845,0,0.0171196506966023,0,0.0180083841986089,0.0442205359527199,0,0,0.167986376814718,0.0331161649727347,0.129300670899442,0.075768898278886,0.0327255097024343,0.0643793982341754,0.0938949494504683,0.0699568602118543,0.0432722799904423,0,0,0,0,0,0,"XLOC_003372 | TCONS_00005043.p1","Ss_chr2","Protein TIC 214","7TM_GPCR_serpentine_rcpt_Srd","membrane","A0A0K0ERQ3","SRAE_2000526100 | WBGene00265521",38.6091,"SPAL_0000450450",28.777,"SVE_0878400",38.6091,"",NA
"558","SSTP_0001219450",0,0,0,0.138171686281706,0.0205905397572856,0.0357997258625137,0.0805970921531476,0.100182288636383,0,0.0179049764863196,0,0.0197567468987267,0.021183010250903,0.0168857369295688,0,0,0,0,0,0,0,0,0,0,NA,NA,"",NA,NA,"A0A0K0ERW4","",NA,"",NA,"",NA,"",NA
"559","SSTP_0001221850",0.0167143923305097,0.051470645630394,0.0358135698751459,0,0.0370097182435328,0.0181179167886615,0,0.0549058156920174,0.110933542115458,0,0.0164213496998484,0,0.0254286856818408,0.0658135117197062,0.0163131729952769,0.235499092748836,0.0936463675399835,0.241141054986091,0.543338555232701,0.242880046283429,1.08829110261888,0.0467592508345124,0.0464001346991408,0,"XLOC_008374 | TCONS_00012706.p1","Ss_chrX.2","Transthyretin-like family-containing protein","Transthyretin-like","cell surface","A0A0K0ERY9","",NA,"",NA,"",NA,"",NA
"560","SSTP_0001226975",0.0199976304559887,0.0284020357778848,0.0399682326825228,0.0477563118264582,0.045596715779758,0.0378546751946927,0.021566409540564,0,0.0326920404700805,0.0183095115362099,0.015583394871185,0,0.0457900166505909,0.0177104039622182,0.0137967114378362,0.0261692643595592,0.0575528073378493,0.0381463880487506,0.120250052894619,0.0253504234279192,0.0245752913792414,0.10182389638073,0.0693688672141942,0.0182060825234741,NA,NA,"",NA,NA,"A0A0K0ES41","",NA,"",NA,"",NA,"",NA
"561","SSTP_0001227100",0.067311605744864,0.224760557404847,0.108187277781926,0,0,0,0,0.0552735761421379,0.074532621164474,0.016883660160414,0,0,0,0,0,0,0,0,0,0,0,0.0471087445933446,0,0.0214318603680462,NA,NA,"",NA,NA,"A0A0K0ES43","",NA,"SPAL_0001773700",28.3784,"SVE_1120900",39.8649,"",NA
"562","SSTP_0001230400",0,0,0,0,0.0371831796254905,0,0,0,0,0,0,0,0,0,0,0,0,0.0217266165064323,0,0,0,0,0,0,"XLOC_008514 | TCONS_00013674.p1","Ss_chrX.2","Reverse transcriptase domain-containing protein","RT_dom, Rev_trsase/Diguanyl_cyclase, DNA/RNA_pol_sf",NA,"A0A0K0ES76","",NA,"SPAL_0001094000",0,"SVE_1278600",32.5,"",NA
"563","SSTP_0001235100",0,0,0,0,0,0.164674499043716,0.173388704221968,0.33439522291592,0,0.127074482700917,0,0,0,0,0,0.4269156171762,0,0,0,0,0,0,0,0,"XLOC_011409 | TCONS_00017200.p1","Ss_chrX.6","HTH_48 domain-containing protein","Transposase_1, Homeobox-like_sf, WH-like_DNA-bd_sf, RNaseH_sf, Mos1_HTH","nucleic acid binding","A0A0K0E335","SRAE_X000180600 | WBGene00267383",41.5929,"SPAL_0001603900",73.1563,"SVE_0295600",25.6637,"",NA
"564","SSTP_0001237400",0.0674370578538678,0.172792254204711,0.198131867028952,0.205475216911071,0.111904149843167,0.200694812497723,0.0220973093898333,0,0.0369267433318049,0.20164065952954,0.115784245423696,0.221562883827649,0.075923951416418,0.147544394667518,0.0807345125414378,0.070527719940221,0.0704049751033342,0.130272569557944,0.0903254659922502,0.195156140606702,0.229954036723453,0.0703573068838606,0.0467058394693856,0,"XLOC_011069 | TCONS_00017007.p1","Ss_chrX.6","ATP-dependent DNA helicase","DNA_helicase_pif1-like, P-loop_NTPase","hydrolase activity, nucleotide binding, ATP binding, helicase activity, ATP hydrolysis activity, DNA duplex unwinding, DNA repair, cellular response to DNA damage stimulus, DNA recombination, DNA helicase activity, telomere maintenance","A0A0K0ESE5","SRAE_X000153700 | WBGene00267110",66.7808,"SPAL_0000145800",14.0411,"",NA,"",NA
"565","SSTP_0001237500",0,0,0.0535902172794173,0.0851991129919401,0.0365975207156733,0,0.0218487113935761,0,0.0367549970375665,0.0334096428601684,0.0327034554402178,0.018217455851013,0.0255639378895734,0.0165477270464683,0.0991812381949337,0,0.0235114439513635,0.022164829301034,0.0905934113584764,0.0725509809245952,0.0933227151475446,0.0466974306656642,0,0,"XLOC_011069 | TCONS_00016468.p1","Ss_chrX.6","ATP-dependent DNA helicase","DNA_helicase_pif1-like","hydrolase activity, nucleotide binding, ATP binding, helicase activity, ATP hydrolysis activity, DNA duplex unwinding, DNA repair, cellular response to DNA damage stimulus, DNA recombination, DNA helicase activity, telomere maintenance","A0A0K0ESE6","SRAE_0000067500 | WBGene00256424",57.4074,"",NA,"SVE_0607500",46.2963,"",NA
"566","SSTP_0001246750",0,0,0,0,0,0,0,0,0,0,0,0,0,0,0,0,0,0,0,0,0,0,0,0,NA,NA,"",NA,NA,"A0A0K0ESN8","",NA,"",NA,"",NA,"",NA
"567","SSTP_0001252550",0.0839891184608921,0.0515535256054084,0.143750275524072,0.0684786431078998,0.185946467445491,0.0724306397923077,0.176390183753887,0.110310615301435,0.259065809971064,0.117582140113484,0.164941936488181,0.0737504160293591,0.0761873601315267,0.0493379095890135,0.0487390485663751,0.164837724855169,0.0468194179858133,0.0436846710882997,0.452727012433995,0.17051329968708,0.25420919173615,0.0234281567899755,0.0233029205116439,0.0427653368614327,"XLOC_011149 | TCONS_00017043.p1","Ss_chrX.6","",NA,NA,"A0A0K0ESU7","",NA,"SPAL_0000767400",13.7755,"SVE_1186700",2.04082,"",NA
"568","SSTP_0001252600",0.0504451974548856,0.0712278811524861,0.127797481070147,0.0508131465064803,0.0363430756358262,0.0538708070484528,0.0866935620526467,0.053670918586454,0.144180591717762,0.0671733336986758,0.0329814907999216,0.053542567501243,0.0262807399161838,0,0,0.143835740197867,0.0714983470584295,0.068073542883283,0.449128055532415,0.241428538018169,0.441894431237081,0.0712864444190499,0,0.0427644216407358,NA,NA,"",NA,NA,"A0A0K0ESU8","",NA,"",NA,"",NA,"",NA
"569","SSTP_0001268850",0.0168797501133468,0.0171986558690107,0.0180302548533421,0,0,0.108269991821517,0,0,0,0.117692562627985,0.0662348226065902,0.0924032043242988,0.025305669378722,0,0,0.0470237927606698,0.0467166787044528,0.0433960785829686,0.0903300654553275,0.0488286927606149,0.0459723614825081,0.0469407210520819,0.116878275037343,0.0214680757502325,"XLOC_000354 | TCONS_00003791.p1","Ss_chr1","G_PROTEIN_RECEP_F1_2 domain-containing protein",NA,"membrane","A0A0K0ETB0","SRAE_1000048950 | WBGene00257086",71.9512,"",NA,"SVE_0078700",61.5854,"",NA
"570","SSTP_0001269900",0,0,0,0,0.0185481165277613,0,0,0,0,0,0,0,0,0,0,0,0,0,0,0,0,0.142601647980109,0,0,NA,NA,"HTH_Tnp_Tc3_2 domain-containing protein","Transposase_Tc1-like","DNA binding, transposition, DNA-mediated, DNA integration","A0A0K0ETC1","",NA,"",NA,"",NA,"",NA
"571","SSTP_0001270000",0,0,0,0,0,0,0,0.0266291053215811,0.035801239332411,0.0166608951277932,0,0,0,0,0.0338294726901478,0,0.0235520873545014,0.0448937300847064,0,0.0239069291290617,0,0.117287845036036,0,0,NA,NA,"DDE_3 domain-containing protein",NA,NA,"A0A0K0ETC2","",NA,"SPAL_0000004800",54.2857,"SVE_0886900",45.7143,"",NA
"572","SSTP_0001270050",0,0.034318236809142,0,0,0,0.0180964597875393,0,0,0,0,0,0.0183944201587643,0.0253858773123334,0,0,0.070593211036569,0.0467798769231188,0.021861323080357,0,0,0,0.210468623977357,0.0697306178926074,0.12795628729373,"XLOC_008609 | TCONS_00012877.p1","Ss_chrX.2","ATPase_AAA_core domain-containing protein",NA,NA,"A0A0K0ETC3","",NA,"",NA,"",NA,"",NA
"573","SSTP_0001270200",0.0167790713296492,0.0172012100632195,0,0,0.0185681194483015,0,0,0,0,0,0,0.0184290140876671,0,0,0,0.0944026549113779,0.0234603694439452,0.0877788146252783,0,0,0.0463843335008004,0.117206609212649,0.0232804919042985,0.085457215479172,"XLOC_008611 | TCONS_00013728.p1","Ss_chrX.2","Integrase catalytic domain-containing protein","Integrase_cat-core, RNaseH-like_sf, RNaseH_sf","nucleic acid binding, DNA integration","A0A0K0ETC5","",NA,"SPAL_0000567400",0,"SVE_0895200",0,"",NA
"574","SSTP_0001270400",0.0168245376160375,0.0171802499033435,0.0539542330939338,0.0855832462227868,0.111693131836485,0.198825621890263,0.0220679325257565,0,0,0,0,0,0.0253477359254646,0,0.0161950449630239,0.235246575370178,0.187025482607227,0.239551014353281,0.180835271027613,0.487407725416282,0.484049151970742,0.234331555449095,0.116606277390677,0.171261318970103,NA,NA,"DDE_Tnp_IS1595 domain-containing protein","Tnp_ISXO2-like",NA,"A0A0K0ETC7","SRAE_2000498400 | WBGene00265231",71.179,"SPAL_0000656900",66.3755,"SVE_0018900",57.2052,"",NA
"575","SSTP_0001270600",0,0.0172061881994898,0.0178574544488506,0,0.0366994633472389,0.018119570588766,0,0.0272994340614567,0,0,0,0,0,0,0,0.0707127531489825,0.0234642351015822,0.022102879782043,0,0.0483866928356567,0.0698251075649615,0,0,0,"XLOC_009261 | TCONS_00014079.p1","Ss_chrX.2","",NA,NA,"A0A0K0ETC9","",NA,"",NA,"",NA,"",NA
"576","SSTP_0001270625",0,0,0,0.0170819359344697,0.0369432188034682,0.0241889822786208,0.00730797931634334,0,0.0369666662607123,0,0,0,0,0.0164865919409078,0,0,0,0,0.136017197941014,0,0.0406197710823146,0,0,0.0212687496760805,"XLOC_008614 | TCONS_00013731.p1","Ss_chrX.2","",NA,NA,"A0A0K0ETD0","",NA,"",NA,"",NA,"",NA
"577","SSTP_0001270700",0.377852247327922,0.061839687627893,0.270490699039704,4.84973938382583e-08,0,0,0.0220917970594974,0,0,0.016796492650456,0,0,0,0,0.016133252986579,0,0.0268622184829736,0.0216933251457989,0,0,0.0210449917744524,0,0,0,"XLOC_010988 | TCONS_00016393.p1","Ss_chrX.6","COesterase domain-containing protein","CarbesteraseB, AB_hydrolase",NA,"A0A0K0ETD1","SRAE_X000062600 | WBGene00266185",60.6557,"SPAL_0000898000",56.7213,"SVE_0698800",51.4754,"",NA
"578","SSTP_0001270800",0,0.0171441976038594,0.0536314041347339,0.170606935274064,0.0184600043502801,0.0724431600468155,0,0.0548005976126471,0,0,0,0,0,0.016440371860411,0.016326353280339,0.117704947726903,0.140358029217143,0.0658387935971148,0,0,0.0231510961529215,0.0934111694358784,0,0.0212505280707735,"XLOC_009180 | TCONS_00013328.p1","Ss_chrX.2","Reverse transcriptase",NA,NA,"A0A0K0ETD2","",NA,"",NA,"",NA,"",NA
"579","SSTP_0001270900",0,0,0.0540317867698391,0,0.0559519495500321,0.0360620217906689,0,0.0552726683420056,0.0368992134713049,0.0167969035301667,0.0165403129620092,0,0.025285820173127,0.065520436689378,0.0161268273242099,0.0469841591575237,0.116694427618209,0.0867372952171583,0,0.0731671634311832,0.137820891592958,0.0234467746929697,0.0467008326979925,0,"XLOC_009181 | TCONS_00014029.p1","Ss_chrX.2","Integrase catalytic domain-containing protein","Integrase_cat-core, RNaseH-like_sf, RNaseH_sf, RT_RNaseH_2, DNA/RNA_pol_sf","nucleic acid binding, DNA integration, DNA polymerase complex, DNA-directed DNA polymerase activity, DNA biosynthetic process","A0A0K0ETD3","",NA,"",NA,"",NA,"",NA
"580","SSTP_0001271000",0.0338519363661766,0.0516286197509268,0.0361327663636434,0.171421842152878,0.0935828853954014,0.162051247870394,0.132919078250104,0.0277149280800204,0,0.151385540730307,0.0165969685135892,0.129530202909549,0.378823601668466,0.180001611611327,0.176840425173044,0.211338394480072,0.116627219192226,0.432209486136082,0.0901947527960492,0.0733373211068352,0.137483948787947,0.0234916071759203,0.0702576687208572,0.0215169584321289,"XLOC_009181 | TCONS_00014029.p1","Ss_chrX.2","DUF4371 domain-containing protein","RNaseH-like_sf, DUF4371",NA,"A0A0K0ETD4","",NA,"",NA,"",NA,"",NA
"581","SSTP_0001271200",0.020286072812554,0.0193277164650193,0.0465572340575852,0.0194714083426653,0.148024142316389,0.112671046290852,0.0725085456111966,0,0.0436524981226773,0.144900258962556,0.0931198051581831,0.061437596861157,0.283194248246567,0.192886471543575,0.173535983573137,0.128033268017606,0.0764480628313473,0.136953074128046,0,0.0879194256412684,0.0481227592180904,0.0835410577577517,0.092431120431606,0.0474162666269893,"XLOC_009181 | TCONS_00014029.p1","Ss_chrX.2","Integrase catalytic domain-containing protein","Integrase_cat-core, RNaseH-like_sf, RNaseH_sf","nucleic acid binding, DNA integration","A0A0K0ETD6","",NA,"SPAL_0000882700",33.8742,"",NA,"",NA
"582","SSTP_0001271400",0.033694566437893,0.0343655307360344,0.0180018745435539,0.102707841940064,0.20501511690373,0.126361451772234,0,0.0276240507659946,0.0369288872957769,0.0335985193973207,0.0826511855889095,0.110733968006307,0.329085813426438,0.459121322837262,0.193884805647823,0.0470183791537815,0.11678490436655,0.0651764213249952,0,0,0.161037742009981,0,0.0700213323749602,0,"XLOC_009182 | TCONS_00013329.p1","Ss_chrX.2","",NA,NA,"A0A0K0ETD8","",NA,"",NA,"",NA,"",NA
"583","SSTP_0001271700",0.0993634055483422,0.0524306591803711,0.0358697162332821,0.0509541975784435,0.0363843407706459,0.0543205000048548,0,0.027044136141544,0,0.0334050237033045,0.08183470493249,0.0361541510745364,0.128955576369337,0.299192098507782,0.503099471776954,0.18914050947078,0.0945590567259363,0.179099511116181,0,0,0,0,0,0.0211446599755553,NA,NA,"Pyridox_oxase_2 domain-containing protein",NA,NA,"A0A0K0ETE1","",NA,"",NA,"",NA,"",NA
"584","SSTP_0001271750",0,0,0,0.016900325791031,0,0.0179919665431549,0,0,0,0.183226961962921,0.0489595583293424,0.071877361241335,0.259002384380907,0.299476611753886,0.217583353541755,0.070662220221631,0.0942048835792102,0.0223765485331885,0,0.0240386691431218,0,0.0703643079645635,0.0457768341337471,0.0210881695433061,NA,NA,"",NA,NA,"A0A0K0ETE2","",NA,"",NA,"",NA,"",NA
"585","SSTP_0001271900",0.0464854597846981,0.0596603068664949,0.0466528703818146,0.216518796966439,0.15409440843775,0.0884768951055104,0,0,0.0334071291499618,0.0734011057917811,0.0319135678591963,0.173477320152774,0,0.0650927792304911,0.0579390265920781,0.0277436890142124,0.0456013807278094,0.0817004037676594,0.110814411202944,0,0.0511720503812312,0,0,0,NA,NA,"",NA,NA,"A0A0K0ETE4","",NA,"",NA,"",NA,"",NA
"586","SSTP_0001280500",0.0168712734931268,0.0515997372587904,0.0360497527868325,0.239892213973965,0.0933196291933789,0.216723464857922,0.132678096028477,0.304238562400707,0.443436559627889,0.151337959449357,0.148970901205093,0.0554303327831179,0.278585530721761,0.131243258157435,0.129267668202176,0.0941039434262033,0.0467439305691944,0.0651827962743298,0,0,0,0.0704074231262972,0.0233695542626311,0.0214599822508053,"XLOC_011241 | TCONS_00016612.p1","Ss_chrX.6","",NA,NA,"A0A0K0ETM9","SRAE_X000101800 | WBGene00266581",76.7123,"SPAL_0001471600",60.274,"SVE_1138200",56.5069,"",NA
"587","SSTP_0001281100",0.0332329802600625,0.017535878025979,0,0.0511261888148302,0.109521458361468,0.163511254411228,0.0655407086674392,0.0542708423021658,0.0365561707658504,0.31841992089871,0.361288152860044,0.253933302747376,0.0517564038820321,0.0500336139851548,0,0.142333643622554,0.0711587146126096,0.0449259309127106,0.18128232945045,0.145269376280185,0.0938920301007708,0.0707934595754227,0.0922282822913701,0.0212160318425457,"nbisL1-mrna-37 | mrna-37","Ss_chrX.6","Group-specific protein",NA,NA,"A0A0K0ETN5","",NA,"",NA,"",NA,"",NA
"588","SSTP_0001281200",0.0336677589764648,0,0.0539861665125695,0.154171155901057,0.0558769362853085,0.0723824840936145,0.154573345556205,0,0,0.168116761915223,0.0991243397732055,0.129207622114308,0,0,0.016216873437307,0.047097261158657,0.0234013456893909,0.196254125135906,0.0905130433561742,0.0487762342654528,0.115394506589983,0.234511023979113,0.163357471693305,0.107098624808066,"XLOC_011566 | TCONS_00016907.p1","Ss_chrX.6","Reverse transcriptase domain-containing protein","RT_dom, Rev_trsase/Diguanyl_cyclase, DNA/RNA_pol_sf",NA,"A0A0K0ETN6","",NA,"SPAL_0001174600",29.2793,"SVE_1701300",23.8739,"",NA
"589","SSTP_0001281400",0.0334258914031215,0.0516097820658492,0.0358461732446097,0.119768639048203,0.277483976806508,0.30892466449747,0.0658784586900155,0.109848451803459,0.0740518743891459,0.386197257608668,0.114996504523856,0.165405820738158,0.0765346134332917,0.0330364561825803,0.131282691004375,0.118142143796957,0.11741580261213,0.154412764520574,0,0.0486069583777152,0.0465083996475797,0.0702363562843253,0.115976351747221,0.0851982804952477,"XLOC_011243 | TCONS_00017100.p1","Ss_chrX.6","",NA,NA,"A0A0K0ETN8","",NA,"",NA,"",NA,"",NA
"590","SSTP_0001281500",0,0,0.0720194660986724,0.0342410010556003,0.018640841707893,0.018053829560871,0.044178253934432,0,0.0369335926055404,0.201620945756908,0.115730765395982,0.129210184507835,0.101269440568942,0.0491976341754355,0.0969522502288661,0.352683336968764,0.116800592754629,0.152093415161518,0,0.073160493722918,0.0460157745894131,0.211031896350558,0.163410011830951,0.0214349999254154,"XLOC_011243 | TCONS_00017100.p1","Ss_chrX.6","Integrase_H2C2 domain-containing protein","RNaseH-like_sf, RNaseH_sf","nucleic acid binding","A0A0K0ETN9","",NA,"",NA,"SVE_1079600",24.6324,"",NA
"591","SSTP_0001282300",0.131271959091844,0.0172007755519011,0.180307705287254,0.188502518347984,0.149373781501571,0.0902537276936883,0,0,0,0.117708577551639,0.0827943352953024,0.147849259307539,0,0.0327960556851006,0,0.0470359059277987,0.0467290105573986,0.0651232487456866,0,0.0732489466220783,0.0344593820815611,0,0.0467532267451432,0,"XLOC_003631 | TCONS_00010472.p1","Ss_chr2","Serpentine receptor class gamma","7TM_GPCR_serpentine_rcpt_Srv","membrane","A0A0K0ETP7","",NA,"",NA,"",NA,"",NA
"592","SSTP_0001282400",0,0.0516094956098747,0,0.200915294148204,0.306497120948837,0.264395777615594,0,0,0,0,0,0,0,0,0,0.0297840735967658,0,0,0,0.0488309210675579,0,0,0,0,"XLOC_003631 | TCONS_00010472.p1","Ss_chr2","Serpentine receptor class gamma","7TM_GPCR_serpentine_rcpt_Srg","membrane, transmembrane signaling receptor activity, sensory perception of chemical stimulus","A0A0K0ETP8","",NA,"",NA,"",NA,"",NA
"593","SSTP_0001282500",0,0,0.0179576830374556,0.11702826787853,0,0.0607134511690082,0,0,0,0,0,0,0.0252999191941577,0.0163862234595085,0,0.0642093636000724,0,0,0,0,0,0,0,0,"XLOC_003631 | TCONS_00005312.p1","Ss_chr2","Serpentine receptor class gamma","7TM_GPCR_serpentine_rcpt_Srv","membrane","A0A0K0ETP9","",NA,"",NA,"",NA,"",NA
"594","SSTP_0001282700",0.0504915494242327,0.0688097264872494,0,0.0171377124274591,0,0,0,0,0,0,0,0.018461943254241,0,0,0,0.0235657961264935,0.0234242007356835,0,0,0,0.0462216362454448,0.0234578238100284,0,0.0214211220441294,"XLOC_008616 | TCONS_00012879.p1","Ss_chrX.2","CCHC-type domain-containing protein",NA,NA,"A0A0K0ETQ1","SRAE_X000199900 | WBGene00267577",28.2297,"SPAL_0000697800",31.5789,"SVE_1121100",43.5407,"",NA
"595","SSTP_0001282800",0.0374886743904282,0.0687425750819387,0.108088860384988,0,0,0,0.0220999732939501,0,0,0,0.0165441666903669,0,0,0.0327677902621924,0.0483916339150255,0.0234976156308244,0.0233443232517662,0.0650680965535134,0,0,0.0344962776151184,0,0.0467117135273764,0,"XLOC_003631 | TCONS_00010472.p1","Ss_chr2","Serpentine receptor class gamma","7TM_GPCR_serpentine_rcpt_Srg","membrane, transmembrane signaling receptor activity, sensory perception of chemical stimulus","A0A0K0ETQ2","",NA,"",NA,"",NA,"",NA
"596","SSTP_0001283600",0,0,0,0,0,0,0,0,0,0,0,0,0,0,0,0.0887995450320155,0,0,0,0,0,0,0,0.00532858754929444,"XLOC_008354 | TCONS_00012698.p1","Ss_chrX.2","BHD_2 domain-containing protein","BHD_2","DNA binding","A0A0K0ETS6","",NA,"",NA,"",NA,"",NA
"597","SSTP_0001284200",0,0,0,0.238866999155975,0,0,0,0.0271691275248986,0.0367540398072829,0.0167132491922917,0.0491089367570251,0.0364244467996566,0.0513909070452093,0.0497138683173622,0.0999303554739183,0.0708199888549958,0.212324485834477,0,0,0,0,0.0937695100017643,0,0.0845749160196748,"XLOC_010438 | TCONS_00015709.p1","Ss_chrX.3","DUF4476 domain-containing protein",NA,NA,"A0A0K0ETR6","SRAE_2000193200 | WBGene00262139",10.2041,"SPAL_0000115700",18.3673,"SVE_0730000",7.14286,"",NA
"598","SSTP_0001284300",0.0901824496510384,0,0,0,0,0,0,0,0,0.00839044868718216,0,0,0.0861260114156,0,0,0,0.0708487177611142,0,0,0,0,0,0,0.00531339871349079,"XLOC_010835 | TCONS_00016175.p1","Ss_chrX.5","BHD_2 domain-containing protein","BHD_2","DNA binding","A0A0K0ETR7","",NA,"",NA,"",NA,"",NA
"599","SSTP_0001285000",0,0,0.0418186854563142,0.631940720213979,0.44970563515217,0.498456166661701,0.0439982594251487,0,0,0,0,0,0.0508036493530437,0.0328883190381539,0.0192732635018581,0.0470918450980022,0,0.0875003608294195,0.0905201667504812,0.0243200288003295,0,0.155205156198738,0.21469029333238,0.114040787541129,"XLOC_011172 | TCONS_00017057.p1","Ss_chrX.6","G_PROTEIN_RECEP_F1_2 domain-containing protein","7TM_GPCR_serpentine_rcpt_Srh","membrane","A0A0K0ETS4","SRAE_2000474400 | WBGene00264985",82.3864,"SPAL_0001229000",78.4091,"SVE_1655300",36.9318,"",NA
"600","SSTP_0001285200",0.425215337375492,0.275143613528113,0.465252894177786,0,0,0,0.0440334372784164,0,0,0,0.0329473351441659,0,0,0,0,0,0,0,0.205120477760054,0.503556876913682,0.261305827266837,0,0,0.0053289573620501,"XLOC_008728 | TCONS_00012944.p1","Ss_chrX.2","BHD_2 domain-containing protein","BHD_2","DNA binding","A0A0K0ETS6","",NA,"",NA,"",NA,"",NA
"601","SSTP_0001285500",0.118141160558899,0.257945761156924,0.108166605923025,0.0513963757890083,0.0186690059767109,0,0.0221153263109861,0,0,0.0168110747729329,0.0331127001890367,0.110868993304989,0.303634193042475,0.147522378431706,0.0645487910671918,0.0940367556115955,0.0700668181614555,0.108479579044461,0.0903195910697705,0.19528839556383,0.137902659926988,0.0704019193573347,0.140234475976912,0,"XLOC_004041 | TCONS_00005813.p1","Ss_chr2","TGFbeta ligand","TGF-b_C, TGF-beta-rel, Cystine-knot_cytokine","extracellular region, signal transduction, growth factor activity","A0A8F3C0G6","SRAE_2000391100 | WBGene00264138",61.1621,"SPAL_0000314300",52.9052,"SVE_1585900",51.9878,"",NA
"602","SSTP_0001285900",0,0.0171714352166521,0,0,0.0186422636960131,0.0180160717454473,0.0220834296636324,0,0,0.0167865303208481,0,0,0,0.0163670906776668,0.0161144049742434,0,0.116605049608091,0.021663017177346,0,0,0.022949288249211,0,0.116694156933512,0,"XLOC_004624 | TCONS_00006480.p1","Ss_chr2","","7TM_GPCR_serpentine_rcpt_Srv",NA,NA,"",NA,"",NA,"",NA,"",NA
"603","SSTP_0001287700",0,0,0,0.17133339309837,0.186688035085851,0.144369880515306,0.176926620776421,0.165975447648892,0.147724225864565,0,0.016556282708206,0.018477949678522,0,0.0163940917521151,0.0161412101536192,0.0235125458608535,0,0.0434028802491016,0.0903332178615209,0.0244119896006191,0,0.0469370777229302,0.233727838937019,0.0429298358422145,"XLOC_003503 | TCONS_00010400.p1","Ss_chr2","","GPCR_Rhodpsn_7TM, 7TM_GPCR_serpentine_rcpt_Srx","membrane",NA,"",NA,"SPAL_0001229216",38.9408,"SVE_2022700",36.4486,"",NA
"604","SSTP_0001288500",0.0168747986223935,0.0172031344777243,0.0180284810471616,0.0856917232533702,0.056003183293364,0.072252935634457,0.0442347874331937,0.0829906313836203,0.258714792336811,0,0,0,0,0.0328163941165501,0.0484823615359401,0.0235299401745303,0,0,0,0,0,0,0.0233741050827174,0,"XLOC_002034 | TCONS_00004497.p1","Ss_chr1","","7TM_GPCR_serpentine_rcpt_Srx",NA,NA,"",NA,"",NA,"SVE_0366300",69.6246,"",NA
"605","SSTP_0001289300",0,0.0171872947566038,0.0180203323211623,0,0,0,0,0,0,0,0.033099929572922,0,0.025284089470152,0,0,0.0234930436130174,0,0.0216760343785597,0,0,0,0,0,0,"XLOC_003631 | TCONS_00005314.p1","Ss_chr2","","7TM_GPCR_serpentine_rcpt_Srv",NA,NA,"",NA,"",NA,"",NA,"",NA
"606","SSTP_0001289400",0.0168956966428667,0.0516368249465096,0.0180462964827116,0,0,0,0,0,0,0,0,0,0,0.0164034489079478,0,0,0.0233734743106501,0.0651245701586537,0,0.024434851637416,0,0.093958070808427,0.280755199997194,0.193388375342622,"XLOC_003631 | TCONS_00005313.p1","Ss_chr2","","GPCR_Rhodpsn, 7TM_GPCR_serpentine_rcpt_Srg","membrane, G protein-coupled receptor signaling pathway, G protein-coupled receptor activity, transmembrane signaling receptor activity, sensory perception of chemical stimulus",NA,"",NA,"",NA,"",NA,"",NA
"607","SSTP_0001289500",0.0168963597932956,0,0,0.120042426211738,0.0934480795913084,0.018057606486139,0,0,0,0,0,0,0,0,0,0,0.0233756914409437,0,0,0,0,0.0234910003387946,0,0,"XLOC_003631 | TCONS_00005311.p1","Ss_chr2","","7TM_GPCR_serpentine_rcpt_Srv",NA,NA,"",NA,"",NA,"",NA,"",NA
