"","geneID","FLF-DRR106346","FLF-DRR106347","FLF-DRR106348","FLF-DRR106349","FLF-DRR106350","FLF-DRR106351","PF-DRR106352","PF-DRR106353","PF-DRR106354","PF-DRR106355","PF-DRR106356","PF-DRR106357","Location","Description","InterPro","GO_term","UniProtKB","GS1_homologID","GS1_percent_homology","GS2_homologID","GS2_percent_homology","GS3_homologID","GS3_percent_homology","GS4_homologID","GS4_percent_homology"
"1","SVE_0000052350",0.0630207833065375,0.0629395408591008,0.197665613495042,0.323574701261189,0.0910952660127171,0.0886054749764798,0.118816897707226,0,0,0,0,0,"SVE_scaffold0000010","Mobile element protein",NA,NA,"A0A0K0ETT0","",NA,"",NA,"",NA,"",NA
"2","SVE_0000062250",0,0,0,0,0,0,0,0,0,0,0,0,"SVE_scaffold0000011","",NA,NA,"A0A0K0ETT1","",NA,"",NA,"",NA,"",NA
"3","SVE_0000063250",0.133083614293156,0,0,0,0,0,0.0657813674711848,0.0639198510631654,0,0.0762008635028075,0,0.0702434824705,"SVE_scaffold0000011","Secreted protein",NA,"membrane","A0A0K0ETT2","",NA,"",NA,"",NA,"",NA
"4","SVE_0000115450",0,0.0644882313128439,0.20364736327733,0.0669671547687151,0.094871873403775,0.0908414176375405,0.0612651131727233,0.0602749343659612,0,0,0.125471376692086,0,"SVE_scaffold0000013","",NA,"membrane","A0A0K0ETT6","",NA,"",NA,"",NA,"",NA
"5","SVE_0000131050",0,0.126948865236928,0.0679336974419816,0,0.0951203587834435,0,0,0.0608130733475417,0.0719294082107171,0,0,0,"SVE_scaffold0000013","",NA,NA,"A0A0K0ETT8","",NA,"",NA,"",NA,"",NA
"6","SVE_0000176450",0.0645793814687988,0.0643089482745341,0,0,0,0,0,0,0,0,0,0,"SVE_scaffold0000016","Fucosyltransferase","Glyco_trans_10, GT10-like_C_sf","protein glycosylation, fucosyltransferase activity, membrane, Golgi cisterna membrane, glycosyltransferase activity, Golgi apparatus, transferase activity","A0A0K0ETT9","",NA,"SRAE_2000477350 | WBGene00265017",42.029,"",NA,"",NA
"7","SVE_0000332450",0.146419881539012,0,0,0,0,0,0,0,0,0.0741548519863717,0,0.0657657515892184,"SVE_scaffold0000024","IS4 family transposase",NA,NA,"A0A0K0ETU9","",NA,"",NA,"",NA,"",NA
"8","SVE_0000382550",0.0621323263520994,0.062425017653934,0.0650234453187956,0.0635221466418386,0,0.0878709911087681,0,0,0,0,0,0,"SVE_scaffold0000028","",NA,NA,"A0A0K0ETV0","",NA,"",NA,"",NA,"",NA
"9","SVE_0000399650",0.0731999736335711,0,0,0,0,0,0,0,0,0,0,0.0635628762976337,"SVE_scaffold0000001","",NA,NA,"A0A0K0ETV3","",NA,"",NA,"",NA,"",NA
"10","SVE_0000434133",0,0,0.19087133612609,0,0,0,0,0,0,0,0,0,"SVE_scaffold0000001","",NA,NA,"A0A0K0ETV5","",NA,"",NA,"",NA,"",NA
"11","SVE_0000434166",0,0,0,0,0,0,0,0.0641988729899769,0,0,0,0,"SVE_scaffold0000001","Persulfide dioxygenase ETHE1, mitochondrial (inferred by orthology to a human protein)","RibonucZ/Hydroxyglut_hydro",NA,"A0A0K0ETV6","",NA,"",NA,"SPAL_0001632550",39.0244,"",NA
"12","SVE_0000502650",0.193017134291565,0.0656533337122227,0,0,0.28743290251844,0.277617014133263,0,0,0.0718369131161507,0.0700531492189083,0,0,"SVE_scaffold0000001","ABC transporter permease",NA,NA,"A0A0K0ETW4","",NA,"",NA,"",NA,"",NA
"13","SVE_0000503850",0.0641414700962367,0,0,0,0,0.180436202235252,0,0.0618853194320674,0,0,0,0,"SVE_scaffold0000001","Protein kinase domain-containing protein","Kinase-like_dom_sf, Protein_kinase_ATP_BS","ATP binding, nucleotide binding","A0A0K0ETW5","",NA,"",NA,"SPAL_0001020800",50.6329,"",NA
"14","SVE_0000569650",0,0,0.138705318976226,0.203745460523852,0,0,0,0.0619797703999186,0,0,0,0.0623732811345686,"SVE_scaffold0000001","",NA,"membrane","A0A0K0ETX3","",NA,"",NA,"",NA,"",NA
"15","SVE_0000572950",0,0,0,0,0,0,0,0,0,0,0,0,"SVE_scaffold0000001","Ovule protein",NA,NA,"A0A0K0ETX4","",NA,"SRAE_2000462900 | WBGene00264861",83,"SPAL_0000050100",99,"",NA
"16","SVE_0000600",0.0650435035409777,0,0,0,0,0,0.065114754743197,0,0.0784129625146166,0.15351686816337,0,0.143354316471935,"SVE_scaffold0000009","Tyrosine-protein phosphatase domain-containing protein","PTP_cat, Tyr_Pase_dom, Tyr_Pase_cat, Tyr_Pase_AS, Prot-tyrosine_phosphatase-like","dephosphorylation, protein dephosphorylation, protein tyrosine phosphatase activity, phosphatase activity, membrane","A0A0K0ETX7","SSTP_0000691500",32.1244,"SRAE_X000240400 | WBGene00267990",23.057,"SPAL_0000243000",83.247,"Y48G1C.5 | WBGene00021678",8.37651
"17","SVE_0000657250",0,0,0,0,0,0,0,0.064198811134225,0,0,0,0,"SVE_scaffold0000034","Ovule protein",NA,NA,"A0A0K0ETX9","",NA,"",NA,"",NA,"",NA
"18","SVE_0000660650",0.20986490413623,0.365921717133951,0,0,0,0,0,0.123875770426751,0,0,0,0.0604209480400111,"SVE_scaffold0000034","NADH dehydrogenase subunit 6",NA,NA,"A0A0K0ETY0","",NA,"",NA,"",NA,"",NA
"19","SVE_0000661550",0.194776857995891,0.0637747178548134,0,0.0612338917981028,0.0924908721071044,0.272780066368997,0.124631490496605,0.1844712193374,0,0,0,0,"SVE_scaffold0000034","",NA,"membrane","A0A0K0ETY1","SSTP_0000433700",52.7473,"SRAE_X000173250 | WBGene00267309",65.9341,"SPAL_0001690450",62.6374,"",NA
"20","SVE_0000699050",0.192836816469199,0.0653280070273947,0,0,0.0953575895341539,0.183326076580118,0.0618461255426788,0,0,0.0693375703086483,0,0,"SVE_contig0000002","",NA,NA,"A0A0K0ETY5","",NA,"",NA,"",NA,"",NA
"21","SVE_0000710550",0.131410272404249,0.196379132936471,0.0680839714390437,0,0,0,0,0.0635751054140377,0.0771306929919033,0.149465576014257,0.206898905803996,0,"SVE_scaffold0000038","Probable cation-transporting ATPase (inferred by orthology to a C. elegans protein)",NA,"membrane","A0A0K0ETY7","",NA,"",NA,"",NA,"",NA
"22","SVE_0000720350",0.19280403647442,0,0,0,0.382168363455597,0.0908916789092752,0.0642790854398402,0,0.150057628698263,0,0.0677371582875719,0,"SVE_scaffold0000039","",NA,NA,"A0A0K0ETY8","",NA,"",NA,"SPAL_0001252200",93.8462,"",NA
"23","SVE_0000860150",0.184447256492036,0.0625482204432144,0,0,0.0922863545719646,0.0877995858958644,0,0,0,0,0,0,"SVE_scaffold0000056","",NA,"membrane","A0A0K0ETZ4","",NA,"",NA,"",NA,"",NA
"24","SVE_0000881350",0.186976717538611,0.126940191924377,0,0.0653681911470718,0,0,0,0,0,0,0,0,"SVE_scaffold0000058","Ovule protein",NA,NA,"A0A0K0ETZ6","",NA,"",NA,"",NA,"",NA
"25","SVE_0000894350",0,0,0,0,0.0876159302815237,0,0,0,0,0,0,0,"SVE_scaffold0000060","Secreted protein",NA,NA,"A0A0K0ETZ7","",NA,"",NA,"",NA,"",NA
"26","SVE_0000936150",0,0,0,0,0,0.172105682102174,0,0,0,0,0.143973674988765,0,"SVE_contig0000001","",NA,NA,"A0A0K0ETZ9","",NA,"",NA,"",NA,"",NA
"27","SVE_0000939350",0,0,0,0,0,0,0,0.128397770322707,0,0,0,0,"SVE_contig0000001","",NA,NA,"A0A0K0EU00","",NA,"",NA,"",NA,"",NA
"28","SVE_0000940450",0,0.0666035544680712,0,0.0684824018638916,0,0,0.0628669006013743,0,0.0712068355919305,0,0,0,"SVE_contig0000001","",NA,NA,"A0A0K0EU01","",NA,"",NA,"",NA,"",NA
"29","SVE_0000945750",0,0,0.0615891945429386,0.0601855717961757,0.0906970405358121,0.264966560029163,0,0,0,0,0,0,"SVE_contig0000001","Ovule protein",NA,"membrane","A0A0K0EU03","",NA,"",NA,"",NA,"",NA
"30","SVE_0000992650",0,0,0,0,0,0,0,0.064198809184829,0,0,0,0,"SVE_contig0000001","",NA,NA,"A0A0K0EU05","",NA,"",NA,"",NA,"",NA
"31","SVE_0001000000",0,0.0660497784670898,0,0.0620195748920282,0,0,0.0645242230899798,0.126194003978323,0,0,0,0,"SVE_contig0000001","Restriction endonuclease","ATPase_V1_fsu_sf","ion transmembrane transport","A0A0K0EU08","",NA,"",NA,"",NA,"",NA
"32","SVE_0001000200",0,0,0,0.0653048872799057,0,0.180674790354008,0.0638868692831944,0.0624994495223685,0.223713017476682,0,0,0,"SVE_scaffold0000008","",NA,NA,"A0A0K0EU10","",NA,"",NA,"",NA,"",NA
"33","SVE_0001000300",0.126816886447289,0.125481134640829,0,0.0622404904850605,0.0922332192993806,0.267333504008483,0,0,0.074693047621989,0,0,0,"SVE_scaffold0000028","Ovule protein",NA,"membrane","A0A0K0EU11","",NA,"",NA,"",NA,"",NA
"34","SVE_0001000400",0.128634529285176,0.126198696099155,0.124191176129996,0,0.091563908842347,0.269516685907147,0,0,0.0749600724736911,0,0,0,"SVE_scaffold0000038","",NA,"membrane","A0A0K0EU12","",NA,"",NA,"",NA,"",NA
"35","SVE_0001013900",0,0,0,0,0,0.0889134489137996,0.126047357199198,0,0,0,0,0,"SVE_contig0000013","",NA,NA,"A0A0K0EU14","",NA,"",NA,"",NA,"",NA
"36","SVE_0001071900",0.0641420203296737,0.0628328759239151,0,0,0,0,0,0,0,0,0.074641384805832,0,"SVE_contig0000029","Serpentine receptor class gamma","7TM_GPCR_serpentine_rcpt_Srg","sensory perception of chemical stimulus, transmembrane signaling receptor activity, membrane","A0A0K0EU15","",NA,"",NA,"SPAL_0000255060",69.0648,"",NA
"37","SVE_0001700",0.0663007494413006,0.13022211728197,0,0,0,0,0.0638770512411828,0.125800486216425,0.157796991910349,0,0,0,"SVE_scaffold0000009","Transmembrane protein",NA,"membrane","A0A0K0EU24","SSTP_0000993100",68.6131,"SRAE_1000101100 | WBGene00257611",67.1533,"SPAL_0000244100",93.4307,"",NA
"38","SVE_0004000",0,0.0766284953498297,0,0.202189456347215,0,0,0,0,0,0.126643465893958,1.00614565138562e-09,0,"SVE_scaffold0000009","Speckle-type POZ protein-like (inferred by orthology to a human protein)","BTB/POZ_dom, SKP1/BTB/POZ_sf","protein binding","A0A0K0EU47","",NA,"",NA,"SPAL_0001498300",34.8837,"",NA
"39","SVE_0004800",0,0,0,0,0,0,0,0,0,0,0,0,"SVE_scaffold0000009","","Peptidase_M13, MetalloPept_cat_dom_sf","metalloendopeptidase activity, metallopeptidase activity, proteolysis","A0A0K0EU55","",NA,"",NA,"",NA,"",NA
"40","SVE_0006300",0,0,0,0,0,0,0,0.0641989630820196,0,0,0,0,"SVE_scaffold0000009","",NA,NA,"A0A0K0EU70","SSTP_0000299400",39.6825,"SRAE_1000016500 | WBGene00256759",43.6508,"SPAL_0001524000",92.0635,"",NA
"41","SVE_0008500",0.0644724517027834,0,0,0,0,0,0.190822094429445,0.1876566535079,0,0.153813417342515,0.0748694848329908,0.0734896901687232,"SVE_scaffold0000009","Serpentine receptor class gamma","7TM_GPCR_serpentine_rcpt_Srt","membrane","A0A0K0EU92","SSTP_0001261400",45.8861,"",NA,"SPAL_0001526300",79.4304,"",NA
"42","SVE_0008600",0.0659513621873846,0,0.185607780124413,0.121114163520507,0,0,0.0650082641277624,0.0639164748279941,0,0,0.153277732511259,0,"SVE_scaffold0000009","","Znf_C2H2_type, Znf_C2H2_sf",NA,"A0A0K0EU93","SSTP_0001261300",79.4118,"SRAE_1000018700 | WBGene00256781",82.0261,"SPAL_0001526400",96.4052,"",NA
"43","SVE_0010800",0.064679142442674,0.12841378805243,0,0,0,0.174686487889587,0.065147347729945,0,0.157188261253139,0.0768767147664055,0,0.145701383031641,"SVE_scaffold0000009","ZP domain-containing protein",NA,NA,"A0A0K0EUB5","",NA,"",NA,"SPAL_0001256700",46.0396,"",NA
"44","SVE_0011200",0,0.12638932847723,0,0,0.0928414372585844,0.269309637141281,0,0.0614614989019272,0,0.0727955321849189,0,0,"SVE_scaffold0000009","Peptidase M12A domain-containing protein","MetalloPept_cat_dom_sf","metallopeptidase activity","A0A0K0EUB9","",NA,"",NA,"",NA,"",NA
"45","SVE_0013300",0,0,0,0,0,0,0,0,0,0,0,0,"SVE_scaffold0000009","",NA,NA,"A0A0K0EUD9","",NA,"",NA,"",NA,"",NA
"46","SVE_0015500",0,0.064642969143081,0,0,0,0,0,0,0.077214919594172,0,0,0,"SVE_scaffold0000009","HMA domain-containing protein",NA,NA,"A0A0K0EUG1","",NA,"",NA,"",NA,"",NA
"47","SVE_0016600",0,0,0.0634350195904742,0,0,0,0.0637472261507933,0,0,0,0,0.073415716329559,"SVE_scaffold0000009","BTB_2 domain-containing protein","T1-type_BTB, SKP1/BTB/POZ_sf","protein homooligomerization","A0A0K0EUH2","",NA,"SRAE_1000169900 | WBGene00258307",57.5472,"SPAL_0000634600",89.6226,"",NA
"48","SVE_0018000",0,0.0631614264389055,0,0,0,0,0.0635076980900303,0.124898348375239,0.0785600208417402,0,0.0749067046314123,0.0735160307239641,"SVE_scaffold0000009","G_PROTEIN_RECEP_F1_2 domain-containing protein","7TM_GPCR_serpentine_rcpt_Srab","membrane","A0A0K0EUI6","",NA,"",NA,"SPAL_0000635825",85.5263,"",NA
"49","SVE_0018900",0.128985056286469,0.126280059009364,0,0,0.268095513622441,0,0,0.123762855141455,0,0.0765984430944947,0,0.074054815740634,"SVE_scaffold0000009","DDE_Tnp_IS1595 domain-containing protein","Tnp_ISXO2-like",NA,"A0A0K0EUJ5","SSTP_0001270400",65.1741,"SRAE_X000051400 | WBGene00266073",45.7711,"SPAL_0000656900",86.5672,"",NA
"50","SVE_0019100",0.131052264989145,0.193467883508178,0,0,0,0,0.062886103162399,0,0,0,0,0.145872419160832,"SVE_scaffold0000009","Post-SET domain-containing protein",NA,NA,"A0A0K0EUJ7","",NA,"",NA,"SPAL_0000068500",51.3514,"",NA
"51","SVE_0022300",0.064328660668932,0.0629493910027096,0,0,0.108779741542373,0.0878464315022189,0.065684569080155,0,0,0.0816823573384165,0.147671793321863,0.0796433361408685,"SVE_scaffold0000009","",NA,"membrane","A0A0K0EUM9","",NA,"",NA,"SPAL_0001695500",24.026,"",NA
"52","SVE_0023200",0,0,0,0,0,0,0.168028122923638,0.141794073683354,0.0786344364278661,0.099526861962927,0,0.0919754118938941,"SVE_scaffold0000009","",NA,"membrane","A0A0K0EUN8","",NA,"",NA,"SPAL_0001224600",48.9796,"",NA
"53","SVE_0025300",0,0,0,0,0,0,0,0.062038045688251,0,0,0,0.0737223214769927,"SVE_scaffold0000009","Highly acidic protein",NA,NA,"A0A0K0EUQ9","SSTP_0000362900",40.1709,"SRAE_2000474300 | WBGene00264983",35.8974,"SPAL_0000443600",70.0855,"",NA
"54","SVE_0025500",0.131597436401986,0,0,0,0,0.0912012781378301,0.18935950491855,0.185215589557886,0.154173762110797,0,0.147837027751089,0,"SVE_scaffold0000009","T9SS C-terminal target domain-containing protein",NA,NA,"A0A0K0EUR1","SSTP_0000292000",48.2143,"SRAE_1000082700 | WBGene00257427",54.4643,"SPAL_0000443800",81.25,"",NA
"55","SVE_0026600",0.0660610825899906,0,0,0,0,0,0,0.124365781019222,0,0,0,0.145138379763454,"SVE_scaffold0000009","",NA,"membrane","A0A0K0EUS1","",NA,"",NA,"",NA,"",NA
"56","SVE_0026700",0,0,0,0,0,0,0.198693032849506,0.128052921668011,0.0776786280610915,0,0,0,"SVE_scaffold0000009","Ovule protein",NA,NA,"A0A0K0EUS2","",NA,"",NA,"",NA,"",NA
"57","SVE_0026900",0,0,0.061510171659096,0.0598659848561078,0.182847407274101,0.0890962370028177,0,0,0,0,0,0.0705505151910897,"SVE_scaffold0000009","",NA,NA,"A0A0K0EUS4","",NA,"",NA,"",NA,"",NA
"58","SVE_0027000",0.130137764859955,0.0637775936261902,0,0,0,0,0.0629749148342641,0.124061922630896,0.0781898384124389,0,0.149984220030177,0.0743603976484353,"SVE_scaffold0000009","",NA,NA,"A0A0K0EUS5","",NA,"",NA,"SPAL_0000924700",61.0465,"",NA
"59","SVE_0028000",0.130703729358573,0.0647459545260838,0.0642492693925128,0,0,0,0,0,0,0,0,0.0692419817156366,"SVE_scaffold0000009","Ac146-like protein",NA,NA,"A0A0K0EUT5","",NA,"",NA,"",NA,"",NA
"60","SVE_0028400",0.132466590457744,0,0,0,0,0,0.19440176501034,0.12772022382703,0,0,0,0,"SVE_scaffold0000009","CAP domain-containing protein (inferred by orthology to a zebrafish protein)","CRISP-related, CAP_domain, CAP_sf",NA,"A0A0K0EUT8","",NA,"",NA,"SPAL_0000996000",54.2373,"",NA
"61","SVE_0028500",0,0,0,0,0,0,0.134748796782572,0.130263395472417,0.0790195312615381,0.0765626045918467,0.0706550050648186,0.13904632220288,"SVE_scaffold0000009","SCP domain-containing protein","CAP_sf",NA,"A0A0K0EUT9","",NA,"",NA,"",NA,"",NA
"62","SVE_0030300",0.0651796784889777,0,0,0,0,0,0,0,0,0,0,0,"SVE_scaffold0000009","",NA,"membrane","A0A0K0EUV7","",NA,"",NA,"",NA,"",NA
"63","SVE_0030500",0,0,0,0,0,0.171068618777458,0,0,0,0,0,0,"SVE_scaffold0000009","Secreted protein",NA,NA,"A0A0K0EUV9","",NA,"",NA,"SPAL_0000430200",42.5743,"",NA
"64","SVE_0030900",0.0653213020062902,0,0,0,0,0,0,0,0.0782671215143224,0.153213823314763,0,0,"SVE_scaffold0000009","Glutenin, low molecular weight subunit",NA,NA,"A0A0K0EUW3","",NA,"",NA,"SPAL_0001128100",77.5,"",NA
"65","SVE_0031900",0,0,0,0,0,0,0,0,0,0,0.0724233283292558,0,"SVE_scaffold0000009","",NA,NA,"A0A0K0EUX3","",NA,"",NA,"",NA,"",NA
"66","SVE_0032000",0.131584287460403,0,0,0,0,0.0925848086757049,0.0651591199967182,0,0.0776994933543589,0,0.0696405908017411,0.068860330039633,"SVE_scaffold0000009","Ovule protein",NA,NA,"A0A0K0EUX4","",NA,"",NA,"",NA,"",NA
"67","SVE_0032100",0,0,0,0,0.0936220042611638,0,0.252899287427428,0.309247291617364,0.076962410741016,0,0.145863214722873,0.072586635248565,"SVE_scaffold0000009","",NA,NA,NA,"",NA,"",NA,"",NA,"",NA
"68","SVE_0032200",0,0.197394077488061,0,0.0652495727643828,0,0,0.0656017544837299,0.0641298825404102,0,0.150834060305181,0.140179091710046,0.276829920816701,"SVE_scaffold0000009","DNA-binding protein",NA,NA,"A0A0K0EUX5","",NA,"",NA,"",NA,"",NA
"69","SVE_0033500",0,0.197179676628499,0.0642016449573877,0.06257992368123,0,0,0.127707789733457,0.0630791799257334,0,0.229611668561985,0,0,"SVE_scaffold0000009","LRAT domain-containing protein",NA,NA,"A0A0K0EUY8","",NA,"",NA,"SPAL_0000559800",72.1649,"",NA
"70","SVE_0033700",0.0663047434662076,0.130524437655996,0.25121118092131,0.24462134162457,0,0,0,0.0620569574447038,0,0,0.0741835692445838,0,"SVE_scaffold0000009","Photolyase/cryptochrome alpha/beta domain-containing protein",NA,NA,"A0A0K0EUZ0","",NA,"",NA,"SPAL_0000762000",60,"",NA
"71","SVE_0033900",0.132366795230898,0,0.0623291946952822,0.0608676295165821,0,0,0.0637240521141875,0,0.0786767509335642,0,0,0.0750034238201354,"SVE_scaffold0000009","",NA,"membrane","A0A0K0EUZ2","",NA,"",NA,"SPAL_0001083500",0.746269,"",NA
"72","SVE_0037300",0,0,0,0,0.162471970577404,0,0,0,0,0,0,0,"SVE_scaffold0000009","",NA,NA,"A0A0K0EV24","",NA,"",NA,"SPAL_0000053000",58.9905,"",NA
"73","SVE_0037700",0.265084045383599,0.194525550533146,0,0.0604448607789118,0,0,0,0.0638933388540312,0,0,0,0,"SVE_scaffold0000010","Cell wall-binding protein",NA,NA,"A0A0K0EV28","",NA,"",NA,"SPAL_0001451700",33.61,"",NA
"74","SVE_0040400",0.0655789387425727,0.0649708505446186,0.386834334732433,0.253430867623908,0,0,0,0,0,0,0.0701855761164164,0.06948249475027,"SVE_scaffold0000010","Secreted protein",NA,"membrane","A0A0K0EV55","SSTP_0000810450",79.0123,"SRAE_X000083000 | WBGene00266391",79.0123,"SPAL_0000200350",83.9506,"",NA
"75","SVE_0041600",0,0.129224601609931,0.316291029917063,0.061651167509692,0,0,0,0,0,0,0,0.0713120680238994,"SVE_scaffold0000010","",NA,NA,"A0A0K0EV67","SSTP_0000996500",57.2917,"SRAE_X000077600 | WBGene00266337",45.8333,"",NA,"",NA
"76","SVE_0043700",0.131079625393657,0.12853445024367,0.244318120469594,0.059822319563426,0.0911842174132975,0.0892252527049156,0.0635932440779559,0,0.0789383115325049,0.0773769116235943,0,0,"SVE_scaffold0000010","","Snake_toxin-like_sf","membrane","A0A0K0EV88","SSTP_0000450700",69.5652,"SRAE_X000075400 | WBGene00266315",78.8043,"",NA,"",NA
"77","SVE_0045500",0,0,0,0,0.181448024755278,0,0.064225611447478,0.0632413723526963,0,0,0,0,"SVE_scaffold0000010","UBN2 domain-containing protein",NA,NA,"A0A0K0EVA6","",NA,"",NA,"",NA,"",NA
"78","SVE_0045700",0,0,0,0,0,0,0,0,0,0,0,0,"SVE_scaffold0000010","Type II site-specific deoxyribonuclease","DNA/RNA_pol_sf",NA,"A0A0K0EVA8","",NA,"",NA,"",NA,"",NA
"79","SVE_0045800",0.0649796239842748,0,0,0,0,0,0.255174443824909,0.0627478821640441,0.0790862589423158,0,0.0756366765117632,0,"SVE_scaffold0000010","Integrase catalytic domain-containing protein","RNaseH-like_sf, RNaseH_sf","nucleic acid binding","A0A0K0EVA9","",NA,"",NA,"SPAL_0001688400",50.3906,"",NA
"80","SVE_0045900",0,0,0,0,0,0,0,0,0,0,0,0,"SVE_scaffold0000010","",NA,NA,NA,"",NA,"",NA,"",NA,"",NA
"81","SVE_0049900",0,0.064946445211144,0,0,0,0,0.0636123332286844,0.249375728181715,0,0,0.0753792861787243,0,"SVE_scaffold0000010","",NA,"membrane","A0A0K0EVE9","",NA,"",NA,"",NA,"",NA
"82","SVE_0050400",0,0,0,0.186690957489606,0,0,0,0,0,0,0,0,"SVE_scaffold0000010","Elongator complex protein 6",NA,NA,"A0A0K0EVF4","SSTP_0000688850",5.5814,"",NA,"SPAL_0001493800",0,"",NA
"83","SVE_0050800",0,0.0612462866293377,0,0,0.0898732688579449,0.0867738940403727,0,0,0,0,0,0,"SVE_scaffold0000010","Ovule protein",NA,NA,"A0A0K0EVF8","SSTP_0000659800",69.863,"SRAE_X000091700 | WBGene00266479",73.9726,"SPAL_0000257300",91.7808,"",NA
"84","SVE_0051100",0,0.127610535163941,0,0,0.184008038704059,0.449155136853734,0.0624516713958388,0,0.0762832589638607,0.074958326783947,0,0,"SVE_scaffold0000010","",NA,NA,"A0A0K0EVG1","",NA,"",NA,"",NA,"",NA
"85","SVE_0053300",0.262126914644774,0.129044393515578,0.0631698963759728,0.123130010550676,0,0,0,0,0,0,0,0,"SVE_scaffold0000010","",NA,NA,"A0A0K0EVI3","",NA,"",NA,"",NA,"",NA
"86","SVE_0054100",0.0650043305407791,0.127308274544861,0,0,0,0,0,0,0.0786232890945152,0,0,0,"SVE_scaffold0000010","",NA,NA,"A0A0K0EVJ1","",NA,"",NA,"SPAL_0001558000",62.8866,"",NA
"87","SVE_0055600",0.0646788852322802,0.0633035527489871,0,0,0.0893244334997467,0.087532450169242,0,0.0622656319074278,0.0785604856094839,0,0,0,"SVE_scaffold0000010","MARVEL domain-containing protein",NA,"membrane","A0A0K0EVK6","SSTP_0000263300",64.1256,"SRAE_X000072050 | WBGene00266280",60.5381,"SPAL_0001556550",73.991,"",NA
"88","SVE_0058800",0,0.0635459230431686,0.2610014706305,0.127538821005588,0,0.0899796275687149,0,0,0.0758192788164056,0,0,0.0668915872580666,"SVE_scaffold0000010","",NA,NA,"A0A0K0EVN8","SSTP_0000496300",90.2778,"SRAE_X000086000 | WBGene00266422",93.0556,"SPAL_0000009100",98.6111,"",NA
"89","SVE_0059200",0,0.129628227129276,0.248753259056247,0.0607701444090886,0,0.294740206335287,0,0.062402275345181,0,0,0,0,"SVE_scaffold0000010","DUF2326 domain-containing protein",NA,NA,"A0A0K0EVP2","",NA,"",NA,"SPAL_0001088375",84.6154,"",NA
"90","SVE_0060300",0,0,0,0,0,0,0,0.0641986015242441,0,0,0,0,"SVE_scaffold0000010","Rad21_Rec8 domain-containing protein",NA,NA,"A0A0K0EVQ3","",NA,"",NA,"",NA,"",NA
"91","SVE_0060500",0,0,0,0,0,0,0,0.0798955165634057,0,0,0,0,"SVE_scaffold0000010","DDE_3 domain-containing protein","RNaseH_sf, Tc1-like_DDE_dom","nucleic acid binding","A0A0K0EVQ5","",NA,"",NA,"SPAL_0000099200",76.875,"",NA
"92","SVE_0060600",0.194551497345329,0,0,0,0.0883213184846852,0,0.128658973809382,0.0632013739301319,0.0787735619103903,0,0.0742904020051332,0,"SVE_scaffold0000010","Metalloendopeptidase","EGF-like_dom, Peptidase_M12A, Peptidase_Metallo, MetalloPept_cat_dom_sf","metalloendopeptidase activity, metallopeptidase activity, proteolysis, zinc ion binding, peptidase activity, hydrolase activity, metal ion binding","A0A0K0EVQ6","",NA,"SRAE_X000144200 | WBGene00267011",43.7198,"SPAL_0000246600",44.686,"nas-36 | WBGene00003552",23.913
"93","SVE_0060800",0,0,0,0,0,0,0.0627439096677476,0,0,0,0.148174587614659,0.112966510288721,"SVE_scaffold0000010","BTB domain-containing protein",NA,NA,"A0A0K0EVQ8","",NA,"",NA,"SPAL_0000878100",0,"",NA
"94","SVE_0061200",0.0641648679719699,0.0650226955249587,0.0687369141530311,0,0.192809517248363,0,0.12564925620602,0.0612365973119722,0.0365781348009151,0,0,0,"SVE_scaffold0000011","Transcriptional regulator",NA,NA,"A0A0K0EVR2","",NA,"",NA,"SPAL_0000459400",59.6154,"",NA
"95","SVE_0061400",0,0.185467354109494,0,0,0.355619861982135,0.260672276641852,0,0,0,0,0,0,"SVE_scaffold0000011","39S ribosomal protein L9, mitochondrial",NA,NA,"A0A0K0EVR4","",NA,"",NA,"",NA,"",NA
"96","SVE_0063400",0.0641994065265605,0,0.131865838120414,0.0644254834951811,0.0940369776742439,0,0.128412474015012,0.187246248681222,0.151593104761648,0.0736244084858598,0,0,"SVE_scaffold0000011","",NA,NA,"A0A0K0EVT4","",NA,"",NA,"",NA,"",NA
"97","SVE_0063800",0,0,0.0628528953316715,0,0,0.488542072406863,0.111742841089871,0.0624569705779181,0.117204319974458,0.153515767807858,0,0,"SVE_scaffold0000011","DNA-directed DNA polymerase","BAF_prot, BAF_sf","DNA binding, nucleus","A0A0K0EVT8","",NA,"",NA,"SPAL_0000934000",27.8689,"",NA
"98","SVE_0065300",0.130679617908787,0,0.247658551255469,0.0605722325870542,0,0,0,0.0636101491554226,0.0794539121478519,0.0777124404181647,0,0.0737422063405992,"SVE_scaffold0000011","Zinc metalloproteinase","Peptidase_M12A, Peptidase_Metallo, Metallopeptidase_nem, MetalloPept_cat_dom_sf, Astacin-like_dom","molting cycle, collagen and cuticulin-based cuticle, metalloendopeptidase activity, metallopeptidase activity, proteolysis, zinc ion binding, peptidase activity, hydrolase activity, extracellular region, metal ion binding","A0A0K0EVV3","SSTP_0000422000",50.2591,"",NA,"SPAL_0000730300",73.057,"",NA
"99","SVE_0067500",0.130195954626552,0,0.182545126656902,0.178462371796502,0.179248307501476,0,0,0.0628924632288351,0,0,0.0757957283647841,0.0745788466627801,"SVE_scaffold0000011","Pep_M12B_propep domain-containing protein",NA,"membrane","A0A0K0EVX6","",NA,"",NA,"SPAL_0000536800",59.4595,"",NA
"100","SVE_0067800",0.261458179151408,0.256043010951977,0,0,0,0,0.195035193000948,0,0,0,0,0,"SVE_scaffold0000011","Protein-tyrosine phosphatase","PTP_cat, Tyr_Pase_dom, Tyr_Pase_cat, Tyr_Pase_AS, Prot-tyrosine_phosphatase-like","dephosphorylation, protein dephosphorylation, protein tyrosine phosphatase activity, phosphatase activity","A0A0K0EVX9","SSTP_0000409200",42.3935,"SRAE_X000240400 | WBGene00267990",20.6897,"",NA,"Y48G1C.5 | WBGene00021678",12.3732
"101","SVE_0068000",0,0,0,0,0,0,0,0,0,0,0,0,"SVE_scaffold0000011","LAGLIDADG_2 domain-containing protein",NA,NA,"A0A0K0EVY1","",NA,"",NA,"",NA,"",NA
"102","SVE_0068100",0,0,2.80548256031956e-05,5.69560891046291e-05,0,0,2.76615588617709e-08,0,0,0,0,1.89000076205804e-05,"SVE_scaffold0000011","Saposin B-type domain-containing protein","SaposinB_dom, Saposin-like",NA,"A0A0K0EVY2","",NA,"",NA,"SPAL_0000366700",85.7143,"",NA
"103","SVE_0068900",0,0.0644349111343915,0.191316965481487,0.31159538974811,0.187825112758473,0,0.0632867969406733,0,0,0,0.0706301480379228,0.0696155403002706,"SVE_scaffold0000011","Crossover junction endonuclease MUS81 (inferred by orthology to a human protein)","Restrct_endonuc-II-like, Mus81","double-strand break repair, endonuclease activity, cellular response to DNA damage stimulus, DNA recombination, DNA repair, nuclease activity, hydrolase activity, crossover junction endodeoxyribonuclease activity, nucleus, DNA binding, metal ion binding, DNA catabolic process, Holliday junction resolvase complex, double-strand break repair via break-induced replication, DNA catabolic process, endonucleolytic","A0A0K0EVZ0","",NA,"",NA,"",NA,"",NA
"104","SVE_0069100",0.0663754455659669,0,0.0641497845701757,0,0,0,0,0.0628646659788757,0,0.0794650679338632,0.0725167695066277,0.214765957977974,"SVE_scaffold0000011","",NA,NA,"A0A0K0EVZ2","SSTP_0001198400",62.3656,"SRAE_1000021900 | WBGene00256813",58.0645,"SPAL_0001336900",69.8925,"",NA
"105","SVE_0069300",0,0,0,0,0,0,0.0651236562334087,0.0635871175612641,0.0795470260777931,0,0,0,"SVE_scaffold0000011","",NA,NA,"A0A0K0EVZ4","SSTP_0001198400",57.7586,"SRAE_1000021900 | WBGene00256813",61.2069,"",NA,"",NA
"106","SVE_0070100",0,0.0650887436996684,0,0.0624524756341928,0,0,0,0.0627312661778484,0,0,0.0723082299942727,0,"SVE_scaffold0000011","Hydrocephalus-inducing protein homolog",NA,NA,"A0A0K0EW02","",NA,"",NA,"",NA,"",NA
"107","SVE_0070200",0.0651794534939961,0,0,0,0,0,0,0,0,0,0,0,"SVE_scaffold0000011","G_PROTEIN_RECEP_F1_2 domain-containing protein",NA,"membrane","A0A0K0EW03","",NA,"",NA,"",NA,"",NA
"108","SVE_0073600",0,0.0752293632274727,0,0,0.091930838963253,0,0,0.0967979660749529,0,0.109956678675489,0.121062067693471,0.0724598436015514,"SVE_scaffold0000011","Ovule protein",NA,NA,"A0A0K0EW37","",NA,"",NA,"",NA,"",NA
"109","SVE_0073700",0.0646009569057572,0.182312783606953,0,0.0656362853862655,0.0955469553321257,0,0.0646120740528045,0.0628569052090237,0.151049004237615,0,0.0676579209750129,0,"SVE_scaffold0000011","",NA,NA,"A0A0K0EW38","",NA,"",NA,"",NA,"",NA
"110","SVE_0074800",0.0648286029833336,0.190479009112525,0,0,0,0,0.128877672496367,0,0.0786142494051631,0.153824071956511,0,0.0726049397332871,"SVE_scaffold0000011","Phosphate-regulating neutral endopeptidase (inferred by orthology to a human protein)","Peptidase_M13, Peptidase_M13_C, MetalloPept_cat_dom_sf, Peptidase_M13_dom_2","metalloendopeptidase activity, metallopeptidase activity, proteolysis","A0A0K0EW49","",NA,"",NA,"SPAL_0000930700",18.896,"",NA
"111","SVE_0074900",0,0.0637157788021662,0,0,0,0,0,0,0,0,0,0,"SVE_scaffold0000011","",NA,NA,"A0A0K0EW50","SSTP_0000540400",58.9744,"SRAE_1000161500 | WBGene00258223",53.8462,"SPAL_0001498100",57.6923,"",NA
"112","SVE_0075600",0,0,0,0,0,0,0,0.0641988083493736,0,0,0,0,"SVE_scaffold0000011","",NA,NA,"A0A0K0EW57","",NA,"",NA,"SPAL_0000046700",25.2427,"",NA
"113","SVE_0075700",0.336230399421664,0.0668183062749737,0,0,0,0,0,0,0.156218263414582,0.07648530226339,0,0,"SVE_scaffold0000011","",NA,NA,"A0A0K0EW58","",NA,"",NA,"SPAL_0000046700",23.1788,"",NA
"114","SVE_0076900",0,0,0,0.119915314897626,0.272271425128047,0.0889748834300395,0.064150981422812,0.0631998084513752,0,0,0,0,"SVE_scaffold0000011","Wsv008",NA,"membrane","A0A0K0EW70","",NA,"",NA,"SPAL_0001757400",76.7123,"",NA
"115","SVE_0077000",0.132269802325179,0.0646946898668667,0,0,0,0,0.193183286250692,0.0633909149364114,0,0,0,0,"SVE_scaffold0000011","PIR protein",NA,"membrane","A0A0K0EW71","",NA,"",NA,"SPAL_0001757500",85.9296,"",NA
"116","SVE_0077100",0.199613471583112,0.0652751892462489,0,0,0,0,0.0639540789339148,0.0628880670871015,0,0,0,0,"SVE_scaffold0000011","",NA,"membrane","A0A0K0EW72","SSTP_0001267200",41.2214,"SRAE_1000050000 | WBGene00257097",35.8779,"",NA,"",NA
"117","SVE_0077200",0.0671789034166647,0,0.125615865407282,0.0614318932688354,0,0,0,0.0639310970113203,0,0,0,0,"SVE_scaffold0000011","",NA,"membrane","A0A0K0EW73","",NA,"",NA,"SPAL_0000116500",32.7273,"",NA
"118","SVE_0077300",0,0,0,0,0,0.0900249503724547,0.124513583847926,0,0,0,0,0,"SVE_scaffold0000011","",NA,NA,"A0A0K0EW74","",NA,"",NA,"SPAL_0001502400",49.0196,"",NA
"119","SVE_0077400",0,0,0,0,0,0,0,0,0,0,0,0,"SVE_scaffold0000011","Lipoprotein",NA,"membrane","A0A0K0EW75","",NA,"",NA,"SPAL_0001759900",53.1792,"",NA
"120","SVE_0077500",0,0,0,0,0,0,0.12727764477725,0.0626818838564696,0,0,0,0.0751206673577913,"SVE_scaffold0000011","SH3 domain-containing protein",NA,"membrane","A0A0K0EW76","",NA,"",NA,"SPAL_0000972100",36.4162,"",NA
"121","SVE_0077600",0,0,0,0,0,0,0.0656393383799974,0.127619774351817,0.0786202470210313,0.07672847491719,0,0,"SVE_scaffold0000011","",NA,NA,"A0A0K0EW77","",NA,"",NA,"",NA,"",NA
"122","SVE_0077700",0,0,0,0,0,0,0,0.0626452312448163,0.155685182681007,0,0,0.0734714402838306,"SVE_scaffold0000011","",NA,"membrane","A0A0K0EW78","",NA,"",NA,"SPAL_0001760000",72.381,"",NA
"123","SVE_0077800",0,0.0642572029704748,0,0,0,0,0,0,0,0,0.0718143062652079,0,"SVE_scaffold0000011","Gram_pos_anchor domain-containing protein",NA,"membrane","A0A0K0EW79","",NA,"",NA,"SPAL_0000602900",50.4854,"",NA
"124","SVE_0077900",0,0.0638128176522111,0,0,0,0,0,0,0,0.0765890230461209,0,0,"SVE_scaffold0000011","Gram_pos_anchor domain-containing protein",NA,"membrane","A0A0K0EW80","",NA,"",NA,"SPAL_0000972200",76.6082,"",NA
"125","SVE_0078100",0.0650682602858208,0.445815991311553,0,0,0,0,0.129814599276801,0.127410003089332,0.0786729270131879,0,0,0.0722839318870441,"SVE_scaffold0000011","6-cysteine protein",NA,"membrane","A0A0K0EW82","",NA,"",NA,"SPAL_0000373500",55.0232,"",NA
"126","SVE_0080100",0.0652640026836885,0.0640255403459336,0,0.0599599879605559,0,0.0895449943035685,0,0.0616841180095755,0,0,0.0743763508910655,0,"SVE_scaffold0000011","Transthyretin-like protein 52 (inferred by orthology to a C. elegans protein)","Transthyretin-like, Transthyretin-like_sf","cell surface, extracellular region","A0A0K0EWA2","SSTP_0001165700",72.5191,"SRAE_1000055200 | WBGene00257149",80.1527,"SPAL_0001496200",97.7099,"",NA
"127","SVE_0080200",0.064976919079464,0.0636655559887106,0.060662406617978,0,0.181269771771313,0.177352300970375,0.12575169593837,0,0.156084231928449,0.0764065354195245,0.0748495857140943,0,"SVE_scaffold0000011","Ion_trans domain-containing protein",NA,"membrane","A0A0K0EWA3","SSTP_0001165600",90,"SRAE_1000055300 | WBGene00257150",91.7647,"SPAL_0001496100",97.6471,"B0403.6 | WBGene00043982",58.2353
"128","SVE_0081400",0.0655460110903075,0.129932767298498,0,0,0,0,0.259089770383967,0.0633193245540036,0,0,0,0,"SVE_scaffold0000011","Transposase",NA,NA,"A0A0K0EWB4","",NA,"",NA,"",NA,"",NA
"129","SVE_0085600",0.129771967588137,0,0,0,0.181452369063129,0.0886054250845444,0.250508677359343,0.0616455065187029,0,0.0760963831957275,0.0746141622579054,0,"SVE_scaffold0000011","",NA,NA,NA,"",NA,"",NA,"",NA,"",NA
"130","SVE_0086400",0.192487456926917,0.125632277792065,0,0,0.0883285229172195,0,0,0.0619444767322336,0.0780709497740587,0,0.0746850462840539,0.0734930682315609,"SVE_scaffold0000011","Ricin B-type lectin domain-containing protein",NA,NA,"A0A0K0EWG3","",NA,"",NA,"SPAL_0001096200",34.1176,"",NA
"131","SVE_0087400",0,0.0644879235858924,0,0,0.371669006183623,0,0,0.0614372040386777,0.0763413119321012,0,0,0,"SVE_scaffold0000011","",NA,"membrane","A0A0K0EWH3","SSTP_0001197600",38.0952,"",NA,"",NA,"",NA
"132","SVE_0087700",0.0645647257376396,0.0643233552603195,0,0,0,0,0,0,0,0,0,0,"SVE_scaffold0000011","Phage protein",NA,NA,"A0A0K0EWH6","",NA,"",NA,"",NA,"",NA
"133","SVE_0087800",0.256282268359292,0.125493048269684,0,0,0,0,0,0,0,0,0,0.0735939359169201,"SVE_scaffold0000011","Ommochrome-binding protein-like",NA,NA,"A0A0K0EWH7","",NA,"",NA,"SPAL_0001097500",80.198,"",NA
"134","SVE_0087900",0.193468343890894,0.126448275568422,0,0,0,0,0,0,0.0776939414155884,0,0.0743888066041938,0,"SVE_scaffold0000011","Transmembrane protein",NA,"membrane","A0A0K0EWH8","",NA,"",NA,"",NA,"",NA
"135","SVE_0088600",0.263767465552167,0,0,0.0605536848621572,0,0,0,0.0624431779134983,0.0784808980015175,0,0.0755521785669408,0,"SVE_scaffold0000011","","SCVP",NA,"A0A0K0EWI5","SSTP_0001157800",27.4648,"SRAE_1000042800 | WBGene00257024",28.8732,"SPAL_0001098350",82.3944,"",NA
"136","SVE_0092000",0,0,0,0,0.0876154466670693,0,0,0,0,0,0,0,"SVE_scaffold0000011","Serpentine receptor class gamma","7TM_GPCR_serpentine_rcpt_Srg","sensory perception of chemical stimulus, transmembrane signaling receptor activity, membrane","A0A0K0EWL8","",NA,"SRAE_1000000750 | WBGene00256600",31.405,"SPAL_0000068050",43.8017,"",NA
"137","SVE_0092400",0.0656475961762638,0.128796522023168,0,0,0,0,0.126834018361155,0.124903446646133,0,0,0.0755940743284301,0,"SVE_scaffold0000011","Glycosidase",NA,NA,"A0A0K0EWM1","SSTP_0000636400",45.122,"SRAE_X000233100 | WBGene00267915",47.561,"",NA,"",NA
"138","SVE_0092500",0,0.125902983530108,0,0,0,0,0,0.0616138665179745,0.0778143812368794,0.152551456320748,0.0747491797982538,0.147512184537492,"SVE_scaffold0000011","Reverse transcriptase domain-containing protein","RT_dom, Rev_trsase/Diguanyl_cyclase, DNA/RNA_pol_sf",NA,"A0A0K0EWM2","SSTP_0001038000",63.4518,"SRAE_X000232600 | WBGene00267910",66.4975,"SPAL_0001720500",52.7919,"",NA
"139","SVE_0093000",0,0,0,0,0,0,0,0,0,0,0,0,"SVE_scaffold0000011","",NA,NA,"A0A0K0EWM7","",NA,"",NA,"SPAL_0000043900",24.7934,"",NA
"140","SVE_0093200",0,0,0,0.0622305471205,0,0,0,0,0,0,0,0,"SVE_scaffold0000011","DCache_2 domain-containing protein",NA,NA,"A0A0K0EWM9","",NA,"",NA,"SPAL_0001220300",85,"",NA
"141","SVE_0093300",0,0,0,0,0,0,0.0653813982874064,0.128625710003108,0,0,0,0,"SVE_scaffold0000011","Rx_N domain-containing protein",NA,NA,"A0A0K0EWN0","",NA,"",NA,"",NA,"",NA
"142","SVE_0093400",0.128642096667705,0,0,0,0,0.0866783945779258,0,0,0,0,0,0,"SVE_scaffold0000011","",NA,NA,"A0A0K0EWN1","",NA,"",NA,"SPAL_0000616000",48.3471,"",NA
"143","SVE_0093800",0.0649038365841548,0,0,0,0,0,0.0641448172644977,0.063061858261542,0,0.0856137136626703,0.0750218090417271,0,"SVE_scaffold0000012","Retrotrans_gag domain-containing protein",NA,NA,"A0A0K0EWN5","",NA,"",NA,"SPAL_0000622000",63.2948,"",NA
"144","SVE_0093900",0,0.0635629860436068,0,0,0,0,0,0.0618532911656589,0,0,0,0.148267688729745,"SVE_scaffold0000012","Reverse transcriptase domain-containing protein","RT_dom, Rev_trsase/Diguanyl_cyclase, DNA/RNA_pol_sf",NA,"A0A0K0EWN6","",NA,"",NA,"",NA,"",NA
"145","SVE_0094000",0.0649020961046241,0,0,0,0,0,0.194297694326756,0.0635618046688315,0.156895499363335,0.0767732044104111,0.219894055906561,0.144076346271563,"SVE_scaffold0000012","Integrase catalytic domain-containing protein","Integrase_cat-core, RNaseH_domain, RNaseH-like_sf, RNaseH_sf, Integrase_H2C2, RNase_H-like_dom_plant","DNA integration, RNA-DNA hybrid ribonuclease activity, nucleic acid binding, RNA phosphodiester bond hydrolysis, endonucleolytic","A0A0K0EWN7","",NA,"",NA,"SPAL_0001252700",56.8047,"",NA
"146","SVE_0094100",0.0659654160739676,0,0,0,0,0,0.0647184973820781,0,0,0,0,0,"SVE_scaffold0000012","Gag_pre-integrs domain-containing protein",NA,NA,"A0A0K0EWN8","",NA,"",NA,"",NA,"",NA
"147","SVE_0094200",0,0,0,0,0,0,0,0,0.078335934510674,0,0,0,"SVE_scaffold0000012","",NA,NA,NA,"",NA,"",NA,"",NA,"",NA
"148","SVE_0094300",0.13336489811133,0,0,0.0412838280618753,0,0,0,0,0,0,0,0,"SVE_scaffold0000012","",NA,NA,"A0A0K0EWN9","",NA,"",NA,"",NA,"",NA
"149","SVE_0095200",0,0,0,0,0,0,0,0,0,0,0,0,"SVE_scaffold0000012","HTH_48 domain-containing protein","Mos1_HTH",NA,"A0A0K0EWP8","",NA,"",NA,"SPAL_0000583800",48.6842,"",NA
"150","SVE_0096800",0,0.131497568361348,0.0636752152234354,0.123718131568475,0,0,0.127638651785213,0,0,0,0,0,"SVE_scaffold0000012","",NA,"membrane","A0A0K0EWR4","",NA,"SRAE_0000050750 | WBGene00256252",28.1553,"",NA,"",NA
"151","SVE_0096900",0.0635589955152559,0,0.25816070290378,0.440430014650488,0,0,0,0,0,0,0,0,"SVE_scaffold0000012","",NA,NA,"A0A0K0EWR5","",NA,"",NA,"",NA,"",NA
"152","SVE_0097200",0,0,0,0,0,0,0.190865517554682,0.250613868573241,0,0.0773175730503232,0.0758382731516382,0,"SVE_scaffold0000012","SCP domain-containing protein",NA,NA,"A0A0K0EWR8","",NA,"",NA,"",NA,"",NA
"153","SVE_0100900",0,0,0,0,0,0,0,0.0628987003929731,0.0790218111006565,0.0776185104677737,0,0,"SVE_scaffold0000012","","FMRFamid-related_peptide-like","neuropeptide signaling pathway, extracellular region","A0A0K0EWV5","SSTP_0000883300",60.9023,"SRAE_X000149400 | WBGene00267066",57.8947,"SPAL_0001329500",91.7293,"",NA
"154","SVE_0101900",0.0654305451364199,0.0640648163675785,0,0,0,0,0.325694735833027,0.0639553543610367,0,0,0,0,"SVE_scaffold0000012","Sarcolemmal membrane-associated protein (inferred by orthology to a human protein)","FHA_dom, SMAD_FHA_dom_sf","protein binding, membrane","A0A0K0EWW5","SSTP_0000882500",61.6541,"SRAE_X000150400 | WBGene00267076",65.2256,"SPAL_0001328600",94.7368,"slmp-1 | WBGene00019766",21.2406
"155","SVE_0103100",0.0645308801046527,0.0632522366768197,0,0,0,0.0864418990954879,0,0.062547588187933,0,0,0,0.0736345983923563,"SVE_scaffold0000012","","Lipase_EstA/Esterase_EstB, AB_hydrolase","lipid catabolic process, hydrolase activity","A0A0K0EWX7","SSTP_0000881300",87.7888,"SRAE_X000151600 | WBGene00267088",86.7987,"SPAL_0001327400",97.3597,"lips-9 | WBGene00010267",56.4356
"156","SVE_0105100",0.262385395699545,0.0642456217529752,0.0613141080533296,0.119885390026292,0,0,0.0644299659599288,0.190121927032007,0.0798963410035382,0.0781298779654388,0,0.0751496719718347,"SVE_scaffold0000012","","Fibroblast_GF_fam, IL1/FGF","growth factor activity, signal transduction, membrane","A0A0K0EWZ7","SSTP_0000861000",52.8958,"SRAE_X000039000 | WBGene00265949",53.2819,"",NA,"",NA
"157","SVE_0108200",0.0653043116336949,0,0.122431389990467,0,0.0916905205814643,0,0,0.123708877849015,0.15568122484688,0.0762287240047348,0,0.0743567737739358,"SVE_scaffold0000012","BTB domain-containing protein","BTB/POZ_dom, T1-type_BTB, SKP1/BTB/POZ_sf","protein homooligomerization, protein binding","A0A0K0EX28","SSTP_0000858300",93.1034,"SRAE_X000227600 | WBGene00267858",92.4138,"SPAL_0001182600",100,"F49H12.3 | WBGene00018654",51.7241
"158","SVE_0108500",0.195563066453834,0.127614348399447,0,0,0,0.356585379795344,0.0627825466518595,0,0,0,0,0,"SVE_scaffold0000012","RNA-directed DNA polymerase-like protein",NA,NA,"A0A0K0EX31","",NA,"",NA,"",NA,"",NA
"159","SVE_0110000",0,0,0,0,0.179076554564392,0.174833451307933,0.0639911412612142,0.0629343159361747,0,0,0,0,"SVE_scaffold0000012","Lipocln_cytosolic_FA-bd_dom domain-containing protein","Calycin",NA,"A0A0K0EX46","SSTP_0001229000",84.9265,"SRAE_X000229600 | WBGene00267879",85.2941,"SPAL_0001338100",97.0588,"lpr-6 | WBGene00012255",53.3088
"160","SVE_0111100",0.130956987478839,0.12826442582237,0,0,0,0,0.0650708303490405,0.127817436221363,0,0,0,0,"SVE_scaffold0000012","TYR_PHOSPHATASE_2 domain-containing protein","Dual-sp_phosphatase_cat-dom, Tyr_Pase_dom, Tyr_Pase_cat, Tyr_Pase_AS, TYR_PHOSPHATASE_DUAL_dom, Prot-tyrosine_phosphatase-like","protein tyrosine/serine/threonine phosphatase activity, dephosphorylation, protein dephosphorylation, phosphatase activity, phosphoprotein phosphatase activity, hydrolase activity","A0A0K0EX57","SSTP_0001227900",70.6897,"SRAE_X000230700 | WBGene00267890",72.8448,"SPAL_0001115400",96.9828,"T12B3.1 | WBGene00020444",26.0776
"161","SVE_0112100",0,0,0.120559048852327,0,0.090017848786046,0.0879195872699892,0,0,0,0,0,0,"SVE_scaffold0000012","G_PROTEIN_RECEP_F1_2 domain-containing protein","GPCR_Rhodpsn, GPCR_Rhodpsn_7TM","G protein-coupled receptor activity, G protein-coupled receptor signaling pathway, membrane","A0A0K0EX67","",NA,"",NA,"",NA,"",NA
"162","SVE_0112200",0.198974341710571,0,0.247226942968785,0.060477287493965,0.182517205156704,0,0,0,0,0,0,0,"SVE_scaffold0000012","G_PROTEIN_RECEP_F1_2 domain-containing protein","GPCR_Rhodpsn, GPCR_Rhodpsn_7TM","G protein-coupled receptor activity, G protein-coupled receptor signaling pathway, membrane","A0A0K0EX68","",NA,"",NA,"",NA,"",NA
"163","SVE_0113200",0.0649744243654493,0.127322644979821,0,0,0,0,0.322179172684512,0.253235024143097,0,0.154434233879373,0.0744788737215303,0,"SVE_scaffold0000012","CC domain-containing protein","Cys_repeat_1",NA,"A0A0K0EX78","SSTP_0000442800",55.1471,"SRAE_X000197900 | WBGene00267556",54.902,"SPAL_0000671900",90.4412,"",NA
"164","SVE_0113500",0,0,0,0,0,0,0.254912317641541,0.188259723363143,0.0787144035406448,0,0.075825084231223,0,"SVE_scaffold0000013","SUEL-type lectin domain-containing protein",NA,NA,"A0A0K0EX81","",NA,"",NA,"SPAL_0000392300",43.0657,"",NA
"165","SVE_0113700",0,0,0,0,0.090756388872248,0,0,0.345713000341744,0,0.151338185017639,0.0742362793792981,0,"SVE_scaffold0000013","Nuclear receptor domain-containing protein",NA,NA,"A0A0K0EX83","",NA,"",NA,"SPAL_0001369500",38.9262,"",NA
"166","SVE_0113800",0.0649483364122291,0.0645412585591637,0,0.126590530688017,0.0944556489496453,0,0.0643754679130992,0.125327736426747,0,0.0747766303281258,0,0.069006543569734,"SVE_scaffold0000013","",NA,NA,"A0A0K0EX84","",NA,"",NA,"",NA,"",NA
"167","SVE_0114000",0,0,0,0,0,0,0,0,0.0772222687381714,0.0759957981679642,0.0741621865139065,0,"SVE_scaffold0000013","AGC-kinase C-terminal domain-containing protein",NA,NA,"A0A0K0EX86","",NA,"",NA,"SPAL_0000393700",14.1593,"",NA
"168","SVE_0114100",0.066597325912577,0,0,0,0,0,0,0.0644531941134943,0.0784011678090067,0,0,0.0693917647852146,"SVE_scaffold0000013","",NA,NA,"A0A0K0EX87","",NA,"",NA,"",NA,"",NA
"169","SVE_0114500",0,0,0,0,0,0,0.128523982523203,0.252599072768246,0.157757902821901,0,0.0745436584167908,0,"SVE_scaffold0000013","CCHC-type domain-containing protein","Znf_CCHC_sf","nucleic acid binding, zinc ion binding","A0A0K0EX91","",NA,"SRAE_0000058300 | WBGene00256329",76.6839,"",NA,"",NA
"170","SVE_0115000",0,0,0.123880290537826,0.180810505725585,0.18364005087922,0.269236768212402,0,0,0,0.0740995643313861,0,0,"SVE_scaffold0000013","",NA,"membrane","A0A0K0EX96","SSTP_0000632900",54.0816,"SRAE_X000218300 | WBGene00267761",53.0612,"SPAL_0001261600",88.7755,"",NA
"171","SVE_0115300",0,0,0.0613630907341939,0.180200440751047,0.0911516269583409,0,0.0641385428946702,0,0,0,0.0764814765235401,0,"SVE_scaffold0000013","EGF-like domain-containing protein",NA,"membrane","A0A0K0EX99","SSTP_0000632600",49.7512,"",NA,"SPAL_0001261900",76.1194,"",NA
"172","SVE_0118400",0,0,0,0,0,0,0,0,0,0,0,0,"SVE_scaffold0000013","Adhesive plaque matrix protein",NA,NA,"A0A0K0EXD0","",NA,"",NA,"",NA,"",NA
"173","SVE_0119300",0.455364615118593,0.192019782532031,0,0.124138945643879,0,0,0,0,0,0,0,0,"SVE_scaffold0000013","",NA,"membrane","A0A0K0EXD9","",NA,"",NA,"",NA,"",NA
"174","SVE_0120100",0.129178529285805,0.126619688766136,0,0,0,0,0,0.125195514396547,0.0787436536068777,0,0.150153181473584,0,"SVE_scaffold0000013","Eyes shut (inferred by orthology to a D. melanogaster protein)","EGF-like_dom, EGF-like_Ca-bd_dom, EGF-like_CS","calcium ion binding","A0A0K0EXE7","",NA,"",NA,"",NA,"",NA
"175","SVE_0121000",0.0660289828524045,0.064615107115386,0,0,0,0,0.0644589642055725,0.0635055294386407,0,0,0,0,"SVE_scaffold0000013","Secreted protein",NA,NA,"A0A0K0EXF6","SSTP_0000473800",88.3178,"SRAE_X000005600 | WBGene00265610",88.3178,"SPAL_0001131000",96.729,"wrt-10 | WBGene00006956",46.2617
"176","SVE_0127600",0.132494900818635,0.0648590119153001,0.0620998766589919,0.0607660878577879,0,0,0.0637927916473093,0.188243026000985,0.0789647206518055,0,0,0.150861300271146,"SVE_scaffold0000013","EGF-like domain-containing protein",NA,NA,"A0A0K0EXM2","",NA,"",NA,"",NA,"",NA
"177","SVE_0127900",0.129399055907371,0.380225392849549,0,0,0,0,0,0.0625211009048396,0,0,0.0753561874800247,0,"SVE_scaffold0000013","Protein TEX261",NA,"membrane","A0A0K0EXM5","SSTP_0000002600",54.7529,"",NA,"SPAL_0000848300",71.1027,"",NA
"178","SVE_0128000",0,0.0638820317171882,0.061576047515255,0,0,0,0.0644731681074176,0.316866715901057,0.0793427727076477,0.155189952294785,0,0.0737933807880402,"SVE_scaffold0000013","Nucleotid_trans domain-containing protein","Nucl-diP-sugar_transferase","membrane","A0A0K0EXM6","SSTP_0000002700",77.0083,"SRAE_X000013500 | WBGene00265690",76.1773,"SPAL_0000545000",77.5623,"F53F4.7 | WBGene00009990",36.8421
"179","SVE_0128100",0.128279137770027,0,0,0,0,0,0,0.185131518788614,0,0.0762105502899109,0.0746925177055099,0.147092979262443,"SVE_scaffold0000013","LP10272p (inferred by orthology to a D. melanogaster protein)","LHFPL","membrane","A0A0K0EXM7","SSTP_0000002800",85.3881,"SRAE_X000013400 | WBGene00265689",89.4977,"SPAL_0001122500",96.8036,"lhfp-4 | WBGene00009155",34.2466
"180","SVE_0130700",0,0.063801240338182,0,0,0.364950880406606,0.356140779114667,0.0627568653087388,0.0618131948265333,0,0,0,0,"SVE_scaffold0000013","Protein quiver","QVR","positive regulation of voltage-gated potassium channel activity, regulation of synaptic transmission, cholinergic, sleep, membrane","A0A0K0EXQ3","SSTP_0000246200",62.3377,"SRAE_X000024400 | WBGene00265800",65.5844,"SPAL_0000529800",96.1039,"sssh-1 | WBGene00044138",38.961
"181","SVE_0131600",0.0650770192619643,0.0637647275362002,0,0.119374630773001,0.178541637415512,0,0.0640945784679771,0.126067663285463,0.079328617100398,0.0775426994504167,0,0.148592850281986,"SVE_scaffold0000013","Homeobox protein vab-15 (inferred by orthology to a C. elegans protein)","HTH_motif, Homeobox_dom, Homeobox-like_sf, Homeobox_CS, Homeobox_metazoa","DNA-binding transcription factor activity, RNA polymerase II-specific, regulation of transcription, DNA-templated, DNA binding, regulation of transcription by RNA polymerase II, nucleus","A0A0K0EXR1","SSTP_0000245400",84.1751,"SRAE_X000023600 | WBGene00265792",85.1852,"SPAL_0000530600",75.4209,"vab-15 | WBGene00006881",42.7609
"182","SVE_0132000",0.0648631404157359,0,0.0605544191080732,0.0592800576160363,0,0.0885071702755879,0,0,0,0,0.0747000583356179,0.0741272510084341,"SVE_scaffold0000013","",NA,"membrane","A0A0K0EXR5","SSTP_0000245100",53.8462,"SRAE_X000023300 | WBGene00265789",55.6213,"",NA,"",NA
"183","SVE_0132200",0,0,0,0,0,0,0.125958348389911,0.30996275374217,0.156286534750726,0.0765808913190984,0.150074894383813,0.148906805189215,"SVE_scaffold0000013","",NA,NA,"A0A0K0EXR7","",NA,"",NA,"SPAL_0001484425",79.5181,"",NA
"184","SVE_0133200",0,0,0,0,0,0,0,0,0,0,0.0724232512984739,0,"SVE_scaffold0000014","Secreted protein",NA,NA,"A0A0K0EXS7","",NA,"",NA,"",NA,"",NA
"185","SVE_0138000",0,0,0,0,0.434596231961547,0.424298511906337,0,0,0,0,0.0735876739455255,0,"SVE_scaffold0000014","SKICH domain-containing protein","SAM-dependent_MTases_sf",NA,"A0A0K0EXX3","SSTP_0001094400",26.8382,"SRAE_X000128400 | WBGene00266851",57.3529,"SPAL_0000110900",83.4559,"",NA
"186","SVE_0138100",0,0,0,0,0.175231631223307,0,0,0,0,0,0,0,"SVE_scaffold0000014","CopG family transcriptional regulator",NA,NA,"A0A0K0EXX4","",NA,"",NA,"",NA,"",NA
"187","SVE_0138700",0.260499876861941,0.31865290492755,0,0,0,0,0.130079843990172,0.127643584614246,0,0,0.146824135913741,0,"SVE_scaffold0000014","AAA domain-containing protein","MLT-10-like",NA,"A0A0K0EXY0","SSTP_0001236800",67.9573,"SRAE_X000128900 | WBGene00266856",67.9573,"SPAL_0000111500",69.5594,"mltn-13 | WBGene00017794",27.2363
"188","SVE_0142100",0,0.0638627042473005,0,0,0.0915859232411849,0.0892667612525616,0.0628128623267036,0.123567755086161,0,0.076141764941429,0,0,"SVE_scaffold0000014","",NA,NA,"A0A0K0EY14","",NA,"",NA,"",NA,"",NA
"189","SVE_0147800",0,0,0,0,0,0,0.0641865357085137,0.0885001779835405,0.0230821939103659,0.00176703569023736,0,0,"SVE_scaffold0000014","BACK domain-containing protein",NA,NA,"A0A0K0EY71","",NA,"SRAE_X000192100 | WBGene00267498",64.6226,"SPAL_0001529900",68.3962,"",NA
"190","SVE_0151600",0.0618966521413229,0,0,0,0.181067480724633,0.0872136081617923,0,0,0,0,0,0,"SVE_scaffold0000015","BACK domain-containing protein","BACK",NA,"A0A0K0EYA8","",NA,"",NA,"",NA,"",NA
"191","SVE_0154400",0.126614980659168,0.125515129212986,0,0,0.184727177227164,0.266590530937322,0,0,0.0748788080928451,0,0,0,"SVE_scaffold0000015","",NA,"membrane","A0A0K0EYD6","",NA,"",NA,"",NA,"",NA
"192","SVE_0154700",0,0,0.125129341955583,0.0613187550026604,0,0,0,0,0,0.0791789420368577,0,0,"SVE_scaffold0000015","",NA,"membrane","A0A0K0EYD9","SSTP_0000604900",72.3757,"SRAE_1000312700 | WBGene00259744",73.4807,"SPAL_0000609200",89.5028,"",NA
"193","SVE_0156700",0,0.126825253062747,0.245726298868715,0.358841409296317,0.0913093666650281,0.0889832316466778,0,0,0,0,0,0,"SVE_scaffold0000015","",NA,"membrane","A0A0K0EYF9","",NA,"",NA,"",NA,"",NA
"194","SVE_0158400",0.194901330510484,0.0637368824288586,0,0,0.0928971184106188,0.091153425897714,0.0626255094505898,0.24687204713216,0,0,0.21053294461971,0,"SVE_scaffold0000015","Secreted protein",NA,NA,"A0A0K0EYH6","",NA,"",NA,"",NA,"",NA
"195","SVE_0158700",0.0661539341676401,0,0,0,0,0,0,0,0.077184974527448,0,0,0,"SVE_scaffold0000015","",NA,"membrane","A0A0K0EYH9","SSTP_0000564100",57.7778,"SRAE_1000292500 | WBGene00259542",61.1111,"SPAL_0000717600",77.7778,"",NA
"196","SVE_0159900",0,0.0661964360385955,0,0,0,0,0.0642952065164902,0.125930154587059,0,0,0,0,"SVE_scaffold0000015","U24",NA,"membrane","A0A0K0EYJ1","SSTP_0000030700",67.9245,"SRAE_1000332800 | WBGene00259945",60.3774,"SPAL_0000716500",86.7924,"",NA
"197","SVE_0161400",0.066681915397637,0.130755912064185,0,0,0,0,0.192004209174642,0.187896417794159,0.07831715636987,0,0,0,"SVE_scaffold0000015","",NA,NA,"A0A0K0EYK6","",NA,"",NA,"SPAL_0000715100",41.6667,"",NA
"198","SVE_0163100",0,0,0,0,0,0,0,0,0,0,0,0,"SVE_scaffold0000015","",NA,"membrane","A0A0K0EYM3","SSTP_0000570400",43.9394,"SRAE_1000232100 | WBGene00258935",39.3939,"SPAL_0001289100",89.3939,"",NA
"199","SVE_0167200",0,0,0,0,0,0,0.0663096302478626,0.0645967245627291,0.0788281661124839,0.152551543868901,0,0.0698851241449929,"SVE_scaffold0000015","",NA,NA,"A0A0K0EYR3","",NA,"",NA,"",NA,"",NA
"200","SVE_0168300",0.0656288796035109,0,0,0,0,0,0.193639664898624,0.126927475910776,0,0.0782087374152588,0,0,"SVE_scaffold0000015","DUF1430 domain-containing protein",NA,"membrane","A0A0K0EYS4","SSTP_0000564900",58.1481,"SRAE_1000293600 | WBGene00259553",57.037,"SPAL_0000485200",78.8889,"",NA
"201","SVE_0169000",0,0,0,0.0593920910759148,0.182359815611335,0.266190904926607,0,0,0,0.149043701291059,0,0,"SVE_scaffold0000015","V-type proton ATPase subunit G","V-ATPase_G","vacuolar proton-transporting V-type ATPase complex, proton-transporting ATPase activity, rotational mechanism, proton transmembrane transport, ion transport","A0A0K0EYT1","SSTP_0000566400",79.2,"SRAE_1000295100 | WBGene00259568",77.6,"",NA,"",NA
"202","SVE_0169400",0,0,0,0.0596899793102801,0,0.0892004700602598,0,0,0,0,0,0,"SVE_scaffold0000015","Protein quiver",NA,"membrane","A0A0K0EYT5","SSTP_0000566800",73.9837,"SRAE_1000295500 | WBGene00259572",76.4228,"SPAL_0000486500",91.0569,"",NA
"203","SVE_0171200",0.196836170613978,0.0643044520899581,0,0.0607515333893,0,0.0874631164264431,0.129924473445753,0.127689288324285,0,0,0,0,"SVE_scaffold0000015","Protein-tyrosine phosphatase","PTP_cat, Tyr_Pase_dom, Tyr_Pase_cat, Tyr_Pase_AS, Prot-tyrosine_phosphatase-like","dephosphorylation, protein dephosphorylation, protein tyrosine phosphatase activity, phosphatase activity","A0A0K0EYV3","SSTP_0000011500",75.4667,"SRAE_2000027800 | WBGene00260471",74.9333,"SPAL_0001110200",96,"",NA
"204","SVE_0171300",0.260528135405791,0.191287961096826,0,0,0,0,0,0,0,0,0,0,"SVE_scaffold0000015","Hydrolase_4 domain-containing protein","Hydrolase_4, AB_hydrolase",NA,"A0A0K0EYV4","SSTP_0000011400",57.1924,"SRAE_2000027900 | WBGene00260472",57.8856,"SPAL_0001110100",93.0676,"Y41E3.18 | WBGene00044003",18.1976
"205","SVE_0172300",0,0,0,0,0,0,0.0628476065335986,0,0.15622709690052,0,0,0.148951610509733,"SVE_scaffold0000015","FAR1 domain-containing protein",NA,NA,"A0A0K0EYW4","",NA,"",NA,"SPAL_0000818900",55.4839,"",NA
"206","SVE_0172600",0,0,0,0,0,0,0,0,0,0,0,0,"SVE_scaffold0000015","Histone acetyltransferase",NA,NA,"A0A0K0EYW7","",NA,"",NA,"SPAL_0000818900",38.7597,"",NA
"207","SVE_0173100",0,0,0,0,0,0,0.320979664931712,0.273069016646524,0,0.154408049752708,0.209816772027498,0,"SVE_scaffold0000016","Metalloendopeptidase","Peptidase_M12A, Peptidase_Metallo, MetalloPept_cat_dom_sf, Sperma_CUB_dom_sf","metalloendopeptidase activity, metallopeptidase activity, proteolysis, zinc ion binding, peptidase activity, hydrolase activity, metal ion binding","A0A0K0EYX2","",NA,"",NA,"SPAL_0001394900",16.0326,"",NA
"208","SVE_0173200",0,0,0,0,0,0,0.0654973001982508,0,0,0,0,0,"SVE_scaffold0000016","",NA,NA,"A0A0K0EYX3","",NA,"",NA,"SPAL_0001088375",73.1481,"",NA
"209","SVE_0173300",0,0,0,0,0,0.0855340263066857,0,0,0,0,0,0,"SVE_scaffold0000016","",NA,NA,"A0A0K0EYX4","",NA,"",NA,"",NA,"",NA
"210","SVE_0173700",0.0647385847431048,0,0,0,0,0.0869688296544769,0.127331952007634,0.0626452300432964,0,0.154266654450148,0,0.148009881993356,"SVE_scaffold0000016","TIR domain-containing protein",NA,NA,"A0A0K0EYX8","",NA,"",NA,"SPAL_0000977200",53.5714,"",NA
"211","SVE_0173800",0,0,0,0,0,0,0,0,0,0.107651611802891,0,0,"SVE_scaffold0000016","",NA,NA,"A0A0K0EYX9","",NA,"",NA,"SPAL_0000977200",57.377,"",NA
"212","SVE_0174100",0.199854729570856,0.20853232401905,0.325125488987212,0.0608499114854066,0,0,0.0653877622400687,0.0643153421182611,0,0,0,0,"SVE_scaffold0000016","DOMON domain-containing protein",NA,NA,"A0A0K0EYY2","",NA,"",NA,"",NA,"",NA
"213","SVE_0174200",0.0647717038080474,0.0709611333962891,0,0,0,0,0.0632470300891064,0,0,0.076929714429368,0,0.148769849946586,"SVE_scaffold0000016","",NA,NA,"A0A0K0EYY3","",NA,"",NA,"SPAL_0000977600",40,"",NA
"214","SVE_0174800",0.197033649480601,0.128602309330586,0.123131320332949,0.0602434341560896,0,0.0898796236304602,0,0,0,0,0,0,"SVE_scaffold0000016","",NA,NA,"A0A0K0EYY9","",NA,"",NA,"SPAL_0000977600",36.5517,"",NA
"215","SVE_0175400",0,0.0365550416922224,0,0,0,0,0.0649942304077626,0.0889248974213389,0,0,0,0,"SVE_scaffold0000016","Amidohydrolase","Rossmann-like_a/b/a_fold, Pcy1-like","CDP-choline pathway, choline-phosphate cytidylyltransferase activity","A0A0K0EYZ5","",NA,"",NA,"",NA,"",NA
"216","SVE_0176000",0.146504504078274,0,0,0,1.48000402229965e-09,0,0,0,0,0,0,0,"SVE_scaffold0000016","Chitin-binding type-2 domain-containing protein",NA,NA,"A0A0K0EZ01","",NA,"",NA,"",NA,"",NA
"217","SVE_0176700",0.25973543530517,0.0636596301669687,0,0,0,0,0,0.186023174798997,0.234687537320126,0,0,0.148470334391478,"SVE_scaffold0000016","",NA,NA,"A0A0K0EZ08","",NA,"",NA,"",NA,"",NA
"218","SVE_0178800",0,0,0,0,0,0,0,0,0,0,0,0,"SVE_scaffold0000016","",NA,NA,"A0A0K0EZ29","",NA,"",NA,"SPAL_0000346600",36.6667,"",NA
"219","SVE_0178900",0,0,0,0,0,0,0,0.127341299969088,0.0789865086468078,0,0,0,"SVE_scaffold0000016","Lipoprotein",NA,NA,"A0A0K0EZ30","",NA,"",NA,"SPAL_0000346600",48.4848,"",NA
"220","SVE_0179000",0,0.0653023766273509,0,0,0,0,0.191781865860335,0,0.0782264641075012,0.0768031136740674,0,0,"SVE_scaffold0000016","",NA,NA,"A0A0K0EZ31","",NA,"",NA,"SPAL_0000346600",41.6667,"",NA
"221","SVE_0180300",0,0.126744845607694,0.130588430032035,0.127602634141732,0.0931260245600788,0,0,0.0618109734995077,0,0,0,0.0666899595351832,"SVE_scaffold0000016","","Cyt_P450, Cyt_P450_sf","oxidoreductase activity, acting on paired donors, with incorporation or reduction of molecular oxygen, iron ion binding, heme binding, monooxygenase activity","A0A0K0EZ44","",NA,"",NA,"",NA,"",NA
"222","SVE_0180400",0,0,0,0,0,0,0,0,0,0,0,0,"SVE_scaffold0000016","","Cyt_P450_sf","oxidoreductase activity, acting on paired donors, with incorporation or reduction of molecular oxygen, iron ion binding, heme binding, monooxygenase activity","A0A0K0EZ45","",NA,"",NA,"",NA,"",NA
"223","SVE_0180500",0.0651796444043791,0,0,0,0,0,0,0,0,0,0,0,"SVE_scaffold0000016","Beta-1,3-glucan-binding protein","Cyt_P450, Cyt_P450_sf","oxidoreductase activity, acting on paired donors, with incorporation or reduction of molecular oxygen, iron ion binding, heme binding, monooxygenase activity","A0A0K0EZ46","",NA,"",NA,"",NA,"",NA
"224","SVE_0180600",0.063348892133974,0.0629518391464995,0,0,0,0.356412468655816,0,0,0,0,0,0,"SVE_scaffold0000016","","Cyt_P450, Cyt_P450_sf","oxidoreductase activity, acting on paired donors, with incorporation or reduction of molecular oxygen, iron ion binding, heme binding, monooxygenase activity","A0A0K0EZ47","",NA,"",NA,"",NA,"",NA
"225","SVE_0181500",0.325474237844797,0.191396041637302,0,0,0,0,0,0,0,0,0,0,"SVE_scaffold0000016","Protein kinase domain-containing protein","Prot_kinase_dom, Kinase-like_dom_sf","protein kinase activity, protein phosphorylation, ATP binding","A0A0K0EZ56","",NA,"",NA,"SPAL_0000906400",80.9651,"",NA
"226","SVE_0190700",0.0649560249638043,0.0635665290411627,0,0,0.0878688037187298,0,0,0,0.23540886825392,0.153596954607168,0,0,"SVE_scaffold0000016","EGF-like domain-containing protein",NA,"membrane","A0A0K0EZE8","",NA,"",NA,"SPAL_0000916000",65.536,"",NA
"227","SVE_0193800",0,0.0664614305134125,0,0,0,0,0.066458488253421,0.0646531620864906,0.155365519850245,0.0755959739980516,0.0695913761055565,0,"SVE_scaffold0000016","Secreted protein",NA,NA,"A0A0K0EZH9","",NA,"",NA,"SPAL_0001573750",53.0303,"",NA
"228","SVE_0196600",0.131879891048794,0,0,0,0,0,0,0,0,0.0758233893340362,0,0,"SVE_scaffold0000016","Deoxynucleotide monophosphate kinase",NA,NA,"A0A0K0EZK7","",NA,"",NA,"",NA,"",NA
"229","SVE_0196700",0,0,0.0616252599115986,0.180933224758406,0,0,0.0636466336409973,0.0626492637171623,0.0790114385135932,0.154670880262942,0.0758290845888731,0.0753720479605438,"SVE_scaffold0000016","DUF5641 domain-containing protein",NA,NA,"A0A0K0EZK8","",NA,"",NA,"",NA,"",NA
"230","SVE_0197100",0,0,0,0,0,0,0,0.0641989232213389,0,0,0,0,"SVE_scaffold0000017","",NA,NA,"A0A0K0EZL1","",NA,"",NA,"SPAL_0001297700",85.8974,"",NA
"231","SVE_0197200",0.195437362308717,0.0637489977695707,0,0,0,0,0,0,0,0,0,0,"SVE_scaffold0000017","",NA,NA,"A0A0K0EZL2","",NA,"",NA,"SPAL_0000581700",35.7143,"",NA
"232","SVE_0197300",0.0652330250079414,0.0646939419879569,0,0,0,0,0,0.0631798937635771,0,0,0,0,"SVE_scaffold0000017","HTH CENPB-type domain-containing protein","HTH_CenpB_DNA-bd_dom",NA,"A0A0K0EZL3","",NA,"",NA,"",NA,"",NA
"233","SVE_0197400",0,0,0,0,0,0,0.0654971666412963,0,0,0,0,0,"SVE_scaffold0000017","MULE domain-containing protein",NA,NA,"A0A0K0EZL4","",NA,"",NA,"SPAL_0001224500",39.1447,"",NA
"234","SVE_0197500",0,0,0.0611464648463011,0,0.0914735870376199,0.0891119738015898,0,0.0607955687479551,0,0,0.0732858849253618,0,"SVE_scaffold0000017","Histone-lysine N-methyltransferase SETMAR","RNaseH_sf","nucleic acid binding","A0A0K0EZL5","",NA,"",NA,"SPAL_0000534700",65.5462,"",NA
"235","SVE_0198900",0.129017496856158,0.316652966053491,0.0626545719877179,0.0610486071195506,0,0.090066386853133,0,0,0,0,0,0,"SVE_scaffold0000017","",NA,NA,"A0A0K0EZM9","SSTP_0000814500",88.5057,"SRAE_1000112900 | WBGene00257732",83.908,"SPAL_0001399300",95.4023,"",NA
"236","SVE_0199700",0,0,0,0,0,0,0.191024967835421,0.250462337844701,0.0789056539556169,0.154346262369492,0,0.148344833294332,"SVE_scaffold0000017","CAP domain-containing protein (inferred by orthology to a zebrafish protein)","CRISP-related, CAP_domain, CAP_sf",NA,"A0A0K0EZN7","",NA,"",NA,"SPAL_0001490700",70.6767,"",NA
"237","SVE_0199800",0,0,0,0,0.0876155181682077,0,0,0,0,0,0,0,"SVE_scaffold0000017","Ovule protein",NA,NA,"A0A0K0EZN8","",NA,"",NA,"",NA,"",NA
"238","SVE_0202100",0,0,0,0,0,0,0,0,0,0,0.0724233102017464,0,"SVE_scaffold0000017","",NA,NA,"A0A0K0EZR1","",NA,"",NA,"SPAL_0001322000",79.7753,"",NA
"239","SVE_0203200",0.127787028029972,0.0636877354607645,0,0.256475054850578,0.0935893777495739,0.180284616265177,0.0639009073383994,0,0.0754357737597435,0,0,0.0670217787619128,"SVE_scaffold0000017","",NA,NA,"A0A0K0EZS2","",NA,"",NA,"",NA,"",NA
"240","SVE_0203800",0.131793043633776,0.0646039629028007,0.186402850332329,0.121578545941528,0,0.176028257338396,0.195378513790648,0,0,0,0,0,"SVE_scaffold0000017","C2H2-type domain-containing protein","Znf_C2H2_type",NA,"A0A0K0EZS8","",NA,"",NA,"SPAL_0000288100",20.8092,"",NA
"241","SVE_0204200",0.0710103734847734,0.0726481507560165,0,0.0672372226555069,0.202972979694689,0.0990563829907242,0.0715760685933823,0.142065631390909,0.0871944289194366,0,0,0,"SVE_scaffold0000017","",NA,NA,"A0A0K0EZT2","SSTP_0001199100",75.2941,"SRAE_1000022600 | WBGene00256820",69.4118,"SPAL_0001507900",97.0588,"",NA
"242","SVE_0206000",0,0,0,0,0,0,0.0654971407952315,0,0,0,0,0,"SVE_scaffold0000017","SCP domain-containing protein","CAP_domain, CAP_sf",NA,"A0A0K0EZV0","",NA,"",NA,"SPAL_0001506100",27.8226,"",NA
"243","SVE_0206100",0,0,0,0,0,0,0.063195933570662,0,0,0.0766911971793221,0.0750990813525398,0,"SVE_scaffold0000017","SCP domain-containing protein","CAP_domain, CAP_sf",NA,"A0A0K0EZV1","",NA,"",NA,"SPAL_0001506100",27.9167,"",NA
"244","SVE_0206200",0.130236276081352,0,0,0,0.179252573818374,0.0877059664670935,0.0638723198341671,0.12570051078094,0,0,0,0,"SVE_scaffold0000017","SCP domain-containing protein","CAP_domain, CAP_sf",NA,"A0A0K0EZV2","",NA,"",NA,"SPAL_0001506100",26.6129,"",NA
"245","SVE_0206400",0,0.0637156928961337,0,0,0,0,0,0,0,0,0,0,"SVE_scaffold0000017","SCP domain-containing protein","CAP_domain, CAP_sf",NA,"A0A0K0EZV4","",NA,"",NA,"SPAL_0001506100",47.482,"",NA
"246","SVE_0206500",0,0,0,0,0,0,0,0,0.0783360895690255,0,0,0,"SVE_scaffold0000017","Plasmodium yoelii subtelomeric region (PYST-C1)",NA,NA,"A0A0K0EZV5","",NA,"",NA,"",NA,"",NA
"247","SVE_0206600",0,0,0,0,0,0,0,0,0,0,0,0,"SVE_scaffold0000017","SCP domain-containing protein","CAP_domain, CAP_sf",NA,"A0A0K0EZV6","",NA,"",NA,"SPAL_0001506100",26.2097,"",NA
"248","SVE_0206700",0,0,0,0,0,0,0,0,0.0783360712586805,0,0,0,"SVE_scaffold0000017","",NA,NA,"A0A0K0EZV7","",NA,"",NA,"SPAL_0001506100",16.6667,"",NA
"249","SVE_0206800",0,0.065478456799327,0,0,0,0,0.191726841507566,0.0632408724884316,0,0.0762817294587963,0.0729507379420844,0.0720169028305012,"SVE_scaffold0000017","SCP domain-containing protein","CAP_domain, CAP_sf",NA,"A0A0K0EZV8","",NA,"",NA,"SPAL_0001506000",70.9677,"",NA
"250","SVE_0206900",0,0.0637160302786159,0,0,0,0,0,0,0,0,0,0,"SVE_scaffold0000017","",NA,NA,"A0A0K0EZV9","",NA,"",NA,"",NA,"",NA
"251","SVE_0207000",0.0661407482827368,0,0,0,0,0,0.0649007038007559,0.063850209680824,0,0,0,0,"SVE_scaffold0000017","SCP domain-containing protein","CAP_domain, CAP_sf",NA,"A0A0K0EZW0","",NA,"",NA,"",NA,"",NA
"252","SVE_0207100",0.325797160682512,0.12751232215346,0,0,0,0.175616703543651,0.127589835435895,0,0,0,0,0,"SVE_scaffold0000017","SCP domain-containing protein","CAP_domain, CAP_sf",NA,"A0A0K0EZW1","",NA,"",NA,"SPAL_0001505900",59.0909,"",NA
"253","SVE_0207200",0,0,0,0,0,0,0,0,0,0,0.144837170333768,0.0712318202528689,"SVE_scaffold0000017","SCP domain-containing protein","CAP_domain, CAP_sf",NA,"A0A0K0EZW2","",NA,"",NA,"SPAL_0001505800",57.2,"",NA
"254","SVE_0207300",0,0,0,0,0,0,0,0.0641990348366044,0,0,0,0,"SVE_scaffold0000017","SCP domain-containing protein","CAP_domain, CAP_sf",NA,"A0A0K0EZW3","",NA,"",NA,"SPAL_0001505900",58.6614,"",NA
"255","SVE_0207400",0,0.0630427856719896,0,0,0,0.0864912382327533,0,0,0,0.076669328770199,0,0,"SVE_scaffold0000017","SCP domain-containing protein","CAP_domain, CAP_sf",NA,"A0A0K0EZW4","",NA,"",NA,"SPAL_0001505500",48.3146,"",NA
"256","SVE_0207500",0,0,0,0,0,0,0.0650669547841931,0.127305458273894,0.159067852019863,0,0,0,"SVE_scaffold0000017","",NA,NA,"A0A0K0EZW5","",NA,"",NA,"",NA,"",NA
"257","SVE_0207600",0.132327721844726,0.0653080449127294,0,0,0,0,0.190424392704927,0.0623675313101647,0,0.0760808664105309,0.07304667674398,0.0727533813272889,"SVE_scaffold0000017","",NA,NA,"A0A0K0EZW6","",NA,"",NA,"SPAL_0001505100",57.5758,"",NA
"258","SVE_0208200",0.065995519170724,0,0.0623793122244389,0.182515302464099,0.0933731093451637,0,0.063406337533439,0,0,0,0,0,"SVE_scaffold0000017","CHCH domain-containing protein",NA,NA,"A0A0K0EZX2","SSTP_0001045800",67.5214,"SRAE_1000109400 | WBGene00257696",66.6667,"SPAL_0001504400",88.8889,"",NA
"259","SVE_0209500",0,0.0652583781834946,0,0,0,0,0.191621474565078,0.124732902510401,0.0780202534922835,0.0766651521772503,0.225128843265394,0,"SVE_scaffold0000017","BTB/POZ domain-containing protein",NA,NA,"A0A0K0EZY5","",NA,"",NA,"SPAL_0000514800",21.5517,"",NA
"260","SVE_0210300",0,0,0,0,0,0,0.127629642440786,0.0626100394160684,0,0,0,0.0749971710726541,"SVE_scaffold0000017","Golgi to ER traffic protein 4 homolog (inferred by orthology to a human protein)",NA,"membrane","A0A0K0EZZ3","",NA,"",NA,"",NA,"",NA
"261","SVE_0213200",0.198235391064719,0.065119340271546,0,0,0,0,0.0632490460443447,0,0,0.227400415687609,0.0732804259693645,0,"SVE_scaffold0000017","Ovule protein",NA,NA,"A0A0K0F020","",NA,"",NA,"",NA,"",NA
"262","SVE_0213400",0.128510373594042,0.0631174767596345,0,0,0,0,0,0,0,0,0,0.0729445789624387,"SVE_scaffold0000017","Histone H1",NA,NA,"A0A0K0F022","",NA,"",NA,"SPAL_0000509800",73.3333,"",NA
"263","SVE_0215200",0.0672436981662597,0,0,0,0,0,0.129043186154623,0.126361720035972,0,0,0,0,"SVE_scaffold0000017","VWFA domain-containing protein",NA,NA,"A0A0K0F040","SSTP_0000353700",43.3628,"SRAE_X000232300 | WBGene00267907",41.5929,"SPAL_0000610800",66.3717,"",NA
"264","SVE_0215700",0,0.226445502249504,0,0,0,0.0933147513158244,0.131726111437093,0.235180435604665,0,0.0749183594798064,0.137934590243956,0.0413368693217445,"SVE_scaffold0000017","",NA,NA,"A0A0K0F045","",NA,"",NA,"",NA,"",NA
"265","SVE_0216100",0,0,0,0,0,0,0.128032197196579,0.125411226725939,0.235092382551016,0.231026014846337,0.0755830194326982,0,"SVE_scaffold0000017","LAGLIDADG_2 domain-containing protein","Transthyretin-like_sf",NA,"A0A0K0F049","",NA,"",NA,"SPAL_0001707900",34.6774,"",NA
"266","SVE_0216400",0,0,0,0,0,0,0.0647217943498565,0.0635510639146929,0,0.0784235427581557,0,0,"SVE_scaffold0000018","",NA,"membrane","A0A0K0F052","",NA,"",NA,"",NA,"",NA
"267","SVE_0216500",0,0,0,0,0,0,0.0640795023522343,0,0.0791765047047201,0.155154780151974,0,0,"SVE_scaffold0000018","",NA,NA,"A0A0K0F053","SSTP_0000702700",31.25,"",NA,"SPAL_0000137000",40.2778,"",NA
"268","SVE_0216600",0,0,0,0,0,0,0.0648274495832672,0.0639201042378931,0,0,0,0.0722799882143756,"SVE_scaffold0000018","Ubiquitin-like protein 5",NA,NA,"A0A0K0F054","",NA,"",NA,"SPAL_0000877100",40,"",NA
"269","SVE_0216800",0,0.0660638066197508,0.0618388078176587,0,0,0,0,0.0638404562431053,0,0.0800324482741466,0,0.0757985987882609,"SVE_scaffold0000018","RNA helicase","DEAD/DEAH_box_helicase_dom, Helicase_ATP-bd, RNA_helicase_DEAD_Q_motif, P-loop_NTPase","RNA helicase activity, nucleic acid binding, ATP binding, RNA binding, helicase activity, hydrolase activity, nucleotide binding","A0A0K0F056","SSTP_0000281100",29.589,"",NA,"SPAL_0000831900",50.9589,"glh-1 | WBGene00001598",21.3699
"270","SVE_0218900",0,0,0,0,0,0,0,0,0,0,0,0,"SVE_scaffold0000018","",NA,"membrane","A0A0K0F076","SSTP_0001217100",51.145,"SRAE_1000298700 | WBGene00259604",51.145,"SPAL_0001564800",83.9695,"",NA
"271","SVE_0221600",0.0643987155866006,0.126277250949121,0,0,0.368423526697313,0.270222685893037,0,0,0,0,0.0695874111759502,0.0685378189683336,"SVE_scaffold0000018","",NA,"membrane","A0A0K0F0A3","SSTP_0001207000",48.8636,"SRAE_1000273400 | WBGene00259350",55.6818,"SPAL_0000140100",78.4091,"",NA
"272","SVE_0221700",0,0.0639280714111184,0,0,0.0921106439050145,0,0,0.0609038366982442,0,0,0,0,"SVE_scaffold0000018","Unspecified product",NA,"membrane","A0A0K0F0A4","SSTP_0001206900",77.1429,"SRAE_1000273500 | WBGene00259351",72.381,"SPAL_0000140200",95.2381,"",NA
"273","SVE_0223600",0,0.126096213083205,0.0644467767700644,0,0.0925173683313765,0.267981113978312,0,0.0989982585785824,0,0.072661320692786,0,0,"SVE_scaffold0000018","Conserved domain protein",NA,NA,"A0A0K0F0C2","",NA,"",NA,"SPAL_0000459400",57.5342,"",NA
"274","SVE_0223700",0.0669318606388428,0,0.127013591688934,0.0618619797703978,0,0,0.0642923255610836,0,0,0,0,0,"SVE_scaffold0000018","EEV126",NA,NA,"A0A0K0F0C3","",NA,"",NA,"SPAL_0000459400",39.4495,"",NA
"275","SVE_0224500",0.0641140385621973,0,0.0616572366454501,0.239979443625596,0.0914005543915891,0.178670170803664,0,0,0,0,0,0,"SVE_scaffold0000018","Transmembrane protein",NA,"membrane","A0A0K0F0D1","SSTP_0000661100",71.4286,"SRAE_X000090700 | WBGene00266469",62.2449,"SPAL_0000258300",91.8367,"",NA
"276","SVE_0227300",0,0,0,0,0,0,0,0.0632378865975523,0,0.076729848211422,0.0735049420628992,0,"SVE_scaffold0000018","Protein-tyrosine sulfotransferase","TPST-like, P-loop_NTPase","peptidyl-tyrosine sulfation, protein-tyrosine sulfotransferase activity, transferase activity","A0A0K0F0F9","",NA,"",NA,"",NA,"tpst-1 | WBGene00013737",54.6392
"277","SVE_0227400",0,0,0,0,0,0,0.199899909794898,0,0,0,0.0711922065345334,0,"SVE_scaffold0000018","Recombinase",NA,NA,"A0A0K0F0G0","",NA,"",NA,"SPAL_0000371900",75.6757,"",NA
"278","SVE_0227500",0,0,0,0,0,0,0.0651314615712262,0.0639865483050605,0,0.0766823416094193,0,0.0718885954894853,"SVE_scaffold0000018","",NA,NA,"A0A0K0F0G1","",NA,"",NA,"",NA,"",NA
"279","SVE_0228200",0,0.0651259626428287,0.0627623479339551,0.061252435514525,0,0,0,0.124748925950549,0.0780154460703183,0.0766484503377199,0,0.0743030037904788,"SVE_scaffold0000018","Venom protein",NA,NA,"A0A0K0F0G8","SSTP_0000273900",41.3223,"SRAE_X000225000 | WBGene00267831",35.5372,"SPAL_0001374000",87.6033,"",NA
"280","SVE_0228300",0,0,0,0,0,0,0,0,0,0,0,0,"SVE_scaffold0000018","Biogenesis of lysosome-related organelles complex 1 subunit KXD1",NA,NA,"A0A0K0F0G9","",NA,"",NA,"SPAL_0001185100",74.0458,"",NA
"281","SVE_0228600",0,0,0,0,0,0,0,0,0,0,0,0,"SVE_scaffold0000018","",NA,NA,"A0A0K0F0H2","",NA,"",NA,"",NA,"",NA
"282","SVE_0229300",0.0654945097884414,0,0,0,0,0,0,0.0621065572444348,0.0779603311351756,0.153005868058506,0.0750996899928345,0,"SVE_scaffold0000018","",NA,NA,"A0A0K0F0H9","",NA,"",NA,"SPAL_0000652200",82.1429,"",NA
"283","SVE_0229400",0,0,0,0,0.0446473826187736,0,0,0.0610210666982435,0,0,0,0,"SVE_scaffold0000018","DNA_pol3_finger domain-containing protein",NA,NA,"A0A0K0F0I0","",NA,"",NA,"",NA,"",NA
"284","SVE_0231100",0,0,0,0,0,0,0,0.0617450732555597,0.0777487506803776,0,0.0742297600786358,0.145667508195587,"SVE_scaffold0000018","Peptidase S1 domain-containing protein","Trypsin_dom, Peptidase_S1A, Peptidase_S1_PA, TRYPSIN_HIS, Peptidase_S1_PA_chymotrypsin","serine-type endopeptidase activity, proteolysis","A0A0K0F0J7","SSTP_0000018000",54.7945,"SRAE_X000010900 | WBGene00265664",61.3014,"SPAL_0000624200",91.0959,"",NA
"285","SVE_0231200",0,0,0,0,0,0,0,0,0.156671510977301,0,0,0,"SVE_scaffold0000018","Translation initiation factor eIF-2B subunit epsilon (inferred by orthology to a human protein)",NA,NA,"A0A0K0F0J8","",NA,"",NA,"",NA,"",NA
"286","SVE_0231300",0,0,0,0,0,0,0.065590954181352,0.128213966969641,0,0,0,0,"SVE_scaffold0000018","Translation initiation factor eIF-2B subunit epsilon (inferred by orthology to a human protein)","W2_domain, ARM-type_fold","protein binding","A0A0K0F0J9","",NA,"",NA,"",NA,"",NA
"287","SVE_0231500",0,0,0,0,0,0,0,0,0.0783359718097632,0,0,0,"SVE_scaffold0000018","",NA,NA,"A0A0K0F0K1","",NA,"",NA,"",NA,"",NA
"288","SVE_0234500",0,0.0637951094437068,0,0,0,0,0.187667812307342,0,0.0772586824961694,0,0.0742493199580808,0.073727715953467,"SVE_scaffold0000019","Ovule protein",NA,NA,"A0A0K0F0N0","",NA,"",NA,"SPAL_0000039200",49.6296,"",NA
"289","SVE_0235000",0,0,0,0,0,0.0851681372971643,0,0,0.0778618982626524,0,0.0728275323883285,0.111712828216176,"SVE_scaffold0000019","","DNA_helicase_pif1-like, P-loop_NTPase","telomere maintenance, DNA helicase activity, DNA repair",NA,"SSTP_0000828200",44.64,"",NA,"",NA,"",NA
"290","SVE_0235200",0,0,0,0,0,0,0,0,0,0,0,0,"SVE_scaffold0000019","ATP-dependent DNA helicase","DNA_helicase_pif1-like","telomere maintenance, DNA helicase activity, DNA repair, cellular response to DNA damage stimulus, DNA recombination, helicase activity, ATP hydrolysis activity, DNA duplex unwinding, hydrolase activity, ATP binding, nucleotide binding","A0A0K0F0N7","",NA,"",NA,"",NA,"",NA
"291","SVE_0235400",0,0,0.0630186867429971,0.061773167035333,0,0,0.0648739716377025,0,0.0804515654747497,0,0,0,"SVE_scaffold0000019","",NA,NA,"A0A0K0F0N9","",NA,"",NA,"",NA,"",NA
"292","SVE_0235800",0.065981039675148,0.0648731160787643,0,0,0,0.273647869120795,0.0631029974722138,0.185397622833022,0,0.0753921696663788,0,0,"SVE_scaffold0000019","MMS1_N domain-containing protein",NA,NA,"A0A0K0F0P2","",NA,"",NA,"",NA,"",NA
"293","SVE_0235900",0,0.0653605272893593,0,0,0,0,0,0,2.95803468133089e-06,0.0730705429576539,0.143930475015484,0,"SVE_scaffold0000019","Conserved domain protein",NA,NA,"A0A0K0F0P3","",NA,"",NA,"SPAL_0000578400",70.7865,"",NA
"294","SVE_0236200",0,0.126955554562419,0,0.122144743168542,0.092519470168899,0.0907828661687798,0.124742131757687,0,0,0.221121421479508,0,0,"SVE_scaffold0000019","Cytochrome P450","Cyt_P450_sf","oxidoreductase activity, acting on paired donors, with incorporation or reduction of molecular oxygen, iron ion binding, heme binding, monooxygenase activity","A0A0K0F0P6","",NA,"",NA,"",NA,"",NA
"295","SVE_0236600",0,0,0,0,0,0,0,0.134763208040426,0,0,0.0723886324599433,0,"SVE_scaffold0000019","","Cyt_P450, Cyt_P450_sf","oxidoreductase activity, acting on paired donors, with incorporation or reduction of molecular oxygen, iron ion binding, heme binding, monooxygenase activity","A0A0K0F0Q0","",NA,"",NA,"",NA,"",NA
"296","SVE_0236900",0,0.261459179575246,0.12578686463161,0.183898193596752,0,0,0,0.0623681492645603,0,0,0.224015598644536,0,"SVE_scaffold0000019","","Prot-tyrosine_phosphatase-like",NA,"A0A0K0F0Q3","",NA,"",NA,"",NA,"",NA
"297","SVE_0237800",0,0,0,0,0,0,0,0,0,0,0,0,"SVE_scaffold0000019","PH domain-containing protein",NA,NA,"A0A0K0F0R2","",NA,"",NA,"",NA,"",NA
"298","SVE_0238000",0.0652256636240115,0,0,0,0,0,0,0.0632496382081758,0,0.0778065770137442,0,0,"SVE_scaffold0000019","G_PROTEIN_RECEP_F1_2 domain-containing protein","GPCR_Rhodpsn, GPCR_Rhodpsn_7TM, 7TM_GPCR_serpentine_rcpt_Srv","G protein-coupled receptor activity, G protein-coupled receptor signaling pathway, membrane","A0A0K0F0R4","SSTP_0000382000 | SSTP_0000382000",35.2564,"SRAE_2000482800 | WBGene00265074",22.7564,"SPAL_0001168600",60.8974,"",NA
"299","SVE_0238700",0.0647027537523216,0.253693344018756,0,0,0,0,0,0.0628106834344487,0,0,0,0.0736966995423034,"SVE_scaffold0000019","Fucosyltransferase","Glyco_trans_10, Glyco_tran_10_N, GT10-like_C_sf","protein glycosylation, fucosyltransferase activity, membrane, Golgi cisterna membrane, glycosyltransferase activity, Golgi apparatus, transferase activity, fucosylation","A0A0K0F0S1","SSTP_0000577900",68.6154,"SRAE_1000225500 | WBGene00258869",70.1538,"SPAL_0000062100",85.8462,"",NA
"300","SVE_0239100",0.129799161329972,0.0635610773324924,0,0,0,0,0,0.126721892961141,0,0,0,0.0726645526036419,"SVE_scaffold0000019","Zinc metalloproteinase","CUB_dom, Peptidase_M12A, Peptidase_Metallo, Metallopeptidase_nem, MetalloPept_cat_dom_sf, Astacin-like_dom, Sperma_CUB_dom_sf","molting cycle, collagen and cuticulin-based cuticle, metalloendopeptidase activity, metallopeptidase activity, proteolysis, zinc ion binding, peptidase activity, hydrolase activity, extracellular region, metal ion binding","A0A0K0F0S4","",NA,"",NA,"SPAL_0000398600",36.8421,"",NA
"301","SVE_0239300",0.257621602252182,0,0,0,0.186243384510227,0.17988791472956,0.0636693757389849,0,0.0760704668405758,0.147508682063218,0,0,"SVE_scaffold0000019","Cyclic nucleotide-binding domain-containing protein",NA,NA,"A0A0K0F0S6","",NA,"",NA,"",NA,"",NA
"302","SVE_0241900",0,0,0,0,0,0,0,0.0622914664278101,0.0778494065094795,0,0.0751286976441928,0,"SVE_scaffold0000019","",NA,"membrane","A0A0K0F0V2","SSTP_0000736650",35.7724,"",NA,"",NA,"",NA
"303","SVE_0242200",0.131478908602247,0.0645189058871788,0,0.121120610938139,0.186065404877178,0,0,0.12331949739043,0,0.0757964245486154,0,0,"SVE_scaffold0000019","EF-hand domain-containing protein","EF_hand_dom, EF-hand-dom_pair, EF_Hand_1_Ca_BS","calcium ion binding","A0A0K0F0V5","SSTP_0000736900",54.3103,"",NA,"SPAL_0000503900",77.5862,"",NA
"304","SVE_0242300",0.0654687975120605,0.0642129408828889,0.122418188425081,0,0,0.0894621313865461,0.0632526979711503,0.0623036672539635,0,0,0,0.0747876741842913,"SVE_scaffold0000019","EF-hand domain-containing protein","EF-hand-dom_pair, EF_Hand_1_Ca_BS","membrane","A0A0K0F0V6","",NA,"",NA,"SPAL_0000504000",89.0909,"",NA
"305","SVE_0243800",0,0,0.181951502196001,0.0593548343647589,0,0,0,0,0,0.0773674864274843,0.227092150062902,0.0744412762409824,"SVE_scaffold0000019","G_PROTEIN_RECEP_F1_2 domain-containing protein","GPCR_Rhodpsn_7TM","membrane","A0A0K0F0X1","",NA,"SRAE_2000467200 | WBGene00264908",3.98406,"",NA,"",NA
"306","SVE_0243900",0.0636115519190311,0,0,0,0.0897840946233677,0,0,0,0,0,0,0,"SVE_scaffold0000019","HTH_48 domain-containing protein","Mos1_HTH",NA,"A0A0K0F0X2","SSTP_0000843600",29.3651,"SRAE_X000162100 | WBGene00267194",21.4286,"SPAL_0000002200",38.0952,"",NA
"307","SVE_0245200",0.257717881704093,0.126618754884511,0.182229865925352,0,0.0910059915844888,0,0,0,0,0,0,0.0731971417834014,"SVE_scaffold0000019","BOWMAN_BIRK domain-containing protein",NA,NA,"A0A0K0F0Y5","",NA,"SRAE_2000479300 | WBGene00265039",65.4412,"SPAL_0000059100",91.1765,"",NA
"308","SVE_0247100",0.130517080917425,0.139505712068308,0.0619661292325292,0.121243295522066,0,0.260533115773349,0,0.127166742243764,0.0792893604376773,0,0,0.0734803608400578,"SVE_scaffold0000019","Peptidase A1 domain-containing protein","Aspartic_peptidase_A1, Aspartic_peptidase_AS, Peptidase_aspartic_dom_sf, PEPTIDASE_A1, Pepsin-like_dom","aspartic-type endopeptidase activity, proteolysis, peptidase activity, hydrolase activity","A0A0K0F104","SSTP_0000681200",59.7052,"SRAE_2000447800 | WBGene00264710",65.8477,"SPAL_0000061000",86.2408,"",NA
"309","SVE_0247600",0.129786919409861,0.34840139729449,0,0,0,0,0,0,0,0.154381133022461,0,0,"SVE_scaffold0000019","Peptidase A1 domain-containing protein","Aspartic_peptidase_A1, Aspartic_peptidase_N, Peptidase_aspartic_dom_sf, PEPTIDASE_A1, Pepsin-like_dom","aspartic-type endopeptidase activity, proteolysis, hydrolase activity","A0A0K0F109","SSTP_0000681200",54.047,"SRAE_2000447800 | WBGene00264710",59.2689,"SPAL_0000532200",59.53,"",NA
"310","SVE_0248600",0,0.129440502731114,0,0,0,0,0.129722526895996,0.0638253216975445,0,0,0,0,"SVE_scaffold0000019","G_PROTEIN_RECEP_F1_2 domain-containing protein",NA,"membrane","A0A0K0F119","",NA,"SRAE_2000467200 | WBGene00264908",5.17928,"SPAL_0001665000",64.9402,"",NA
"311","SVE_0248700",0,0,0.0636768877947917,0.186535365836519,0,0,0,0,0,0,0,0,"SVE_scaffold0000019","G protein-coupled receptor",NA,"membrane","A0A0K0F120","",NA,"SRAE_2000467200 | WBGene00264908",0,"SPAL_0001764500",0,"",NA
"312","SVE_0248800",0,0,0,0,0,0,0,0.0641989732756265,0,0,0,0,"SVE_scaffold0000019","COX2_TM domain-containing protein","Cyt_c_oxidase_su2_TM_dom","electron transport chain, membrane","A0A0K0F121","",NA,"",NA,"SPAL_0001664900",58.2734,"",NA
"313","SVE_0248900",0,0,0,0,0,0,0.129055231179415,0.0638529431443791,0.0786123596043942,0,0.0736567845898791,0,"SVE_scaffold0000019","",NA,"membrane","A0A0K0F122","",NA,"",NA,"",NA,"",NA
"314","SVE_0249500",0,0,0.188567395295831,0.123149405933405,0,0,0.194025012511032,0.0636184120561433,0.0801400284967003,0.078416890423576,0,0,"SVE_scaffold0000019","Cystatin domain-containing protein","Cystatin_dom, Prot_inh_cystat_CS, Cystatin_sf","cysteine-type endopeptidase inhibitor activity","A0A0K0F128","SSTP_0000385400",30.4054,"SRAE_2000495700 | WBGene00265204",36.4865,"SPAL_0000505700",85.1351,"",NA
"315","SVE_0249700",0,0,0,0,0,0,0.0658735657449133,0,0.078569888775045,0.0760420839645758,0,0,"SVE_scaffold0000019","",NA,NA,"A0A0K0F130","",NA,"",NA,"",NA,"",NA
"316","SVE_0250100",0.133420318965647,0,0,0,0,0,0.0663234793161409,0,0.0788446297339919,0,0.141543492662156,0.0698997199714558,"SVE_scaffold0000019","Ovule protein",NA,NA,"A0A0K0F134","",NA,"",NA,"",NA,"",NA
"317","SVE_0250400",0,0,0,0,0,0.0903792235863208,0.062017130449849,0,0,0,0,0,"SVE_scaffold0000019","",NA,NA,"A0A0K0F137","",NA,"",NA,"SPAL_0001354900",73.1959,"",NA
"318","SVE_0250500",0,0,0,0,0,0,0.193752070854768,0.127114057233687,0.240763452504726,0,0,0,"SVE_scaffold0000019","",NA,NA,NA,"",NA,"",NA,"",NA,"",NA
"319","SVE_0250900",0.127706788059603,0.0625336183497544,0,0,0.17704204556862,0,0,0,0,0,0,0.146688795312221,"SVE_scaffold0000019","",NA,NA,"A0A0K0F141","",NA,"",NA,"",NA,"",NA
"320","SVE_0251200",0,0,0.0656897211122758,0,0,0,0.00193843362692031,0,0,8.57988032955527e-07,0,0.0596851939003417,"SVE_scaffold0000019","Capsular polysaccharide biosynthesis protein",NA,NA,"A0A0K0F144","",NA,"",NA,"SPAL_0000545900",91.0256,"",NA
"321","SVE_0253400",0,0,0,0,0.0874350197046073,0,0,0.0620100097684187,0.077889256139434,0,0.148110103504862,0.218138934569616,"SVE_scaffold0000019","ATP-dependent DNA helicase","DNA_helicase_pif1-like, P-loop_NTPase","telomere maintenance, DNA helicase activity, DNA repair, cellular response to DNA damage stimulus, DNA recombination, helicase activity, ATP hydrolysis activity, DNA duplex unwinding, hydrolase activity, ATP binding, nucleotide binding","A0A0K0F165","",NA,"",NA,"SPAL_0000535000",71.7325,"",NA
"322","SVE_0253800",0.126440376291727,0,0,0,0,0,0.167362466036296,0.0816209528486913,0.146995349901407,0.231191810841128,0,0,"SVE_scaffold0000019","Glycosyl transferase",NA,NA,"A0A0K0F144, A0A0K0F169","",NA,"",NA,"SPAL_0000545900",84.7619,"",NA
"323","SVE_0255300",0.266694850742528,0.0652931384093092,0.125343962614143,0.122535087136965,0,0,0,0.0627106434777969,0,0.0772871290279828,0,0,"SVE_scaffold0000020","BIG2 domain-containing protein",NA,"membrane","A0A0K0F183","",NA,"",NA,"",NA,"",NA
"324","SVE_0255700",0,0,0,0,0,0.272863729878513,0.125900839888615,0,0.076703253434534,0,0,0,"SVE_scaffold0000020","GH17679p (inferred by orthology to a D. melanogaster protein)","bHLH_dom, HLH_DNA-bd_sf","protein dimerization activity","A0A0K0F187","SSTP_0000526100",83.7838,"SRAE_1000009600 | WBGene00256690",80.1802,"SPAL_0000254700",92.7928,"hlh-32 | WBGene00013665",47.7477
"325","SVE_0256900",0,0,0,0,0,0,0.188789175396751,0,0,0.0765700882290814,0,0.0742962873278659,"SVE_scaffold0000020","",NA,NA,"A0A0K0F199","",NA,"",NA,"SPAL_0000626900",21.6667,"",NA
"326","SVE_0257000",0,0.0627847616091273,0,0,0,0,0,0.124302520670581,0.156261273689441,0,0.148673479175401,0.0729717402505055,"SVE_scaffold0000020","Carboxypeptidase regulatory-like domain-containing protein",NA,NA,"A0A0K0F1A0","",NA,"",NA,"SPAL_0000626900",13.75,"",NA
"327","SVE_0257100",0,0,0,0,0,0,0.062861461365735,0,0,0.0764240561050235,0,0.0745219757639572,"SVE_scaffold0000020","Peptidase S1 domain-containing protein",NA,NA,"A0A0K0F1A1","",NA,"",NA,"SPAL_0000626900",26.7516,"",NA
"328","SVE_0257200",0,0,0,0,0,0,0,0,0,0.0767056089095763,0,0,"SVE_scaffold0000020","LAGLIDADG_2 domain-containing protein",NA,NA,"A0A0K0F1A2","",NA,"",NA,"SPAL_0000958600",32.0611,"",NA
"329","SVE_0257300",0,0,0.0648347839055005,0.0636690021953105,0,0,0,0.0630871920441338,0,0,0,0.0695413644156773,"SVE_scaffold0000020","Dynamin_M domain-containing protein",NA,NA,"A0A0K0F1A3","",NA,"",NA,"SPAL_0000958600",27.5,"",NA
"330","SVE_0257400",0,0.0629416313801584,0,0,0,0,0,0,0.0769406504763447,0.150538059517967,0.0738533503840536,0.0733957855737509,"SVE_scaffold0000020","",NA,NA,"A0A0K0F1A4","",NA,"",NA,"SPAL_0001768200",54.1401,"",NA
"331","SVE_0257500",0,0,0,0.0622302701869022,0,0,0,0,0,0,0,0,"SVE_scaffold0000020","DUF4897 domain-containing protein",NA,"membrane","A0A0K0F1A5","",NA,"",NA,"SPAL_0000495600",51.7986,"",NA
"332","SVE_0257600",0,0,0.0636237395163526,0,0,0,0,0,0,0,0,0,"SVE_scaffold0000020","",NA,NA,"A0A0K0F1A6","",NA,"",NA,"",NA,"",NA
"333","SVE_0257700",0.065184443897817,0.127821606491733,0,0,0,0,0.0643561324298435,0,0.0794830002641944,0,0,0,"SVE_scaffold0000020","F-box domain-containing protein","F-box_dom, F-box-like_dom_sf","protein binding","A0A0K0F1A7","",NA,"",NA,"SPAL_0000495500",76.3636,"",NA
"334","SVE_0258100",0.132558787323529,0.13070578311455,0,0,0,0,0.127006975666804,0.187166562277087,0.0773764412734619,0,0.0730608487036044,0.145618439634137,"SVE_scaffold0000020","",NA,NA,"A0A0K0F1B0","",NA,"",NA,"",NA,"",NA
"335","SVE_0258300",0,0.191135455890426,0,0,0.185717628784714,0.0904272296365922,0,0,0,0.07365934714819,0.209512936076615,0.137668843971448,"SVE_scaffold0000020","",NA,NA,"A0A0K0F1B2","",NA,"",NA,"",NA,"",NA
"336","SVE_0258600",0.130555007481499,0.576902506529476,0,0,0,0.091457048934038,0.0625710489251935,0,0.076230285354205,0,0,0,"SVE_scaffold0000020","",NA,NA,"A0A0K0F1B5","",NA,"",NA,"",NA,"",NA
"337","SVE_0258700",0,0,0,0,0,0,0.253886864453577,0.312458291597592,0.0787865233125159,0,0,0.0751336128255521,"SVE_scaffold0000020","",NA,NA,"A0A0K0F1B6","",NA,"",NA,"SPAL_0001668700",36.4198,"",NA
"338","SVE_0258800",0,0.0667452207543253,0,0,0.26343277619394,0.257262648738794,0.0646193260659028,0.0634280118951738,0.0826496747841973,0,0.0733463268579797,0.0753568668017991,"SVE_scaffold0000020","ATP-dependent DNA helicase","DNA_helicase_pif1-like, P-loop_NTPase","telomere maintenance, DNA helicase activity, DNA repair, cellular response to DNA damage stimulus, DNA recombination, helicase activity, ATP hydrolysis activity, DNA duplex unwinding, hydrolase activity, ATP binding, nucleotide binding","A0A0K0F1B7","",NA,"",NA,"SPAL_0000535000",73.5726,"",NA
"339","SVE_0261700",0,0,0,0.0597777227448558,0.275007283500788,0.445400159240857,0.0626518490795074,0,0,0,0,0,"SVE_scaffold0000020","",NA,"membrane","A0A0K0F1E3","SSTP_0001062100",61.5942,"",NA,"SPAL_0001541200",93.4783,"",NA
"340","SVE_0263100",0.260102682718621,0.127474154903304,0,0,0,0,0.192231954544254,0.0630273094283202,0,0,0.0755990602802441,0,"SVE_scaffold0000020","",NA,NA,"A0A0K0F1F7","",NA,"",NA,"SPAL_0001540000",85.4785,"",NA
"341","SVE_0263600",0,0,0,0.0641793192571972,0,0,0,0,0,0,0.0752297382847673,0,"SVE_scaffold0000020","Inositol-pentakisphosphate 2-kinase",NA,NA,"A0A0K0F1G1","",NA,"",NA,"SPAL_0000965800",24.1176,"",NA
"342","SVE_0263700",0,0,0.127008385806598,0.124367499154738,0,0,0,0.193104138493353,0,0,0,0,"SVE_scaffold0000020","ATP-dependent DNA helicase","DNA_helicase_pif1-like, P-loop_NTPase","telomere maintenance, DNA helicase activity, DNA repair, cellular response to DNA damage stimulus, DNA recombination, helicase activity, ATP hydrolysis activity, DNA duplex unwinding, hydrolase activity, ATP binding, nucleotide binding","A0A0K0F1G2","",NA,"",NA,"SPAL_0000063200",32.0261,"",NA
"343","SVE_0263800",0,0,0,0,0,0,0.0654134600310896,0.0642810834243856,0,0,0,0,"SVE_scaffold0000020","",NA,"membrane","A0A0K0F1G3","",NA,"",NA,"SPAL_0001477900",32.6389,"",NA
"344","SVE_0264100",0,0,0,0,0,0,0,0,0.0783357026893334,0,0,0,"SVE_scaffold0000020","",NA,NA,"A0A0K0F1G6","",NA,"",NA,"",NA,"",NA
"345","SVE_0264200",0,0.064280529057676,0,0.0621697652788435,0,0.273701957996558,0.0631351656748212,0.186114136737972,0,0,0,0,"SVE_scaffold0000020","HTH_48 domain-containing protein","Mos1_HTH",NA,"A0A0K0F1G7","SSTP_0000843600",41.8605,"SRAE_X000162100 | WBGene00267194",32.5581,"SPAL_0000068300",53.4884,"",NA
"346","SVE_0264300",0,0,0,0,0,0,0,0,0,0,0,0,"SVE_scaffold0000020","Histone-lysine N-methyltransferase SETMAR","RNaseH_sf","nucleic acid binding","A0A0K0F1G8","",NA,"",NA,"",NA,"",NA
"347","SVE_0266700",0.0660326939804328,0,0.0636528938127692,0.12407146340877,0.189129558291373,0,0.0632880576782415,0.0624988876867691,0.077119525486021,0.151140488753268,0.0725026686854366,0.071757113084643,"SVE_scaffold0000020","DUF4755 domain-containing protein",NA,"membrane","A0A0K0F1J2","SSTP_0001080000",77.0833,"SRAE_1000085400 | WBGene00257454",86.4583,"SPAL_0000037500",96.875,"",NA
"348","SVE_0268600",0.0643183580129408,0,0,0,0,0,0,0.0626263076459606,0,0,0.0738772961916689,0.0725556250789931,"SVE_scaffold0000020","Astacin domain-containing protein","EGF-like_dom, Peptidase_M12A, MetalloPept_cat_dom_sf","metalloendopeptidase activity, metallopeptidase activity, proteolysis","A0A0K0F1L1","",NA,"",NA,"SPAL_0000329300",60.7692,"",NA
"349","SVE_0269100",0.193538483344701,0.315996143644426,0,0,0,0,0,0,0.0783217430217863,0,0.147579150181194,0,"SVE_scaffold0000020","N-acetyllactosaminide beta-1,3-N-acetylglucosaminyltransferase","Nucleotide-diphossugar_trans",NA,"A0A0K0F1L6","",NA,"SRAE_1000063100 | WBGene00257228",67.907,"SPAL_0000279800",89.0698,"",NA
"350","SVE_0269500",0,0,0.0633517934672126,0.0616155162835235,0.0933424162638046,0.0915903654450029,0,0.0620138540935454,0,0.074362703170397,0.141027830365286,0.0697360888668084,"SVE_scaffold0000020","",NA,"membrane","A0A0K0F1M0","SSTP_0000989600",58.427,"SRAE_1000063400 | WBGene00257231",64.0449,"SPAL_0000280200",94.382,"",NA
"351","SVE_0270200",0.0658734118400008,0,0,0,0,0,0.0655096898935485,0.063856368071535,0.0779138843774411,0,0,0,"SVE_scaffold0000020","Transposase",NA,NA,"A0A0K0F1M7","",NA,"",NA,"SPAL_0001297700",90.2778,"",NA
"352","SVE_0270500",0,0,0,0,0,0,0.064781818989824,0,0,0,0,0,"SVE_scaffold0000020","ATP-dependent DNA helicase","DNA_helicase_pif1-like, P-loop_NTPase","telomere maintenance, DNA helicase activity, DNA repair, cellular response to DNA damage stimulus, DNA recombination, helicase activity, ATP hydrolysis activity, DNA duplex unwinding, hydrolase activity, ATP binding, nucleotide binding","A0A0K0F1N0","",NA,"",NA,"SPAL_0000535000",85.7143,"",NA
"353","SVE_0271100",0,0,0,0,0,0,0,0,0,0,0,0,"SVE_scaffold0000021","",NA,NA,"A0A0K0F1N6","",NA,"",NA,"",NA,"",NA
"354","SVE_0271200",0,0,0,0,0.0930038457076376,0,0,0,0.0759313901060605,0.0745992293601336,0,0,"SVE_scaffold0000021","",NA,NA,"A0A0K0F1N7","",NA,"",NA,"SPAL_0000161050",69.0722,"",NA
"355","SVE_0271300",0,0,0,0,0,0,0,0,0,0,0,0,"SVE_scaffold0000021","",NA,NA,"A0A0K0F1N8","",NA,"",NA,"SPAL_0000827700",55.4839,"",NA
"356","SVE_0271400",0,0,0,0,0,0,0,0.0777019940554496,0,0.0261780272533572,0,0,"SVE_scaffold0000021","Gag-pol polyprotein",NA,NA,"A0A0K0F1N9","SSTP_0000843200",15.5556,"SRAE_0000073700 | WBGene00256494",37.7778,"SPAL_0000132600",86.6667,"",NA
"357","SVE_0271500",0.130582007716982,0.0640201684447315,0,0,0,0.117917304871646,0.233106878496106,0.247536045643909,0,0.0762391223205283,0.0748526688551833,0,"SVE_scaffold0000021","RRF domain-containing protein",NA,NA,"A0A0K0F1P0","",NA,"",NA,"SPAL_0000833800",34.7222,"",NA
"358","SVE_0271900",0,0,0,0,0,0,0,0.126629802059618,0,0.07777961669492,0,0,"SVE_scaffold0000021","",NA,NA,"A0A0K0F1P4","",NA,"",NA,"",NA,"",NA
"359","SVE_0272000",0,0,0,0,0,0,0,0,0,0.0767062573185344,0,0,"SVE_scaffold0000021","",NA,"membrane","A0A0K0F1P5","",NA,"",NA,"SPAL_0000424200",56.1905,"",NA
"360","SVE_0272200",0.132458569080481,0.129620462713772,0.185188200133254,0.0604154662013964,0,0,0,0,0.0805166534940424,0,0,0,"SVE_scaffold0000021","",NA,"membrane","A0A0K0F1P7","SSTP_0001016700",61.6667,"SRAE_2000432400 | WBGene00264554",56.6667,"SPAL_0001382700",90.8333,"",NA
"361","SVE_0272300",0,0.127764674725688,0,0,0,0,0,0.189418445365343,0.0794474711951359,0,0,0,"SVE_scaffold0000021","Peptidase S1 domain-containing protein","Trypsin_dom, Peptidase_S1_PA, TRYPSIN_HIS, Peptidase_S1_PA_chymotrypsin","serine-type endopeptidase activity, proteolysis","A0A0K0F1P8","SSTP_0001016600",61.6667,"SRAE_2000432500 | WBGene00264555",63,"SPAL_0001382800",92.3333,"",NA
"362","SVE_0276800",0,0,0,0,0,0,0.0642958505533168,0,0.159608778887404,0,0,0,"SVE_scaffold0000021","SCP domain-containing protein",NA,"membrane","A0A0K0F1U2","",NA,"",NA,"SPAL_0000424200",35.119,"",NA
"363","SVE_0276900",0,0,0,0,0,0,0,0,0,0.0749217796535804,0,0.0729300411180771,"SVE_scaffold0000021","Integrase catalytic domain-containing protein","Integrase_cat-core, RNaseH-like_sf, RNaseH_sf","DNA integration, nucleic acid binding","A0A0K0F1U3","",NA,"",NA,"",NA,"",NA
"364","SVE_0277100",0,0,0,0,0,0,0,0,0,0,0,0,"SVE_scaffold0000021","ATP-dependent DNA helicase","DNA_helicase_pif1-like, P-loop_NTPase","telomere maintenance, DNA helicase activity, DNA repair, cellular response to DNA damage stimulus, DNA recombination, helicase activity, ATP hydrolysis activity, DNA duplex unwinding, hydrolase activity, ATP binding, nucleotide binding","A0A0K0F1U5","",NA,"",NA,"SPAL_0000535000",64.8438,"",NA
"365","SVE_0277200",0,0,0,0,0,0,0,0,0,0,0,0.0712269755814673,"SVE_scaffold0000021","SUN domain-containing protein",NA,NA,"A0A0K0F1U6","",NA,"SRAE_0000082000 | WBGene00256580",16.4596,"SPAL_0000380700",26.7081,"",NA
"366","SVE_0277300",0.195220747500451,0,0,0,0,0,0.0640871416341784,0.0630339124079977,0,0,0,0.148584997077803,"SVE_scaffold0000021","Helitron_like_N domain-containing protein","Helitron_helicase-like",NA,"A0A0K0F1U7","",NA,"",NA,"",NA,"Y53F4B.26 | WBGene00013172",2.68456
"367","SVE_0277400",0.1306150618573,0,0,0,0,0,0.0643817846091557,0,0,0.140908583763039,0,0,"SVE_scaffold0000021","",NA,NA,"A0A0K0F1U8","",NA,"",NA,"SPAL_0001294700",44.1558,"",NA
"368","SVE_0277500",0,0,0,0,0,0,0.0654972090811189,0,0,0,0,0,"SVE_scaffold0000021","",NA,NA,"A0A0K0F1U9","",NA,"SRAE_2000453100 | WBGene00264763",26.1364,"SPAL_0001715200",46.5909,"",NA
"369","SVE_0277700",0.132968200914657,0,0,0,0,0,0,0.0629434849648676,0,0,0,0,"SVE_scaffold0000021","Lipoprotein",NA,NA,"A0A0K0F1V1","",NA,"",NA,"SPAL_0001612300",42.2819,"",NA
"370","SVE_0277800",0.0657806025272171,0,0,0,0,0,0.0632766109555857,0.12470804264758,0.157256725033071,0,0,0.0750100086667105,"SVE_scaffold0000021","","Endo/exonu/phosph_ase_sf",NA,"A0A0K0F1V2","",NA,"",NA,"SPAL_0001338300",83.0065,"",NA
"371","SVE_0277900",0,0,0,0,0,0,0,0.0641988900292387,0,0,0,0,"SVE_scaffold0000021","Reverse transcriptase domain-containing protein","RT_dom",NA,"A0A0K0F1V3","",NA,"",NA,"",NA,"",NA
"372","SVE_0278000",0,0,0,0,0,0,0,0.123387450229398,0,0,0,0.148277711497566,"SVE_scaffold0000021","",NA,NA,"A0A0K0F1V4","",NA,"",NA,"SPAL_0000354600",64.5833,"",NA
"373","SVE_0278100",0,0,0.0605350616778787,0,0,0.0881717952884883,0,0,0,0,0.0738769229227186,0,"SVE_scaffold0000021","ATP-dependent DNA helicase","P-loop_NTPase",NA,"A0A0K0F1V5","",NA,"",NA,"SPAL_0000965900",80.1418,"",NA
"374","SVE_0278200",0.0662771811762365,0.0651566068820455,0,0,0,0,0,6.0168355068356e-10,0,0.150659185453602,0,0,"SVE_scaffold0000021","",NA,NA,"A0A0K0F1V6","",NA,"",NA,"SPAL_0001297700",91.8605,"",NA
"375","SVE_0278400",0.198744770558254,0.0651282232674967,0,0,0,0,0.127935510997763,0,0.154445668305931,0,0,0,"SVE_scaffold0000021","Integrase",NA,NA,"A0A0K0F1V8","",NA,"",NA,"",NA,"",NA
"376","SVE_0278600",0.0661738826860155,0,0,0,0,0,0,0,0.0771614919017929,0,0,0,"SVE_scaffold0000021","Doublecortin domain-containing protein",NA,NA,"A0A0K0F1W0","",NA,"",NA,"SPAL_0000375450",60.6742,"",NA
"377","SVE_0278700",0,0,0,0,0,0,0,0,0.0781092342797697,0.0769284433655688,0,0,"SVE_scaffold0000021","Integrase_SAM-like_N domain-containing protein",NA,NA,"A0A0K0F1W1","",NA,"",NA,"SPAL_0000012300",8.25688,"",NA
"378","SVE_0278800",0.0666705028198005,0,0,0,0,0,0.127661183915081,0.125183516518397,0.233187023650311,0.152641919332855,0.0734942797165291,0.146423260012271,"SVE_scaffold0000021","",NA,NA,"A0A0K0F1W2","",NA,"",NA,"",NA,"",NA
"379","SVE_0279500",0.0650990492171186,0.0645610733675269,0,0,0,0,0.0647220295973888,0,0,0,0,0,"SVE_scaffold0000021","Ovule protein",NA,NA,"A0A0K0F1W9","SSTP_0000919200",40.8451,"SRAE_1000144400 | WBGene00258050",40.8451,"SPAL_0001552600",57.7465,"",NA
"380","SVE_0279900",0,0,0,0,0,0,0,0,0,0,0,0,"SVE_scaffold0000021","Ovule protein",NA,"membrane","A0A0K0F1X3","",NA,"",NA,"",NA,"",NA
"381","SVE_0280100",0,0,0,0.0748790321341346,0,0,0,0,0,0,0,0,"SVE_scaffold0000021","Lysine--tRNA ligase (inferred by orthology to a human protein)","Aa-tRNA-synt_II, aa-tRNA-synth_II, aa-tRNA-synth_II/BPL/LPL","nucleotide binding, tRNA aminoacylation for protein translation, aminoacyl-tRNA ligase activity, ATP binding","A0A0K0F1X5","",NA,"",NA,"",NA,"",NA
"382","SVE_0280200",0,0,0.0619480168370525,0.120839523635716,0.0927375308258339,0,0,0,0,0,0,0,"SVE_scaffold0000021","Histone H1",NA,NA,"A0A0K0F1X6","",NA,"",NA,"SPAL_0000509600",55.6522,"",NA
"383","SVE_0280300",0.196346294468723,0.0641538693220241,0,0,0,0,0,0.0634998308429852,0,0,0,0,"SVE_scaffold0000021","",NA,NA,"A0A0K0F1X7","",NA,"SRAE_2000395400 | WBGene00264181",57.2785,"SPAL_0000600600",90.5063,"",NA
"384","SVE_0280700",0,0,0.0630773996812464,0.0617636694571194,0,0,0,0.0652474656545125,0,0,0,0,"SVE_scaffold0000021","",NA,"membrane","A0A0K0F1Y1","SSTP_0000083600",61.1354,"SRAE_2000395100 | WBGene00264178",51.9651,"SPAL_0000397000",92.5764,"",NA
"385","SVE_0283000",0,0,0,0,0,0,0,0,0,0,0,0,"SVE_scaffold0000021","",NA,NA,"A0A0K0F204","",NA,"",NA,"",NA,"",NA
"386","SVE_0283200",0.13081117840855,0,0.122001145904325,0.0596963203756068,0.180028167397714,0.0880731545365687,0.128337391439442,0.0631215892238784,0,0.0778108795174719,0,0.0748996340677903,"SVE_scaffold0000021","Serpentine receptor class gamma",NA,"membrane","A0A0K0F206","SSTP_0000081200",61.2,"SRAE_2000392800 | WBGene00264155",60.4,"SPAL_0000394600",80,"",NA
"387","SVE_0284600",0.131103987653615,0.12991461233788,0,0,0,0,0,0.125243505308994,0,0,0,0,"SVE_scaffold0000021","",NA,NA,"A0A0K0F220","SSTP_0000084800",48.7805,"",NA,"",NA,"",NA
"388","SVE_0284800",0.0648889241113235,0.254131495271652,0,0,0,0,0.193828560003672,0.317169399082323,0,0,0.073669161099937,0.072387124888024,"SVE_scaffold0000021","MAM domain-containing protein",NA,"membrane","A0A0K0F222","SSTP_0000085000",72.1707,"SRAE_2000396500 | WBGene00264192",72.3562,"",NA,"CD4.11 | WBGene00044542",23.0056
"389","SVE_0286600",0,0,0.130729960919373,0.0640358407331143,0,0,0,0,0.077192903835693,0,0,0.0684113705941595,"SVE_scaffold0000021","",NA,NA,"A0A0K0F240","SSTP_0000086700",69.7368,"SRAE_2000398400 | WBGene00264211",73.6842,"SPAL_0000432400",94.7368,"",NA
"390","SVE_0287700",0,0,0,0.0630518241790089,0,0,0.0645204305698723,0.063652868346608,0,0.0775194081665583,0,0,"SVE_scaffold0000021","LysM domain-containing protein",NA,NA,"A0A0K0F251","SSTP_0000087700",48.9796,"SRAE_2000399400 | WBGene00264221",57.1429,"SPAL_0000431400",87.7551,"",NA
"391","SVE_0289700",0.130301156095248,0.191370560386055,0.0609284106672243,0,0,0,0,0,0,0,0,0.0743705662469042,"SVE_scaffold0000021","F-box/LRR-repeat protein",NA,NA,"A0A0K0F270","SSTP_0001163300",29.6774,"SRAE_1000081300 | WBGene00257413",21.2903,"",NA,"",NA
"392","SVE_0291100",0,0.0631416769401278,0,0,0,0,0.12671511205906,0.249170916952472,0.078502449036363,0.153540027640481,0.150117666735635,0.0737671836715829,"SVE_scaffold0000021","CAP domain-containing protein (inferred by orthology to a zebrafish protein)","CRISP-related, CAP_domain, CAP_sf",NA,"A0A0K0F284","",NA,"",NA,"SPAL_0000323400",38.4328,"",NA
"393","SVE_0291500",0,0,0,0,0,0,0.0782620416783308,0.0644186503791499,0,0,0,0,"SVE_scaffold0000022","Ovule protein",NA,NA,"A0A0K0F288","",NA,"",NA,"",NA,"",NA
"394","SVE_0291600",0,0,0,0,0,0,0,0,0,0,0,0.0712270859900165,"SVE_scaffold0000022","Ovule protein",NA,NA,"A0A0K0F289","",NA,"",NA,"",NA,"",NA
"395","SVE_0291700",0,0,0,0,0,0,0.255891374523346,0.25245023953922,0.156212875140226,0,0.0735756585598124,0.146521760812136,"SVE_scaffold0000022","Secreted protein",NA,"membrane","A0A0K0F290","",NA,"",NA,"",NA,"",NA
"396","SVE_0292400",0,0,0,0,0,0,0,0.0619565063589734,0,0,0.0750602829172379,0,"SVE_scaffold0000022","",NA,NA,"A0A0K0F297","",NA,"SRAE_0000050900 | WBGene00256254",11.3861,"",NA,"",NA
"397","SVE_0292500",0,0.062316945214402,0,0,0,0.0878533374224049,0,0,0,0,0,0.0709141347099543,"SVE_scaffold0000022","",NA,NA,"A0A0K0F298","",NA,"",NA,"SPAL_0000040900",69.5652,"",NA
"398","SVE_0292600",0,0,0,0,0,0,0,0,0,0,0,0,"SVE_scaffold0000022","Carn_acyltransf domain-containing protein",NA,NA,"A0A0K0F299","SSTP_0000067300",46.0317,"",NA,"",NA,"",NA
"399","SVE_0293100",0.130736001866127,0.127914515642853,0,0.0596443882998452,0,0,0.127600450632947,0,0,0.077653328591662,0,0.0749585020684221,"SVE_scaffold0000022","",NA,NA,NA,"",NA,"",NA,"",NA,"",NA
"400","SVE_0293400",0,0,0,0,0,0,0,0,0.0783357806666387,0,0,0,"SVE_scaffold0000022","Integrase catalytic domain-containing protein","Integrase_cat-core, RNaseH-like_sf, RNaseH_sf","DNA integration, nucleic acid binding","A0A0K0F2A6","",NA,"",NA,"SPAL_0001760500",64.5283,"",NA
"401","SVE_0293500",0,0,0,0,0,0,0.0650833221331177,0.0636106115781736,0.0795664211654477,0,0,0,"SVE_scaffold0000022","DBD_Tnp_Mut domain-containing protein",NA,NA,"A0A0K0F2A7","",NA,"",NA,"SPAL_0001569100",14.5299,"",NA
"402","SVE_0293600",0,0,0,0,0,0,0,0,0,0,0,0,"SVE_scaffold0000022","",NA,NA,"A0A0K0F2A8","",NA,"",NA,"",NA,"",NA
"403","SVE_0293700",0.0652820306958722,0,0,0,0,0,0,0,0.0782653263171251,0.229964003480996,0,0,"SVE_scaffold0000022","F-type ATPase subunit delta",NA,NA,"A0A0K0F2A9","",NA,"",NA,"SPAL_0000621975",32.5153,"",NA
"404","SVE_0293800",0,0,0,0,0.122396291524818,0,0.0940363722216647,0,0,0,0,0,"SVE_scaffold0000022","Ac57-like protein",NA,NA,"A0A0K0F2B0","",NA,"",NA,"SPAL_0000459400",40.367,"",NA
"405","SVE_0294600",0.126761919666802,0.125640827137053,0,0.249187256036925,0.0921095177731228,0.267146440325047,0,0.122455520283781,0,0,0,0,"SVE_scaffold0000022","",NA,NA,"A0A0K0F2B8","SSTP_0001024300",58.1081,"SRAE_X000242500 | WBGene00268011",50,"SPAL_0000986300",86.4865,"",NA
"406","SVE_0295600",0,0.0981077527713366,0.0849814569349157,0,0,0,0.0641713965696025,0.103120643791189,0.205711507453086,0.077770172467459,0,0,"SVE_scaffold0000022","Histone-lysine N-methyltransferase SETMAR","RNaseH_sf","nucleic acid binding","A0A0K0F2C8","SSTP_0000266900",65.1852,"",NA,"SPAL_0001603900",59.2593,"",NA
"407","SVE_0295700",0,0.139924425246629,0.0615078117880926,0,0.0919286614490556,0,0.191833314097954,0.125976929113299,0,0.0778047457164229,0,0,"SVE_scaffold0000022","Histone-lysine N-methyltransferase SETMAR (inferred by orthology to a human protein)","Transposase_1, RNaseH_sf, Mos1_HTH","nucleic acid binding","A0A0K0F2C9","",NA,"",NA,"",NA,"",NA
"408","SVE_0296200",0.130520793900625,0.191902253011768,0,0,0,0.178484435033768,0.0628198375696408,0.123592156965579,0,0.152335229640983,0,0.0742286347907073,"SVE_scaffold0000022","",NA,NA,"A0A0K0F2D3","SSTP_0001022800",53.1915,"",NA,"SPAL_0000984900",73.0496,"",NA
"409","SVE_0300900",0.0666656988470576,0,0.125914821839394,0.0614932283029146,0,0,0,0,0,0,0,0,"SVE_scaffold0000022","Chitin-binding type-2 domain-containing protein",NA,"membrane","A0A0K0F2I0","SSTP_0000994900",75,"SRAE_X000193700 | WBGene00267514",73.3333,"SPAL_0001667500",32.5,"T11F8.12 | WBGene00235273",30
"410","SVE_0301900",0.19789470092802,0.131059006523506,0,0,0,0,0.262181034642735,0.127772292172119,0,0,0.0699019571715626,0,"SVE_scaffold0000022","Ovule protein",NA,NA,"A0A0K0F2J0","",NA,"",NA,"",NA,"",NA
"411","SVE_0302700",0.131585046212325,0.128906096580369,0,0,0,0,0,0.188635070933277,0,0,0,0,"SVE_scaffold0000022","Homeobox domain-containing protein","Homeobox_dom, Homeobox-like_sf, Homeobox_CS, Homeobox_metazoa, TLX1/2/3","DNA-binding transcription factor activity, RNA polymerase II-specific, DNA-binding transcription factor activity, regulation of transcription, DNA-templated, DNA binding, regulation of transcription by RNA polymerase II, nucleus","A0A0K0F2J8","SSTP_0000482300",52.356,"SRAE_X000192200 | WBGene00267499",56.5445,"SPAL_0001435200",88.4817,"ceh-63 | WBGene00045215",18.3246
"412","SVE_0304600",0.26199986273829,0.0641885629687807,0,0,0,0,0,0.0634162040043971,0,0,0,0,"SVE_scaffold0000022","Putative cuticle collagen 75 (inferred by orthology to a C. elegans protein)","Collagen","anatomical structure development, membrane","A0A0K0F2L6","SSTP_0001245600",54.5775,"SRAE_X000119300 | WBGene00266759",55.9859,"SPAL_0001272900",82.3944,"",NA
"413","SVE_0305000",0,0.0637156318869648,0,0,0,0,0,0,0,0,0,0,"SVE_scaffold0000022","","Crust_neurhormone_CS, Crust_neurohorm, Crust_neurohorm_sf","neuropeptide hormone activity, extracellular region, signal transduction, membrane","A0A0K0F2M0","SSTP_0001246000",49.6124,"SRAE_X000119000 | WBGene00266756",53.4884,"SPAL_0001273300",97.6744,"",NA
"414","SVE_0305100",0,0,0,0,0,0,0,0,0,0,0,0,"SVE_scaffold0000022","Fimbrial usher protein",NA,NA,"A0A0K0F2M1","SSTP_0001246100",57.3034,"SRAE_X000118900 | WBGene00266755",73.0337,"SPAL_0001273400",96.6292,"",NA
"415","SVE_0305400",0,0.0644600216520304,0,0,0,0,0.317026024690506,0.250036210085798,0,0.0770848972839507,0.0756349725998967,0,"SVE_scaffold0000023","",NA,NA,"A0A0K0F2M4","",NA,"",NA,"SPAL_0001400200",56.6879,"",NA
"416","SVE_0306000",0.0658250879089104,0,0.0613229715431676,0.12012870935219,0,0,0,0.316547134108109,0.0798924005540047,0,0,0.151013297930299,"SVE_scaffold0000023","CX domain-containing protein",NA,"membrane","A0A0K0F2N0","SSTP_0000061500",64.9533,"SRAE_X000164500 | WBGene00267219",71.9626,"SPAL_0000374900",94.3925,"Y102A11A.7 | WBGene00022417",20.5607
"417","SVE_0307200",0,0,0,0,0,0,0,0,0.156671906782815,0,0,0,"SVE_scaffold0000023","UBX domain-containing protein",NA,NA,"A0A0K0F2P2","",NA,"",NA,"",NA,"",NA
"418","SVE_0307300",0,0,0,0,0,0,0.0638363016170465,0.0627930915645805,0,0,0.304017224201631,0,"SVE_scaffold0000023","V-type proton ATPase subunit G",NA,NA,"A0A0K0F2P3","SSTP_0000679000",53.3784,"SRAE_X000089400 | WBGene00266456",52.027,"SPAL_0000399000",82.4324,"",NA
"419","SVE_0307600",0,0,0,0,0,0,0,0.0202938268469211,0,0,0.0747789248335275,0,"SVE_scaffold0000023","ATP-dependent DNA helicase","DNA_helicase_pif1-like","telomere maintenance, DNA helicase activity, DNA repair, cellular response to DNA damage stimulus, DNA recombination, helicase activity, ATP hydrolysis activity, DNA duplex unwinding, hydrolase activity, ATP binding, nucleotide binding","A0A0K0F2P6","",NA,"",NA,"",NA,"",NA
"420","SVE_0308300",0,0,0,0.0590651584033357,0.269745349443072,0.0879734533501295,0.188916393429517,0,0,0.230094875742173,0,0.148182459785985,"SVE_scaffold0000023","Caenorhabditis elegans ly-6-related family-containing protein","Ly-6-related","membrane","A0A0K0F2Q3","SSTP_0000974200",82.199,"SRAE_X000166200 | WBGene00267236",83.7696,"SPAL_0000356700",83.7696,"hot-9 | WBGene00044484",43.9791
"421","SVE_0313100",0.262206874486789,0.129964923111406,0,0,0,0,0.260758633481969,0.127089114084953,0.0775334304117779,0,0,0,"SVE_scaffold0000023","Defensin-like protein",NA,NA,"A0A0K0F2V1","",NA,"",NA,"SPAL_0000952100",90.2778,"",NA
"422","SVE_0314700",0,0,0,0,0.262319168261084,0.342826259789242,0,0,0,0,0,0,"SVE_scaffold0000023","Cuticle protein",NA,NA,"A0A0K0F2W7","SSTP_0000603100",78.7234,"SRAE_1000336300 | WBGene00259980",78.7234,"SPAL_0000953700",93.617,"",NA
"423","SVE_0316000",0.0659972747354452,0.0647476329734986,0,0,0,0,0,0.0624025102894537,0,0,0,0,"SVE_scaffold0000023","",NA,NA,"A0A0K0F2Y0","",NA,"",NA,"",NA,"",NA
"424","SVE_0316100",0,0,0,0,0,0,0.0653186511730431,0.0643744874540695,0,0,0,0,"SVE_scaffold0000023","Glyco_trans_2-like domain-containing protein","Glyco_trans_14","glycosyltransferase activity, membrane, Golgi membrane, transferase activity","A0A0K0F2Y1","",NA,"SRAE_2000522450 | WBGene00265483",23.1788,"",NA,"",NA
"425","SVE_0316900",0,0.0658763273976311,0,0,0,0,0.195985374935924,0.12701516865912,0.156495558562406,0.0763649695516419,0.0714162349129156,0,"SVE_scaffold0000023","",NA,NA,"A0A0K0F2Y9","",NA,"",NA,"",NA,"",NA
"426","SVE_0317000",0.330066486737118,0.195844775659669,0,0,0,0,0.0654013628499718,0,0,0,0.0699192547853683,0,"SVE_scaffold0000023","",NA,NA,"A0A0K0F2Z0","",NA,"",NA,"",NA,"",NA
"427","SVE_0317200",0,0,0,0,0,0,0.063927728344454,0.134383119583342,0.244304464782547,0.30688637595798,0.163302351796443,0.0742829980034692,"SVE_scaffold0000023","Elongation factor 2 (inferred by orthology to a D. melanogaster protein)","T_Tr_GTP-bd_dom, P-loop_NTPase","GTP binding, GTPase activity","A0A0K0F2Z2","",NA,"",NA,"",NA,"",NA
"428","SVE_0317400",0,0.125909000392566,0,0,0.088125344646819,0.0860704393009031,0,0,0,0,0,0,"SVE_scaffold0000023","Alba domain-containing protein",NA,NA,"A0A0K0F2Z4","",NA,"",NA,"SPAL_0000877100",47.651,"",NA
"429","SVE_0317800",0,0.189822686446897,0,0.062770119038475,0.18603613530692,0.089869449607529,0,0.123258078665221,0,0,0,0.0666095043502364,"SVE_scaffold0000023","Histone domain-containing protein",NA,NA,"A0A0K0F2Z8","",NA,"",NA,"",NA,"",NA
"430","SVE_0317900",0.130122789701057,0.241753660561877,0.0324157098095826,0.0317649854290345,0.141639674317421,0,0.0322290869505332,0.0312661040425058,0,0.0372041811000891,0,0.0680460402564663,"SVE_scaffold0000023","Probable cation-transporting ATPase (inferred by orthology to a C. elegans protein)","ATPase_P-typ_cyto_dom_N","nucleotide binding","A0A0K0F2Z9","",NA,"",NA,"",NA,"",NA
"431","SVE_0318300",0,0,0,0,0,0,0,0,0,0,0,0,"SVE_scaffold0000023","",NA,NA,"A0A0K0F303","",NA,"",NA,"SPAL_0000713600",71.7391,"",NA
"432","SVE_0318400",0,0,0,0,0,0,0,0.128398029263089,0,0,0,0,"SVE_scaffold0000023","Spore coat protein",NA,NA,"A0A0K0F304","",NA,"",NA,"",NA,"",NA
"433","SVE_0318500",0,0,0,0,0,0,0,0,0,0,0,0,"SVE_scaffold0000023","",NA,NA,"A0A0K0F305","",NA,"",NA,"SPAL_0000713800",78.5714,"",NA
"434","SVE_0318600",0,0.0651067707931871,0,0,0,0,0,0,0.0774168480297056,0.0758487190802701,0.0725366358120701,0,"SVE_scaffold0000023","",NA,NA,"A0A0K0F306","",NA,"",NA,"SPAL_0000713700",68.8172,"",NA
"435","SVE_0319200",0,0,0,0,0,0,0.0654971394862201,0,0,0,0,0,"SVE_scaffold0000023","",NA,NA,"A0A0K0F311","",NA,"",NA,"SPAL_0001354100",66.6667,"",NA
"436","SVE_0319300",0.0666193264621404,0,0,0.0625870459942366,0,0,0.127700777421011,0.189162869263642,0,0,0,0.0723946011347519,"SVE_scaffold0000023","Ovule protein",NA,NA,"A0A0K0F312","",NA,"",NA,"",NA,"",NA
"437","SVE_0322800",0,0,0,0,0,0,0,0,0,0,0,0,"SVE_scaffold0000024","",NA,NA,"A0A0K0F346","",NA,"",NA,"SPAL_0001761200",41.6149,"",NA
"438","SVE_0322900",0.0879336900240977,0.191787867887599,0,0.059581518365409,0.182125649253714,0.178233212248405,0,0.0619969270075094,0,0.153014738093723,0,0,"SVE_scaffold0000024","",NA,NA,"A0A0K0F347","",NA,"",NA,"SPAL_0000836600",52.439,"",NA
"439","SVE_0323700",0,0,0,0,0,0,0.13099459525983,0,0,0,0,0,"SVE_scaffold0000024","Helitron_like_N domain-containing protein","Helitron_helicase-like",NA,"A0A0K0F354","",NA,"SRAE_0000082000 | WBGene00256580",16.2011,"SPAL_0000380700",6.70391,"",NA
"440","SVE_0323900",0,0,0,0,0,0,0,0,0,0,0,0,"SVE_scaffold0000024","",NA,NA,"A0A0K0F356","SSTP_0000328200",56.129,"",NA,"SPAL_0001202700",92.2581,"",NA
"441","SVE_0324200",0.0639023156737757,0.125750474730384,0,0,0.18312055535854,0.178619287832219,0,0,0,0.14554021588293,0,0,"SVE_scaffold0000024","Group-specific protein",NA,NA,"A0A0K0F359","",NA,"",NA,"",NA,"",NA
"442","SVE_0324400",0.0420750163193493,0.065308953662017,0.063268807141041,0.0615954259684908,0,0,0.190130119147719,0,0,0,0.0729543962547176,0,"SVE_scaffold0000024","","RNaseH-like_sf, RNaseH_sf","nucleic acid binding","A0A0K0F361","",NA,"",NA,"SPAL_0001113400",39.2157,"",NA
"443","SVE_0324600",0.0652490774194842,0.191850527574703,0.0608264887974065,0.178576314046464,0,0,0,0,0,0,0.226361067805792,0.074551452568654,"SVE_scaffold0000024","Peptidase A2 domain-containing protein","DNA/RNA_pol_sf",NA,"A0A0K0F363","",NA,"SRAE_0000050300 | WBGene00256247",0,"SPAL_0001319300",18.2796,"",NA
"444","SVE_0325000",0,0.138221614757239,0.152566047788589,0.122896608419545,0,0,0.065201297146647,0.197422425982439,0.0790574686002941,0,0,0.231527894350183,"SVE_scaffold0000024","Protein kinase domain-containing protein",NA,NA,"A0A0K0F367","",NA,"",NA,"SPAL_0001354100",77.2512,"",NA
"445","SVE_0327400",0.263999384818004,0.129357446267619,0,0,0,0,0.0637289870326926,0,0,0,0,0,"SVE_scaffold0000024","Sulfotransfer_1 domain-containing protein","Sulfotransferase, Chst-1","positive regulation of response to oxidative stress, chondroitin sulfate biosynthetic process, chondroitin 4-sulfotransferase activity, sulfotransferase activity, membrane","A0A0K0F391","SSTP_0000483000",23.4568,"",NA,"SPAL_0001242500",49.3827,"",NA
"446","SVE_0328200",0.13311434596195,0,0,0,0,0,0,0.188624316680368,0,0,0,0,"SVE_scaffold0000024","",NA,"membrane","A0A0K0F399","SSTP_0000322400",30.6122,"SRAE_0000045400 | WBGene00256198",13.2653,"",NA,"",NA
"447","SVE_0328300",0.0636417998994609,0.0624059395622755,0,0,0.442716412342255,0.346566339692322,0,0,0,0,0,0.0727834953369225,"SVE_scaffold0000024","G_PROTEIN_RECEP_F1_2 domain-containing protein",NA,"membrane","A0A0K0F3A0","SSTP_0000322300",38.0435,"",NA,"SPAL_0001254500",44.5652,"",NA
"448","SVE_0328500",0.128412142222532,0.0636107841890876,0,0.124062838120048,0.278326323158838,0.179804799822991,0,0.0614091709647507,0,0.0737034891840239,0,0,"SVE_scaffold0000024","BED-type domain-containing protein",NA,NA,"A0A0K0F3A2","",NA,"",NA,"",NA,"",NA
"449","SVE_0329000",0,0,0,0,0,0,0.0661662926358002,0.0643689038807522,0.154682429921137,0,0,0,"SVE_scaffold0000024","Conserved domain protein",NA,NA,"A0A0K0F3A7","",NA,"",NA,"SPAL_0000161050",46.9697,"",NA
"450","SVE_0330100",0.130855244495887,0.192336322984036,0,0,0,0,0.259386763166297,0,0,0,0,0,"SVE_scaffold0000024","Polynucleotide 5'-phosphatase",NA,NA,"A0A0K0F3B8","SSTP_0001151700",67.8481,"SRAE_1000014000 | WBGene00256734",66.076,"SPAL_0001723800",95.9494,"",NA
"451","SVE_0330600",0,0,0,0,0,0,0,0,0,0,0,0,"SVE_scaffold0000024","",NA,NA,"A0A0K0F3C3","SSTP_0001198400",73.913,"SRAE_1000021900 | WBGene00256813",72.4638,"SPAL_0001336900",82.6087,"",NA
"452","SVE_0333100",0.0655757700040644,0.064206254417209,0.244374224781745,0.179600032848566,0,0,0,0.126209172996338,0.0796458819720351,0.07793055683015,0.0763358758741033,0,"SVE_scaffold0000024","",NA,"membrane","A0A0K0F3E8","SSTP_0000817700",54.5872,"SRAE_1000114100 | WBGene00257744",57.3395,"SPAL_0001334500",91.7431,"",NA
"453","SVE_0333300",0.195846846705532,0.127841783479835,0,0,0,0,0.129964718692857,0.0638032818730967,0.0790702702912307,0,0,0,"SVE_scaffold0000024","Apple domain-containing protein","Pan_app",NA,"A0A0K0F3F0","SSTP_0000817900",72.0532,"SRAE_1000114300 | WBGene00257746",69.962,"SPAL_0001334300",89.5437,"",NA
"454","SVE_0333400",0,0.0637326469204027,0,0,0,0,0.162827252898447,0.127107126756603,0,0,0,0.0728080627152908,"SVE_scaffold0000024","SRCR domain-containing protein","Glyco_trans_14","glycosyltransferase activity, membrane, Golgi membrane, transferase activity","A0A0K0F3F1","SSTP_0000603900",59.1376,"",NA,"SPAL_0001333800",85.8316,"T14B4.9 | WBGene00020503",23.614
"455","SVE_0333700",0.3231884098624,0.063307630645757,0,0,0,0,0.129482472619984,0,0.0787131486188038,0.0769781792392275,0.0752568982965243,0,"SVE_scaffold0000024","glucuronosyltransferase","UDP_glucos_trans","UDP-glycosyltransferase activity, glycosyltransferase activity, glucuronosyltransferase activity, transferase activity, membrane","A0A0K0F3F4","SSTP_0000937000",57.3643,"SRAE_2000493400 | WBGene00265181",56.2015,"SPAL_0000052500",77.1318,"",NA
"456","SVE_0334300",0,0,0,0,0,0,0.130994401532439,0,0,0,0,0,"SVE_scaffold0000024","Glucuronosyltransferase",NA,NA,"A0A0K0F3G0","",NA,"",NA,"",NA,"ugt-49 | WBGene00007070",20.7692
"457","SVE_0337800",0.0816733996989407,0.0771000309153918,0,0,0,0,0,0.0632462699416026,0,0.0298251282361787,0,0,"SVE_scaffold0000024","",NA,NA,"A0A0K0F3J4","",NA,"",NA,"SPAL_0001219800",41.9355,"",NA
"458","SVE_0338000",0,0,0,0,0,0,0,0,0,0,0,0,"SVE_scaffold0000024","",NA,NA,"A0A0K0F3J6","",NA,"",NA,"",NA,"",NA
"459","SVE_0339000",0,0.0772153195982472,0.0740032054619748,0,0,0,0.0673403172707963,0.1429833601529,0,0.189472229293377,0,0.0812366136441631,"SVE_scaffold0000025","ZP domain-containing protein",NA,NA,"A0A0K0F3K6","",NA,"",NA,"SPAL_0001761300",47.2222,"",NA
"460","SVE_0339100",0,0,0,0,0,0,0,0.0641988214329205,0,0,0,0,"SVE_scaffold0000025","Secreted protein",NA,NA,"A0A0K0F3K7","",NA,"",NA,"SPAL_0000838500",42.6471,"",NA
"461","SVE_0339200",0,0,0,0,0,0.0924671757390564,0.0639883563563396,0.125753055500286,0,0.0306059295039219,0.0775969551121696,0,"SVE_scaffold0000025","",NA,NA,"A0A0K0F3K8","",NA,"",NA,"",NA,"",NA
"462","SVE_0339300",0.161409213427669,0,0,0,0.226572615825327,2.94971052068247e-07,0.0636025441819048,0.0626597095405921,0,0.0772382073458717,0,0,"SVE_scaffold0000025","",NA,NA,"A0A0K0F3K9","",NA,"",NA,"SPAL_0000838500",29.0043,"",NA
"463","SVE_0339900",0.267737264586736,0.0765683918108625,0,0.0875386087365884,0.195989466035556,0,0,0,0,0,0,0,"SVE_scaffold0000025","Protein-tyrosine phosphatase, receptor/non-receptor type domain and Protein-tyrosine/Dual specificity phosphatase domain and Protein-tyrosine phosphatase, catalytic domain-containing protein","PTP_cat, Tyr_Pase_dom, Tyr_Pase_cat, Tyr_Pase_AS, Prot-tyrosine_phosphatase-like","dephosphorylation, protein dephosphorylation, protein tyrosine phosphatase activity, phosphatase activity","A0A0K0F3L5","SSTP_0000409200",42.8894,"SRAE_X000240400 | WBGene00267990",22.7991,"",NA,"Y48G1C.5 | WBGene00021678",13.3183
"464","SVE_0340300",0.131531376680944,0.128844280562638,0,0,0,0,0.063676590320963,0,0,0.23205858149799,0,0,"SVE_scaffold0000025","",NA,NA,"A0A0K0F3L9","",NA,"",NA,"",NA,"",NA
"465","SVE_0340700",0,0,0,0.0602870656107568,0,0.0883064822173941,0,0,0,0,0,0,"SVE_scaffold0000025","",NA,NA,"A0A0K0F3M3","SSTP_0001110900",71.7647,"SRAE_2000476800 | WBGene00265010",77.6471,"SPAL_0000800200",96.4706,"",NA
"466","SVE_0342200",0,0,0,0,0,0,0.125926390696776,0.0620340704329439,0,0.0764822459223936,0.22501463160184,0.0743465371923479,"SVE_scaffold0000025","Fam-a protein",NA,"membrane","A0A0K0F3N8","",NA,"",NA,"",NA,"",NA
"467","SVE_0342300",0,0.0652570148527975,0,0,0,0,0,0.0626885109716119,0,0,0,0,"SVE_scaffold0000025","Cold and drought-regulated protein CORA-like",NA,NA,"A0A0K0F3N9","",NA,"",NA,"",NA,"",NA
"468","SVE_0342400",0,0.065476306573141,0.0644508156656177,0,0,0,0.127828758468977,0.0632168079034253,0,0,0,0,"SVE_scaffold0000025","",NA,"membrane","A0A0K0F3P0","",NA,"",NA,"",NA,"",NA
"469","SVE_0342500",0,0,0,0,0.0911764823975416,0,0.251216995880591,0.123833523979444,0,0.0763547149624034,0,0.0744543604185655,"SVE_scaffold0000025","GATA zinc finger domain-containing protein 14-like",NA,NA,"A0A0K0F3P1","",NA,"",NA,"",NA,"",NA
"470","SVE_0342600",0,0.129341366498041,0,0.0621084816662982,0,0.0920805780185126,0.0631205100414552,0.0624607028480411,0.0768983071356773,0,0,0.0711284678837254,"SVE_scaffold0000025","Transmembrane protein",NA,NA,"A0A0K0F3P2","",NA,"",NA,"",NA,"",NA
"471","SVE_0343500",0,0,0,0,0,0,0,0,0,0,0,0,"SVE_scaffold0000025","Glycosyltransferase family 92 protein","Glyco_transf_92","glycosyltransferase activity, transferase activity, membrane","A0A0K0F3Q1","SSTP_0000537700",61.5561,"SRAE_2000459800 | WBGene00264830",63.6156,"SPAL_0001300900",86.7277,"",NA
"472","SVE_0343600",0,0.0633942689389444,0,0,0,0,0,0.0631776654583084,0.078500029451105,0.0767990428959873,0,0.0725155130350749,"SVE_scaffold0000025","Glycosyltransferase family 92 protein","Glyco_transf_92","glycosyltransferase activity, transferase activity, membrane","A0A0K0F3Q2","SSTP_0000537600",58.1545,"SRAE_2000459700 | WBGene00264829",51.073,"SPAL_0001301000",83.9056,"",NA
"473","SVE_0343700",0,0.0637156723925629,0,0,0,0,0,0,0,0,0,0,"SVE_scaffold0000025","HNH endonuclease",NA,NA,"A0A0K0F3Q3","",NA,"",NA,"",NA,"",NA
"474","SVE_0343800",0,0.126479168095885,0,0,0,0,0,0.0623218262833838,0,0,0.150376757916459,0,"SVE_scaffold0000025","Serpentine receptor class gamma",NA,"membrane","A0A0K0F3Q4","",NA,"",NA,"SPAL_0001301050",89.5833,"",NA
"475","SVE_0343900",0,0.0422217779149955,0,0,0,0,0,0,0,0.138713841472491,0,0.039347714803806,"SVE_scaffold0000025","Integrase catalytic domain-containing protein","Integrase_cat-core, RNaseH-like_sf, RNaseH_sf","DNA integration, nucleic acid binding","A0A0K0F3Q5","",NA,"",NA,"SPAL_0000210400",87.3874,"",NA
"476","SVE_0344400",0,0.0751498604356359,0,0,0,0,0,0.0621534186711665,0,0.15356102121481,0,0.0740966064600011,"SVE_scaffold0000025","",NA,NA,"A0A0K0F3R0","",NA,"",NA,"SPAL_0001301600",63.2558,"",NA
"477","SVE_0345700",0,0,0,0,0,0,0,0.128397584590637,0,0,0,0,"SVE_scaffold0000025","Fam-c protein",NA,NA,"A0A0K0F3S3","",NA,"",NA,"SPAL_0001302800",57.0447,"",NA
"478","SVE_0346200",0.064890122718531,0.126979065999108,0,0,0,0,0.0633337950635083,0,0,0,0.151073382970312,0,"SVE_scaffold0000025","FoP_duplication domain-containing protein",NA,NA,"A0A0K0F3S8","",NA,"",NA,"SPAL_0001320000",38.4977,"",NA
"479","SVE_0346300",0,0,0,0,0,0,0,0.128397745388654,0,0,0,0,"SVE_scaffold0000025","",NA,NA,"A0A0K0F3S9","",NA,"",NA,"",NA,"",NA
"480","SVE_0346400",0,0,0,0,0,0,0.0654972347546782,0,0,0,0,0,"SVE_scaffold0000025","Zgc:",NA,NA,"A0A0K0F3T0","",NA,"",NA,"SPAL_0001320000",46.875,"",NA
"481","SVE_0352200",0.131574764722226,0.0643979771068477,0.0614979413301257,0,0,0,0.0633995656732285,0,0.157466159848303,0,0.075576119767506,0,"SVE_scaffold0000025","7TM_GPCR_Srx domain-containing protein","7TM_GPCR_serpentine_rcpt_Srx","membrane","A0A0K0F3Y7","SSTP_0000646100",48.7342,"SRAE_2000520750 | WBGene00265465",47.4684,"SPAL_0000596150",65.8228,"",NA
"482","SVE_0352300",0,0.0634568431268705,0,0.059403593281777,0.088787828895971,0.0867256106785222,0.0637691749305415,0.125438257032042,0,0,0.0752981755108668,0.147792694160938,"SVE_scaffold0000025","EGF-like domain-containing protein","EGF-like_dom","membrane","A0A0K0F3Y8","SSTP_0000646000",41,"SRAE_2000520700 | WBGene00265464",41,"SPAL_0000596100",49.3333,"",NA
"483","SVE_0354200",0.328820910823713,0.451093323722748,0,0,0,0,0,0.0629161690644825,0,0,0,0,"SVE_scaffold0000025","Sulfotransferase 6B1 (inferred by orthology to a human protein)","Sulfotransferase_dom, P-loop_NTPase","sulfotransferase activity","A0A0K0F407","",NA,"SRAE_2000472100 | WBGene00264960",62.1762,"",NA,"",NA
"484","SVE_0354700",0,0.0628528791441632,0,0,0,0,0.126523152247595,0,0,0.0764637782829936,0.0744007498324028,0.0730419069644156,"SVE_scaffold0000025","","Sulfotransferase, Chst-1","positive regulation of response to oxidative stress, chondroitin sulfate biosynthetic process, chondroitin 4-sulfotransferase activity, sulfotransferase activity, membrane","A0A0K0F412","SSTP_0000956300",60.6811,"SRAE_2000473500 | WBGene00264974",57.5851,"SPAL_0000593900",91.0217,"K07H8.8 | WBGene00019508",18.8854
"485","SVE_0354800",0.130229538995956,0.127549236036703,0,0,0.088508316946882,0,0,0.127117168048842,0,0,0,0,"SVE_scaffold0000025","Glycosyltransferase family 92 protein","Glyco_transf_92","glycosyltransferase activity, transferase activity, membrane","A0A0K0F413","SSTP_0000956200",70.4497,"SRAE_2000473600 | WBGene00264975",72.1627,"SPAL_0000593800",91.6488,"",NA
"486","SVE_0355200",0.198912823932552,0.130796920685586,0,0,0,0,0.127378571209304,0,0.0775339853486152,0.0763618905728104,0,0,"SVE_scaffold0000025","FXYD domain-containing ion transport regulator",NA,"membrane","A0A0K0F417","SSTP_0000955900",33.945,"SRAE_2000474000 | WBGene00264979",43.1193,"SPAL_0001267200",41.2844,"",NA
"487","SVE_0356300",0,0,0.0645174441322431,0.0628300154828767,0,0,0.0639802940357737,0,0,0,0,0,"SVE_scaffold0000026","SCP domain-containing protein",NA,NA,"A0A0K0F428","",NA,"",NA,"SPAL_0001777400",31.9149,"",NA
"488","SVE_0356400",0,0,0,0,0,0,0.128411503645705,0,0.099902963461063,0.0767193472831759,0.0737960891701444,0,"SVE_scaffold0000026","Integrase catalytic domain-containing protein","Integrase_cat-core, RNaseH-like_sf, RNaseH_sf, Integrase_H2C2","DNA integration, nucleic acid binding","A0A0K0F429","",NA,"",NA,"",NA,"",NA
"489","SVE_0356600",0,0,0,0,0,0,0.141169923347511,0,0,0,0,0,"SVE_scaffold0000026","",NA,NA,NA,"",NA,"",NA,"",NA,"",NA
"490","SVE_0356800",0.130256727796127,0.129037065924675,0.0651301495015715,0.127611284048429,0,0,0.129002840735492,0,0,0,0,0.0681655951408569,"SVE_scaffold0000026","EF-hand domain-containing protein",NA,NA,"A0A0K0F432","",NA,"",NA,"SPAL_0000528600",88.1579,"",NA
"491","SVE_0357400",0,0,0,0.0606893527526423,0,0,0.0636350403314692,0,0,0,0,0.0752141893280149,"SVE_scaffold0000026","Helix-loop-helix protein 13 (inferred by orthology to a C. elegans protein)","bHLH_dom, HLH_DNA-bd_sf","protein dimerization activity","A0A0K0F438","SSTP_0000060400",85.2113,"SRAE_X000202300 | WBGene00267601",85.9155,"SPAL_0001306600",91.5493,"hlh-13 | WBGene00001957",51.4085
"492","SVE_0357700",0,0,0,0,0.0935311470366818,0.0903651614938143,0,0,0,0.072998387722666,0.0676401282378407,0,"SVE_scaffold0000026","Secreted protein",NA,NA,"A0A0K0F441","SSTP_0000854600",58.6667,"SRAE_X000202600 | WBGene00267604",61.3333,"SPAL_0001306900",94.6667,"",NA
"493","SVE_0358300",0,0,0.0617645750591472,0,0,0,0.0640789396526717,0,0,0,0.0762930072002241,0,"SVE_scaffold0000026","Transmembrane protein",NA,"membrane","A0A0K0F447","SSTP_0000853700",85.5491,"SRAE_X000203200 | WBGene00267610",86.1272,"SPAL_0001307500",93.0636,"",NA
"494","SVE_0360400",0.194652427823447,0.0635999441123593,0,0.0596616106478239,0.0888906884926852,0,0.0640177197773779,0,0.237411016432572,0.077401029812481,0.0753142954980742,0,"SVE_scaffold0000026","Serpentine receptor class gamma","7TM_GPCR_serpentine_rcpt_Srg, GPCR_Rhodpsn_7TM","sensory perception of chemical stimulus, transmembrane signaling receptor activity, membrane","A0A0K0F468","SSTP_0000498700",39.185,"SRAE_X000094550 | WBGene00266508",37.6176,"SPAL_0001309500",80.2508,"",NA
"495","SVE_0366100",0,0.0638707605884624,0,0,0,0.174326849946171,0.192844977959403,0.0632252691422301,0,0.233116853527109,0,0,"SVE_scaffold0000026","7TM_GPCR_Srx domain-containing protein",NA,"membrane","A0A0K0F4C5","SSTP_0001065400",52.3364,"",NA,"",NA,"",NA
"496","SVE_0366300",0,0,0,0,0,0,0.0634557244042313,0.124814733748334,0,0,0.0747147424981193,0.0733533587813247,"SVE_scaffold0000026","7TM_GPCR_Srx domain-containing protein",NA,"membrane","A0A0K0F4C7","SSTP_0001288500 | SSTP_0001288500",64.9682,"",NA,"",NA,"",NA
"497","SVE_0366400",0.194822498341345,0.254423055376515,0,0,0.0882857528532128,0.0862313861867544,0.193596398896389,0,0,0.0770608254249527,0,0,"SVE_scaffold0000026","6-cysteine protein",NA,"membrane","A0A0K0F4C8","SSTP_0001066600",36.5801,"SRAE_1000314200 | WBGene00259759",38.3117,"SPAL_0001269400",66.8831,"",NA
"498","SVE_0366600",0,0,0,0.0599502645617177,0.267885807960958,0.0872402274769624,0,0.0632641660783902,0,0.0777702895454446,0,0,"SVE_scaffold0000026","7TM_GPCR_Srx domain-containing protein",NA,"membrane","A0A0K0F4D0","SSTP_0001066500",48.4375,"SRAE_1000314100 | WBGene00259758",52.5,"",NA,"",NA
"499","SVE_0366700",0,0.0641401725685622,0,0,0,0,0.260258513002387,0,0,0,0,0,"SVE_scaffold0000026","F-box domain-containing protein",NA,NA,"A0A0K0F4D1","SSTP_0001066400",67.0306,"SRAE_1000314000 | WBGene00259757",67.9039,"SPAL_0001269500",96.9432,"",NA
"500","SVE_0367600",0,0,0,0,0,0,0.0633828932602865,0,0,0,0,0.0736161010159872,"SVE_scaffold0000027","",NA,NA,"A0A0K0F4E0","",NA,"",NA,"SPAL_0001677000",35.0427,"",NA
"501","SVE_0368100",0.0650838382725937,0,0,0,0,0,0.12996479454537,0.191305183417103,0,0.0769571284352784,0,0.0721513122806181,"SVE_scaffold0000027","Reverse transcriptase domain-containing protein","RT_dom, Peptidase_aspartic_DDI1-type, Peptidase_aspartic_dom_sf, RT_RNaseH_2, Rev_trsase/Diguanyl_cyclase, DNA/RNA_pol_sf","aspartic-type endopeptidase activity, proteolysis","A0A0K0F4E5","",NA,"",NA,"SPAL_0000136100",87.7072,"",NA
"502","SVE_0368300",0,0,0,0,0,0,0,0,0,0,0,0,"SVE_scaffold0000027","",NA,NA,"A0A0K0F4E7","",NA,"",NA,"SPAL_0000696500",85.5072,"",NA
"503","SVE_0368400",0,0,0,0,0,0,0,0,0,0,0,0,"SVE_scaffold0000027","",NA,NA,"A0A0K0F4E8","",NA,"",NA,"SPAL_0001185125",46,"",NA
"504","SVE_0368600",0.130158370745788,0.0636869786566796,0.0606110120242265,0.0593715030302758,0.0898633279205764,0,0,0.062629476763162,0.0790552040076889,0,0.298027104927146,0.0745966403899113,"SVE_scaffold0000027","DUF4806 domain-containing protein",NA,NA,"A0A0K0F4F0","SSTP_0000328400",37.5566,"",NA,"",NA,"",NA
"505","SVE_0368700",0,0,0,0,0,0,0.252559251668894,0.124391597865958,0.078376527050806,0.306563626224847,0.0749371248061767,0.14735005993462,"SVE_scaffold0000027","",NA,NA,"A0A0K0F4F1","SSTP_0000328200",54.8872,"",NA,"SPAL_0001202700",70.3008,"",NA
"506","SVE_0368800",0,0,0.124089328749246,0.0670376494222161,0.0952267618110277,0.0938707446113234,0.129901680327524,0.127681590520269,0,0.156289781943748,0,0,"SVE_scaffold0000027","Metalloendopeptidase","Peptidase_M12A, Peptidase_Metallo, MetalloPept_cat_dom_sf, Sperma_CUB_dom_sf","metalloendopeptidase activity, metallopeptidase activity, proteolysis, zinc ion binding, peptidase activity, hydrolase activity, metal ion binding","A0A0K0F4F2","SSTP_0000829500",45.3297,"SRAE_X000146000 | WBGene00267031",43.4066,"SPAL_0001232500",55.7692,"",NA
"507","SVE_0369100",0,0,0,0,0,0,0.000550481042922828,0,0,0,0,0,"SVE_scaffold0000027","",NA,NA,"A0A0K0F4F4","",NA,"",NA,"",NA,"",NA
"508","SVE_0369300",0.0661764002605124,0,0,0,0,0,0,0,0.077159011367583,0,0,0,"SVE_scaffold0000027","Probable cation-transporting ATPase (inferred by orthology to a C. elegans protein)","HAD_sf",NA,"A0A0K0F4F6","",NA,"",NA,"",NA,"catp-8 | WBGene00007514",60.9524
"509","SVE_0369400",0,0.064241577747913,0,0,0,0,0.0636978937850313,0,0.0790600989216809,0.105199378266131,0,0,"SVE_scaffold0000027","PARP",NA,NA,"A0A0K0F4F7","",NA,"",NA,"",NA,"",NA
"510","SVE_0369500",0,0,0,0,0,0,0,0,0,0,0,0,"SVE_scaffold0000027","",NA,NA,"A0A0K0F4F8","",NA,"",NA,"",NA,"",NA
"511","SVE_0369600",0,0,0,0,0,0,0,0.187640897957206,0.077849344030424,0.229641131518529,0,0.0737414202110255,"SVE_scaffold0000027","Secreted protein",NA,NA,"A0A0K0F4F9","",NA,"",NA,"SPAL_0001478400",57.0093,"",NA
"512","SVE_0369700",0,0,0,0,0,0,0.193327275187313,0.252518867811866,0,0.0771486546460477,0.0744427275580104,0,"SVE_scaffold0000027","",NA,NA,"A0A0K0F4G0","",NA,"",NA,"SPAL_0001249400",51.4286,"",NA
"513","SVE_0369900",0,0,0,0,0,0,0,0,0,0,0,0,"SVE_scaffold0000027","",NA,NA,"A0A0K0F4G2","",NA,"",NA,"SPAL_0001685000",65.625,"",NA
"514","SVE_0370100",0,0,0,0,0.276761075043497,0,0,0.121997156289167,0,0,0,0,"SVE_scaffold0000027","Secreted protein",NA,NA,"A0A0K0F4G4","",NA,"",NA,"SPAL_0001249400",51.4286,"",NA
"515","SVE_0371000",0,0,0,0.301284964224364,0.092021449389507,0,0,0.125268118558366,0.0790059820095489,0,0,0,"SVE_scaffold0000027","",NA,NA,"A0A0K0F4H3","",NA,"",NA,"SPAL_0001559033",52.1472,"",NA
"516","SVE_0371800",0,0,0,0,0,0,0.129768331710592,0.127887582197046,0,0,0.218125539711877,0.0719063500197991,"SVE_scaffold0000027","COX assembly mitochondrial protein",NA,NA,"A0A0K0F4I1","",NA,"",NA,"SPAL_0000449700",57.3034,"",NA
"517","SVE_0372000",0.0657506496415354,0.0646939413062379,0,0,0,0,0,0,0,0,0.0707167293240027,0,"SVE_scaffold0000027","Transposase",NA,NA,"A0A0K0F4I3","",NA,"",NA,"",NA,"",NA
"518","SVE_0372800",0.0649849581018722,0.127226330316409,0,0,0,0,0.259140866588718,0,0,0,0.0735618710969798,0,"SVE_scaffold0000027","","MLT-10-like",NA,"A0A0K0F4J1","SSTP_0000386400",54.9505,"SRAE_0000027500 | WBGene00256017",51.8152,"SPAL_0001560000",80.198,"",NA
"519","SVE_0373300",0,0,0,0.0641705309822152,0,0.362183221965594,0.0641496781083839,0.0937960200303789,0,0.0368820261989007,0,0,"SVE_scaffold0000027","",NA,NA,"A0A0K0F4J6","",NA,"",NA,"",NA,"",NA
"520","SVE_0373800",0.12765373838313,0,0,0,0,0,0.0648376249200642,0.127729007023335,0,0,0,0,"SVE_scaffold0000027","Atrial natriuretic peptide receptor 1 (inferred by orthology to a human protein)","A/G_cyclase, A/G_cyclase_CS, Nucleotide_cyclase","phosphorus-oxygen lyase activity, cyclic nucleotide biosynthetic process, intracellular signal transduction, lyase activity","A0A0K0F4K0","",NA,"",NA,"SPAL_0001720100",90.2041,"",NA
"521","SVE_0375600",0.0643996209807929,0.06305670867947,0,0,0,0.0874834306594912,0,0,0,0,0,0,"SVE_scaffold0000027","COesterase domain-containing protein",NA,NA,"A0A0K0F4L7","",NA,"",NA,"SPAL_0001718000",91.133,"",NA
"522","SVE_0375700",0.0659293949965778,0.129110906015672,0.184366680199546,0.0601377726429081,0,0.0895010484877412,0,0,0,0,0,0,"SVE_scaffold0000027","Lipocalin-like domain-containing protein",NA,NA,"A0A0K0F4L8","SSTP_0000939000",67.3077,"SRAE_2000495300 | WBGene00265200",67.7885,"SPAL_0001717900",91.8269,"",NA
"523","SVE_0375800",0,0,0,0,0,0,0,0,0,0,0,0,"SVE_scaffold0000027","DUF3485 domain-containing protein",NA,NA,"A0A0K0F4L9","SSTP_0000938900",66.8269,"SRAE_2000495200 | WBGene00265199",70.1923,"SPAL_0001717800",89.4231,"",NA
"524","SVE_0375900",0,0,0,0,0.0876158197406013,0,0,0,0,0,0,0,"SVE_scaffold0000027","Lipoprotein",NA,NA,"A0A0K0F4M0","SSTP_0000938800",76.8116,"SRAE_2000495100 | WBGene00265198",83.5749,"SPAL_0001717700",92.7536,"",NA
"525","SVE_0376000",0,0,0.12718882924021,0.124518196599947,0,0,0,0,0,0,0,0,"SVE_scaffold0000027","Lipoprotein",NA,NA,"A0A0K0F4M1","SSTP_0000938700",73.9496,"SRAE_2000495000 | WBGene00265197",80.2521,"SPAL_0001717600",95.3782,"",NA
"526","SVE_0377100",0,0.063224831442713,0,0,0,0,0,0.0623358510432223,0,0,0.150377946059075,0,"SVE_scaffold0000027","",NA,"membrane","A0A0K0F4N2","SSTP_0000938200",68.1633,"SRAE_2000494500 | WBGene00265192",69.7959,"SPAL_0001716600",84.4898,"",NA
"527","SVE_0377200",0.325333352916949,0.318900126011222,0,0,0,0.087006716575719,0,0.126328480848833,0,0,0,0,"SVE_scaffold0000027","G_PROTEIN_RECEP_F1_2 domain-containing protein",NA,"membrane","A0A0K0F4N3","SSTP_0000938100 | SSTP_0000938100",45.2308,"",NA,"",NA,"",NA
"528","SVE_0379600",0.0647521988518356,0.12684316012752,0,0,0.264096318772905,0,0,0.126389889123557,0.0785417194098286,0,0.0738712111159682,0,"SVE_scaffold0000027","Sulfatase domain-containing protein","Sulfatase_N, Alkaline_phosphatase_core_sf, ARSB","sulfuric ester hydrolase activity","A0A0K0F4Q7","SSTP_0000354200",77.8742,"SRAE_2000430700 | WBGene00264537",83.2972,"SPAL_0000507600",96.5293,"sul-3 | WBGene00006310",58.3514
"529","SVE_0381200",0,0,0,0,0.184197079405198,0.268156656838662,0.125356396775373,0.0611597245195411,0,0,0,0,"SVE_scaffold0000027","Exonuclease domain-containing protein",NA,NA,"A0A0K0F4S2","",NA,"",NA,"",NA,"",NA
"530","SVE_0381700",0,0,0,0,0,0,0,0,0,0,0.0362116736054466,0,"SVE_scaffold0000028","CAP domain-containing protein (inferred by orthology to a human protein)","CRISP-related, CAP_domain, SCP_GAPR1-like, CAP_sf",NA,"A0A0K0F4S7","SSTP_0000513100",37.5,"",NA,"SPAL_0000606700",72.5,"scl-12 | WBGene00019178",19.5
"531","SVE_0381900",0,0,0,0,0.268587397030831,0.175179495794863,0.18785159596585,0,0,0,0,0,"SVE_scaffold0000028","CCHC-type domain-containing protein","Znf_CCHC_sf","nucleic acid binding, zinc ion binding","A0A0K0F4S9","",NA,"",NA,"SPAL_0000621975",24.8677,"",NA
"532","SVE_0382000",0,0,0,0,0,0,0,0,0,0,0,0,"SVE_scaffold0000028","40S ribosomal protein S15",NA,NA,"A0A0K0F4T0","",NA,"",NA,"",NA,"",NA
"533","SVE_0382300",0,0,0,0,0,0,0,0,0,0,0,0.0730473225022024,"SVE_scaffold0000028","Helicase C-terminal domain-containing protein","Helicase_C, P-loop_NTPase",NA,"A0A0K0F4T3","",NA,"",NA,"",NA,"",NA
"534","SVE_0382600",0,0.129250020526235,0,0,0,0,0,0.175579375625486,0.0790752546379205,0,0,0,"SVE_scaffold0000028","RES domain-containing protein",NA,NA,"A0A0K0F4T6","",NA,"",NA,"",NA,"",NA
"535","SVE_0382700",0,0,0,0,0,0,0,0.0627664121493473,0,0,0,0.0728588875673992,"SVE_scaffold0000028","Hemagglutinin",NA,NA,"A0A0K0F4T7","",NA,"",NA,"",NA,"",NA
"536","SVE_0391400",0,0,0,0,0.182406664698523,0.175177443353897,0,0,0.220639127253569,0,0,0,"SVE_scaffold0000028","Ovule protein",NA,"membrane","A0A0K0F524","",NA,"",NA,"SPAL_0000210800",52.1127,"",NA
"537","SVE_0391500",0,0,0,0,0,0.176700910983395,0.0619577390886854,0,0,0,0,0.0729394441826619,"SVE_scaffold0000028","","HMGI/Y_DNA-bd_CS, AT_hook_DNA-bd_motif","regulation of transcription, DNA-templated, DNA binding, intracellular membrane-bounded organelle, nucleus","A0A0K0F525","",NA,"",NA,"SPAL_0000921000",53.3835,"",NA
"538","SVE_0391600",0.0652078823386129,0.0638385685222233,0,0,0,0.0890569448843209,0.0627937443506317,0,0,0,0,0,"SVE_scaffold0000028","Integrase catalytic domain-containing protein","Integrase_cat-core, RNaseH-like_sf, RNaseH_sf","DNA integration, nucleic acid binding","A0A0K0F526","",NA,"",NA,"SPAL_0001770600",0,"",NA
"539","SVE_0391900",0,0,0,0,0,0,0.125587476991921,0,0.0778361152937459,0.0761490923447001,0.149002483984712,0.146540071017951,"SVE_scaffold0000028","RT_RNaseH_2 domain-containing protein","RT_RNaseH_2, DNA/RNA_pol_sf",NA,"A0A0K0F529","SSTP_0000456200",23.8095,"",NA,"",NA,"",NA
"540","SVE_0392000",0,0,0,0,0,0,0,0.122618118930005,0.0774983329988421,0,0.148771136686452,0.0734496107585492,"SVE_scaffold0000028","Recep_L_domain domain-containing protein","Rev_trsase/Diguanyl_cyclase, DNA/RNA_pol_sf",NA,"A0A0K0F530","SSTP_0000701666",21.0256,"",NA,"",NA,"",NA
"541","SVE_0392100",0,0,0,0,0,0,0,0.064198999994436,0,0,0,0,"SVE_scaffold0000028","CCHC-type domain-containing protein","Znf_CCHC, Znf_CCHC_sf","nucleic acid binding, zinc ion binding, enzyme binding, cytoplasm","A0A0K0F531","",NA,"",NA,"",NA,"",NA
"542","SVE_0392200",0,0,0,0,0,0,0.0654970105335497,0,0,0,0,0,"SVE_scaffold0000028","",NA,NA,"A0A0K0F532","",NA,"",NA,"",NA,"",NA
"543","SVE_0392300",0,0,0,0,0.185648963175812,0.090777465436788,0.0851916769336713,0,0.075485118675733,0,0,0.00702730445740426,"SVE_scaffold0000028","",NA,NA,"A0A0K0F533","",NA,"",NA,"",NA,"",NA
"544","SVE_0392400",0,0,0,0,0,0,0,0.0631420634929019,0,0.0779934912134682,0,0,"SVE_scaffold0000028","DUF223 domain-containing protein",NA,NA,"A0A0K0F534","SSTP_0000064600",38.6473,"",NA,"",NA,"",NA
"545","SVE_0392500",0,0.0636994115012938,0,0,0,0,0.0641360322612686,0,0.158473720252767,0.0774719254607538,0,0,"SVE_scaffold0000028","G_PROTEIN_RECEP_F1_2 domain-containing protein","GPCR_Rhodpsn_7TM, 7TM_GPCR_serpentine_rcpt_Srv","membrane","A0A0K0F535","SSTP_0001168200",52.5994,"SRAE_1000020400 | WBGene00256798",53.211,"SPAL_0001100400",67.8899,"",NA
"546","SVE_0392600",0.0661976170802713,0,0,0,0,0,0,0.063214306383948,0,0,0,0,"SVE_scaffold0000028","Integrase catalytic domain-containing protein","Integrase_cat-core, RNaseH-like_sf, RNaseH_sf","DNA integration, nucleic acid binding","A0A0K0F536","",NA,"",NA,"",NA,"",NA
"547","SVE_0392700",0.0657210144656711,0,0,0,0,0,0.0639840687783879,0,0,0.0778814029304529,0,0,"SVE_scaffold0000028","Integrase_H2C2 domain-containing protein","Integrase_H2C2",NA,"A0A0K0F537","",NA,"",NA,"",NA,"",NA
"548","SVE_0392800",0,0.0648546900813088,0,0,0,0,0.0635771923226264,0.0624396205256204,0,0,0.0754111569968188,0,"SVE_scaffold0000028","","7TM_GPCR_serpentine_rcpt_Srv","membrane","A0A0K0F538","SSTP_0000114333",31.3433,"SRAE_2000471200 | WBGene00264950",31.3433,"",NA,"",NA
"549","SVE_0394500",0.0650223360576333,0.127519592669381,0,0,0,0,0,0.0620289658783171,0,0,0.0751179624262011,0,"SVE_scaffold0000028","",NA,NA,"A0A0K0F555","",NA,"",NA,"SPAL_0001730600",67.9348,"",NA
"550","SVE_0394600",0.131491269878296,0.0645006649264775,0,0,0,0.0922457509165347,0.0633759739571683,0.0624576014113898,0,0,0.142036971344841,0.0702350935302651,"SVE_scaffold0000028","DDE_3 domain-containing protein","RNaseH_sf","nucleic acid binding","A0A0K0F556","",NA,"",NA,"SPAL_0000712333",43.8202,"",NA
"551","SVE_0394700",0,0,0,0,0,0,0,0.123491662754453,0.155503319221866,0,0.0742219776058347,0.145675173161551,"SVE_scaffold0000028","","DUF273, Nucleotide-diphossugar_trans",NA,"A0A0K0F557","",NA,"",NA,"SPAL_0001139800",23.7113,"",NA
"552","SVE_0394800",0.130724864371428,0.0642572474369353,0.127193240587192,0.124294820526613,0,0.0912012179266096,0.0631122988906769,0.124031384412387,0,0,0,0,"SVE_scaffold0000028","Transposase","Transposase_1, RNaseH_sf","nucleic acid binding","A0A0K0F558","",NA,"",NA,"",NA,"",NA
"553","SVE_0395300",0,0,0,0,0,0,0,0,0,0,0,0,"SVE_scaffold0000028","ATP-dependent DNA helicase","DNA_helicase_pif1-like, P-loop_NTPase","telomere maintenance, DNA helicase activity, DNA repair, cellular response to DNA damage stimulus, DNA recombination, helicase activity, ATP hydrolysis activity, DNA duplex unwinding, hydrolase activity, ATP binding, nucleotide binding","A0A0K0F563","",NA,"",NA,"",NA,"",NA
"554","SVE_0395400",0,0.127550679866242,0,0,0.0882983720756624,0,0.0696420871047093,0,0,0,0,0,"SVE_scaffold0000028","ATP-dependent DNA helicase","DNA_helicase_pif1-like, Helitron_helicase-like, P-loop_NTPase","telomere maintenance, DNA helicase activity, DNA repair, cellular response to DNA damage stimulus, DNA recombination, helicase activity, ATP hydrolysis activity, DNA duplex unwinding, hydrolase activity, ATP binding, nucleotide binding","A0A0K0F564","SSTP_0000874500",9.47547,"",NA,"",NA,"",NA
"555","SVE_0395500",0,0,0,0,0,0,0,0,0,0.014640702867233,0,0,"SVE_scaffold0000028","Glutamic acid-rich protein-like",NA,NA,"A0A0K0F565","",NA,"",NA,"",NA,"",NA
"556","SVE_0395600",0,0,0,0,0,0,0,0,0,0,0,0,"SVE_scaffold0000028","",NA,NA,"A0A0K0F566","",NA,"",NA,"SPAL_0001294700",54.2857,"",NA
"557","SVE_0395700",0.0659581984321361,0.129303122469693,0,0,0,0,0.0634915431949894,0,0.0784400625745391,0.153964085025641,0,0,"SVE_scaffold0000028","",NA,NA,"A0A0K0F567","",NA,"",NA,"",NA,"",NA
"558","SVE_0395800",0,0.0641560258703732,0,0,0,0,0.0636130659430063,0.0625224028029356,0,0,0,0.074836457562987,"SVE_scaffold0000028","DZF domain-containing protein",NA,NA,"A0A0K0F568","",NA,"",NA,"SPAL_0001612300",27.8075,"",NA
"559","SVE_0396100",0.321139467292929,0,0.122085607754255,0.239025383051755,0.0913800443958621,0,0,0.0618751905596088,0,0,0.0748968554631308,0.0744621540843883,"SVE_scaffold0000001","Zn_Tnp_IS1595 domain-containing protein",NA,NA,"A0A0K0F571","SSTP_0000064600",46.1039,"",NA,"",NA,"",NA
"560","SVE_0396200",0.126734158590025,0,0,0,0.444838748143219,0.34662671901875,0,0,0,0,0,0,"SVE_scaffold0000001","",NA,"membrane","A0A0K0F572","SSTP_0000485200",30.4054,"",NA,"SPAL_0000035600",85.1351,"",NA
"561","SVE_0398200",0.133098490097273,0.065541679127595,0,0,0,0,0.0636740565288043,0.0629016873276831,0,0,0,0,"SVE_scaffold0000001","Reverse transcriptase domain-containing protein","RT_dom",NA,"A0A0K0F592","",NA,"",NA,"",NA,"",NA
"562","SVE_0400000",0,0.249749887622569,0,0,0,0,0,0,0,0,0,0.0726902045348963,"SVE_scaffold0000001","Origin recognition complex subunit 1",NA,NA,"A0A0K0F5A9","",NA,"",NA,"SPAL_0000277100",91.2338,"",NA
"563","SVE_0400100",0,0.126424541177843,0,0,0,0,0.127337230141797,0.12520368551306,0.0786004625001265,0,0.0746524706012535,0.146582586500633,"SVE_scaffold0000001","Casein kinase I (inferred by orthology to a human protein)","Prot_kinase_dom, Kinase-like_dom_sf","protein kinase activity, protein phosphorylation, ATP binding","A0A0K0F5B0","SSTP_0000633400",77.0833,"SRAE_1000316700 | WBGene00259784",74.4048,"SPAL_0000277000",96.7262,"",NA
"564","SVE_0401100",0,0.0637157249265613,0,0,0,0,0,0,0,0,0,0,"SVE_scaffold0000001","",NA,"membrane","A0A0K0F5C0","",NA,"",NA,"SPAL_0000081900",42.1687,"",NA
"565","SVE_0403200",0.0650689822673905,0.12737620441267,0,0,0,0,0.0649115582515708,0.063708692834953,0.0786705009942735,0,0,0.0722760028626356,"SVE_scaffold0000001","Ig-like domain-containing protein",NA,"membrane","A0A0K0F5E1","SSTP_0000158100",41.1674,"",NA,"SPAL_0000574500",85.4071,"",NA
"566","SVE_0403600",0.130723363859172,0,0.182714829079295,0.119257475823224,0,0,0.127904964185806,0,0,0.077630187771812,0.152100735233225,0.0748273738021356,"SVE_scaffold0000001","ORFan",NA,"membrane","A0A0K0F5E5","SSTP_0000157800",66.1088,"SRAE_2000123500 | WBGene00261437",46.8619,"SPAL_0000574100",89.5397,"",NA
"567","SVE_0403800",0,0.0646907511339137,0.123227517035006,0.0603178366672678,0,0,0,0.127045591667902,0,0,0.0768970541269697,0,"SVE_scaffold0000001","Orfan",NA,"membrane","A0A0K0F5E7","SSTP_0000157600",42.7184,"SRAE_2000123300 | WBGene00261435",44.1748,"SPAL_0000573900",87.8641,"",NA
"568","SVE_0404300",0.195737310397077,0.127942831719577,0.0614566292289162,0.0601268010107577,0,0,0.0644504651919618,0.0633679050844357,0,0.0777706941712235,0.0755099919696721,0.07413502259452,"SVE_scaffold0000001","Ig-like domain-containing protein",NA,"membrane","A0A0K0F5F2","SSTP_0000157100",39.823,"SRAE_2000121200 | WBGene00261414",31.8584,"SPAL_0000573400",49.2625,"",NA
"569","SVE_0410300",0.0645000055930184,0.126367605500433,0,0,0,0.346502678399798,0,0.0624104408762439,0,0,0,0.0737593168281777,"SVE_scaffold0000001","",NA,NA,"A0A0K0F5L1","SSTP_0000186200",43.1655,"SRAE_2000212900 | WBGene00262337",41.0072,"SPAL_0001676800",88.4892,"",NA
"570","SVE_0414400",0,0,0,0,0,0,0,0,0,0,0,0,"SVE_scaffold0000001","",NA,"membrane","A0A0K0F5Q2","SSTP_0000095500",60.6061,"SRAE_2000208400 | WBGene00262291",63.6364,"SPAL_0001125800",75.7576,"",NA
"571","SVE_0414700",0,0.0633836180684555,0,0,0,0,0,0,0.0785813435220102,0.0768672263668655,0,0,"SVE_scaffold0000001","",NA,NA,"A0A0K0F5Q5","",NA,"",NA,"",NA,"",NA
"572","SVE_0418000",0,0,0.0629563681322239,0,0,0.090500220928437,0,0.122719933524571,0,0,0,0,"SVE_scaffold0000001","","Leukocyte-sp_tscrpt_1_LST1","immune response, cell morphogenesis, membrane","A0A0K0F5T8","",NA,"",NA,"SPAL_0000148200",90.8046,"",NA
"573","SVE_0419300",0.256562651260147,0.0639340882813869,0,0,0.187902788376816,0.180981981674866,0.0641480847368302,0.0623587999579541,0,0,0.0682202030690378,0,"SVE_scaffold0000001","Ovule protein",NA,NA,"A0A0K0F5V1","",NA,"",NA,"",NA,"",NA
"574","SVE_0420000",0.200026521016981,0.0654129666773723,0,0,0,0,0.0638421379492238,0.25217498392994,0.15541674820932,0,0.0726684150018282,0,"SVE_scaffold0000001","",NA,NA,"A0A0K0F5V8","",NA,"",NA,"SPAL_0000830300",48.913,"",NA
"575","SVE_0423400",0.065951109514492,0.129116289854169,0,0,0,0,0,0.0626272473709568,0,0,0,0,"SVE_scaffold0000001","MULE domain-containing protein",NA,NA,"A0A0K0F5Z1","",NA,"",NA,"",NA,"",NA
"576","SVE_0427000",0,0,0.124457305008272,0.243391329368731,0.366599207622932,0,0,0,0,0,0,0,"SVE_scaffold0000001","choline-phosphate cytidylyltransferase","Cyt_trans-like, Rossmann-like_a/b/a_fold, CCT, Pcy1-like","biosynthetic process, catalytic activity, phospholipid biosynthetic process, lipid metabolic process, CDP-choline pathway, choline-phosphate cytidylyltransferase activity, phosphatidylcholine biosynthetic process","A0A0K0F627","SSTP_0001112900",71.2644,"SRAE_2000468400 | WBGene00264921",85.4406,"SPAL_0001640000",91.954,"pcyt-1 | WBGene00017241",68.5824
"577","SVE_0428400",0.0663380304550752,0,0,0.186227410831677,0,0,0,0,0.0775558511940826,0.0763195144762913,0,0,"SVE_scaffold0000001","",NA,NA,"A0A0K0F641","SSTP_0000183300",82.6531,"",NA,"SPAL_0001638300",83.6735,"",NA
"578","SVE_0429100",0.196492787494194,0.129020184015392,0,0,0.0929490993868175,0,0.125472566080187,0.122916817947655,0,0,0.144942912112079,0.0720792994443503,"SVE_scaffold0000001","",NA,"membrane","A0A0K0F648","SSTP_0000055000",72.381,"SRAE_2000009600 | WBGene00260286",78.0952,"SPAL_0001637500",95.2381,"",NA
"579","SVE_0429300",0.0650452362798502,0,0,0,0,0,0.0648168609937339,0.318141230583562,0.157425756265455,0,0,0.0724298266668525,"SVE_scaffold0000001","GRAM domain-containing protein",NA,NA,"A0A0K0F650","SSTP_0000054800",56.2069,"SRAE_2000009400 | WBGene00260284",54.3103,"SPAL_0001637300",92.5862,"",NA
"580","SVE_0429900",0,0,0,0,0,0,0,0.126338504715186,0,0.15591888419735,0,0,"SVE_scaffold0000001","",NA,NA,"A0A0K0F656","SSTP_0000177000",87.7907,"SRAE_2000115300 | WBGene00261355",88.9535,"SPAL_0001636600",97.6744,"",NA
"581","SVE_0440700",0,0.0646027111675175,0,0,0,0,0.06459985119338,0,0,0,0,0,"SVE_scaffold0000001","",NA,NA,"A0A0K0F6G3","SSTP_0000982400",27.2727,"SRAE_2000232400 | WBGene00262534",31.8182,"SPAL_0001626100",48.4848,"",NA
"582","SVE_0444800",0.0666801080540363,0,0.062795553944267,0,0,0,0.255621484018405,0.250387421390724,0,0,0.301807706227692,0,"SVE_scaffold0000001","BTB domain-containing protein","BTB/POZ_dom, SKP1/BTB/POZ_sf","protein binding","A0A0K0F6K4","",NA,"",NA,"",NA,"",NA
"583","SVE_0446800",0,0.268731358722374,0,0,0,0,0.0633444072618947,0.198753534102204,0.0905664301683002,0.0768492615508077,0,0.0748913710550438,"SVE_scaffold0000001","ADF-H domain-containing protein",NA,NA,"A0A0K0F6M4","",NA,"",NA,"",NA,"",NA
"584","SVE_0446900",0,0,0,0,0.614030061382581,0.0854338850932262,0,0,0,0,0,0,"SVE_scaffold0000001","",NA,"membrane","A0A0K0F6M5","",NA,"",NA,"",NA,"",NA
"585","SVE_0448500",0,0.1258904628684,0,0,0.089016181344813,0.174540142640107,0.188182618569826,0.0618116821785204,0.0779935642805044,0.0763501954829535,0.074794630144711,0.0738805334426356,"SVE_scaffold0000001","Transmembrane protein",NA,"membrane","A0A0K0F6P0","SSTP_0000722200",65.2174,"SRAE_2000096600 | WBGene00261166",64.7343,"SPAL_0000207300",94.2029,"",NA
"586","SVE_0448700",0,0,0,0,0,0,0,0,0,0,0.0724232733127553,0,"SVE_scaffold0000001","Hyaluronidase (inferred by orthology to a C. elegans protein)","Aldolase_TIM, Glycoside_hydrolase_SF",NA,"A0A0K0F6P2","",NA,"",NA,"",NA,"",NA
"587","SVE_0448800",0,0,0,0,0,0,0,0,0.0783357794785208,0,0,0,"SVE_scaffold0000001","Hyaluronidase","Aldolase_TIM, Glycoside_hydrolase_SF, Hyaluronidase","hyalurononglucosaminidase activity, carbohydrate metabolic process, metabolic process, hydrolase activity, acting on glycosyl bonds, hydrolase activity","A0A0K0F6P3","",NA,"",NA,"",NA,"",NA
"588","SVE_0450500",0.128973384721599,0.06320695709059,0,0,0,0.0880350203491999,0,0.122951904806377,0,0,0,0.147390361118609,"SVE_scaffold0000001","",NA,"membrane","A0A0K0F6Q9","SSTP_0000723600",66.2791,"SRAE_2000098000 | WBGene00261180",63.3721,"SPAL_0000771000",90.6977,"",NA
"589","SVE_0450700",0,0.0653747911582792,0,0,0,0,0,0.125153551372473,0,0,0,0,"SVE_scaffold0000001","",NA,NA,"A0A0K0F6R1","",NA,"",NA,"SPAL_0000771200",56.5217,"",NA
"590","SVE_0451500",0.195516236658338,0.128539967105062,0.0646713113480599,0.126746823564084,0,0,0,0.0626040943958858,0.0769760054668777,0,0,0,"SVE_scaffold0000001","",NA,NA,"A0A0K0F6R9","",NA,"SRAE_2000098600 | WBGene00261186",74.359,"SPAL_0000772000",88.4615,"",NA
"591","SVE_0454400",0.192144045142525,0.12703702861506,0.130969121963048,0.127835536327655,0,0,0,0.0620319749060438,0,0,0,0,"SVE_scaffold0000001","",NA,NA,"A0A0K0F6U8","SSTP_0000726800",97.1831,"SRAE_2000102500 | WBGene00261225",95.7747,"SPAL_0000476400",98.5916,"",NA
"592","SVE_0459500",0.194918993416529,0.0638813073571728,0,0,0.0929770632570997,0.182222146345606,0.0624043362030436,0.061575656163303,0,0,0.0711392166174444,0.0705176218463597,"SVE_scaffold0000001","",NA,NA,"A0A0K0F6Z9","",NA,"",NA,"",NA,"",NA
"593","SVE_0470300",0.0665622637559559,0.0656314225368333,0.127615220382952,0.0621163220124078,0,0,0.0637742389486828,0.187964813596997,0,0,0,0,"SVE_scaffold0000001","NTR domain-containing protein",NA,NA,"A0A0K0F7A7","SSTP_0000168600",88,"SRAE_2000253800 | WBGene00262748",94,"SPAL_0000992200",99,"",NA
"594","SVE_0470400",0,0.064011595791135,0,0.0600765441892102,0,0,0,0,0,0,0,0.14692135963722,"SVE_scaffold0000001","",NA,NA,"A0A0K0F7A8","SSTP_0000168550",53.5433,"SRAE_2000253900 | WBGene00262749",58.2677,"SPAL_0000992300",91.3386,"",NA
"595","SVE_0475400",0.0621745131114178,0,0.383439263981428,0.375684011315683,0.0909398396312812,0,0,0,0,0,0,0,"SVE_scaffold0000001","Secreted protein",NA,"membrane","A0A0K0F7F7","",NA,"",NA,"",NA,"",NA
"596","SVE_0478100",0.0640564183438307,0,0.0657941875412744,0,0.0936672755807262,0.0902891106158134,0,0,0,0,0.0676873504703826,0.0667442401596332,"SVE_scaffold0000001","",NA,NA,"A0A0K0F7I4","SSTP_0000107800",73.913,"SRAE_2000246600 | WBGene00262676",75.3623,"SPAL_0000237300",94.2029,"",NA
"597","SVE_0480300",0,0.0645590948048751,0,0,0,0,0,0,0,0,0,0.0702987181142736,"SVE_scaffold0000001","galactosylgalactosylxylosylprotein 3-beta-glucuronosyltransferase","Nucleotide-diphossugar_trans","galactosylgalactosylxylosylprotein 3-beta-glucuronosyltransferase activity, protein glycosylation","A0A0K0F7K6","",NA,"",NA,"",NA,"",NA
"598","SVE_0481400",0.0647958648334689,0.127365261557555,0,0,0.458179423412705,0.0896652354168735,0.0621727494965257,0,0.0759050054782551,0,0,0,"SVE_scaffold0000001","ShKT domain-containing protein","ShKT_dom",NA,"A0A0K0F7L7","",NA,"",NA,"SPAL_0000240600",95.5752,"",NA
"599","SVE_0483900",0,0,0.190894194558392,0,0.0929431104425323,0.0898901427901291,0,0,0,0,0.136606119675294,0.0679015270296684,"SVE_scaffold0000001","",NA,NA,"A0A0K0F7P2","",NA,"",NA,"",NA,"",NA
"600","SVE_0484200",0,0,0,0,0,0,0,0,0,0,0,0,"SVE_scaffold0000001","",NA,"membrane","A0A0K0F7P5","SSTP_0000772850",40.9357,"SRAE_2000104100 | WBGene00261241",41.2281,"",NA,"",NA
"601","SVE_0485300",0.0636105910359083,0.190872462625377,0.265227274270058,0.129260094797445,0,0,0,0,0.0743663915922698,0,0,0,"SVE_scaffold0000001","",NA,NA,"A0A0K0F7Q6","",NA,"",NA,"SPAL_0000719900",98.4848,"",NA
"602","SVE_0486200",0.0658433506441564,0.128959940395461,0,0.0605044359923248,0,0.1806423987822,0.126242654088627,0.123859147770831,0,0.152649441410559,0.0747860160419294,0,"SVE_scaffold0000001","Transmembrane protein",NA,"membrane","A0A0K0F7R5","",NA,"",NA,"SPAL_0000475200",33.3333,"",NA
"603","SVE_0492800",0,0.0636279273810812,0.0609346781648681,0,0,0,0.06400746666747,0.251734226511471,0,0.0774309015245596,0.075430418886816,0.0740709020278131,"SVE_scaffold0000001","PH domain-like protein",NA,NA,"A0A0K0F7Y0","SSTP_0000373100",55.3398,"SRAE_2000189700 | WBGene00262104",54.6926,"SPAL_0001031700",88.3495,"",NA
"604","SVE_0493300",0.130403128764837,0.191660422075847,0,0,0.179369469110595,0,0.0641144789350686,0.0630975516735272,0,0.0776824358657772,0,0,"SVE_scaffold0000001","",NA,NA,"A0A0K0F7Y5","SSTP_0000372700",54.1516,"",NA,"",NA,"",NA
"605","SVE_0493900",0.327638293038966,0.128389409555254,0,0,0.0909964055731775,0,0.318913772308028,0.125407112508303,0,0,0,0,"SVE_scaffold0000001","Gamma interferon inducible lysosomal thiol reductase","Interferon-induced_GILT","oxidoreductase activity, acting on a sulfur group of donors, disulfide as acceptor","A0A0K0F7Z1","SSTP_0000372200",94.7917,"SRAE_2000188900 | WBGene00262096",76.5625,"SPAL_0001030700",99.4792,"R07E5.4 | WBGene00011112",64.0625
"606","SVE_0501900",0.0652693877606469,0.064134767752645,0,0,0,0,0.188613278247055,0.0618659682706816,0,0,0.0747175094430683,0.0741515331760411,"SVE_scaffold0000001","SHSP domain-containing protein","A-crystallin/Hsp20_dom, HSP20-like_chaperone",NA,"A0A0K0F870","SSTP_0000120800",74.2647,"SRAE_2000181300 | WBGene00262019",67.6471,"SPAL_0001022800",90.4412,"",NA
"607","SVE_0505600",0.13214744710216,0.129742751380914,0.124317584440021,0.121519626487744,0,0,0.127362317420555,0,0,0,0.0757437909390306,0,"SVE_scaffold0000001","Flagellar FliJ protein",NA,NA,"A0A0K0F8A7","",NA,"",NA,"",NA,"",NA
"608","SVE_0514900",0.132557995178879,0.0655352088496878,0,0,0,0,0,0.0630969196308486,0.0776407088681705,0,0.142222806799728,0,"SVE_scaffold0000001","",NA,NA,"A0A0K0F8K0","",NA,"",NA,"SPAL_0001010250",77.1084,"",NA
"609","SVE_0518900",0,0,0,0,0.0878450820840358,0.171559287979931,0,0,0,0.0762870315184367,0,0,"SVE_scaffold0000001","",NA,"membrane","A0A0K0F8N9","SSTP_0000799600",57.6271,"SRAE_2000108800 | WBGene00261289",55.5932,"SPAL_0001006800",85.7627,"",NA
"610","SVE_0522400",0.325230045408421,0.0644560598499858,0,0.125549419933787,0,0.182294930267109,0.0639199146393665,0.0621385180391154,0.0765607881270425,0,0,0,"SVE_scaffold0000001","Gag-pol polyprotein",NA,NA,"A0A0K0F8S4","",NA,"",NA,"",NA,"",NA
"611","SVE_0529000",0.0651800187183633,0.0638155180313427,0,0.0594578927142424,0,0,0,0,0,0,0.0757330289846461,0,"SVE_scaffold0000001","",NA,"membrane","A0A0K0F8Y9","SSTP_0000797500",82.6531,"SRAE_2000229700 | WBGene00262507",81.1225,"SPAL_0001414566",49.4898,"",NA
"612","SVE_0536600",0,0,0,0,0.0876156513246924,0,0,0,0,0,0,0,"SVE_scaffold0000001","Heat shock protein Hsp-12.2 (inferred by orthology to a C. elegans protein)","Alpha-crystallin/sHSP_animal, A-crystallin/Hsp20_dom, HSP20-like_chaperone",NA,"A0A0K0F965","SSTP_0000790400",82.1429,"SRAE_2000033400 | WBGene00260527",84.8214,"SPAL_0001421600",97.3214,"hsp-12.2 | WBGene00002011",66.0714
"613","SVE_0537400",0.127794826611311,0,0,0,0,0,0,0,0.0778166744129896,0.0760998969259469,0.0737495027619009,0.0724148702730996,"SVE_scaffold0000001","",NA,"membrane","A0A0K0F973","SSTP_0000789600",53.8028,"SRAE_2000034200 | WBGene00260535",52.1127,"SPAL_0001422400",86.7606,"",NA
"614","SVE_0540300",0.0658106265318182,0.129020862805933,0,0,0,0,0,0.1256117176203,0,0,0,0,"SVE_scaffold0000001","Receptor expression-enhancing protein",NA,"membrane","A0A0K0F9A2","SSTP_0000786800",62.0112,"",NA,"SPAL_0001424950",84.9162,"",NA
"615","SVE_0541800",0,0,0,0,0,0,0.191054728393015,0.250640164400738,0.078880370794471,0.0771699462839842,0.150757441733693,0,"SVE_scaffold0000001","Col_cuticle_N domain-containing protein","Col_cuticle_N, Collagen","structural constituent of cuticle, anatomical structure development, membrane","A0A0K0F9B7","SSTP_0000785300",62.1908,"",NA,"SPAL_0001426300",86.9258,"",NA
"616","SVE_0552200",0.065325536666909,0,0,0.119153043892892,0.181582734170171,0.177798145542258,0.126912079096506,0,0,0,0,0,"SVE_scaffold0000001","",NA,NA,"A0A0K0F9M0","SSTP_0000325900",33.1551,"SRAE_2000200400 | WBGene00262211",24.5989,"SPAL_0001614700",47.0588,"",NA
"617","SVE_0556700",0,0,0.195517383147823,0.127708423301516,0.0927411057015522,0,0,0,0.0747443712463699,0.0724094134901752,0,0,"SVE_scaffold0000001","",NA,NA,"A0A0K0F9R5","",NA,"",NA,"",NA,"",NA
"618","SVE_0558600",0.195901895708329,0.128059665753722,0.0612493386223077,0.179926095241621,0,0,0,0,0.0778223972630288,0,0.0748639685526916,0.148757323672881,"SVE_scaffold0000001","",NA,NA,"A0A0K0F9T4","",NA,"",NA,"",NA,"",NA
"619","SVE_0573100",0,0,0,0,0,0,0.0635104268428565,0.12223400014678,0,0.154757461420126,0,7.61944956213816e-05,"SVE_scaffold0000001","Heparan sulfate glucosamine 3-O-sulfotransferase 1","Sulfotransferase, Chst-1","positive regulation of response to oxidative stress, chondroitin sulfate biosynthetic process, chondroitin 4-sulfotransferase activity, sulfotransferase activity, membrane","A0A0K0FA78","SSTP_0000483000",21.7172,"",NA,"SPAL_0001242500",31.8182,"",NA
"620","SVE_0573300",0,0,0,0,0,0,0,0,0,0,0,0,"SVE_scaffold0000001","",NA,NA,"A0A0K0FA80","SSTP_0000948800",49.5727,"SRAE_2000463500 | WBGene00264868",80.3419,"SPAL_0000049500",89.7436,"",NA
"621","SVE_0573400",0.260365611871875,0.191405557620321,0,0,0,0,0,0,0,0,0,0,"SVE_scaffold0000001","Ankyrin-like protein",NA,NA,"A0A0K0FA81","",NA,"",NA,"SPAL_0000630400",71.6312,"",NA
"622","SVE_0579400",0,0.193576569398959,0,0.0601849796572778,0,0.0898234021589221,0.0637692829732164,0.125693748165348,0.0792449088789435,0.0774627322613027,0,0,"SVE_scaffold0000001","",NA,NA,"A0A0K0FAE1","",NA,"",NA,"SPAL_0000936000",61.3636,"",NA
"623","SVE_0579900",0,0,0,0,0.0885181093132389,0,0,0,0.228487754936132,0,0,0.145048369588544,"SVE_scaffold0000001","",NA,NA,"A0A0K0FAE6","",NA,"",NA,"SPAL_0000676966",26.1905,"",NA
"624","SVE_0580100",0,0,0,0,0,0,0,0,0,0,0.21612056033952,0.0716061688943921,"SVE_scaffold0000001","","Transthyretin-like","cell surface","A0A0K0FAE7","",NA,"",NA,"SPAL_0000676966",43.125,"",NA
"625","SVE_0580200",0.0655858619099958,0.0646686752007015,0,0,0,0.272743364181596,0.0628387346385756,0.0617357388330707,0,0,0,0,"SVE_scaffold0000001","Acid phosphatase",NA,NA,"A0A0K0FAE8","",NA,"",NA,"",NA,"",NA
"626","SVE_0584400",0,0.0628042905236343,0,0,0.0888900881586328,0,0,0,0,0,0,0,"SVE_scaffold0000001","Protein TSSC4",NA,NA,"A0A0K0FAI9","SSTP_0000935900",67.1642,"SRAE_2000504500 | WBGene00265297",70.1493,"SPAL_0000681100",92.5373,"",NA
"627","SVE_0586400",0,0,0,0,0.0894350891063883,0.0876602403994136,0.095615882626409,0,0.222111568075172,0,0,0,"SVE_scaffold0000001","Guanylate cyclase","Prot_kinase_dom, ANF_lig-bd_rcpt, Kinase-like_dom_sf, Peripla_BP_I","protein kinase activity, protein phosphorylation, ATP binding, guanylate cyclase activity, cGMP biosynthetic process, membrane","A0A0K0FAK9","",NA,"",NA,"SPAL_0000180100",42.8571,"",NA
"628","SVE_0587300",0,0,0.186610934388494,0.0608468846148751,0,0.0893483878005434,0,0.0643218469793168,0,0,0,0,"SVE_scaffold0000001","Serpentine receptor class gamma","7TM_GPCR_serpentine_rcpt_Srv","membrane","A0A0K0FAL8","",NA,"",NA,"",NA,"",NA
"629","SVE_0588000",0,0,0.123218855787741,0.120409064661369,0.277765481090122,0.0898912960388104,0,0.0618214723703266,0,0,0,0,"SVE_scaffold0000001","Transthyretin-like family-containing protein","Transthyretin-like, Transthyretin-like_sf","cell surface, extracellular region","A0A0K0FAM5","",NA,"",NA,"SPAL_0000997700",89.2308,"",NA
"630","SVE_0589400",0.186914063450372,0.0623179732363246,0.129890718199597,0.0633030166071553,0.276450601694683,0.0882885423571974,0.124630952825467,0,0,0,0,0,"SVE_scaffold0000001","Ovule protein",NA,NA,"A0A0K0FAN9","",NA,"",NA,"",NA,"",NA
"631","SVE_0590500",0,0.0631407659352487,0,0,0,0,0.0633076605662912,0.311414376152765,0.156968176738421,0,0.150191915502919,0.0738699244864977,"SVE_scaffold0000001","Methyltransf_11 domain-containing protein","UbiG_MeTrfase, Methyltransf_11, SAM-dependent_MTases_sf","ubiquinone biosynthetic process, 2-polyprenyl-6-methoxy-1,4-benzoquinone methyltransferase activity, methyltransferase activity, metabolic process, cytoplasm","A0A0K0FAQ0","",NA,"",NA,"SPAL_0001044200",93.6759,"coq-3 | WBGene00000763",36.3636
"632","SVE_0592500",0,0,0,0,0,0,0,0,0,0.0767060985956737,0,0,"SVE_scaffold0000001","RING-CH-type domain-containing protein","Znf_RING, Znf_RING-CH, Znf_RING/FYVE/PHD","zinc ion binding, membrane, metal ion binding","A0A0K0FAS0","SSTP_0000363800",63.1111,"SRAE_2000497700 | WBGene00265224",64.8889,"SPAL_0001046200",93.7778,"",NA
"633","SVE_0592600",0.0645112630712382,0,0,0,0.270400853543386,0,0.0622914223023061,0,0.154642460282674,0.227269961647703,0.0742311254042234,0.0737363499579436,"SVE_scaffold0000001","Protein lethal(2)essential for life (inferred by orthology to a D. melanogaster protein)","Alpha-crystallin/sHSP_animal, A-crystallin/Hsp20_dom, HSP20-like_chaperone",NA,"A0A0K0FAS1","",NA,"",NA,"",NA,"",NA
"634","SVE_0593000",0,0,0.124939315839161,0.0609779367761926,0,0.0909511564341184,0,0.0628052656410297,0,0,0,0,"SVE_scaffold0000001","NTC-1 (inferred by orthology to a C. elegans protein)",NA,NA,"A0A0K0FAS5","SSTP_0000364200",59.5588,"SRAE_2000498100 | WBGene00265228",68.3824,"",NA,"",NA
"635","SVE_0594300",0.0652541288119187,0.127590690087221,0,0,0.368113763837136,0.178999773054072,0.0624755689563355,0.0612281000684379,0,0,0,0,"SVE_scaffold0000001","Cystatin domain-containing protein","Cystatin_sf",NA,"A0A0K0FAT8","SSTP_0000385300",49.6063,"SRAE_2000495600 | WBGene00265203",54.3307,"SPAL_0001048100",81.1024,"",NA
"636","SVE_0595800",0.0665025902365617,0,0,0,0,0,0.130702140044023,0,0,0.076391664079089,0.0357205997677469,0,"SVE_scaffold0000001","Yippee domain-containing protein",NA,NA,"A0A0K0FAV3","",NA,"",NA,"",NA,"",NA
"637","SVE_0596100",0.210994569271516,0,0,0,0,0.134873497432415,0,0,0,0.098655322056878,0,0,"SVE_scaffold0000001","",NA,NA,NA,"",NA,"",NA,"",NA,"",NA
"638","SVE_0596400",0,0,0,0,0,0,0,0,0,0,0,0,"SVE_scaffold0000001","",NA,NA,"A0A0K0FAV8","",NA,"",NA,"SPAL_0000577700",31.3953,"",NA
"639","SVE_0597800",0,0,0,0,0,0,0,0,0.0769974061765382,0.0755996395935026,0,0.0735394047993222,"SVE_scaffold0000001","","Totivirus_coat",NA,"A0A0K0FAX2","",NA,"",NA,"",NA,"",NA
"640","SVE_0597900",0,0,0,0,0,0,0.0638219414809952,0.188059203067416,0,0.0772593243903905,0.0756117632453048,0,"SVE_scaffold0000001","Glutaminase","Totivirus_coat",NA,"A0A0K0FAX3","",NA,"",NA,"",NA,"",NA
"641","SVE_0598000",0,0,0,0,0,0,0,0.0623212988205747,0,0,0.074615916218909,0,"SVE_scaffold0000001","DUF223 domain-containing protein",NA,NA,"A0A0K0FAX4","",NA,"",NA,"",NA,"",NA
"642","SVE_0598100",0,0,0,0,0,0,0,0,0,0.0745858993075396,0.0732512169302508,0.072434668244535,"SVE_scaffold0000001","CHHC U11-48K-type domain-containing protein",NA,NA,"A0A0K0FAX5","SSTP_0000704900",64.2276,"",NA,"",NA,"",NA
"643","SVE_0598200",0,0,0,0,0.266139851952926,0.260225375533795,0,0,0,0,0.0705409910251289,0,"SVE_scaffold0000001","Reverse transcriptase domain-containing protein",NA,NA,"A0A0K0FAX6","",NA,"",NA,"",NA,"",NA
"644","SVE_0598300",0,0,0,0,0.182816659402059,0.0888269366540391,0.0622921035332185,0.0611653229454849,0,0,0.0739018938124027,0,"SVE_scaffold0000001","Transposase",NA,NA,"A0A0K0FAX7","SSTP_0000704900",44.3609,"",NA,"SPAL_0000528400",83.4586,"",NA
"645","SVE_0598400",0,0,0,0,0,0,0,0.0632609474122252,0.157919063316811,0.0772314742109157,0,0,"SVE_scaffold0000001","Astacin domain-containing protein","EGF-like_dom, Peptidase_M12A, MetalloPept_cat_dom_sf","metalloendopeptidase activity, metallopeptidase activity, proteolysis","A0A0K0FAX8","",NA,"",NA,"SPAL_0000363300",40.2532,"",NA
"646","SVE_0599300",0.065117616727977,0.255107040173962,0,0,0,0,0,0,0,0,0,0,"SVE_scaffold0000029","PAN-1 domain and Apple-like domain-containing protein","Pan_app",NA,"A0A0K0FAY7","",NA,"",NA,"SPAL_0001568300",88.0597,"",NA
"647","SVE_0603000",0.0643102782135845,0.063170150090571,0.124460694341659,0,0.183229038870144,0,0,0,0,0,0,0,"SVE_scaffold0000029","G_PROTEIN_RECEP_F1_2 domain-containing protein",NA,"membrane","A0A0K0FB24","",NA,"",NA,"",NA,"",NA
"648","SVE_0603100",0,0,0,0,0,0,0,0,0,0,0,0,"SVE_scaffold0000029","",NA,"membrane","A0A0K0FB25","",NA,"",NA,"",NA,"",NA
"649","SVE_0603600",0,0,0,0,0.0884733412960074,0.0863964791582952,0.190569946834767,0.124925832760815,0.235848219192065,0,0.0750373912558447,0,"SVE_scaffold0000029","CDT1 domain-containing protein",NA,NA,"A0A0K0FB30","",NA,"SRAE_X000246300 | WBGene00268049",27.7027,"SPAL_0000837500",37.8378,"",NA
"650","SVE_0603800",0.0651796313458694,0,0,0,0,0,0,0,0,0,0,0,"SVE_scaffold0000029","Glutaredoxin domain-containing protein",NA,NA,"A0A0K0FB32","",NA,"",NA,"SPAL_0000126700",0,"",NA
"651","SVE_0603900",0,0,0,0,0,0,0,0,0,0,0,0.0712271423996422,"SVE_scaffold0000029","",NA,NA,"A0A0K0FB33","",NA,"",NA,"",NA,"",NA
"652","SVE_0604200",0,0,0,0,0,0,0,0,0.153278826401086,0,0.0740320798623004,0,"SVE_scaffold0000029","",NA,NA,"A0A0K0FB36","",NA,"",NA,"SPAL_0001202900",54.4,"",NA
"653","SVE_0604300",0,0,0,0,0,0,0.000442180821804689,0,0,6.00653914002447e-05,0,0,"SVE_scaffold0000029","",NA,NA,"A0A0K0FB37","SSTP_0000328200",48.6726,"",NA,"SPAL_0001202700",74.3363,"",NA
"654","SVE_0606600",0,0,0.0602983704869413,0,0.179861544866735,0.175952675771074,0,0,0,0,0,0,"SVE_scaffold0000029","Activin_recp domain-containing protein",NA,NA,"A0A0K0FB60","",NA,"",NA,"",NA,"",NA
"655","SVE_0607400",0,0.0633200223773995,0,0,0,0,0.192058476006418,0.125820556110788,0,0.230535004600131,0.0742363948902164,0.218722910368094,"SVE_scaffold0000029","RING-type domain-containing protein","Znf_RING/FYVE/PHD","membrane","A0A0K0FB68","",NA,"",NA,"SPAL_0000794600",87.6289,"",NA
"656","SVE_0607600",0,0,0.133367475121123,0,0,0,0.0652525030352802,0.063600509518288,0,0,0,0.0688942695805799,"SVE_scaffold0000029","ATP-dependent DNA helicase","DNA_helicase_pif1-like","telomere maintenance, DNA helicase activity, DNA repair, cellular response to DNA damage stimulus, DNA recombination, helicase activity, ATP hydrolysis activity, DNA duplex unwinding, hydrolase activity, ATP binding, nucleotide binding","A0A0K0FB70","",NA,"",NA,"",NA,"",NA
"657","SVE_0608000",0,0,0,0,0.349938730041483,0.513972457503162,0,0,0,0,0,0,"SVE_scaffold0000029","Programmed cell death protein 6 (inferred by orthology to a human protein)","EF_hand_dom, EF-hand-dom_pair, EF_Hand_1_Ca_BS","calcium ion binding","A0A0K0FB73","SSTP_0001142800",76.9663,"SRAE_1000216400 | WBGene00258778",73.5955,"SPAL_0000330000",98.3146,"M04F3.4 | WBGene00019770",29.7753
"658","SVE_0609100",0,0,0,0,0,0,0,0,0,0,0,0,"SVE_scaffold0000029","",NA,NA,"A0A0K0FB84","",NA,"",NA,"",NA,"",NA
"659","SVE_0609200",0,0,0,0,0,0,0.125811500748302,0.123993092435006,0,0.153013940931191,0.0749805322072743,0.148925828498103,"SVE_scaffold0000029","",NA,NA,"A0A0K0FB85","",NA,"",NA,"SPAL_0000494000",40.3974,"",NA
"660","SVE_0609300",0,0,0,0,0,0,0.0713668926497746,0,0.0785045108215813,0,0,0.165198825608478,"SVE_scaffold0000029","Reverse transcriptase domain-containing protein",NA,NA,"A0A0K0FB86","SSTP_0001144300",0,"",NA,"SPAL_0000413000",44.058,"",NA
"661","SVE_0609400",0,0,0,0,0,0,0.0786748087200804,0.126655804207503,0.0795996606090343,0.0778561946379207,0,0,"SVE_scaffold0000029","Csm1 domain-containing protein",NA,NA,"A0A0K0FB87","",NA,"",NA,"SPAL_0001179800",48.5804,"",NA
"662","SVE_0609500",0,0,0,0,0,0,0,0,0,0,0,0,"SVE_scaffold0000029","DDE Tnp4 domain-containing protein",NA,NA,"A0A0K0FB88","SSTP_0000452800",56.6667,"",NA,"",NA,"",NA
"663","SVE_0609600",0,0,0,0,0,0,0.062964489328887,0,0,0.0766118759447731,0,0.07421306281826,"SVE_scaffold0000029","",NA,NA,"A0A0K0FB89","",NA,"",NA,"SPAL_0001763300",57.6087,"",NA
"664","SVE_0609700",0.0651796833392254,0,0,0,0,0,0,0,0,0,0,0,"SVE_scaffold0000029","ATP-dependent DNA helicase","DNA_helicase_dom, DNA_helicase_pif1-like, P-loop_NTPase","telomere maintenance, helicase activity, DNA helicase activity, DNA repair, ATP binding, cellular response to DNA damage stimulus, DNA recombination, ATP hydrolysis activity, DNA duplex unwinding, hydrolase activity, nucleotide binding","A0A0K0FB90","",NA,"",NA,"SPAL_0000535000",80.4469,"",NA
"665","SVE_0609800",0,0,0,0,0,0,0,4.79303212260623e-09,0,0,0.107426276878847,0,"SVE_scaffold0000029","",NA,NA,"A0A0K0FB91","",NA,"",NA,"SPAL_0001297700",94.1176,"",NA
"666","SVE_0609900",0,0,0,0,0.087615836368773,0,0,0,0,0,0,0,"SVE_scaffold0000030","PDDEXK_1 domain-containing protein",NA,NA,"A0A0K0FB92","",NA,"",NA,"",NA,"",NA
"667","SVE_0610500",0,0,0,0,0,0,0,0.0614729484846547,0,0.227292296470457,0.148296319148971,0.220811307052642,"SVE_scaffold0000030","",NA,NA,"A0A0K0FB98","",NA,"",NA,"",NA,"",NA
"668","SVE_0610600",0,0,0,0,0,0,0.0656229491203397,0,0,0.0765589481380876,0,0,"SVE_scaffold0000030","Integrase",NA,NA,"A0A0K0FB99","",NA,"",NA,"SPAL_0000721000",70,"",NA
"669","SVE_0610900",0,0,0,0,0,0,0,0.103657322184916,0,0,0,0,"SVE_scaffold0000030","DEK_C domain-containing protein",NA,NA,"A0A0K0FBA2","",NA,"SRAE_0000046200 | WBGene00256206",46.988,"SPAL_0000514000",67.4699,"",NA
"670","SVE_0611400",0.0645890825799182,0.0633019912297877,0,0,0,0,0.063649033503189,0,0.157469177623088,0.0769970674871686,0.150147346248173,0,"SVE_scaffold0000030","Reverse transcriptase domain-containing protein","RT_dom, DNA/RNA_pol_sf",NA,"A0A0K0FBA7","",NA,"",NA,"",NA,"",NA
"671","SVE_0611800",0,0,0,0,0,0,0.0654972053013965,0,0,0,0,0,"SVE_scaffold0000030","Reverse transcriptase domain-containing protein",NA,NA,"A0A0K0FBB0","",NA,"",NA,"",NA,"",NA
"672","SVE_0611900",0,0,0,0,0,0,0,0,0,0,0,0,"SVE_scaffold0000030","",NA,NA,"A0A0K0FBB1","",NA,"",NA,"",NA,"",NA
"673","SVE_0612000",0,0,0,0,0,0,0,0.0641989902264386,0,0,0,0,"SVE_scaffold0000030","Wsv419-like protein",NA,NA,"A0A0K0FBB2","",NA,"",NA,"",NA,"",NA
"674","SVE_0612100",0,0,0,0,0,0,0,0,0,0.0767057918140355,0,0,"SVE_scaffold0000030","Dimer_Tnp_hAT domain-containing protein",NA,NA,"A0A0K0FBB3","",NA,"",NA,"",NA,"",NA
"675","SVE_0612200",0,0,0,0,0,0,0,0,0,0,0,0,"SVE_scaffold0000030","DUF4248 domain-containing protein",NA,NA,"A0A0K0FBB4","",NA,"",NA,"",NA,"",NA
"676","SVE_0612300",0.0657474090638718,0,0,0,0,0,0.0657180050351452,0,0.0774006100153423,0,0,0,"SVE_scaffold0000030","RT_RNaseH_2 domain-containing protein","RT_RNaseH_2, DNA/RNA_pol_sf",NA,"A0A0K0FBB5","",NA,"SRAE_0000054000 | WBGene00256286",10.1449,"SPAL_0001730400",17.3913,"",NA
"677","SVE_0612600",0,0,0,0,0,0,0.0669190912363972,0,0.0789344197027472,0.152936533575565,0,0.0694134544428481,"SVE_scaffold0000030","",NA,NA,"A0A0K0FBB7","",NA,"",NA,"SPAL_0001341100",55.8824,"",NA
"678","SVE_0612700",0,0,0,0,0,0,0.189578826991141,0.124279492985645,0.155830521959353,0.153123759059145,0.149850911699397,0.0743600452154178,"SVE_scaffold0000030","",NA,NA,"A0A0K0FBB8","",NA,"",NA,"SPAL_0000612600",81.6794,"",NA
"679","SVE_0612800",0,0,0,0,0,0,0.0640085483465633,0,0.158610511181843,0.0775382012646676,0,0,"SVE_scaffold0000030","Probable ATP-dependent RNA helicase A (inferred by orthology to a C. elegans protein)","DNA/RNA_helicase_DEAH_CS, P-loop_NTPase","hydrolase activity, ATP binding, nucleotide binding","A0A0K0FBB9","",NA,"",NA,"SPAL_0001339800",59.3407,"rha-1 | WBGene00004355",30.4029
"680","SVE_0612900",0,0,0,0,0,0,0.063994172872496,0.062880571858804,0,0,0.0740954439787656,0.072772467315723,"SVE_scaffold0000030","Putative ATP-dependent RNA helicase DHX30 (inferred by orthology to a human protein)","Helicase_C, Helicase-assoc_dom, P-loop_NTPase","helicase activity","A0A0K0FBC0","",NA,"",NA,"SPAL_0001340900",37.5315,"",NA
"681","SVE_0613000",0,0,0,0,0.0903177535119021,0.0887906084991886,0,0.11298360750123,0,0,0,0,"SVE_scaffold0000030","",NA,NA,"A0A0K0FBC1","",NA,"",NA,"SPAL_0000528600",68.1319,"",NA
"682","SVE_0613100",0.0656175273360576,0,0,0,0,0,0.126719052007202,0.124762401042695,0,0.0770556927679661,0,0.0750008096056584,"SVE_scaffold0000030","CRISPR-associated endonuclease Cas1",NA,NA,"A0A0K0FBC2","",NA,"",NA,"SPAL_0000693600",43.8272,"",NA
"683","SVE_0613300",0,0,0,0,0.182104538377508,0.530890486968951,0,0.182915332516442,0,0.0752001061618277,0,0,"SVE_scaffold0000030","Effector",NA,NA,"A0A0K0FBC3","",NA,"",NA,"",NA,"",NA
"684","SVE_0613400",0,0,0,0,0,0,0.125989516515008,0,0.0782824213354202,0.0765218905600058,0,0.148653050910326,"SVE_scaffold0000030","Helitron_like_N domain-containing protein",NA,NA,"A0A0K0FBC4","",NA,"",NA,"",NA,"",NA
"685","SVE_0613500",0.0650779778794634,0,0,0,0,0.266462310373509,0.252082889838203,0.0786973938157093,0.0783595812469504,0,0.225218768911751,0,"SVE_scaffold0000030","",NA,NA,NA,"",NA,"",NA,"",NA,"",NA
"686","SVE_0613600",0,0,0,0,0,0,0.324092098218782,0.0632891904436807,0.0791743213995404,0.155598582727847,0,0,"SVE_scaffold0000030","CRAL-TRIO domain-containing protein",NA,NA,"A0A0K0FBC6","",NA,"",NA,"",NA,"",NA
"687","SVE_0613700",0.132650046074623,0,0,0,0,0,0.131881150567189,0.0642372030002315,0,0,0,0.0694961692994024,"SVE_scaffold0000030","",NA,NA,"A0A0K0FBC7","",NA,"",NA,"",NA,"",NA
"688","SVE_0613800",0.066560822257858,0,0,0,0,0,0.064096595484022,0.189572095514604,0.0796561992437915,0,0,0,"SVE_scaffold0000030","",NA,NA,"A0A0K0FBC8","",NA,"",NA,"SPAL_0001763300",78.3439,"",NA
"689","SVE_0614100",0,0,0,0,0.0899663457839563,0,0.0645315680582608,0.12693008396607,0,0,0,0,"SVE_scaffold0000030","DUF72 domain-containing protein",NA,NA,"A0A0K0FBD1","SSTP_0000644600",48.6301,"SRAE_0000050400 | WBGene00256248",94.863,"",NA,"",NA
"690","SVE_0614300",0.063630661238992,0,0,0,0,0,0,0,0,0,0,0.0729682134103415,"SVE_scaffold0000030","C2H2-type domain-containing protein",NA,NA,"A0A0K0FBD3","SSTP_0000441200",9.72222,"SRAE_0000066900 | WBGene00256418",45.3704,"",NA,"",NA
"691","SVE_0614400",0,0,0,0,0,0,0,0,0,0,0,0,"SVE_scaffold0000030","Transposase",NA,NA,"A0A0K0FBD4","",NA,"",NA,"SPAL_0000593000",81.1189,"",NA
"692","SVE_0614500",0,0,0,0,0,0,0,0,0,0,0,0,"SVE_scaffold0000030","",NA,NA,"A0A0K0FBD5","",NA,"",NA,"",NA,"",NA
"693","SVE_0614600",0,0,0,0,0.108805363622015,0,0,0,0.127241142306572,0.15241168756767,0.186368664008482,0,"SVE_scaffold0000030","",NA,NA,NA,"",NA,"",NA,"",NA,"",NA
"694","SVE_0614700",0.0653125976935704,0,0,0,0,0,0.130199581305036,0.356324986443321,0.0790195290356262,0,0,0,"SVE_scaffold0000030","Integrase catalytic domain-containing protein","RT_RNaseH_2, Integrase_H2C2, Rev_trsase/Diguanyl_cyclase, DNA/RNA_pol_sf",NA,"A0A0K0FBD6","",NA,"",NA,"SPAL_0001606900",21.5126,"",NA
"695","SVE_0614800",0,0,0,0,0,0,0,0,0,0,0,0,"SVE_scaffold0000030","",NA,NA,"A0A0K0FBD7","",NA,"",NA,"SPAL_0001367100",18.6992,"",NA
"696","SVE_0615000",0,0,0,0,0,0,0.0653798128033038,0.128628668888364,0,0,0,0,"SVE_scaffold0000030","Retrotrans_gag domain-containing protein",NA,NA,"A0A0K0FBD9","",NA,"",NA,"",NA,"",NA
"697","SVE_0615300",0,0,0,0,0,0,0.0646314059489517,0.127025578369904,0.23799717824096,0.155187168961757,0,0,"SVE_scaffold0000030","Integrase catalytic domain-containing protein","Integrase_cat-core, RNaseH-like_sf, RNaseH_sf","DNA integration, nucleic acid binding","A0A0K0FBE2","",NA,"",NA,"",NA,"",NA
"698","SVE_0615400",0,0,0,0,0,0,0,0.0627319795600436,0.0792063513040104,0.155289058981699,0,0,"SVE_scaffold0000030","Peptidase A2 domain-containing protein","Peptidase_aspartic_dom_sf",NA,"A0A0K0FBE3","",NA,"",NA,"",NA,"",NA
"699","SVE_0615500",0,0,0,0,0,0,0,0.0631739909234393,0.0796101371611369,0,0,0,"SVE_scaffold0000030","Reverse transcriptase domain-containing protein","Rev_trsase/Diguanyl_cyclase, DNA/RNA_pol_sf",NA,"A0A0K0FBE4","",NA,"",NA,"",NA,"",NA
"700","SVE_0615600",0,0,0,0,0,0,0,0,0,0,0,0.0712268791835966,"SVE_scaffold0000030","Reverse transcriptase domain-containing protein","Rev_trsase/Diguanyl_cyclase, DNA/RNA_pol_sf",NA,"A0A0K0FBE5","",NA,"",NA,"",NA,"",NA
"701","SVE_0615700",0,0,0,0,0,0,0.127835497767192,0.125626209906194,0,0,0.074183779850052,0.0728537955308642,"SVE_scaffold0000030","Integrase_H2C2 domain-containing protein","RNaseH-like_sf, RNaseH_sf, Integrase_H2C2","nucleic acid binding","A0A0K0FBE6","",NA,"",NA,"",NA,"",NA
"702","SVE_0615800",0,0,0,0,0,0,0.0646731380459511,0.0636007997530829,0.0800872216134832,0,0,0,"SVE_scaffold0000030","Nucleotid_trans domain-containing protein","DUF1647, Nucleotide-diphossugar_trans",NA,"A0A0K0FBE7","SSTP_0001046600",55.6701,"SRAE_1000110300 | WBGene00257705",55.3265,"SPAL_0000078900",90.7216,"C16D9.5 | WBGene00015860",24.055
"703","SVE_0617000",0,0.0645593174746436,0,0,0,0.0912938749754473,0,0.0935494008503007,0.0520970051069077,0.109994718903657,0,0,"SVE_scaffold0000030","Histone-lysine N-methyltransferase SETMAR","Transposase_1, RNaseH_sf","nucleic acid binding","A0A0K0FBF9","SSTP_0000707900",73.1707,"",NA,"SPAL_0001603900",62.1951,"",NA
"704","SVE_0617200",0.257958598033088,0.0632241377842112,0,0,0,0,0,0,0.233082051479837,0,0.0743888066041938,0,"SVE_scaffold0000030","",NA,"membrane","A0A0K0FBG1","SSTP_0001118900",64.6067,"SRAE_X000251400 | WBGene00268101",66.8539,"SPAL_0000013000",91.573,"",NA
"705","SVE_0618200",0,0.262120683897493,0,0,0,0,0.0635914349848159,0,0,0.0760231749130147,0.146402983889147,0,"SVE_scaffold0000030","Secreted protein",NA,NA,"A0A0K0FBH1","SSTP_0001119900",94.1176,"",NA,"SPAL_0000014000",99.0196,"",NA
"706","SVE_0622300",0.0643466525968146,0.0640771939800515,0.0660922954805793,0,0,0,0,0.0622749822691131,0,0,0,0,"SVE_scaffold0000030","",NA,NA,"A0A0K0FBL2","SSTP_0000467200",57.971,"SRAE_X000256300 | WBGene00268150",55.0725,"SPAL_0001670200",86.9565,"",NA
"707","SVE_0626300",0,0,0,0,0,0,0,0.0619835319248396,0,0,0.0750273566547734,0,"SVE_scaffold0000031","Peptidase_M13 domain-containing protein","Peptidase_M13, Peptidase_M13_C, MetalloPept_cat_dom_sf","metalloendopeptidase activity, metallopeptidase activity, proteolysis","A0A0K0FBQ0","",NA,"",NA,"SPAL_0000112925",45.7317,"",NA
"708","SVE_0626400",0,0.128518182030618,0.245642980943475,0.102423116211133,0.0494849338361013,0.138543578404963,0.0159449599242739,0,0,0,0,0,"SVE_scaffold0000031","Fam-d protein","Peptidase_M13","metalloendopeptidase activity, proteolysis, membrane","A0A0K0FBQ1","",NA,"",NA,"SPAL_0001334100",66.8874,"",NA
"709","SVE_0626700",0,0,0.186751033202268,0.210906310777506,0.151543552689572,0.100992876737408,0.0647517186628479,0,0,0,0.073913881665028,0.123708013045909,"SVE_scaffold0000031","Phosphate-regulating neutral endopeptidase (inferred by orthology to a human protein)","Peptidase_M13, Peptidase_M13_C, MetalloPept_cat_dom_sf, Peptidase_M13_dom_2","metalloendopeptidase activity, metallopeptidase activity, proteolysis, membrane","A0A0K0FBQ4","SSTP_0000527900",28.626,"",NA,"SPAL_0000714200",54.9618,"nep-6 | WBGene00017550",16.2214
"710","SVE_0626800",0,0,0,0.0808664734508912,0.113604156311301,0.266338271379369,0,0,0,0,0,0.0218296360108366,"SVE_scaffold0000031","Phosphate-regulating neutral endopeptidase (inferred by orthology to a human protein)","Peptidase_M13, Peptidase_M13_C, MetalloPept_cat_dom_sf, Peptidase_M13_dom_2","metalloendopeptidase activity, metallopeptidase activity, proteolysis","A0A0K0FBQ5","SSTP_0000527900",37.8092,"",NA,"SPAL_0000714200",56.1837,"nep-6 | WBGene00017550",23.6749
"711","SVE_0628600",0.0652990960248303,0,0.0611760745232924,0.179613710960061,0.0896039566119682,0.174994326737929,0,0.063242005126595,0,0,0.0759735673928341,0,"SVE_scaffold0000031","Sulfotransfer_1 domain-containing protein","Sulfotransferase_dom, P-loop_NTPase, NST/OST","sulfotransferase activity, transferase activity","A0A0K0FBS3","SSTP_0001055400",81.3559,"SRAE_X000181900 | WBGene00267396",83.7288,"SPAL_0001462700",94.9153,"hst-3.2 | WBGene00044303",48.8136
"712","SVE_0628700",0,0,0,0,0,0,0.0647129955405388,0,0,0.0767324647282838,0.0732783007664889,0,"SVE_scaffold0000031","","MLT-10-like","membrane","A0A0K0FBS4","SSTP_0001055500",82.6546,"SRAE_X000182200 | WBGene00267399",53.5445,"SPAL_0001462800",96.2293,"mlt-10 | WBGene00015646",49.4721
"713","SVE_0631100",0,0,0,0,0,0,0,0.0641990723567841,0,0,0,0,"SVE_scaffold0000031","",NA,NA,"A0A0K0FBU7","SSTP_0001057300",48.4848,"",NA,"SPAL_0001464600",90.1515,"",NA
"714","SVE_0632200",0.126795568355179,0,0.126799044668695,0.124220418885234,0.276802482172237,0.0892153893421678,0,0,0,0.0723456976700252,0,0,"SVE_scaffold0000031","Transcriptional regulator",NA,"membrane","A0A0K0FBV8","SSTP_0001058300",67.1053,"SRAE_X000184800 | WBGene00267425",69.7368,"SPAL_0001465700",96.0526,"",NA
"715","SVE_0633800",0,0,0,0.0594078643797459,0.0904806026824166,0,0.379695574173479,0,0,0.154180832655068,0,0.149007603137788,"SVE_scaffold0000032","",NA,NA,"A0A0K0FBX4","",NA,"",NA,"SPAL_0001645000",44.4444,"",NA
"716","SVE_0634000",0,0,0,0,0,0,0,0,0,0,0,0,"SVE_scaffold0000032","Transposase",NA,NA,"A0A0K0FBX6","",NA,"",NA,"SPAL_0000161050",70.4082,"",NA
"717","SVE_0634100",0,0,0.0646411892528845,0,0,0,0,0.126462344568167,0,0,0.0723786600324868,0,"SVE_scaffold0000032","",NA,NA,"A0A0K0FBX7","",NA,"",NA,"",NA,"",NA
"718","SVE_0634200",0,0,0,0,0,0,0,0,0.156671580912174,0,0,0,"SVE_scaffold0000032","",NA,NA,"A0A0K0FBX8","",NA,"",NA,"SPAL_0001777100",38.806,"",NA
"719","SVE_0639100",0,0,0,0,0,0,0,0,0,0,0.0720373402849811,0.071609007923346,"SVE_scaffold0000032","ShKT domain-containing protein","ShKT_dom",NA,"A0A0K0FC27","SSTP_0001140000",61.5385,"SRAE_1000219800 | WBGene00258812",53.8462,"SPAL_0001214100",86.7133,"",NA
"720","SVE_0641900",0.0650925573363764,0.0638010016075572,0,0,0,0,0,0,0,0,0,0,"SVE_scaffold0000032","7TM_GPCR_Srx domain-containing protein","7TM_GPCR_serpentine_rcpt_Srx","membrane","A0A0K0FC55","SSTP_0000607500",42.9878,"",NA,"",NA,"",NA
"721","SVE_0642000",0,0,0,0,0,0,0,0,0,0,0,0,"SVE_scaffold0000032","7TM_GPCR_Srx domain-containing protein","7TM_GPCR_serpentine_rcpt_Srx","membrane","A0A0K0FC56","SSTP_0000607500",39.5137,"",NA,"SPAL_0000051900",54.7112,"",NA
"722","SVE_0642100",0,0,0,0,0,0,0,0.0624247197626041,0,0,0,0.0732609497760302,"SVE_scaffold0000032","7TM_GPCR_Srx domain-containing protein","GPCR_Rhodpsn, 7TM_GPCR_serpentine_rcpt_Srx","G protein-coupled receptor activity, G protein-coupled receptor signaling pathway, membrane","A0A0K0FC57","SSTP_0000607500",39.0093,"",NA,"SPAL_0001643800",41.7957,"",NA
"723","SVE_0642200",0,0.0645339103440115,0,0,0,0,0.0649680936999339,0.0639036278143576,0,0,0,0,"SVE_scaffold0000032","7TM_GPCR_Srx domain-containing protein","7TM_GPCR_serpentine_rcpt_Srx","membrane","A0A0K0FC58","SSTP_0000607500",38.5802,"",NA,"",NA,"",NA
"724","SVE_0642400",0,0,0,0,0.088657826973044,0,0.0638888979455392,0.0628421140789201,0,0,0,0.073750320360259,"SVE_scaffold0000032","7TM_GPCR_Srx domain-containing protein","7TM_GPCR_serpentine_rcpt_Srx","membrane","A0A0K0FC60","SSTP_0000607500",35.8025,"",NA,"SPAL_0001643800",44.7531,"",NA
"725","SVE_0642500",0,0,0,0,0.0893036335079963,0,0.0642629211793335,0,0,0,0,0,"SVE_scaffold0000032","7TM_GPCR_Srx domain-containing protein",NA,"membrane","A0A0K0FC61","SSTP_0000607500",38.8535,"",NA,"SPAL_0000051900",54.7771,"",NA
"726","SVE_0645300",0.128578076476139,0.0629466365609556,0,0,0,0.087789578739298,0,0,0,0,0,0,"SVE_scaffold0000032","HTH CENPB-type domain-containing protein","HTH_CenpB_DNA-bd_dom, Homeobox-like_sf",NA,"A0A0K0FC89","",NA,"",NA,"SPAL_0000964100",41.2903,"",NA
"727","SVE_0645500",0.0663719841395623,0.0650731201588927,0.128771097092206,0.31352533924917,0,0,0.19169892288962,0.126015768302064,0.0771956417431028,0,0,0,"SVE_scaffold0000032","",NA,NA,"A0A0K0FC91","",NA,"",NA,"",NA,"",NA
"728","SVE_0645800",0,0,0,0,0,0,0,0,0.0783356196644802,0,0,0,"SVE_scaffold0000033","ATP-dependent DNA helicase",NA,NA,"A0A0K0FC94","",NA,"",NA,"",NA,"",NA
"729","SVE_0645900",0.277751339793357,0.190887454719934,0,0,0,0.0872555399336528,0.0638758637282648,0,0.0791423631502487,0,0,0,"SVE_scaffold0000033","Reverse transcriptase Ty1/copia-type domain-containing protein","RVT_2, DNA/RNA_pol_sf",NA,"A0A0K0FC95","",NA,"",NA,"",NA,"",NA
"730","SVE_0646000",0,0.0654811851719321,0,0,0,0,0.0643144282571817,0,0,0,0.0717770184046035,0,"SVE_scaffold0000033","KTSC domain-containing protein",NA,NA,"A0A0K0FC96","",NA,"",NA,"SPAL_0000126700",0,"",NA
"731","SVE_0646600",0.0661814278907408,0,0,0,0,0,0.0652445936560637,0.127563063821766,0.0779596128243557,0,0,0,"SVE_scaffold0000033","",NA,NA,"A0A0K0FCA1","",NA,"",NA,"",NA,"",NA
"732","SVE_0646700",0,0,0,0,0,0,0.190543539675773,0.250064764531628,0.236571153053227,0.0772342124893558,0.151449228624086,0,"SVE_scaffold0000033","Secreted protein",NA,NA,"A0A0K0FCA2","",NA,"",NA,"",NA,"",NA
"733","SVE_0647200",0,0.129572354895236,0,0,0,0,0,0,0,0.0754420468630722,0,0,"SVE_scaffold0000033","DNA helicase",NA,NA,"A0A0K0FCA7","",NA,"",NA,"",NA,"",NA
"734","SVE_0647300",0.0648857327686662,0,0,0,0,0,0.0639061797476054,0.439940593921146,0.0790954396568793,0,0.150956049820897,0,"SVE_scaffold0000033","RT_RNaseH_2 domain-containing protein","DNA/RNA_pol_sf",NA,"A0A0K0FCA8","",NA,"",NA,"SPAL_0000191000",49.8316,"",NA
"735","SVE_0647400",0.065965429612198,0.065347829561828,0,0,0,0,0.19599180136492,0.127111845175473,0.233712669767051,0.0752758177829811,0,0,"SVE_scaffold0000033","",NA,NA,"A0A0K0FCA9","",NA,"",NA,"",NA,"",NA
"736","SVE_0647500",0,0,0,0,0,0,0.254432877033813,0.125081114462786,0,0,0.149084890406129,0.0731846253944397,"SVE_scaffold0000033","CAP domain-containing protein (inferred by orthology to a human protein)","CRISP-related, CAP_domain, Allrgn_V5/Tpx1_CS, SCP_GAPR1-like, CAP_sf","extracellular region","A0A0K0FCB0","SSTP_0000770200",20.7101,"SRAE_2000080100 | WBGene00261001",22.7811,"",NA,"F09B9.5 | WBGene00008604",13.3136
"737","SVE_0647900",0,0,0,0,0,0,0,0,0,0.0767056395522789,0,0,"SVE_scaffold0000033","",NA,NA,"A0A0K0FCB4","",NA,"",NA,"SPAL_0000440400",72.973,"",NA
"738","SVE_0648100",0.130598470940817,0,0.213074695710083,0,0.0885558866746576,0.176717220426524,0.0688834963833381,0,0,0,0,0,"SVE_scaffold0000033","Retrotransposon-like protein 1 (inferred by orthology to a human protein)","RT_dom, Integrase_cat-core, RNaseH-like_sf, RNaseH_sf, RT_RNaseH_2, Rev_trsase/Diguanyl_cyclase, DNA/RNA_pol_sf","DNA integration, nucleic acid binding, DNA-directed DNA polymerase activity, DNA biosynthetic process, DNA polymerase complex","A0A0K0FCB6","",NA,"SRAE_0000059900 | WBGene00256345",12.5224,"SPAL_0000638500",91.771,"",NA
"739","SVE_0648200",0,0.0643434328154855,0.0616824494573255,0.060357513175973,0,0,0.064757605759487,0.127388408947949,0.0800705709627597,0,0.228546878121091,0,"SVE_scaffold0000033","","7TM_GPCR_serpentine_rcpt_Sre","sensory perception of chemical stimulus, membrane","A0A0K0FCB7","SSTP_0000963800 | SSTP_0000963800",63.4375,"SRAE_2000425650 | WBGene00264486",65.9375,"SPAL_0000440500",91.25,"",NA
"740","SVE_0649800",0,0,0,0,0,0,0,0,0,0,0,0,"SVE_scaffold0000033","Guanylate cyclase","Prot_kinase_dom, A/G_cyclase, Ser-Thr/Tyr_kinase_cat_dom, ANF_lig-bd_rcpt, Kinase-like_dom_sf, A/G_cyclase_CS, Peripla_BP_I, Nucleotide_cyclase","phosphorus-oxygen lyase activity, cyclic nucleotide biosynthetic process, protein kinase activity, intracellular signal transduction, protein phosphorylation, ATP binding, lyase activity, cGMP biosynthetic process, guanylate cyclase activity, membrane","A0A0K0FCD3","",NA,"",NA,"SPAL_0000012500",70.983,"gcy-22 | WBGene00001547",35.2552
"741","SVE_0649900",0.0650459025796438,0,0,0,0,0,0.0650899178360653,0,0,0.153570387328924,0,0.143494456084295,"SVE_scaffold0000033","Guanylate cyclase","Prot_kinase_dom, A/G_cyclase, Ser-Thr/Tyr_kinase_cat_dom, ANF_lig-bd_rcpt, Kinase-like_dom_sf, A/G_cyclase_CS, Peripla_BP_I, Nucleotide_cyclase","phosphorus-oxygen lyase activity, cyclic nucleotide biosynthetic process, protein kinase activity, intracellular signal transduction, protein phosphorylation, ATP binding, lyase activity, cGMP biosynthetic process, guanylate cyclase activity, membrane","A0A0K0FCD4","SSTP_0000664200",69.0408,"SRAE_1000084200 | WBGene00257442",43.3998,"",NA,"",NA
"742","SVE_0650000",0.0649662309108844,0.191079690143682,0,0,0,0,0,0.0630495327629386,0.0792547817773539,0.154979459268187,0,0,"SVE_scaffold0000033","Atrial natriuretic peptide receptor 1 (inferred by orthology to a human protein)","A/G_cyclase, A/G_cyclase_CS, Nucleotide_cyclase","phosphorus-oxygen lyase activity, cyclic nucleotide biosynthetic process, intracellular signal transduction, lyase activity","A0A0K0FCD5","SSTP_0001081200",62.3053,"",NA,"SPAL_0001093300",88.162,"",NA
"743","SVE_0650300",0,0,0,0,0,0,0.193759034581688,0.0633996172400986,0.0784009577079264,0.153440594816013,0.146778746984006,0.0721193345717266,"SVE_scaffold0000033","DUF1758 domain-containing protein","RNaseH-like_sf",NA,"A0A0K0FCD8","",NA,"",NA,"",NA,"",NA
"744","SVE_0650800",0,0,0,0,0,0.0903229155707712,0.0620549205581094,0,0,0,0,0,"SVE_scaffold0000033","Retrovirus-related Pol polyprotein from transposon TNT 1-94",NA,NA,"A0A0K0FCE3","",NA,"",NA,"",NA,"",NA
"745","SVE_0651000",0,0,0,0,0,0,0.0643140356009052,0.125722139479181,0,0,0.0753473106536549,0,"SVE_scaffold0000033","RT_RNaseH_2 domain-containing protein",NA,NA,"A0A0K0FCE5","",NA,"",NA,"",NA,"",NA
"746","SVE_0651200",0.155444324738162,0,0,0,0.232775046367421,0.40908768060533,0.0330405024465939,0,0.0102872584462427,0,0,0.0455123176880378,"SVE_scaffold0000033","guanylate cyclase","A/G_cyclase, HNOB_dom_associated, A/G_cyclase_CS, Nucleotide_cyclase","phosphorus-oxygen lyase activity, cGMP biosynthetic process, guanylate cyclase activity, cyclic nucleotide biosynthetic process, intracellular signal transduction, response to stimulus, lyase activity","A0A0K0FCE7","SSTP_0000270000",26.0073,"",NA,"",NA,"",NA
"747","SVE_0652500",0.130302962273661,0,0,0,0.468130474726324,0,0,0.124047205083399,0,0,0,0.0690966337203043,"SVE_scaffold0000033","",NA,NA,"A0A0K0FCG0","",NA,"",NA,"",NA,"",NA
"748","SVE_0652600",0,0.191343049000896,0,0,0.0927387293642247,0.0910663572943093,0.0624284221104489,0.061554654307071,0,0,0.0704595208802263,0,"SVE_scaffold0000033","",NA,"membrane","A0A0K0FCG1","",NA,"",NA,"SPAL_0000429350",80,"",NA
"749","SVE_0654200",0,0,0.0620738021212956,0.161903286237793,0,0,0.0641462761050762,0,0,0.0779697213539051,0.190723550269651,0,"SVE_scaffold0000033","Serpentine receptor class gamma",NA,"membrane","A0A0K0FCH7","",NA,"",NA,"",NA,"",NA
"750","SVE_0654500",0,0.0638011002269069,0,0,0,0.0893177544274401,0,0.0614270272077465,0,0,0,0,"SVE_scaffold0000033","7TM_GPCR_Srx domain-containing protein",NA,NA,"A0A0K0FCI0","SSTP_0000379200",34.6154,"SRAE_0000009500 | WBGene00255832",28.4615,"SPAL_0000575800",49.2308,"",NA
"751","SVE_0654600",0.0654550166780627,0.128308791027871,0,0,0,0,0,0.063493067023642,0,0,0,0,"SVE_scaffold0000033","Serpentine receptor class gamma",NA,"membrane","A0A0K0FCI1","SSTP_0000396800",35.2381,"SRAE_0000009500 | WBGene00255832",30.7937,"SPAL_0000575800",38.4127,"",NA
"752","SVE_0655200",0.131237184332007,0.38586494733803,0,0,0,0,0,0.0624899149893338,0.078748083361041,0.0771606040164517,0,0,"SVE_scaffold0000033","",NA,NA,"A0A0K0FCI7","",NA,"",NA,"",NA,"",NA
"753","SVE_0655300",0.265136687433825,0.259421239026985,0,0,0,0,0.127670413965632,0.188620312948413,0.0793143155849943,0,0,0,"SVE_scaffold0000033","RNA-directed DNA polymerase-like protein",NA,NA,"A0A0K0FCI8","SSTP_0001117600",36.5385,"",NA,"SPAL_0000137000",14.1026,"",NA
"754","SVE_0655500",0.130697640281668,0.128288123702144,0,0,0,0.0897361402032343,0,0.123574546735583,0.0774855078655861,0.0761666773389038,0,0,"SVE_scaffold0000033","Chemokine vCXCL1",NA,NA,"A0A0K0FCJ0","",NA,"",NA,"",NA,"",NA
"755","SVE_0655800",0.065347553476462,0,0.186821655004864,0.182763144475451,0,0,0,0,0.0792832110664303,0,0,0.0732874018974985,"SVE_scaffold0000033","","Glyco_trans_14","glycosyltransferase activity, membrane, Golgi membrane, transferase activity","A0A0K0FCJ3","SSTP_0000964200",67.0354,"SRAE_2000425400 | WBGene00264483",71.4602,"SPAL_0000136600",92.6991,"T14B4.9 | WBGene00020503",24.7788
"756","SVE_0656200",0,0,0,0,0,0,0,0,0,0,0,0,"SVE_scaffold0000033","Extensin-like",NA,NA,"A0A0K0FCJ7","",NA,"",NA,"SPAL_0000511500",59.2784,"",NA
"757","SVE_0656600",0.0651797792454526,0,0,0,0,0,0,0,0,0,0,0,"SVE_scaffold0000034","","TSP1_rpt, TSP1_rpt_sf",NA,"A0A0K0FCK1","",NA,"",NA,"SPAL_0000803500",99.1936,"",NA
"758","SVE_0657400",0,0.129437068764088,0.0615088644725348,0.0602782041056157,0,0,0,0,0,0,0.0762041700617873,0,"SVE_scaffold0000034","Merozoite surface protein","LDrepeatLR_classA_rpt, LDLR_class-A_CS, LDL_receptor-like_sf","protein binding","A0A0K0FCK9","SSTP_0000436100",58.2418,"SRAE_X000175900 | WBGene00267336",32.4176,"SPAL_0000802600",84.6154,"",NA
"759","SVE_0661700",0,0.0646522900266477,0,0.0656742313124829,0,0,0,0,0,0,0.0676970356577258,0,"SVE_scaffold0000034","Secreted protein",NA,NA,"A0A0K0FCQ2","",NA,"",NA,"",NA,"",NA
"760","SVE_0664000",0,0,0,0,0,0,0,0,0,0,0,0,"SVE_scaffold0000034","YkgJ family cysteine cluster protein",NA,NA,"A0A0K0FCS5","SSTP_0000431300",46.8354,"SRAE_X000171000 | WBGene00267285",54.4304,"SPAL_0000358500",83.5443,"",NA
"761","SVE_0665500",0,0,0,0,0,0,0.0654970723021978,0,0,0,0,0,"SVE_scaffold0000034","Probable cation-transporting ATPase (inferred by orthology to a C. elegans protein)","ATPase_P-typ_cyto_dom_N","nucleotide binding","A0A0K0FCT8","",NA,"",NA,"",NA,"",NA
"762","SVE_0665600",0,0,0,0.0318560616219117,0,0,0,0.0627114996970701,0,0,0,0,"SVE_scaffold0000034","",NA,NA,"A0A0K0FCT9","",NA,"",NA,"",NA,"",NA
"763","SVE_0665700",0.0660706328055908,0,0.0642857648859875,0,0,0,0,0.0626877055730988,0,0,0,0,"SVE_scaffold0000034","Probable cation-transporting ATPase (inferred by orthology to a C. elegans protein)","ATPase_P-typ_transduc_dom_A_sf",NA,"A0A0K0FCU0","",NA,"",NA,"",NA,"",NA
"764","SVE_0665900",0,0,0.126252469741673,0.0615314922967617,0,0.0914967397217541,0.0627839565100971,0,0,0,0.0720920955319762,0,"SVE_scaffold0000034","Insulin-like growth factor 1 receptor (inferred by orthology to a human protein)","Kinase-like_dom_sf",NA,"A0A0K0FCU2","",NA,"",NA,"SPAL_0000439900",54.6392,"",NA
"765","SVE_0666000",0,0,0,0.0683379938871286,0.0924023655355226,0,0.0646501491243001,0,0,0,0,0,"SVE_scaffold0000034","Helicase C-terminal domain-containing protein","Helicase_C, P-loop_NTPase",NA,"A0A0K0FCU3","",NA,"",NA,"",NA,"",NA
"766","SVE_0666100",0.0667741871551363,0,0,0,0,0,0.0639393834364954,0,0,0,0,0,"SVE_scaffold0000034","Helicase ATP-binding domain-containing protein","DEAD/DEAH_box_helicase_dom, Helicase_ATP-bd, P-loop_NTPase","nucleic acid binding, ATP binding","A0A0K0FCU4","",NA,"",NA,"",NA,"",NA
"767","SVE_0666200",0.0658245994711091,0.0645527351863352,0,0,0,0,0.126295590804647,0.0618256845015716,0,0.379868414502864,0.0745497621664927,0.147298003210834,"SVE_scaffold0000034","","Cystatin_sf",NA,"A0A0K0FCU5","SSTP_0000273900",38.0165,"SRAE_X000225000 | WBGene00267831",42.9752,"SPAL_0000714425",79.3388,"",NA
"768","SVE_0666400",0,0,0,0,0,0,0.397665748399555,0,0.140094747974449,0,0.223399676047263,0.122924585502769,"SVE_scaffold0000034","Reverse transcriptase domain-containing protein",NA,NA,"A0A0K0FCU7","",NA,"",NA,"SPAL_0001111100",64.0553,"",NA
"769","SVE_0666600",0,0,0,0,0,0,0,0,0,0,0.144846624921677,0,"SVE_scaffold0000034","",NA,NA,"A0A0K0FCU9","",NA,"",NA,"",NA,"",NA
"770","SVE_0666700",0,0,0,0,0,0,0.191794619849706,0.188651329439579,0,0,0,0.0745259190578385,"SVE_scaffold0000034","Integrase catalytic domain-containing protein","Integrase_cat-core, RNaseH-like_sf, RNaseH_sf","DNA integration, nucleic acid binding","A0A0K0FCV0","",NA,"",NA,"SPAL_0001760500",65.2672,"",NA
"771","SVE_0667000",0,0,0,0,0,0,0,1.429110221877e-08,0,0,0,0,"SVE_scaffold0000034","Anoctamin",NA,"membrane","A0A0K0FCV3","",NA,"",NA,"",NA,"",NA
"772","SVE_0667100",0,0,0,0,0,0,0.0649631497662096,0,0,0,0,0.0718135179578484,"SVE_scaffold0000034","CPXV020 protein",NA,NA,"A0A0K0FCV4","",NA,"SRAE_X000234400 | WBGene00267928",18.1818,"SPAL_0000980680",0,"",NA
"773","SVE_0667200",0,0.0637158394269528,0,0,0,0,0,0,0,0,0,0,"SVE_scaffold0000034","",NA,NA,"A0A0K0FCV5","",NA,"SRAE_X000234300 | WBGene00267927",39.0625,"",NA,"",NA
"774","SVE_0667300",0,0,0,0,0,0,0,0,0,0,0,0,"SVE_scaffold0000035","Phosphoribosylaminoimidazolesuccinocarboxamide synthase","P-loop_NTPase",NA,"A0A0K0FCV6","",NA,"",NA,"",NA,"",NA
"775","SVE_0667400",0,0,0,0,0,0,0,0,0,0,0,0,"SVE_scaffold0000035","",NA,NA,"A0A0K0FCV7","",NA,"",NA,"SPAL_0001777100",36,"",NA
"776","SVE_0667500",0.065317348128721,0.063987550756841,0,0,0,0,0.0635273120783024,0.374544091831725,0,0.0773746728925851,0.0757169233448412,0,"SVE_scaffold0000035","",NA,NA,NA,"",NA,"",NA,"",NA,"",NA
"777","SVE_0667800",0,0,0,0,0,0,0.0637311124957198,0,0.155826835281744,0.076571926543627,0.299958063776863,0,"SVE_scaffold0000035","",NA,NA,"A0A0K0FCW0","",NA,"",NA,"SPAL_0001677000",37.6068,"",NA
"778","SVE_0667900",0,0.06611211360536,0.191696782366516,0.0620149874145732,0,0,0.0642133059100031,0.0628849660837233,0,0.153911490842856,0,0,"SVE_scaffold0000035","Transposase",NA,NA,"A0A0K0FCW1","",NA,"",NA,"",NA,"",NA
"779","SVE_0668000",0,0.0652751224470785,0.127813703517753,0.0622836125329748,0,0,0,0.125497182019927,0.07742744184056,0.151743949783751,0.0727921512424839,0.072043618849999,"SVE_scaffold0000035","",NA,"membrane","A0A0K0FCW2","",NA,"",NA,"SPAL_0001176200",82.2917,"",NA
"780","SVE_0668500",0,0,0,0,0.360387901658302,0.0885733523058186,0,0,0,0.0720873287560167,0,0,"SVE_scaffold0000035","",NA,NA,"A0A0K0FCW7","",NA,"",NA,"SPAL_0001401000",73.6264,"",NA
"781","SVE_0669100",0,0,0,0,0,0.0855343146536489,0,0,0,0,0,0,"SVE_scaffold0000035","",NA,NA,"A0A0K0FCX3","",NA,"",NA,"",NA,"",NA
"782","SVE_0669800",0,0,0,0,0.0896033137034746,0.261093551940667,0,0,0,0.0738706220090601,0.0722972246403548,0,"SVE_scaffold0000035","NTR domain-containing protein",NA,NA,"A0A0K0FCY0","",NA,"",NA,"",NA,"",NA
"783","SVE_0671700",0,0,0,0,0.180006810204581,0.0881615272142167,0.0626193808302253,0.061688680995524,0,0,0.372754890936592,0,"SVE_scaffold0000035","Si:dkey-2n12.1 protein (inferred by orthology to a zebrafish protein)",NA,NA,"A0A0K0FCZ9","",NA,"SRAE_2000076500 | WBGene00260965",10.0559,"SPAL_0000007300",69.8324,"",NA
"784","SVE_0672600",0.129880109540308,0.063608667927257,0,0,0,0,0.0645129150845996,0.0633649932474712,0.236360206325083,0.154154270881609,0.0821494049793311,0,"SVE_scaffold0000035","CAP domain-containing protein (inferred by orthology to a zebrafish protein)","CAP_domain, CAP_sf",NA,"A0A0K0FD08","",NA,"SRAE_2000076500 | WBGene00260965",18.543,"SPAL_0000007500",56.5121,"",NA
"785","SVE_0674300",0.13003932177749,0.255491566127149,0,0,0,0,0,0,0,0,0,0,"SVE_scaffold0000035","",NA,NA,"A0A0K0FD25","SSTP_0000108600",76.6917,"SRAE_2000409500 | WBGene00264323",78.1955,"SPAL_0001314800",83.4586,"",NA
"786","SVE_0674800",0.128019193422507,0,0,0,0.177459680269919,0.347877734200964,0,0,0.077478069898615,0,0,0,"SVE_scaffold0000035","",NA,"membrane","A0A0K0FD30","",NA,"SRAE_2000409100 | WBGene00264319",69.898,"SPAL_0001315200",90.8163,"cuti-1 | WBGene00022591",28.5714
"787","SVE_0675200",0.0652358491004622,0,0,0,0,0.0896380712418569,0,0.0612411565221228,0,0,0,0,"SVE_scaffold0000035","CUB domain-containing protein","CUB_dom, Sperma_CUB_dom_sf",NA,"A0A0K0FD34","",NA,"",NA,"SPAL_0000325700",27.4194,"",NA
"788","SVE_0676000",0,0,0,0,0,0,0,0,0,0,0,0,"SVE_scaffold0000035","",NA,NA,"A0A0K0FD42","SSTP_0000109900",70.7317,"SRAE_2000408200 | WBGene00264310",76.0163,"SPAL_0001316100",89.0244,"",NA
"789","SVE_0676700",0,0,0,0.0612396799552294,0,0,0.0638246976906978,0.124761375767407,0.156055657346691,0.0766843676794366,0.0750996909668395,0.29651740129215,"SVE_scaffold0000035","Plasmodium yoelii subtelomeric region (PYST-C1)",NA,NA,"A0A0K0FD49","",NA,"",NA,"SPAL_0001446800",51.2821,"",NA
"790","SVE_0676800",0,0,0,0,0,0,0.127947765488399,0.250328346524356,0,0,0.14759134025715,0.220339928891987,"SVE_scaffold0000035","",NA,NA,"A0A0K0FD50","",NA,"",NA,"SPAL_0001446800",55.7692,"",NA
"791","SVE_0677100",0.0645745216570808,0.12661492631127,0,0,0,0,0,0.123329392623379,0.15559244659362,0,0.07448684629532,0.0738243826664711,"SVE_scaffold0000035","Ribosomal protein S18",NA,NA,"A0A0K0FD53","",NA,"",NA,"SPAL_0001778700",39.3258,"",NA
"792","SVE_0677200",0.0664652504768096,0.132373840001308,0,0,0,0,0,0.257300906597219,0,0,0.0702327232686881,0.138507691520052,"SVE_scaffold0000035","VWFA domain-containing protein",NA,NA,"A0A0K0FD54","",NA,"",NA,"SPAL_0000418300",71.0145,"",NA
"793","SVE_0677300",0,0.0645973106790099,0,0,0,0,0,0,0.0772691698610513,0,0,0,"SVE_scaffold0000035","Secreted protein",NA,NA,"A0A0K0FD55","",NA,"",NA,"SPAL_0001446800",53.8462,"",NA
"794","SVE_0677400",0,0,0,0,0,0,0.0673931793246282,0,0,0.0768484479862153,0.0712451129798578,0.0702524311837043,"SVE_scaffold0000035","Transposase",NA,NA,"A0A0K0FD56","",NA,"",NA,"SPAL_0001446800",43.4783,"",NA
"795","SVE_0678100",0,0.129732910255581,0,0,0,0,0,0,0.0384752181415225,0,0,0,"SVE_scaffold0000036","CCHC-type domain-containing protein","Znf_CCHC_sf","nucleic acid binding, zinc ion binding","A0A0K0FD63","",NA,"",NA,"SPAL_0001519500",75,"",NA
"796","SVE_0678300",0,0,0,0,0,0,0,0,0,0,0,0,"SVE_scaffold0000036","",NA,NA,NA,"",NA,"",NA,"",NA,"",NA
"797","SVE_0678400",0,0.125458731246,0,0.175435978607223,0.0885121208782317,0.260265192053587,0,0,0.077866510567762,0,0.149292161286336,0.0734749870062398,"SVE_scaffold0000036","LisH domain-containing protein","RNaseH-like_sf, RNaseH_sf","nucleic acid binding","A0A0K0FD65","",NA,"",NA,"SPAL_0000195500",0.452489,"",NA
"798","SVE_0678600",0.0637955530358563,0,0,0,0.182435526218586,0.0890705241346209,0,0,0,0.144744977017352,0,0,"SVE_scaffold0000036","",NA,NA,NA,"",NA,"",NA,"",NA,"",NA
"799","SVE_0678700",0.191165391336882,0.124642430177048,0,0,0.2697494186359,0.174615826718625,0,0,0,0,0.0723322658157186,0,"SVE_scaffold0000036","Ephrin RBD domain-containing protein",NA,NA,"A0A0K0FD67","",NA,"",NA,"SPAL_0000922500",64.0625,"",NA
"800","SVE_0680400",0,0,0,0,0,0,0,0.210406543834874,0.0781952856654822,0,0.0726484016510017,0.0715525633602899,"SVE_scaffold0000036","Ig-like domain-containing protein",NA,NA,"A0A0K0FD84","SSTP_0001198400",61.3636,"SRAE_1000021900 | WBGene00256813",53.4091,"SPAL_0001336900",63.6364,"",NA
"801","SVE_0680900",0,0.0662158272941195,0,0,0,0,0,0.128706353044923,0.0782798570481992,0.151579043898823,0,0.138568185081106,"SVE_scaffold0000036","",NA,NA,"A0A0K0FD89","SSTP_0001198400",69.5652,"SRAE_1000021900 | WBGene00256813",73.913,"SPAL_0000351000",89.8551,"",NA
"802","SVE_0683600",0,0.0636814354949323,0,0,0,0.088258043007856,0.063525226827773,0,0,0,0,0,"SVE_scaffold0000036","",NA,NA,"A0A0K0FDB5","",NA,"",NA,"SPAL_0000838500",31.9249,"",NA
"803","SVE_0683700",0.127616467499105,0,0,0,0.0895899523862602,0,0,0,0.0760572568783697,0,0.13985028250684,0.114802469118874,"SVE_scaffold0000036","IgGFc_binding domain-containing protein",NA,NA,"A0A0K0FDB6","",NA,"",NA,"",NA,"",NA
"804","SVE_0683800",0,0,0,0,0,0,0.130994128461321,0,0,0,0,0,"SVE_scaffold0000036","",NA,"membrane","A0A0K0FDB7","",NA,"",NA,"",NA,"",NA
"805","SVE_0684900",0,0,0,0,0,0.276889888166396,0.0632163543926471,0,0.153857647031759,0.0752944422652211,0.0720648948860114,0.14287075723179,"SVE_scaffold0000036","HTH_48 domain-containing protein","Mos1_HTH",NA,"A0A0K0FDC8","SSTP_0000843600",37.8947,"SRAE_X000162100 | WBGene00267194",24.2105,"SPAL_0000002200",38.9474,"",NA
"806","SVE_0685300",0,0,0,0,0,0.0868975585155495,0,0.0627549389615969,0,0.154495205982449,0,0,"SVE_scaffold0000036","",NA,NA,"A0A0K0FDD2","",NA,"",NA,"SPAL_0000043900",28.0822,"",NA
"807","SVE_0685400",0,0.0648996625363178,0,0,0,0,0,0.0630313817979626,0,0,0,0,"SVE_scaffold0000036","",NA,NA,"A0A0K0FDD3","",NA,"",NA,"",NA,"",NA
"808","SVE_0685500",0,0,0,0,0,0.0855340304083288,0,0,0,0,0,0,"SVE_scaffold0000036","ZP domain-containing protein",NA,NA,"A0A0K0FDD4","",NA,"",NA,"",NA,"",NA
"809","SVE_0685600",0.194204342465627,0.0633468035406963,0,0,0,0,0,0,0,0.0757301911280495,0.0743021267343211,0,"SVE_scaffold0000036","Cytochrome P450",NA,NA,"A0A0K0FDD5","SSTP_0000786850",22.7273,"",NA,"",NA,"",NA
"810","SVE_0685700",0,0,0,0,0,0.534748297676063,0.0621160411796728,0,0,0,0.0733317265627127,0,"SVE_scaffold0000036","HTH psq-type domain-containing protein",NA,NA,"A0A0K0FDD6","",NA,"",NA,"",NA,"",NA
"811","SVE_0685800",0,0.0642517437285305,0,0,0,0,0.316689062255213,0.0623452818871091,0.0786280654258753,0,0,0.07500633363743,"SVE_scaffold0000036","Retrotran_gag_3 domain-containing protein",NA,NA,"A0A0K0FDD7","",NA,"",NA,"",NA,"",NA
"812","SVE_0686100",0,0,0,0,0.0917038426805467,0,0.125672891932574,0.123598232770833,0,0.076170589917563,0,0.0743154645247216,"SVE_scaffold0000036","receptor protein-tyrosine kinase","Prot_kinase_dom, Ser-Thr/Tyr_kinase_cat_dom, Tyr_kinase_rcpt_2_CS, Kinase-like_dom_sf","transmembrane receptor protein tyrosine kinase signaling pathway, transmembrane receptor protein tyrosine kinase activity, protein kinase activity, protein phosphorylation, membrane, ATP binding, nucleotide binding","A0A0K0FDD9","",NA,"SRAE_1000072600 | WBGene00257323",51.049,"",NA,"scd-2 | WBGene00004740",30.7692
"813","SVE_0686200",0.0659264887974174,0,0,0,0,0,0.31708471973755,0.124984616447559,0,0.154266599915909,0.0756096354235624,0,"SVE_scaffold0000036","",NA,NA,"A0A0K0FDE0","",NA,"",NA,"",NA,"",NA
"814","SVE_0686400",0,0,0,0,0,0,0,0.123770993742431,0,0.0760043667076288,0.0737685199073246,0.0732431840702476,"SVE_scaffold0000036","",NA,NA,"A0A0K0FDE2","",NA,"",NA,"",NA,"",NA
"815","SVE_0686500",0,0,0,0,0,0,0,0.0641987856747287,0,0,0,0,"SVE_scaffold0000036","Reverse transcriptase domain-containing protein",NA,NA,"A0A0K0FDE3","SSTP_0000001200",59.7222,"",NA,"",NA,"",NA
"816","SVE_0686600",0,0,0,0,0,0,0,0,0.0796698557173337,0.153562917577198,0.0711458185070209,0,"SVE_scaffold0000036","",NA,NA,"A0A0K0FDE4","SSTP_0000001200",62.6667,"",NA,"",NA,"",NA
"817","SVE_0686700",0,0,0,0,0.0891709537001064,0.087098576107775,0.0642340188295714,0.126355905927941,0,0,0,0,"SVE_scaffold0000036","",NA,NA,NA,"",NA,"",NA,"",NA,"",NA
"818","SVE_0686800",0,0,0,0,0.262575474992833,0.171246008334101,0,0,0,0,0,0,"SVE_scaffold0000036","PRP1_N domain-containing protein",NA,NA,"A0A0K0FDE5","SSTP_0000421300",37.2727,"",NA,"SPAL_0000001500",50.9091,"",NA
"819","SVE_0686900",0,0,0,0,0.350632896847072,0.256478583247529,0,0,0,0,0,0,"SVE_scaffold0000036","DUF4371 domain-containing protein",NA,NA,"A0A0K0FDE6","",NA,"",NA,"",NA,"",NA
"820","SVE_0687000",0.0650862278638605,0.0639337281376709,0.245292665784332,0.239548526918244,0.0918885757267563,0,0,0,0,0,0.074410654327597,0,"SVE_scaffold0000036","PIH1_CS domain-containing protein",NA,NA,"A0A0K0FDE7","",NA,"",NA,"",NA,"",NA
"821","SVE_0687100",0,0,0.0652716446243106,0,0,0,0,0,0,0,0,0.069436193707354,"SVE_scaffold0000036","Bacteriocin immunity protein",NA,NA,"A0A0K0FDE8","",NA,"",NA,"SPAL_0001781700",62.8205,"",NA
"822","SVE_0687300",0,0,0,0,0.45991633081077,0,0.170501059197032,0.062588357067799,0.0789084365148628,0,0,0,"SVE_scaffold0000036","C2H2-type domain-containing protein",NA,NA,"A0A0K0FDE9","",NA,"",NA,"",NA,"",NA
"823","SVE_0687500",0,0,0,0,0,0,0.258850101970376,0.321692598318029,0.159946748980758,0,0,0,"SVE_scaffold0000036","Integrase_H2C2 domain-containing protein","RNaseH-like_sf, RNaseH_sf, Integrase_H2C2","nucleic acid binding","A0A0K0FDF0","SSTP_0000707366",44.7531,"",NA,"SPAL_0001476500",20.679,"",NA
"824","SVE_0687600",0,0,0,0,0,0,0.0654971452303344,0,0,0,0,0,"SVE_scaffold0000036","",NA,NA,NA,"",NA,"",NA,"",NA,"",NA
"825","SVE_0687800",0.198300781664983,0.130974674752453,0,0,0,0,0.0649869994753074,0.126441826550678,0.155567516383992,0.227632911593257,0,0,"SVE_scaffold0000036","",NA,NA,"A0A0K0FDF2","",NA,"",NA,"",NA,"",NA
"826","SVE_0688000",0,0,0,0,0,0,0,0.187023502354618,0.0777253891974384,0,0,0.0739474126163595,"SVE_scaffold0000037","Transposase",NA,NA,"A0A0K0FDF4","",NA,"",NA,"",NA,"",NA
"827","SVE_0688100",0.064363507356414,0.0631288529796417,0,0,0.359488864007864,0.175903763836555,0,0.0612518130471744,0,0.151171151438461,0,0.0735250562169403,"SVE_scaffold0000037","Glycine-rich cell wall structural protein 1.8-like",NA,NA,"A0A0K0FDF5","",NA,"",NA,"SPAL_0001193500",76.3636,"",NA
"828","SVE_0689900",0,0,0,0.125689696861211,0,0,0.130408341643161,0.0638575424789298,0,0,0,0,"SVE_scaffold0000037","",NA,NA,"A0A0K0FDH3","SSTP_0000616500",58.8785,"SRAE_X000054300 | WBGene00266102",57.9439,"SPAL_0001325100",86.9159,"",NA
"829","SVE_0690100",0,0,0,0,0,0.0855339455421918,0,0,0,0,0,0,"SVE_scaffold0000037","Transposase","RNaseH_sf","nucleic acid binding","A0A0K0FDH5","",NA,"",NA,"SPAL_0000728100",24.7191,"",NA
"830","SVE_0698000",0,0,0.0615891945429386,0.0601855717961757,0.453486805114427,0.176644907465326,0,0,0,0,0,0,"SVE_scaffold0000037","Transposase",NA,NA,"A0A0K0FDQ4","",NA,"",NA,"",NA,"",NA
"831","SVE_0698500",0.0648528736393389,0.321323385184025,0,0,0,0.18175345164605,0.0637300505154087,0.123907627147638,0,0,0,0,"SVE_contig0000002","",NA,NA,"A0A0K0FDQ9","",NA,"",NA,"",NA,"",NA
"832","SVE_0698600",0.0646470772980191,0,0,0,0.444888480337779,0.0871174790641315,0,0.187030406978944,0.0785897270532804,0.076776392048418,0,0,"SVE_contig0000002","PRE_C2HC domain-containing protein",NA,NA,"A0A0K0FDR0","",NA,"",NA,"SPAL_0000537100",38.4298,"",NA
"833","SVE_0698700",0,0,0,0,0,0,0.064540019330141,0,0.0795006032336414,0,0,0,"SVE_contig0000002","",NA,NA,"A0A0K0FDR1","",NA,"SRAE_0000076600 | WBGene00256525",25.3846,"",NA,"",NA
"834","SVE_0698900",0,0.126810883747222,0,0.0590184443759557,0,0.0880695192906454,0,0.123496691406561,0,0,0.149621750156044,0.073916364972764,"SVE_contig0000002","",NA,NA,"A0A0K0FDR3","",NA,"",NA,"SPAL_0000077300",70.4301,"",NA
"835","SVE_0703300",0,0,0,0,0,0,0.0653572036114758,0.064336434439614,0,0,0,0,"SVE_contig0000002","Ubiquitin-like domain-containing protein",NA,NA,"A0A0K0FDV6","",NA,"",NA,"SPAL_0001088375",82.3232,"",NA
"836","SVE_0703900",0.0655397048701037,0,0.0611239695717219,0.0597792606408824,0.0909090051022991,0.267099664475177,0.0638141546633426,0.0627486309215294,0,0,0.0761321836379126,0,"SVE_contig0000002","Secreted protein","DUF5346",NA,"A0A0K0FDW2","SSTP_0000499300",86.1538,"SRAE_X000096000 | WBGene00266523",84.6154,"SPAL_0000414500",97.9487,"D2096.6 | WBGene00017073",54.359
"837","SVE_0706100",0.0663425639058017,0,0.256786733891842,0.0625701344742993,0,0,0.0636757475885684,0,0,0,0.0721606587429424,0,"SVE_contig0000002","",NA,"membrane","A0A0K0FDY4","SSTP_0000501300",57.1429,"SRAE_X000098000 | WBGene00266543",61.5385,"SPAL_0000404000",96.7033,"",NA
"838","SVE_0708000",0.260896684044618,0.323289121103929,0,0,0,0,0,0,0.0771460128062211,0,0,0,"SVE_scaffold0000038","",NA,NA,"A0A0K0FE03","",NA,"",NA,"",NA,"",NA
"839","SVE_0708900",0,0,0,0,0,0,0.196264243210132,0.321366099978338,0,0,0,0,"SVE_scaffold0000038","Ground-like domain-containing protein",NA,NA,"A0A0K0FE12","SSTP_0001233100",46.6346,"SRAE_X000133000 | WBGene00266897",41.8269,"SPAL_0000523000",87.2596,"",NA
"840","SVE_0709400",0.064219812875839,0.0630468586407885,0.0623738661371243,0,0.275473166971634,0.448315997484963,0,0,0.0747396636736307,0,0,0,"SVE_scaffold0000038","",NA,NA,"A0A0K0FE17","SSTP_0001233500",67.8161,"SRAE_X000132500 | WBGene00266892",71.2644,"SPAL_0000522500",96.5517,"",NA
"841","SVE_0710300",0,0.450356969649962,0,0,0.0901549762946472,0,0,0,0,0,0.0714027445091611,0,"SVE_scaffold0000038","",NA,NA,"A0A0K0FE26","",NA,"",NA,"",NA,"",NA
"842","SVE_0710400",0,0,0,0,0,0,0,0,0,0,0,0,"SVE_scaffold0000038","Probable cation-transporting ATPase (inferred by orthology to a C. elegans protein)",NA,NA,"A0A0K0FE27","",NA,"",NA,"",NA,"",NA
"843","SVE_0710500",0,0,0.061586585171603,0,0,0.0896120753840103,0,0,0,0,0.0714443815264491,0,"SVE_scaffold0000038","Probable cation-transporting ATPase (inferred by orthology to a C. elegans protein)","HAD_sf, HAD-like_sf",NA,"A0A0K0FE28","",NA,"",NA,"",NA,"",NA
"844","SVE_0711300",0.324776953330867,0.383615089841085,0,0,0,0,0,0,0,0,0,0,"SVE_scaffold0000038","NAD kinase 2, mitochondrial (inferred by orthology to a human protein)",NA,NA,"A0A0K0FE36","",NA,"",NA,"",NA,"",NA
"845","SVE_0713800",0.0641257842815752,0.0627623416821046,0,0,0.176556959694479,0.08634885146639,0,0.0619157745866527,0.156028125854497,0.0763233771331196,0.0746717552945872,0.0734377309107586,"SVE_scaffold0000038","Chloride intracellular channel exl-1 (inferred by orthology to a C. elegans protein)","Glutathione-S-Trfase_C_sf",NA,"A0A0K0FE61","SSTP_0001249400",85.7143,"SRAE_X000115300 | WBGene00266719",84.5238,"SPAL_0001714500",97.619,"exl-1 | WBGene00001371",32.1429
"846","SVE_0716100",0,0.0765986996469444,0,0,0,0.101516060960344,0,0,0,0,0,0,"SVE_scaffold0000038","Probable cation-transporting ATPase (inferred by orthology to a C. elegans protein)","ATPase_P-typ_cyto_dom_N","nucleotide binding","A0A0K0FE83","",NA,"",NA,"",NA,"catp-8 | WBGene00007514",43.8462
"847","SVE_0716200",0.31991939926132,0,0,0,0.0900647852938973,0.0881170705818301,0,2.21268843928787e-06,0,0,0,0,"SVE_scaffold0000038","Probable cation-transporting ATPase (inferred by orthology to a C. elegans protein)","HAD_sf, HAD-like_sf",NA,"A0A0K0FE84","",NA,"",NA,"",NA,"",NA
"848","SVE_0716700",0,0,0,0,0,0,0,0,0,0,0,0,"SVE_scaffold0000039","",NA,NA,"A0A0K0FE89","",NA,"",NA,"",NA,"",NA
"849","SVE_0718900",0.0750922817157169,0,0,0,0,0.0896336021746291,0,0.0617166714320532,0,0.131255413993946,0,0,"SVE_scaffold0000039","EB domain-containing protein","EB_dom",NA,"A0A0K0FEB1","",NA,"",NA,"",NA,"",NA
"850","SVE_0720600",0,0,0.38300381187866,0.186076825391676,0,0,0,0,0,0,0,0,"SVE_scaffold0000039","ATS domain-containing protein",NA,NA,"A0A0K0FEC8","",NA,"",NA,"",NA,"",NA
"851","SVE_0720800",0,0,0.063623548330196,0.0618211860185587,0,0,0,0.0627182260331245,0,0,0.0746431621747514,0,"SVE_scaffold0000039","",NA,NA,"A0A0K0FED0","",NA,"",NA,"",NA,"",NA
"852","SVE_0720900",0,0.064986053960676,0,0,0,0,0.0642208048479861,0,0,0,0,0,"SVE_scaffold0000039","",NA,NA,NA,"",NA,"",NA,"",NA,"",NA
"853","SVE_0721000",0.130772884932494,0.0640396458045524,0,0,0,0,0,0.0628670924176805,0,0.0776965100906767,0,0,"SVE_scaffold0000039","Ruby (inferred by orthology to a D. melanogaster protein)",NA,NA,"A0A0K0FED1","",NA,"",NA,"",NA,"",NA
"854","SVE_0721100",0,0,0,0,0,0,0,0.0641988378356949,0,0,0,0,"SVE_scaffold0000039","",NA,NA,"A0A0K0FED2","",NA,"",NA,"",NA,"",NA
"855","SVE_0721200",0,0,0,0,0,0,0.0654969467564211,0,0,0,0,0,"SVE_scaffold0000039","",NA,NA,"A0A0K0FED3","SSTP_0000832900",33.6283,"",NA,"",NA,"",NA
"856","SVE_0721300",0,0,0,0,0,0.0880042932143691,0,0,0.0772308966276287,0.0756307149756458,0,0,"SVE_scaffold0000039","",NA,NA,"A0A0K0FED4","SSTP_0000832900",47.2727,"",NA,"SPAL_0001756000",28.4848,"",NA
"857","SVE_0721400",0,0,0,0,0.0908646146844794,0.177612264776725,0,0,0.0746847948294161,0,0.0706159461614478,0,"SVE_scaffold0000039","Reverse transcriptase Ty1/copia-type domain-containing protein","DNA/RNA_pol_sf",NA,"A0A0K0FED5","SSTP_0000832900",57.2816,"",NA,"SPAL_0000351500",35.9223,"",NA
"858","SVE_0721700",0.0664744644137684,0.0653349464051444,0,0,0,0,0.0639494530492222,0.0630543964190997,0,0,0.0721762247078572,0.0713010575370007,"SVE_scaffold0000039","Transposase",NA,NA,"A0A0K0FED8","",NA,"",NA,"",NA,"",NA
"859","SVE_0721800",0.0649127692159909,0.127296832735976,0,0.0597829987665057,0,0,0,0,0.237440269746284,0,0,0.0738090704166114,"SVE_scaffold0000039","DUF4806 domain-containing protein",NA,NA,"A0A0K0FED9","",NA,"",NA,"SPAL_0001460400",23.8806,"",NA
"860","SVE_0721900",0,0.130562970675246,0,0,0,0,0,0.250661910430284,0,0,0,0,"SVE_scaffold0000039","Secreted protein",NA,"membrane","A0A0K0FEE0","",NA,"",NA,"",NA,"",NA
"861","SVE_0722100",0,0,0,0,0,0.359315597395254,0,0,0,0.0741767824107219,0.0714294270321123,0.0711545347073096,"SVE_scaffold0000039","SAP domain-containing protein",NA,NA,"A0A0K0FEE2","",NA,"",NA,"SPAL_0000718200",55.3398,"",NA
"862","SVE_0722300",0,0.0638726912719132,0,0,0,0.0897327568768511,0,0.0610810889418202,0,0,0,0,"SVE_scaffold0000039","Carboxymuconolactone decarboxylase family protein",NA,NA,"A0A0K0FEE3","",NA,"",NA,"",NA,"",NA
"863","SVE_0722400",0.0652432224747582,0.0638978841078193,0,0,0,0,0.127414611756783,0.188233871775716,0,0,0.303794300104345,0,"SVE_scaffold0000039","Retrovirus-related Pol polyprotein from transposon TNT 1-94","RNaseH-like_sf, RNaseH_sf","nucleic acid binding","A0A0K0FEE4","",NA,"",NA,"",NA,"",NA
"864","SVE_0722500",0,0.189731290084717,0,0,0.0909279471128053,0.0883611430631431,0.123995896695243,0,0.153090960995129,0.0750975598475363,0.0735379598488377,0.0729717938771853,"SVE_scaffold0000039","DDE_Tnp_ISL3 domain-containing protein",NA,NA,"A0A0K0FEE5","",NA,"",NA,"",NA,"",NA
"865","SVE_0722600",0.0656192082288526,0.0647229690929909,0,0,0,0.18162018270789,0.126062684006512,0.0615340944388379,0,0,0,0,"SVE_scaffold0000039","GBP_C domain-containing protein",NA,NA,"A0A0K0FEE6","",NA,"",NA,"",NA,"",NA
"866","SVE_0722700",0,0,0,0,0.0912505032433479,0.178369531021904,0,0.0605536365801487,0.0756597488136857,0,0.0725815466633628,0.215966486565933,"SVE_scaffold0000039","CRISPR type III A-associated protein Csm2",NA,NA,"A0A0K0FEE7","",NA,"SRAE_0000060100 | WBGene00256347",53.913,"",NA,"",NA
"867","SVE_0722900",0,0.0630363803404386,0,0,0,0.172792205766857,0,0,0.078392633620737,0,0,0,"SVE_scaffold0000039","ATP-dependent DNA helicase","DNA_helicase_pif1-like, RNaseH-like_sf, P-loop_NTPase","telomere maintenance, DNA helicase activity, DNA repair, cellular response to DNA damage stimulus, DNA recombination, helicase activity, ATP hydrolysis activity, DNA duplex unwinding, hydrolase activity, ATP binding, nucleotide binding","A0A0K0FEE9","",NA,"",NA,"SPAL_0000063200",4.947,"",NA
"868","SVE_0723000",0,0,0,0,0,0.0855343614365192,0,0,0,0,0,0,"SVE_scaffold0000039","ATP-dependent DNA helicase","DNA_helicase_dom, DNA_helicase_pif1-like, P-loop_NTPase","telomere maintenance, helicase activity, DNA helicase activity, DNA repair, ATP binding, cellular response to DNA damage stimulus, DNA recombination, ATP hydrolysis activity, DNA duplex unwinding, hydrolase activity, nucleotide binding","A0A0K0FEF0","",NA,"",NA,"SPAL_0000535000",81.3333,"",NA
"869","SVE_0723100",0,0.0640089451711475,0,0,0,0,0,0.123752092062074,0,0,0.0748208659406049,0,"SVE_scaffold0000039","Transposase",NA,NA,"A0A0K0FEF1","",NA,"",NA,"SPAL_0000046700",47.1429,"",NA
"870","SVE_0723300",0,0,0,0,0,0.0891319348637107,0.188953644170922,0.248048662713213,0.156363807281896,0,0.0750574025129158,0,"SVE_scaffold0000039","",NA,NA,NA,"",NA,"",NA,"",NA,"",NA
"871","SVE_0723400",0.131049417841687,0.192977012379754,0,0,0.0926972085883976,0,0.0629777460453161,0.0616088173645333,0,0.0756573977862124,0.148532193815049,0,"SVE_scaffold0000039","",NA,NA,"A0A0K0FEF3","",NA,"",NA,"",NA,"",NA
"872","SVE_0723600",0.0650645988931724,0.0637671610869196,0.060930457966722,0.0596147600832113,0.0894312771120095,0,0,0.314972966735845,0,0,0.0757813369802252,0.129351619330787,"SVE_scaffold0000039","FLYWCH-type domain-containing protein",NA,NA,"A0A0K0FEF5","",NA,"",NA,"SPAL_0001284300",31.0954,"",NA
"873","SVE_0723800",0,0,0,0,0.088041515437574,0.0859913033591606,0,0.189753864500737,0.0785564294264558,0.0768558662141579,0,0,"SVE_scaffold0000039","Zinc metalloproteinase","CUB_dom, Peptidase_M12A, Peptidase_Metallo, Metallopeptidase_nem, MetalloPept_cat_dom_sf, Astacin-like_dom","molting cycle, collagen and cuticulin-based cuticle, metalloendopeptidase activity, metallopeptidase activity, proteolysis, zinc ion binding, peptidase activity, hydrolase activity, extracellular region, metal ion binding","A0A0K0FEF7","",NA,"SRAE_0000046000 | WBGene00256204",42.3158,"SPAL_0000851400",41.0526,"",NA
"874","SVE_0724200",0,0,0,0,0,0,0,0.0641988678787238,0,0,0,0,"SVE_scaffold0000039","Adenylosuccinate lyase",NA,NA,"A0A0K0FEG0","",NA,"",NA,"",NA,"",NA
"875","SVE_0724600",0,0,0,0,0,0,0,0,0,0,0.0724859252846142,0.119073980235317,"SVE_scaffold0000039","",NA,NA,NA,"",NA,"",NA,"",NA,"",NA
"876","SVE_0724700",0,0.127218717743171,0,0,0,0,0,0,0.07846693305204,0,0,0,"SVE_scaffold0000039","Helitron_like_N domain-containing protein","Helitron_helicase-like",NA,"A0A0K0FEG4","",NA,"",NA,"SPAL_0000838300",69.2708,"",NA
"877","SVE_0724800",0,0.0619185775219047,0,0,0,0.0851819765622356,0,0,0,0,0.0736272023139581,0.0724110642539702,"SVE_scaffold0000039","BRCT domain-containing protein",NA,NA,"A0A0K0FEG5","",NA,"",NA,"SPAL_0000800000",52.0161,"",NA
"878","SVE_0724900",0,0,0,0,0,0,0,0,0,0,0.0724234744625548,0,"SVE_scaffold0000039","THAP-type domain-containing protein",NA,NA,"A0A0K0FEG6","",NA,"",NA,"SPAL_0001555400",45.4545,"",NA
"879","SVE_0725300",0.0703440547089488,0,0,0,0,0,0.142376470442188,0,0,0.187848617596215,0,0,"SVE_scaffold0000039","Integrase catalytic domain-containing protein","RT_dom, Integrase_cat-core, RNaseH-like_sf, RNaseH_sf, RT_RNaseH_2, Integrase_H2C2, Rev_trsase/Diguanyl_cyclase, DNA/RNA_pol_sf","DNA integration, nucleic acid binding, DNA-directed DNA polymerase activity, DNA biosynthetic process, DNA polymerase complex","A0A0K0FEG9","",NA,"",NA,"SPAL_0000135900",87.7173,"",NA
"880","SVE_0725400",0.0650241190463156,0.1421996749936,0,0,0.107319650552712,0.29731404972193,0.0693323203344106,0.126579057012238,0,0.127926483271807,0,0,"SVE_scaffold0000039","NYN domain-containing protein",NA,NA,"A0A0K0FEH0","SSTP_0000700200",34.3832,"",NA,"",NA,"",NA
"881","SVE_0725600",0,0,0,0,0,0,0,0,0,0,0,0,"SVE_scaffold0000039","PIR Superfamily Protein",NA,NA,"A0A0K0FEH2","",NA,"",NA,"SPAL_0000878100",0,"",NA
"882","SVE_0725700",0,0,0,0,0,0.0861042562690118,0,0,0.0777077457548432,0.114767148681585,0,0,"SVE_scaffold0000039","Reverse transcriptase",NA,NA,"A0A0K0FEH3","SSTP_0001039100",29.9517,"SRAE_X000232300 | WBGene00267907",20.7729,"SPAL_0000610800",28.9855,"",NA
"883","SVE_0725900",0.0646556367173656,0,0,0,0,0,0.151253458965005,0.252019539319415,0.0785453049099495,0.0768308713036017,0.074090096794371,0.218315720168478,"SVE_scaffold0000039","Metalloendopeptidase","Peptidase_M12A, Peptidase_Metallo, MetalloPept_cat_dom_sf","metalloendopeptidase activity, metallopeptidase activity, proteolysis, zinc ion binding, peptidase activity, hydrolase activity, metal ion binding","A0A0K0FEH5","",NA,"",NA,"",NA,"",NA
"884","SVE_0726000",0,0,0,0,0.111470399081638,0.297894286409373,0.189916028847237,0,0,0.074000071510589,0,0.0684155104150696,"SVE_scaffold0000039","Ammonium_transp domain-containing protein",NA,"membrane","A0A0K0FEH6","",NA,"",NA,"",NA,"",NA
"885","SVE_0726200",0,0,0,0,0,0.090861176121324,0.0637129871222638,0.124338506827829,0,0,0,0,"SVE_scaffold0000039","DUF3077 domain-containing protein",NA,NA,"A0A0K0FEH8","SSTP_0000947000",8.75,"",NA,"SPAL_0000369500",41.25,"",NA
"886","SVE_0726300",0.0645269148732093,0,0,0,0,0.0905753752890133,0.0641706276486572,0.12510220167956,0,0,0,0,"SVE_scaffold0000039","Arginine decarboxylase",NA,NA,"A0A0K0FEH9","",NA,"",NA,"",NA,"",NA
"887","SVE_0726400",0,0,0,0,0.2741359076712,0.17602598395747,0,0,0,0.14308680012052,0,0,"SVE_scaffold0000039","",NA,NA,NA,"",NA,"",NA,"",NA,"",NA
"888","SVE_0726700",0,0,0.063623887892909,0,0,0,0,0,0,0,0,0,"SVE_scaffold0000040","",NA,NA,NA,"",NA,"",NA,"",NA,"",NA
"889","SVE_0727310",0,0,0,0,0.0876074009719913,0,0,0,0.137161368622782,0,0,0.15885956832554,"SVE_scaffold0000040","Metalloendopeptidase","Peptidase_M12A, MetalloPept_cat_dom_sf","metalloendopeptidase activity, metallopeptidase activity, proteolysis, peptidase activity, hydrolase activity, metal ion binding","A0A0K0FEI8","",NA,"",NA,"SPAL_0001721550",81.2207,"",NA
"890","SVE_0727700",0,0,0,0,0,0,0,0.24546226339438,0,0,0.147945472162551,0.0729831576791999,"SVE_scaffold0000040","EGF-like domain-containing protein","EGF-like_dom",NA,"A0A0K0FEJ2","",NA,"",NA,"SPAL_0001721500",62.1849,"",NA
"891","SVE_0729200",0,0.193147120997577,0,0,0,0.0899452117704506,0.0633536158647891,0.124678919830217,0.0785661405667058,0,0,0,"SVE_scaffold0000040","",NA,NA,"A0A0K0FEK8","SSTP_0000695600",61.0738,"SRAE_2000519700 | WBGene00265454",61.0738,"SPAL_0000876000",81.8792,"",NA
"892","SVE_0729900",0,0,0,0,0,0.0855341454135304,0,0,0,0,0,0,"SVE_scaffold0000040","Pepsin-I3 domain-containing protein","Pepsin-I3, Pepsin-I3_sf","extracellular region","A0A0K0FEL5","SSTP_0000696300",78.3951,"SRAE_2000390400 | WBGene00264131",76.5432,"SPAL_0000875300",91.9753,"R01E6.2 | WBGene00010968",37.037
"893","SVE_0730400",0,0,0,0,0.460061426725216,0.269786660473688,0.0624704700458782,0.122118307070243,0,0,0,0,"SVE_scaffold0000040","Ground-like domain-containing protein","Ground-like_dom",NA,"A0A0K0FEL9","SSTP_0000696500",79.1304,"SRAE_2000390200 | WBGene00264129",82.6087,"SPAL_0000875000",92.1739,"",NA
"894","SVE_0732300",0.0649475994046747,0.0636926805334879,0,0,0.0918894733466097,0,0,0.0610019631291533,0.0762984942040085,0,0.0735565142485715,0.0726677547794624,"SVE_scaffold0000040","POP4 domain-containing protein",NA,NA,"A0A0K0FEN8","",NA,"",NA,"",NA,"",NA
"895","SVE_0732500",0,0,0,0,0,0,0,0,0,0,0,0,"SVE_scaffold0000040","",NA,NA,"A0A0K0FEP0","",NA,"",NA,"",NA,"",NA
"896","SVE_0732600",0,0,0,0.0618998787075562,0,0,0,0,0.0773359741456132,0,0,0.0725379625112757,"SVE_scaffold0000040","",NA,NA,"A0A0K0FEP1","",NA,"",NA,"",NA,"",NA
"897","SVE_0732700",0.0657483297767123,0,0.0637803917284894,0,0.188071891282839,0,0.0632992655166889,0.0624158400475723,0,0,0,0.0699741770105151,"SVE_scaffold0000040","Sigma-54 factor interaction domain-containing protein",NA,NA,"A0A0K0FEP2","",NA,"",NA,"",NA,"",NA
"898","SVE_0732900",0.0635714663098267,0.125306584255284,0,0,0.541313317106247,0.0882529092163632,0,0,0,0,0,0.069948143448511,"SVE_scaffold0000040","G_PROTEIN_RECEP_F1_2 domain-containing protein",NA,"membrane","A0A0K0FEP4","",NA,"",NA,"",NA,"",NA
"899","SVE_0733000",0.166996371104622,0.0446662050823067,0,0,0.123033925102025,0,0,0,0.0645679828674852,0.0749499194303997,0.073557652144759,0,"SVE_scaffold0000040","Helicase ATP-binding domain-containing protein","Helicase_ATP-bd, P-loop_NTPase",NA,"A0A0K0FEP5","",NA,"",NA,"",NA,"",NA
"900","SVE_0733200",0.0763836608236547,0.0634651339920556,0,0.06060547309403,0,0,0,0,0,0.0768392683576737,0.221180972070575,0.0724376714627968,"SVE_scaffold0000040","CCHC-type domain-containing protein","Znf_CCHC, Znf_CCHC_sf","nucleic acid binding, zinc ion binding, enzyme binding, cytoplasm","A0A0K0FEP7","",NA,"",NA,"SPAL_0001545800",14.3141,"",NA
"901","SVE_0733500",0,0,0,0,0.0877235655659883,0,0,0,0,0,0,0.0711397566298892,"SVE_scaffold0000040","",NA,NA,"A0A0K0FEQ0","SSTP_0000141050",22.069,"",NA,"SPAL_0001778600",23.4483,"",NA
"902","SVE_0733900",0,0,0,0,0,0,0.12729632720727,0.12515049429575,0,0.15350760843029,0.0744773540416007,0.146247765873113,"SVE_scaffold0000040","C2H2-type domain-containing protein","Znf_C2H2_type",NA,"A0A0K0FEQ4","",NA,"",NA,"",NA,"",NA
"903","SVE_0734400",0.0651795918885653,0,0,0,0,0,0,0,0,0,0,0,"SVE_scaffold0000040","",NA,NA,"A0A0K0FEQ9","",NA,"",NA,"",NA,"",NA
"904","SVE_0734500",0,0,0,0,0,0,0,0,0,0,0,0,"SVE_scaffold0000040","",NA,NA,"A0A0K0FER0","",NA,"",NA,"SPAL_0001088375",82.8571,"",NA
"905","SVE_0734700",0,0,0,0,0,0,0.0654156384533438,0.0447755143242073,0,0,0,0,"SVE_scaffold0000040","ATP-dependent DNA helicase",NA,NA,"A0A0K0FER2","",NA,"",NA,"",NA,"",NA
"906","SVE_0734800",0,0,0,0,0,0,0,0,0,0,0,0,"SVE_scaffold0000040","ATP-dependent DNA helicase PIF1-like","P-loop_NTPase",NA,"A0A0K0FER3","SSTP_0001237600",56.5657,"SRAE_0000048000 | WBGene00256224",51.5152,"",NA,"",NA
"907","SVE_0735300",0,0.0648776173891419,0,0,0,0,0,0.0630528932622881,0,0,0,0,"SVE_scaffold0000041","Transposase",NA,NA,"A0A0K0FER8","",NA,"",NA,"",NA,"",NA
"908","SVE_0735500",0,0,0,0.064257202256407,0.0887062135621228,0,0,0.0631664368720179,0,0.272129636168619,0,0.0958420786486912,"SVE_scaffold0000041","Integrase catalytic domain-containing protein","Integrase_cat-core, RNaseH-like_sf, RNaseH_sf","DNA integration, nucleic acid binding","A0A0K0FES0","",NA,"",NA,"SPAL_0000210400",76.7956,"",NA
"909","SVE_0735800",0,0.0635607129597123,0.0608360657948963,0,0,0,0.127841439791343,0.0628460599508216,0.158111896059035,0.0773254766821448,0.0753738185008171,0.0739749365946428,"SVE_scaffold0000041","Metalloendopeptidase","Peptidase_M12A, Peptidase_Metallo, MetalloPept_cat_dom_sf","metalloendopeptidase activity, metallopeptidase activity, proteolysis, zinc ion binding, peptidase activity, hydrolase activity, metal ion binding","A0A0K0FES2","SSTP_0001126500",47.2131,"SRAE_X000146000 | WBGene00267031",45.5738,"SPAL_0001232500",57.0492,"",NA
"910","SVE_0735900",0,0,0,0,0,0,0.0640613297927993,0.0629389205188876,0,0.0767451793962351,0.074002255833699,0.145371563197059,"SVE_scaffold0000041","Metalloendopeptidase","Peptidase_M12A, Peptidase_Metallo, MetalloPept_cat_dom_sf, Astacin-like_dom, Sperma_CUB_dom_sf","metalloendopeptidase activity, metallopeptidase activity, proteolysis, zinc ion binding, peptidase activity, hydrolase activity, metal ion binding","A0A0K0FES3","SSTP_0000829500",38.1068,"SRAE_X000146000 | WBGene00267031",37.8641,"SPAL_0001232500",49.0291,"",NA
"911","SVE_0736100",0,0,0,0.120572681612436,0,0,0,0.12676459484217,0,0.155094677347937,0,0.147385334058793,"SVE_scaffold0000041","Metalloendopeptidase","Peptidase_M12A, Peptidase_Metallo, MetalloPept_cat_dom_sf, Sperma_CUB_dom_sf","metalloendopeptidase activity, metallopeptidase activity, proteolysis, zinc ion binding, peptidase activity, hydrolase activity, metal ion binding","A0A0K0FES5","SSTP_0001126500",45.5285,"SRAE_X000146000 | WBGene00267031",44.7154,"SPAL_0001232500",58.2656,"",NA
"912","SVE_0736500",0,0,0,0,0,0,0,0,0,0.07670603746277,0,0,"SVE_scaffold0000041","Secreted protein",NA,NA,"A0A0K0FES9","",NA,"",NA,"SPAL_0000511500",46.4286,"",NA
"913","SVE_0736900",0.0666563477403512,0.261066136881154,0.0621290445501472,0.182570535143216,0,0,0,0,0,0,0,0,"SVE_scaffold0000041","ATP-dependent DNA helicase","DNA_helicase_pif1-like, P-loop_NTPase","telomere maintenance, DNA helicase activity, DNA repair, cellular response to DNA damage stimulus, DNA recombination, helicase activity, ATP hydrolysis activity, DNA duplex unwinding, hydrolase activity, ATP binding, nucleotide binding","A0A0K0FET2","",NA,"",NA,"SPAL_0000535000",79.3103,"",NA
"914","SVE_0737000",0,0,0,0,0,0,0.0654972040466211,0,0,0,0,0,"SVE_scaffold0000041","Secreted protein",NA,NA,"A0A0K0FET3","",NA,"",NA,"SPAL_0000817000",28.4722,"",NA
"915","SVE_0737100",0.0690769676715918,0.165496895303987,0,0,0,0,0.0732300918339599,0.163522035649686,0,0,0.0752106339552185,0.147817664700519,"SVE_scaffold0000041","Histone-lysine N-methyltransferase SETMAR (inferred by orthology to a human protein)","Transposase_1, RNaseH_sf, Mos1_HTH","nucleic acid binding","A0A0K0FET4","",NA,"SRAE_X000158000 | WBGene00267153",56.3636,"SPAL_0000331400",17.0909,"",NA
"916","SVE_0737200",0,0,0,0,0,0,0,0,0.0766136102696268,0,0,0.0728345467340623,"SVE_scaffold0000041","",NA,NA,"A0A0K0FET5","",NA,"",NA,"",NA,"",NA
"917","SVE_0737300",0,0,0,0,0,0,0.0654971668571029,0,0,0,0,0,"SVE_scaffold0000041","Transposase",NA,NA,"A0A0K0FET6","",NA,"",NA,"SPAL_0000063200",17.5,"",NA
"918","SVE_0737400",0.0647738025513659,0,0,0,0,0,0,0,0,0.077186973437631,0,0,"SVE_scaffold0000041","ATP-dependent DNA helicase","DNA_helicase_pif1-like, P-loop_NTPase","telomere maintenance, DNA helicase activity, DNA repair, cellular response to DNA damage stimulus, DNA recombination, helicase activity, ATP hydrolysis activity, DNA duplex unwinding, hydrolase activity, ATP binding, nucleotide binding","A0A0K0FET7","",NA,"",NA,"SPAL_0000535000",81.686,"",NA
"919","SVE_0737500",0,0.128764633554811,0,0,0,0,0.126182384018499,0.186049791592468,0.155546078066065,0.229348766205416,0.0748212610118428,0.0742225538323932,"SVE_scaffold0000041","Plasmodium yoelii subtelomeric region (PYST-C1)",NA,NA,"A0A0K0FET8","",NA,"",NA,"",NA,"",NA
"920","SVE_0737600",0,0,0,0,0,0,0.0650258906393791,0.0641183678194237,0,0.229964748129031,0,0.143765749720008,"SVE_scaffold0000041","Integrase catalytic domain-containing protein","Integrase_cat-core, RNaseH-like_sf, RNaseH_sf","DNA integration, nucleic acid binding","A0A0K0FET9","",NA,"",NA,"",NA,"",NA
"921","SVE_0737700",0,0,0,0,0.0917255241174895,0,0,0.0613439739604146,0,0,0,0,"SVE_scaffold0000041","FRIGIDA-like protein",NA,NA,"A0A0K0FEU0","",NA,"",NA,"SPAL_0001094800",66.6667,"",NA
"922","SVE_0739400",0,0,0,0,0,0,0,0,0,0,0,0,"SVE_scaffold0000041","",NA,NA,"A0A0K0FEV5","",NA,"",NA,"",NA,"",NA
"923","SVE_0740600",0.0665427845820718,0.0654897482961486,0.0630319414549025,0.184256344898184,0,0,0.127723371737523,0.0623068224304826,0,0,0.0746784613685518,0,"SVE_scaffold0000041","FXYD domain-containing ion transport regulator",NA,"membrane","A0A0K0FEW7","",NA,"",NA,"",NA,"",NA
"924","SVE_0740700",0.0650769244201979,0.12871142761639,0,0,0,0.0912382977417924,0,0.0625470007982466,0,0,0,0.0680621373301362,"SVE_scaffold0000041","Transposase",NA,NA,"A0A0K0FEW8","",NA,"",NA,"",NA,"",NA
"925","SVE_0740800",0,0,0,0,0,0.174598768421126,0.0627023681165265,0.185318548616606,0.07796386817778,0,0.0747803528431179,0.221509115278092,"SVE_scaffold0000041","DDE_Tnp_IS1595 domain-containing protein",NA,NA,"A0A0K0FEW9","SSTP_0000755600",53.6585,"",NA,"",NA,"",NA
"926","SVE_0740900",0,0,0,0,0,0,0,0,0.0783359465435278,0,0,0,"SVE_scaffold0000041","Transcriptional regulator",NA,NA,"A0A0K0FEX0","",NA,"",NA,"",NA,"",NA
"927","SVE_0741000",0.0651559562620052,0,0.0620912648245396,0.0607424990091854,0.0886077566856175,0,0.129450177648098,0.0796776146244954,0,0.154670004614333,0.0743841882508764,0.0893014458067322,"SVE_scaffold0000041","CCHC-type domain-containing protein","Znf_CCHC, RNaseH-like_sf, RNaseH_sf, Znf_CCHC_sf","nucleic acid binding, zinc ion binding, enzyme binding, cytoplasm","A0A0K0FEX1","",NA,"",NA,"SPAL_0001487200",92.2566,"",NA
"928","SVE_0741100",0,0.0637967700472975,0,0.059382819329356,0,0.123618114936287,0.230208336376782,0,0.0784380891045243,0.153849523764148,0,0.116554337248356,"SVE_scaffold0000041","Reverse transcriptase Ty1/copia-type domain-containing protein","RVT_2",NA,"A0A0K0FEX2","",NA,"SRAE_0000060700 | WBGene00256353",50.5376,"",NA,"",NA
"929","SVE_0741200",0,0.0644896925588523,0.0613631634876988,0.180392876162847,0.0910433520817164,0,0,0,0.0799974782609107,0,0,0,"SVE_scaffold0000041","Integrase catalytic domain-containing protein",NA,NA,"A0A0K0FEX3","",NA,"SRAE_0000060900 | WBGene00256355",38.5321,"",NA,"",NA
"930","SVE_0741600",0.130754039861324,0.0644629411363319,0,0,0,0,0,0,0,0.0749747609743708,0,0.143635888988599,"SVE_scaffold0000041","",NA,NA,"A0A0K0FEX7","",NA,"",NA,"",NA,"",NA
"931","SVE_0742500",0,0,0,0,0,0,0,0,0,0.151914754454702,0.0731381424614297,0,"SVE_scaffold0000041","MannoseP_isomer domain-containing protein",NA,NA,"A0A0K0FEY6","",NA,"",NA,"SPAL_0001753600",0,"",NA
"932","SVE_0742600",0.195000509008056,0.254826248769038,0,0,0,0,0.063036320791303,0,0,0.153385815646585,0,0.222856225238442,"SVE_scaffold0000041","",NA,NA,"A0A0K0FEY7","",NA,"",NA,"SPAL_0000714100",37.1585,"",NA
"933","SVE_0742800",0.195445530084516,0.0645576311413654,0,0.31436854378923,0,0,0.192062187496363,0,0,0,0,0,"SVE_scaffold0000041","",NA,NA,"A0A0K0FEY9","",NA,"",NA,"SPAL_0000800000",76.8293,"",NA
"934","SVE_0742900",0.0668982995879745,0.131549947560989,0,0,0,0,0.12796067023626,0.125316664466498,0.233617820952223,0.152880523791701,0,0,"SVE_scaffold0000041","Transposase",NA,NA,"A0A0K0FEZ0","",NA,"",NA,"SPAL_0001772700",32.6733,"",NA
"935","SVE_0743300",0.0650783586809062,0.0637978166090512,0.0610440267662853,0,0.0350970642370221,0,0,0.168462074032768,0,0,0,0.0655492786710149,"SVE_scaffold0000042","Relaxosome protein TraM",NA,NA,"A0A0K0FEZ4","",NA,"",NA,"SPAL_0000603800",76.9231,"",NA
"936","SVE_0743400",0,0.0625666115706519,0,0,0.273815196569377,0.267775233066926,0.106709197389056,0,0,0,0,0,"SVE_scaffold0000042","Ovule protein",NA,NA,"A0A0K0FEZ5","",NA,"",NA,"SPAL_0000543500",40.9091,"",NA
"937","SVE_0745000",0,0.0637585028470859,0,0,0,0.0895529923730105,0.0625489720217948,0,0,0,0,0,"SVE_scaffold0000042","UPAR/Ly6 domain-containing protein","Snake_toxin-like_sf","membrane","A0A0K0FF11","SSTP_0001225000",67.4603,"SRAE_X000085300 | WBGene00266415",73.0159,"SPAL_0001488600",89.6825,"",NA
"938","SVE_0745100",0,0,0,0.060627748949828,0.0931876219722051,0,0,0.0619993230764205,0,0,0,0,"SVE_scaffold0000042","","Snake_toxin-like_sf","membrane","A0A0K0FF12","SSTP_0001224900",72.4409,"SRAE_X000085400 | WBGene00266416",71.6535,"SPAL_0001488500",97.6378,"",NA
"939","SVE_0746400",0.0652439795666907,0.19400106902738,0,0,0,0,0.0644741253733161,0,0,0,0,0,"SVE_scaffold0000042","",NA,NA,"A0A0K0FF25","",NA,"",NA,"",NA,"",NA
"940","SVE_0751700",0,0.0633140914929616,0,0,0.0878904147680534,0.0858457645386786,0,0.189245618726803,0,0.0767130388063758,0,0.072462675673016,"SVE_contig0000003","Metalloendopeptidase","CUB_dom, Peptidase_M12A, Peptidase_Metallo, MetalloPept_cat_dom_sf, Astacin-like_dom, Sperma_CUB_dom_sf","metalloendopeptidase activity, metallopeptidase activity, proteolysis, zinc ion binding, peptidase activity, hydrolase activity, metal ion binding","A0A0K0FF77","SSTP_0000680200",62.6638,"SRAE_0000048100 | WBGene00256225",53.7118,"SPAL_0001271700",81.2227,"",NA
"941","SVE_0753500",0.0643639600601117,0.0636418080643149,0,0,0.0924942839530357,0.35996416503726,0,0,0,0.0736074705189246,0.0690572438839092,0,"SVE_contig0000003","",NA,NA,"A0A0K0FF94","SSTP_0000731700",63.8554,"",NA,"SPAL_0001233300",81.9277,"",NA
"942","SVE_0755400",0.129089884228786,0.0632606899941129,0,0,0.176673500438744,0.172582268688813,0,0,0,0,0,0,"SVE_contig0000003","Serpentine receptor class gamma","7TM_GPCR_serpentine_rcpt_Srg","sensory perception of chemical stimulus, transmembrane signaling receptor activity, membrane","A0A0K0FFB2","SSTP_0000732800",56.5749,"SRAE_0000016250 | WBGene00255901",50.4587,"SPAL_0001177825",66.055,"",NA
"943","SVE_0758900",0,0,0,0,0.182196471959089,0.0887460628006682,0.0625016341976539,0,0.0772268939746329,0.0756671553078778,0,0,"SVE_contig0000003","Ovule protein",NA,"membrane","A0A0K0FFE7","",NA,"",NA,"",NA,"",NA
"944","SVE_0759100",0,0,0,0,0,0,0,0,0,0,0,0,"SVE_contig0000003","Ovule protein",NA,NA,"A0A0K0FFE9","",NA,"",NA,"",NA,"",NA
"945","SVE_0759200",0,0,0,0,0.0881818102344913,0,0.192828007823538,0.126289339023216,0.0786547116345895,0.153882383705081,0,0.0728198545990136,"SVE_contig0000003","","Peptidase_aspartic_dom_sf",NA,"A0A0K0FFF0","",NA,"",NA,"SPAL_0000830000",51.0638,"",NA
"946","SVE_0759300",0.200767648640266,0,0,0,0,0,0.0640786824420399,0,0.0779962950379279,0,0,0,"SVE_contig0000003","Secreted protein",NA,NA,"A0A0K0FFF1","",NA,"",NA,"",NA,"",NA
"947","SVE_0759700",0,0,0,0,0,0,0,0,0.0778792867590098,0.0761801942674063,0,0.144282312094008,"SVE_contig0000003","Integrase catalytic domain-containing protein","Integrase_cat-core, RNaseH-like_sf, RNaseH_sf, Integrase_H2C2","DNA integration, nucleic acid binding","A0A0K0FFF5","",NA,"",NA,"",NA,"",NA
"948","SVE_0759800",0,0,0,0,0,0,0,0,0,0,0,0,"SVE_contig0000003","",NA,NA,"A0A0K0FFF6","",NA,"",NA,"",NA,"",NA
"949","SVE_0760000",0,0,0,0,0.179773288327748,0,0.0641194002115092,0.0630761792088924,0,0.155509375090994,0,0,"SVE_contig0000003","Integrase catalytic domain-containing protein","Integrase_cat-core, RNaseH-like_sf, RNaseH_sf","DNA integration, nucleic acid binding","A0A0K0FFF8","",NA,"",NA,"SPAL_0001395000",58.9147,"",NA
"950","SVE_0760500",0.0646036897023617,0,0,0,0,0,0.126333702203792,0.248964979747839,0,0,0.150559952545339,0.0740227014656383,"SVE_contig0000003","HTH CENPB-type domain-containing protein","HTH_CenpB_DNA-bd_dom, Homeobox-like_sf",NA,"A0A0K0FFG2","",NA,"",NA,"SPAL_0000583400",72.5664,"",NA
"951","SVE_0760600",0,0.0649366680484469,0,0,0,0.091267954526071,0.063031131242092,0.185423624856919,0.153511041807682,0,0,0.216882782562192,"SVE_contig0000003","Fam-b protein",NA,NA,"A0A0K0FFG3","",NA,"",NA,"SPAL_0000000800",88.3495,"",NA
"952","SVE_0760700",0.0663532030344419,0,0,0,0,0,0,0,0.0774120833759426,0.0762528541926325,0,0,"SVE_contig0000003","",NA,NA,"A0A0K0FFG4","",NA,"",NA,"",NA,"",NA
"953","SVE_0760800",0,0,0,0,0,0,0,0,0,0,0,0,"SVE_contig0000003","",NA,"membrane","A0A0K0FFG5","",NA,"",NA,"",NA,"",NA
"954","SVE_0761600",0.0501588765823616,0.185413043647554,0.186921070226655,0.121671074703028,0,0.0695977473174592,0.0636787625334508,0.000515819919637542,0,0.0772144068111281,0,0,"SVE_scaffold0000043","Glycosyltransferase family 2 protein","Nucleotide-diphossugar_trans","membrane","A0A0K0FFH3","",NA,"",NA,"SPAL_0001139800",55.8824,"",NA
"955","SVE_0761700",0,0.0645430276863834,0,0,0,0,0,0.0633775365206282,0,0,0,0,"SVE_scaffold0000043","DUF1524 domain-containing protein","DUF273",NA,"A0A0K0FFH4","",NA,"",NA,"SPAL_0001606000",41.1483,"",NA
"956","SVE_0761900",0,0.0638189562575212,0,0,0,0,0,0.0627629147493573,0.0792086220107327,0.0774804000739821,0,0,"SVE_scaffold0000043","Glycosyltransferase","DUF273, Nucleotide-diphossugar_trans",NA,"A0A0K0FFH6","SSTP_0001117200",63.964,"SRAE_2000448800 | WBGene00264720",57.2072,"SPAL_0000415500",67.1171,"F25H2.7 | WBGene00009121",29.2793
"957","SVE_0762700",0,0,0,0,0,0,0.255027955647826,0.188185726972576,0,0.154605515246069,0.277381154432733,0,"SVE_scaffold0000043","Lipase_3 domain-containing protein","Fungal_lipase-like, AB_hydrolase","lipid metabolic process","A0A0K0FFI4","",NA,"SRAE_2000459900 | WBGene00264831",51.1364,"",NA,"",NA
"958","SVE_0763700",0,0,0,0,0,0,0,0,0,0,0,0,"SVE_scaffold0000043","",NA,NA,"A0A0K0FFJ4","",NA,"",NA,"",NA,"",NA
"959","SVE_0764700",0.129942319204948,0.0642598231416615,0.190079634317882,0.12432087346086,0,0,0,0,0,0,0,0,"SVE_scaffold0000043","N-acetylmuramoyl-L-alanine amidase",NA,NA,"A0A0K0FFK4","",NA,"",NA,"SPAL_0000797100",55.9524,"",NA
"960","SVE_0764900",0,0,0,0,0,0,0.128164702334833,0.188274721083692,0,0.0765621451824983,0.0737015065585878,0.146699808009513,"SVE_scaffold0000043","",NA,NA,"A0A0K0FFK6","",NA,"",NA,"",NA,"",NA
"961","SVE_0765700",0,0,0.0634546496460066,0,0,0.274476769690234,0.0629759806636134,0,0,0,0.141365984621929,0,"SVE_scaffold0000043","",NA,NA,"A0A0K0FFL4","",NA,"",NA,"",NA,"",NA
"962","SVE_0767900",0,0.135459198879039,0.0625841019938263,0,0,0.183811156170051,0.0647532921956353,0.0643999302565536,0,0,0.0860462023903507,0,"SVE_scaffold0000043","Ribosome biogenesis GTPase RsgA",NA,NA,"A0A0K0FFN5","SSTP_0000811300",8.99471,"",NA,"SPAL_0000578425",41.2698,"",NA
"963","SVE_0768100",0.0659863395641072,0.193749256780608,0,0,0,0,0.238582813323464,0.190572589860336,0,0,0,0,"SVE_scaffold0000043","Superkiller viralicidic activity 2-like 2 (inferred by orthology to a human protein)","P-loop_NTPase",NA,"A0A0K0FFN7","",NA,"",NA,"",NA,"",NA
"964","SVE_0768200",0,0,0,0,0,0,0.0646414367628511,0.063772247451843,0.0789229231085737,0.0776647935643518,0,0,"SVE_scaffold0000043","Transposase",NA,NA,"A0A0K0FFN8","",NA,"",NA,"",NA,"",NA
"965","SVE_0768300",0.0669562300026115,0,0.0630555899763456,0,0,0,0.0641699418602933,0,0.0785522389617788,0,0,0,"SVE_scaffold0000043","DUF223 domain-containing protein",NA,NA,"A0A0K0FFN9","",NA,"",NA,"",NA,"",NA
"966","SVE_0768500",0,0,0,0,0,0,0.0649205874516058,0,0.158066069089669,0,0,0,"SVE_scaffold0000043","Ovule protein",NA,NA,"A0A0K0FFP1","",NA,"",NA,"SPAL_0001121100",45.8716,"",NA
"967","SVE_0768600",0.0639432372210434,0,0,0,0,0,0,0,0.155350612779093,0,0.0744627843531159,0,"SVE_scaffold0000043","",NA,NA,"A0A0K0FFP2","",NA,"",NA,"SPAL_0001121300",44.3439,"",NA
"968","SVE_0769000",0,0,0,0,0,0,0.126153318408108,0,0.0783620771736396,0.153445318107776,0.0751963042756835,0,"SVE_scaffold0000043","Reverse transcriptase domain-containing protein","DNA/RNA_pol_sf",NA,"A0A0K0FFP6","",NA,"",NA,"SPAL_0001145700",29.5238,"",NA
"969","SVE_0769100",0,0.0641942719325132,0,0,0,0,0,0.0637208343184106,0,0,0,0,"SVE_scaffold0000043","",NA,NA,NA,"",NA,"",NA,"",NA,"",NA
"970","SVE_0769500",0,0,0,0,0,0,0.128554523350281,0,0.0392760459322192,0,0,0,"SVE_scaffold0000043","",NA,NA,"A0A0K0FFQ0","SSTP_0000986500",23.3161,"",NA,"",NA,"",NA
"971","SVE_0769900",0,0,0,0,0,0,0,0,0.152990140499496,0.0751898619464927,0.073793137496413,0.0730541931623353,"SVE_scaffold0000043","PIPK domain-containing protein",NA,NA,"A0A0K0FFQ3","",NA,"",NA,"",NA,"",NA
"972","SVE_0770000",0,0,0,0.0598813112194841,0,0.0861081849112751,0,0.3538023274719,0.189891865375352,0,0.074299756385486,0.226944259178099,"SVE_scaffold0000043","ATP-dependent DNA helicase","P-loop_NTPase",NA,"A0A0K0FFQ4","SSTP_0000443600",15.9686,"SRAE_X000140700 | WBGene00266975",15.1832,"SPAL_0000682000",25.6544,"",NA
"973","SVE_0770100",0,0,0,0,0.187173923037491,0.271430469900456,0.127274256104816,0.12441924875394,0,0,0,0.134270673797903,"SVE_scaffold0000043","50S ribosomal protein L29",NA,NA,"A0A0K0FFQ5","",NA,"",NA,"SPAL_0000578375",82.4324,"",NA
"974","SVE_0770200",0,0.0634941760787696,0,0,0,0.0880911933809041,0.189417349606657,0.18625459681603,0,0.0768737480638525,0,0.0743778833336353,"SVE_scaffold0000043","Reverse transcriptase domain-containing protein",NA,NA,"A0A0K0FFQ6","",NA,"",NA,"SPAL_0000693600",36.9231,"",NA
"975","SVE_0770300",0.0661943865995731,0,0,0,0,0,0,0.0627401764921284,0,0.0772939859805951,0,0,"SVE_scaffold0000043","HA2 domain-containing protein","Helicase-assoc_dom","helicase activity","A0A0K0FFQ7","",NA,"",NA,"",NA,"",NA
"976","SVE_0770400",0,0,0,0,0,0.0959570260778885,0.0812235896567472,0.0726616322853607,0,0.0930228168883652,0.105474616587025,0,"SVE_scaffold0000043","Integrase catalytic domain-containing protein","HMGI/Y_DNA-bd_CS, Integrase_cat-core, RNaseH-like_sf, RNaseH_sf","DNA integration, nucleic acid binding, regulation of transcription, DNA-templated, intracellular membrane-bounded organelle, nucleus","A0A0K0FFQ8","",NA,"",NA,"SPAL_0001493900",22.3039,"",NA
"977","SVE_0770600",0,0,0,0,0,0,0.318165208999149,0.125459386483332,0,0.154606067841653,0,0.074493957958634,"SVE_scaffold0000043","",NA,NA,"A0A0K0FFR0","SSTP_0000065200",32.906,"",NA,"SPAL_0000351900",66.6667,"",NA
"978","SVE_0770800",0,0,0,0,0,0,0,0.0621598935929791,0,0.152825971227003,0,0.147734466285965,"SVE_scaffold0000043","Protein kinase domain-containing protein","Kinase-like_dom_sf, Protein_kinase_ATP_BS","ATP binding, nucleotide binding","A0A0K0FFR2","",NA,"",NA,"SPAL_0000351800",86.3248,"",NA
"979","SVE_0770900",0.216222533201261,0,0,0,0,0,0.139831394388156,0,0.169683039127355,0.180978171007559,0.169428701373753,0,"SVE_scaffold0000043","Peptidase_M13_N domain-containing protein",NA,NA,"A0A0K0FFR3","",NA,"",NA,"",NA,"",NA
"980","SVE_0772200",0.12905598368274,0.0631954943129084,0,0,0.268120665572607,0,0.0629335888333646,0,0.0782570010661358,0,0,0.074152927533928,"SVE_scaffold0000044","",NA,NA,"A0A0K0FFS6","SSTP_0001064500",39.2157,"",NA,"SPAL_0000824400",82.3529,"",NA
"981","SVE_0772600",0.129058282445785,0.063243676018479,0,0,0,0,0.0635277106903738,0.0624723337019232,0.157323314894538,0.0768932950840533,0.0750934836896558,0.0736819678106531,"SVE_scaffold0000044","",NA,NA,"A0A0K0FFT0","SSTP_0000945400",65.529,"SRAE_1000034600 | WBGene00256942",69.2833,"SPAL_0001137600",93.1741,"",NA
"982","SVE_0772700",0,0.0647048988803196,0,0,0,0,0.129752247203045,0.127651669518435,0,0,0,0,"SVE_scaffold0000044","",NA,"membrane","A0A0K0FFT1","SSTP_0000945366",35.9684,"SRAE_1000034550 | WBGene00256941",34.3874,"SPAL_0001137500",77.4704,"",NA
"983","SVE_0774200",0,0,0,0,0,0,0,0.064710620216159,0,0.0760999802698795,0,0,"SVE_scaffold0000044","DUF4325 domain-containing protein",NA,NA,"A0A0K0FFU6","",NA,"",NA,"",NA,"",NA
"984","SVE_0774400",0.0658911765247927,0,0,0,0,0,0.128961574550851,0.0635030819036395,0.0800813394698593,0,0,0,"SVE_scaffold0000044","Speckle-type POZ protein-like (inferred by orthology to a human protein)","BTB/POZ_dom, TRAF-like, SKP1/BTB/POZ_sf","protein binding","A0A0K0FFU8","",NA,"",NA,"SPAL_0000867200",54.7619,"spop-1 | WBGene00011815",33.8095
"985","SVE_0775300",0,0,0,0,0.280897734318221,0.180510904572822,0,0,0,0.0729836548262077,0.0676621177139298,0,"SVE_scaffold0000044","Ovule protein",NA,"membrane","A0A0K0FFV7","",NA,"",NA,"",NA,"",NA
"986","SVE_0777100",0.331718992597769,0.130444512820341,0,0,0,0,0,0,0,0.0754053089424213,0.0714930206142397,0.0704660176428684,"SVE_scaffold0000044","Acetylcholinesterase (inferred by orthology to a zebrafish protein)","CarbesteraseB, AB_hydrolase",NA,"A0A0K0FFX5","",NA,"",NA,"",NA,"",NA
"987","SVE_0777200",0.192971885216184,0.0638994613314503,0,0,0.0937665576833254,0,0,0.0622969184703311,0.0763154023424698,0,0,0,"SVE_scaffold0000044","COesterase domain-containing protein","CarbesteraseB, AB_hydrolase",NA,"A0A0K0FFX6","",NA,"",NA,"",NA,"",NA
"988","SVE_0777300",0.0667533644398225,0,0,0,0,0,0,0.253545594689456,0.0781337753916319,0.152127723523302,0,0,"SVE_scaffold0000044","",NA,NA,"A0A0K0FFX7","",NA,"",NA,"SPAL_0001200800",44.0476,"",NA
"989","SVE_0777900",0.0661238966772363,0,0.123422121056568,0.0604089330411684,0,0,0,0.189181570675005,0,0.0777740331419376,0.0762269048351623,0,"SVE_scaffold0000044","","Protein_GAPT","membrane","A0A0K0FFY2","SSTP_0001102100",41.0405,"SRAE_1000107300 | WBGene00257674",37.5723,"SPAL_0000899000",79.7688,"",NA
"990","SVE_0779100",0.0648648361958497,0.0639277813378166,0,0,0.276162673475376,0.0900484263211294,0.248664752371091,0,0.0756737553651223,0,0.0717104435881871,0,"SVE_scaffold0000044","Isochorismatase domain-containing protein",NA,NA,"A0A0K0FFZ4","",NA,"",NA,"SPAL_0000129400",63.4615,"",NA
"991","SVE_0779800",0,0,0,0,0,0,0.0653868734993245,0.0643073617783601,0,0,0,0,"SVE_scaffold0000044","Salivary lipocalin",NA,NA,"A0A0K0FG01","",NA,"",NA,"SPAL_0000387200",34.2657,"",NA
"992","SVE_0779900",0,0,0,0,0,0,0,0,0,0,0,0,"SVE_contig0000004","",NA,NA,NA,"",NA,"",NA,"",NA,"",NA
"993","SVE_0783300",0.0652192677891433,0.0639136698257958,0.121964979451004,0,0.0911226034058423,0,0,0,0,0,0,0,"SVE_contig0000004","",NA,NA,"A0A0K0FG35","",NA,"",NA,"",NA,"",NA
"994","SVE_0783400",0.128943982554519,0.379155744773348,0,0,0.179849461346763,0.0880149509342366,0.0623972321063,0,0,0.0758523837633743,0.0743041909158201,0,"SVE_contig0000004","N-acetylmuramoyl-L-alanine amidase",NA,NA,"A0A0K0FG36","",NA,"",NA,"SPAL_0000383500",88.9535,"",NA
"995","SVE_0784700",0.149672318622013,0.128209126886697,0.0683687191871551,0,0,0,0,0,0,0.0777454273502953,0,0,"SVE_contig0000004","Metalloendopeptidase","Peptidase_M12A, Peptidase_Metallo, MetalloPept_cat_dom_sf","metalloendopeptidase activity, metallopeptidase activity, proteolysis, zinc ion binding, peptidase activity, hydrolase activity, metal ion binding","A0A0K0FG49","SSTP_0000809200",41.4044,"",NA,"SPAL_0000384800",81.8402,"",NA
"996","SVE_0785000",0,0,0,0,0,0,0,0,0,0,0,0,"SVE_contig0000004","C2H2-type domain-containing protein",NA,NA,"A0A0K0FG51","",NA,"",NA,"",NA,"",NA
"997","SVE_0785100",0,0,0,0,0,0,0,0,0,0,0,0,"SVE_contig0000004","",NA,NA,"A0A0K0FG52","",NA,"",NA,"SPAL_0001699900",53.1915,"",NA
"998","SVE_0787900",0,0.065172665344941,0,0,0,0,0.0640740130748251,0.0631398836171226,0.0796191342440255,0,0,0,"SVE_contig0000004","DUF2865 domain-containing protein",NA,NA,"A0A0K0FG80","",NA,"",NA,"SPAL_0000135700",49.0196,"",NA
"999","SVE_0788400",0,0,0,0,0.264309007538315,0.07931850800893,0,0,0,0,1.85387527676304e-07,0.0208389216708736,"SVE_scaffold0000045","Glucuronosyltransferase",NA,NA,"A0A0K0FG85","",NA,"",NA,"SPAL_0000409600",32.9897,"",NA
"1000","SVE_0789100",0,0.0772495916012397,0.0643361284138174,0.131135774385036,0,0,0.277553252837427,0.144355201025913,0,0,0,0,"SVE_scaffold0000045","glucuronosyltransferase","UDP_glucos_trans","UDP-glycosyltransferase activity, glycosyltransferase activity, glucuronosyltransferase activity, transferase activity, membrane","A0A0K0FG92","SSTP_0000161500",69.2982,"SRAE_2000493400 | WBGene00265181",65.7895,"SPAL_0001527400",57.8947,"",NA
"1001","SVE_0793300",0.0640555579346005,0.0636328288349519,0,0.0634101228586044,0,0,0,0,0,0,0,0,"SVE_scaffold0000045","",NA,NA,"A0A0K0FGD2","",NA,"",NA,"",NA,"",NA
"1002","SVE_0794600",0.132857198245013,0.0652366159457331,0.0625295584831652,0.183398122593092,0,0,0,0.0630214594916196,0,0.0776001185772563,0,0,"SVE_scaffold0000045","Salivary secreted protein of 21.3 kDa",NA,NA,"A0A0K0FGE5","SSTP_0000520100",64.2336,"SRAE_2000094200 | WBGene00261142",56.9343,"SPAL_0000903100",91.9708,"",NA
"1003","SVE_0795200",0.0636276938850565,0.062480249968135,0.184505050033925,0,0.090948723108725,0.178290985154406,0,0,0,0,0,0,"SVE_scaffold0000045","BTB domain-containing protein",NA,NA,"A0A0K0FGF1","",NA,"",NA,"",NA,"",NA
"1004","SVE_0797200",0,0,0.132535482892104,0.258411032265722,0,0,0.0648454354545222,0.0632037476418801,0.387132086679958,0,0,0.0684644834062305,"SVE_scaffold0000045","",NA,NA,NA,"",NA,"",NA,"",NA,"",NA
"1005","SVE_0797600",0.0663333061619946,0,0,0,0,0,0.126879971056868,0,0,0.0757946812799405,0.0729627178828916,0.072614548577658,"SVE_scaffold0000045","DUF5659 domain-containing protein",NA,NA,"A0A0K0FGH4","",NA,"",NA,"",NA,"",NA
"1006","SVE_0797700",0,0,0,0,0,0,0,0,0.078335921922599,0,0,0,"SVE_scaffold0000045","",NA,NA,"A0A0K0FGH5","",NA,"",NA,"",NA,"",NA
"1007","SVE_0797900",0,0,0,0,0,0,0.0644193969681049,0.0633074666628401,0,0,0,0.0734514791467648,"SVE_scaffold0000046","Peptidase C76 domain-containing protein",NA,NA,"A0A0K0FGH7","",NA,"",NA,"SPAL_0001475400",37.2703,"",NA
"1008","SVE_0798400",0.13330208625481,0.0653241429619617,0.124266858274809,0.121608753647064,0,0,0,0,0,0,0,0,"SVE_scaffold0000046","",NA,NA,"A0A0K0FGI1","SSTP_0000700400",37.0968,"",NA,"SPAL_0001185000",29.0323,"",NA
"1009","SVE_0798600",0,0.16538098211669,0,0,0,0,0,0,0.064602594879434,0.0763291477819454,0.258206814976303,0.103043884108142,"SVE_scaffold0000046","",NA,NA,"A0A0K0FGI3","",NA,"",NA,"",NA,"",NA
"1010","SVE_0798800",0,0,0,0,0,0,0,0,0,0,0,0,"SVE_scaffold0000046","DUF3757 domain-containing protein",NA,NA,"A0A0K0FGI5","",NA,"",NA,"SPAL_0000536200",31.2,"",NA
"1011","SVE_0798900",0,0,0,0,0,0,0.0653350966172168,0.128716028274193,0,0,0,0,"SVE_scaffold0000046","CCHC-type domain-containing protein","Znf_CCHC, Znf_CCHC_sf","nucleic acid binding, zinc ion binding, enzyme binding, cytoplasm","A0A0K0FGI6","",NA,"",NA,"",NA,"",NA
"1012","SVE_0799200",0,0,0,0,0,0,0.129443588699713,0.127102127829386,0,0.156847375060205,0,0,"SVE_scaffold0000046","",NA,NA,"A0A0K0FGI9","",NA,"",NA,"SPAL_0001668000",45.1128,"",NA
"1013","SVE_0799300",0.195538880204217,0,0,0,0,0,0,0,0,0,0,0,"SVE_scaffold0000046","Vacuolar protein sorting-associated protein 53 homolog",NA,NA,"A0A0K0FGJ0","",NA,"",NA,"",NA,"",NA
"1014","SVE_0799400",0.0657543009305973,0.064482475654706,0,0,0,0,0,0.0624957513003094,0.0788315216948826,0,0,0,"SVE_scaffold0000046","BRO1 domain-containing protein",NA,NA,"A0A0K0FGJ1","SSTP_0000278400",39.8773,"SRAE_0000050000 | WBGene00256244",39.8773,"SPAL_0001665500",62.5767,"",NA
"1015","SVE_0799500",0,0.130794664870586,0,0,0,0,0.0648976821922482,0.0631339571411077,0,0,0,0,"SVE_scaffold0000046","",NA,NA,"A0A0K0FGJ2","",NA,"",NA,"SPAL_0000578375",67.9012,"",NA
"1016","SVE_0799800",0.0644649514102495,0.0635223281817157,0,0,0.0919008134545709,0.0898242334807783,0,0.0608981662555717,0,0,0.0709940571719613,0.141380647725727,"SVE_scaffold0000046","",NA,NA,"A0A0K0FGJ5","",NA,"",NA,"SPAL_0000833800",52.0408,"",NA
"1017","SVE_0800200",0.196664667295205,0,0.183201067744917,0,0.273464533565318,0,0.0636381028382331,0.0625307842052305,0.078952318989618,0,0.0757539199257422,0,"SVE_scaffold0000046","Proteasome assembly chaperone 3",NA,NA,"A0A0K0FGJ9","",NA,"",NA,"",NA,"",NA
"1018","SVE_0800300",0,0.126141339662508,0.131460200711779,0,0.186527741839235,0,0.0630681753632332,0.0613549460937134,0,0,0,0,"SVE_scaffold0000046","Mediator complex subunit 23",NA,NA,"A0A0K0FGK0","",NA,"",NA,"SPAL_0000688000",46.9697,"",NA
"1019","SVE_0800400",0.130858770266037,0.0640351557809838,0,0.180848472430839,0.0924542267875776,0.0900085589241954,0.0627426235120131,0.0613708042070725,0,0.0754232592641262,0,0.146410066485312,"SVE_scaffold0000046","",NA,NA,"A0A0K0FGK1","",NA,"",NA,"SPAL_0000688000",64.7541,"",NA
"1020","SVE_0800500",0,0,0,0,0.183715255398809,0,0,0,0,0,0,0.067963155718562,"SVE_scaffold0000046","DUF1844 domain-containing protein",NA,NA,"A0A0K0FGK2","",NA,"",NA,"",NA,"",NA
"1021","SVE_0800800",0,0,0,0,0.525508124350396,0.409937236232675,0,0,0,0,0,0,"SVE_scaffold0000046","ATP-dependent DNA helicase","DNA_helicase_pif1-like, P-loop_NTPase","telomere maintenance, DNA helicase activity, DNA repair, cellular response to DNA damage stimulus, DNA recombination, helicase activity, ATP hydrolysis activity, DNA duplex unwinding, hydrolase activity, ATP binding, nucleotide binding","A0A0K0FGK4","",NA,"",NA,"SPAL_0000535000",73.3333,"",NA
"1022","SVE_0800900",0,0,0,0,0,0,0,0,0,0,0,0.0945038998990331,"SVE_scaffold0000046","Helitron_like_N domain-containing protein","Helitron_helicase-like",NA,"A0A0K0FGK5","",NA,"SRAE_0000082000 | WBGene00256580",15.4897,"SPAL_0000380700",18.6788,"",NA
"1023","SVE_0801000",0,0,0,0,0,0,0,0.0617631909643741,0,0,0,0.0740545084330615,"SVE_scaffold0000046","",NA,NA,"A0A0K0FGK6","",NA,"",NA,"",NA,"",NA
"1024","SVE_0801100",0,0,0.0623697390289272,0.122046498451345,0,0,0,0.0645053811661371,0,0.0794433003642105,0,0,"SVE_scaffold0000046","Helitron_like_N domain-containing protein",NA,NA,"A0A0K0FGK7","",NA,"",NA,"",NA,"",NA
"1025","SVE_0801200",0,0,0.12535182151042,0.183935004923243,0.0886729518594303,0,0.06513824416178,0,0,0,0.0741552305575844,0,"SVE_scaffold0000046","Peptidase C76 domain-containing protein",NA,NA,"A0A0K0FGK8","",NA,"",NA,"SPAL_0000877200",41.1032,"",NA
"1026","SVE_0803400",0,0,0,0,0,0,0,0,0,0,0,0,"SVE_scaffold0000046","Protein kinase domain-containing protein","Kinase-like_dom_sf",NA,"A0A0K0FGM9","",NA,"",NA,"SPAL_0001509900",95.288,"",NA
"1027","SVE_0804300",0,0.128135095670932,0.0616930585383445,0.120482618236724,0.0924126687434435,0.360096661457482,0,0.0614152339307673,0,0,0,0,"SVE_scaffold0000046","Integrase catalytic domain-containing protein","RNaseH-like_sf, RNaseH_sf","nucleic acid binding","A0A0K0FGN8","",NA,"",NA,"",NA,"",NA
"1028","SVE_0804900",0,0,0,0,0,0,0.129183376230678,0,0,0,0,0.0722277871193642,"SVE_scaffold0000047","COesterase domain-containing protein","AB_hydrolase",NA,"A0A0K0FGP4","",NA,"",NA,"",NA,"",NA
"1029","SVE_0805000",0.0650315564182341,0,0,0.118588364507723,0,0,0.127390560245836,0.18818645412339,0.0790738476010225,0.0772519534521405,0.227056056808385,0.0744072366021959,"SVE_scaffold0000047","Carboxylic ester hydrolase","CarbesteraseB, Carboxylesterase_B_AS, AB_hydrolase","carboxylic ester hydrolase activity, hydrolase activity","A0A0K0FGP5","SSTP_0000805000",50.8197,"SRAE_2000070700 | WBGene00260905",52.0492,"SPAL_0000809800",56.1475,"",NA
"1030","SVE_0806500",0.0652063711072208,0.12763417082928,0,0,0.184279114498849,0.0897019454525658,0.125058013738997,0.0611617450291505,0,0.0751663305048949,0.0737789209855212,0,"SVE_scaffold0000047","",NA,NA,"A0A0K0FGR0","",NA,"",NA,"SPAL_0001684300",36.0656,"",NA
"1031","SVE_0806900",0,0.193936857064602,0,0,0,0.0907017174818455,0.0629562166227487,0.122921706197713,0,0,0.146525080791057,0,"SVE_scaffold0000047","HTH_Tnp_4 domain-containing protein",NA,NA,"A0A0K0FGR4","SSTP_0001198050",43.1193,"SRAE_0000064600 | WBGene00256394",24.7706,"SPAL_0000021100",59.633,"",NA
"1032","SVE_0808400",0,0,0,0,0,0,0,0,0,0,0,0,"SVE_scaffold0000047","",NA,NA,"A0A0K0FGS8","",NA,"",NA,"",NA,"",NA
"1033","SVE_0808500",0.0670057815854429,0,0,0.122523154955495,0,0,0.129458091795057,0,0,0,0,0,"SVE_scaffold0000047","SUEL-type lectin domain-containing protein",NA,NA,"A0A0K0FGS9","",NA,"",NA,"SPAL_0001601100",77.439,"",NA
"1034","SVE_0810700",0.128351223850027,0.127319378600902,0,0,0.092946017712333,0.0902076991088816,0,0.0617222569681749,0,0,0.0686317941538402,0,"SVE_scaffold0000047","",NA,NA,"A0A0K0FGV1","",NA,"",NA,"",NA,"",NA
"1035","SVE_0810800",0.197077985151054,0,0,0,0,0,0.127348039950269,0.125266240935946,0,0,0.0758079756818153,0,"SVE_scaffold0000047","",NA,NA,"A0A0K0FGV2","SSTP_0000295200",52.1978,"SRAE_1000026100 | WBGene00256855",62.6374,"SPAL_0001603000",83.5165,"",NA
"1036","SVE_0811100",0,0,0,0,0,0,0,0,0,0,0,0,"SVE_scaffold0000047","",NA,NA,"A0A0K0FGV5","",NA,"",NA,"",NA,"",NA
"1037","SVE_0811700",0,0,0,0,0,0,0.165917234013508,0,0,0,0,0,"SVE_scaffold0000047","Sen15 domain-containing protein",NA,NA,"A0A0K0FGW0","",NA,"",NA,"SPAL_0000826600",56.3636,"",NA
"1038","SVE_0811800",0,0.0637158319141131,0,0,0,0,0,0,0,0,0,0,"SVE_scaffold0000047","Ribonuclease H-like domain-containing protein",NA,NA,"A0A0K0FGW1","",NA,"",NA,"SPAL_0000826600",3.53535,"",NA
"1039","SVE_0811900",0,0,0,0,0,0,0,0,0,0,0,0,"SVE_scaffold0000047","Transposase",NA,NA,"A0A0K0FGW2","",NA,"",NA,"",NA,"",NA
"1040","SVE_0812000",0,0,0,0,0,0,0.0642834098693238,0.0628352938639597,1.06392847334856e-05,0,0,0.148468514259299,"SVE_scaffold0000047","",NA,NA,"A0A0K0FGW3","SSTP_0000947000",0,"",NA,"SPAL_0000369500",64.8148,"",NA
"1041","SVE_0812100",0,0,0,0,0,0.088675065461578,0.125908064183164,0.186130460978265,0,0.0764724190913026,0,0.371391806820991,"SVE_scaffold0000047","",NA,NA,"A0A0K0FGW4","SSTP_0000947000",16.4773,"",NA,"SPAL_0000369500",53.9773,"",NA
"1042","SVE_0812200",0.066511689116312,0.131207490199219,0,0,0,0,0.191036079879921,0.062442750610305,0.232631556190714,0.0761392525430796,0,0.146074469779471,"SVE_scaffold0000047","Ty3-gypsy retrotransposon protein",NA,NA,"A0A0K0FGW5","",NA,"",NA,"SPAL_0000691400",27.1845,"",NA
"1043","SVE_0812300",0.115807853894267,0,0,0,0,0,0,9.14327179670557e-05,0,0,0,0,"SVE_scaffold0000047","Histone-lysine N-methyltransferase SETMAR (inferred by orthology to a human protein)","Transposase_1, RNaseH_sf","nucleic acid binding","A0A0K0FGW6","",NA,"SRAE_X000158000 | WBGene00267153",45.5357,"SPAL_0000331400",2.67857,"",NA
"1044","SVE_0812400",0,0.0244653566550674,0,0,0.0914052311397893,0.178747751127587,0.0620057645297541,0,0,0.0744919380440216,0.145363387802455,0,"SVE_scaffold0000047","Histone-lysine N-methyltransferase SETMAR (inferred by orthology to a human protein)","HTH_ArsR_DNA-bd_dom, WH-like_DNA-bd_sf, Mos1_HTH","DNA-binding transcription factor activity, regulation of transcription, DNA-templated","A0A0K0FGW7","",NA,"SRAE_X000158000 | WBGene00267153",61.4035,"SPAL_0000331400",58.7719,"",NA
"1045","SVE_0812500",0,0,0,0,0,0,0,0,0,0,0,0,"SVE_scaffold0000047","Histone-lysine N-methyltransferase SETMAR (inferred by orthology to a human protein)","HTH_ArsR_DNA-bd_dom, Homeobox-like_sf, WH-like_DNA-bd_sf, Mos1_HTH","DNA-binding transcription factor activity, regulation of transcription, DNA-templated","A0A0K0FGW8","",NA,"SRAE_X000158000 | WBGene00267153",58.7719,"SPAL_0000331400",59.6491,"",NA
"1046","SVE_0812600",0.0818460649097454,0.260162084120528,0,0,0,0,0,0,0,0,0,0,"SVE_scaffold0000047","Histone-lysine N-methyltransferase SETMAR (inferred by orthology to a human protein)","Transposase_1, RNaseH_sf, Mos1_HTH","nucleic acid binding","A0A0K0FGW9","",NA,"SRAE_X000158000 | WBGene00267153",56.6474,"SPAL_0000331400",26.0116,"",NA
"1047","SVE_0812700",0,0,0,0.0828151387130609,0,0,0.0656229144819934,0,0,0,0,0,"SVE_scaffold0000047","Serpentine receptor class gamma",NA,"membrane","A0A0K0FGX0","",NA,"",NA,"",NA,"",NA
"1048","SVE_0813000",0,0,0,0,0,0,0,0.0640993019772886,0.0392664869832269,0.076632096571231,0,0,"SVE_scaffold0000047","CCHC-type domain-containing protein","Znf_CCHC_sf","nucleic acid binding, zinc ion binding","A0A0K0FGX3","",NA,"",NA,"SPAL_0001519500",79.5455,"",NA
"1049","SVE_0813100",0,0,0,0,0,0,0,0,0,0,0,0,"SVE_scaffold0000047","",NA,NA,"A0A0K0FGX4","",NA,"",NA,"",NA,"",NA
"1050","SVE_0813600",0,0,0.123223387214391,0.0710348810393227,0,0,0.156037724638099,0.14799286619496,0.189564331367075,0,0,0.0758216914956933,"SVE_scaffold0000048","",NA,NA,"A0A0K0FGX9","",NA,"",NA,"SPAL_0000459400",46.1187,"",NA
"1051","SVE_0813800",0.0650504734174977,0.0637509705048624,0,0,0.000847475845187781,0,0,0.178303500213251,0,0,0,0,"SVE_scaffold0000048","Peptidase S1 domain-containing protein",NA,NA,"A0A0K0FGY1","",NA,"",NA,"SPAL_0000437200",23.6162,"",NA
"1052","SVE_0813900",0,0,0,0,0,0,0,0,0,0,0,0,"SVE_scaffold0000048","Integrase catalytic domain-containing protein","Integrase_cat-core, RNaseH-like_sf, RNaseH_sf","DNA integration, nucleic acid binding","A0A0K0FGY2","",NA,"",NA,"",NA,"",NA
"1053","SVE_0814000",0.131682341377102,0.0644961986967685,0,0,0,0,0,0.188372686908351,0,0,0,0,"SVE_scaffold0000048","Fam-c protein",NA,NA,"A0A0K0FGY3","",NA,"",NA,"SPAL_0001349150",31.7919,"",NA
"1054","SVE_0814100",0.131491773647599,0.193849909733383,0,0,0,0,0,0.123547308080866,0,0.0757948150318279,0,0.0732744472520929,"SVE_scaffold0000048","30S ribosomal protein S6",NA,NA,"A0A0K0FGY4","",NA,"",NA,"SPAL_0001250000",39.823,"",NA
"1055","SVE_0814200",0.194345911534742,0.126951993966132,0,0,0.0890574887633642,0.261080934653306,0,0.0627087603918259,0,0,0,0,"SVE_scaffold0000048","Peptidase A2 domain-containing protein",NA,NA,"A0A0K0FGY5","",NA,"",NA,"",NA,"",NA
"1056","SVE_0814300",0,0,0,0,0,0,0,0,0.0783360879070392,0,0,0,"SVE_scaffold0000048","",NA,NA,"A0A0K0FGY6","",NA,"",NA,"",NA,"",NA
"1057","SVE_0814400",0,0,0,0,0,0,0,0,0.0795815595932956,0,0.0712926675577796,0,"SVE_scaffold0000048","",NA,NA,NA,"",NA,"",NA,"",NA,"",NA
"1058","SVE_0814500",0,0,0,0,0,0,0.0654972022869262,0,0,0,0,0,"SVE_scaffold0000048","DUF2129 domain-containing protein",NA,NA,"A0A0K0FGY7","SSTP_0000034200",82.0225,"SRAE_X000138100 | WBGene00266949",70.7865,"",NA,"",NA
"1059","SVE_0815300",0,0.124662150156294,0,0,0.0871730577896255,0,0,0,0,0.0758591767848253,0.073887332019015,0.0725512463855226,"SVE_scaffold0000048","",NA,NA,"A0A0K0FGZ5","SSTP_0000033600",77.7419,"SRAE_X000138900 | WBGene00266957",79.6774,"SPAL_0000379500",89.0323,"",NA
"1060","SVE_0816700",0.12483915592153,0,0,0,0.0896999021767328,0.087271905167646,0,0,0,0,0,0,"SVE_scaffold0000048","",NA,NA,"A0A0K0FH09","SSTP_0001026000",77.1084,"SRAE_X000240800 | WBGene00267994",71.0843,"SPAL_0000378000",97.5904,"",NA
"1061","SVE_0818100",0.0324729590498575,0.0318151264422364,0.0609097357135587,0.0596391165902273,0.136931512256374,0.0887819903477518,0,0,0,0.0379040467676006,0.0372054631484801,0,"SVE_scaffold0000048","BED-type domain-containing protein","Znf_BED","DNA binding, membrane, metal ion binding","A0A0K0FH23","",NA,"",NA,"",NA,"",NA
"1062","SVE_0818200",0,0,0,0,0.0919036909021838,0,0.0624648992778841,0,0,0,0,0,"SVE_scaffold0000048","",NA,NA,"A0A0K0FH24","",NA,"",NA,"",NA,"",NA
"1063","SVE_0818300",0,0,0.0636019626575044,0,0.187322964933135,0.09120887918428,0.1262352011394,0.0620209017659822,0.0761968798341815,0,0.0704413193199754,0,"SVE_scaffold0000048","SH3 domain-containing protein","SH3-like_dom_sf","protein binding","A0A0K0FH25","",NA,"",NA,"",NA,"",NA
"1064","SVE_0818500",0,0,0,0,0,0,0,0,0,0,0,0,"SVE_scaffold0000049","Transcriptional regulator",NA,NA,"A0A0K0FH27","",NA,"",NA,"",NA,"",NA
"1065","SVE_0820400",0,0.0644340966412447,0,0.060171136293778,0.180949105819741,0,0,0.127213339136276,0,0,0,0,"SVE_scaffold0000049","",NA,NA,NA,"",NA,"",NA,"",NA,"",NA
"1066","SVE_0820500",0,0,0,0,0,0.105056845181963,0,0,0,0,0,0,"SVE_scaffold0000049","Integrase_H2C2 domain-containing protein","RNaseH_sf, Integrase_H2C2","nucleic acid binding","A0A0K0FH44","",NA,"",NA,"",NA,"",NA
"1067","SVE_0820600",0.0651719431012312,0,0,0,0,0.183452824280625,0,0,0,0.07461323568242,0,0.0683717907269412,"SVE_scaffold0000049","AMP_N domain-containing protein",NA,NA,"A0A0K0FH45","",NA,"",NA,"",NA,"",NA
"1068","SVE_0824000",0,0,0.0637156508374882,0.0622018503567949,0,0,0.0647576286298711,0,0.0791557036417798,0,0,0,"SVE_scaffold0000049","",NA,NA,"A0A0K0FH78","",NA,"SRAE_X000104300 | WBGene00266606",38.6555,"SPAL_0001470900",77.3109,"",NA
"1069","SVE_0826100",0,0.128656428963185,0.305609302307315,0.119809611783988,0,0,0,0.0625682117070218,0,0,0.0757255918297984,0.0750207207482498,"SVE_scaffold0000050","Apple domain-containing protein",NA,NA,"A0A0K0FH99","SSTP_0000266400",92.8177,"SRAE_X000177700 | WBGene00267354",92.8177,"SPAL_0001259600",99.4475,"F48C5.2 | WBGene00009843",32.0442
"1070","SVE_0827000",0,0,0,0,0.0946374412805167,0,0,0,0,0,0,0.0660070075626827,"SVE_scaffold0000050","Phage protein",NA,NA,"A0A0K0FHA8","",NA,"",NA,"",NA,"",NA
"1071","SVE_0828500",0,0.0639025499907361,0,0.119390606343659,0,0.0891462011794865,0.0628566786561774,0.0619683648781739,0.156230579207208,0,0.0749808562538796,0.223549658863163,"SVE_scaffold0000050","Major sperm protein","MSP_dom, PapD-like_sf, Ig-like_fold","cytoskeleton","A0A0K0FHC3","SSTP_0000313300",70.0637,"SRAE_1000206000 | WBGene00258672",71.3376,"SPAL_0001275000",95.5414,"",NA
"1072","SVE_0829600",0,0.191576379641943,0,0,0.0937712775882963,0.180778723460554,0.0640988628147299,0.124125296105838,0,0,0.0677625060708031,0,"SVE_scaffold0000050","Secreted protein",NA,"membrane","A0A0K0FHD4","",NA,"",NA,"",NA,"",NA
"1073","SVE_0830100",0,0,0,0,0,0,0.065497242008302,0,0,0,0,0,"SVE_scaffold0000050","Mediator of RNA polymerase II transcription subunit 7",NA,NA,"A0A0K0FHD9","",NA,"",NA,"",NA,"",NA
"1074","SVE_0830200",0,0,0,0,0,0,0,0.0641987383497706,0,0,0,0,"SVE_scaffold0000050","Reverse transcriptase domain-containing protein","RT_dom, Rev_trsase/Diguanyl_cyclase, DNA/RNA_pol_sf","membrane","A0A0K0FHE0","",NA,"",NA,"SPAL_0001011700",75.1131,"",NA
"1075","SVE_0830800",0,0.0658165866160715,0,0,0,0,0,0,0,0,0.0701236709846824,0,"SVE_scaffold0000050","",NA,NA,"A0A0K0FHE5","",NA,"",NA,"",NA,"",NA
"1076","SVE_0831000",0,0,0,0,0,0,0.0701729037248258,0.0638413431396995,0.0793835708609071,0,0,0,"SVE_scaffold0000050","Integrase catalytic domain-containing protein","Integrase_cat-core, RNaseH-like_sf, RNaseH_sf, RT_RNaseH, Integrase_H2C2, DNA/RNA_pol_sf","DNA integration, nucleic acid binding, DNA-directed DNA polymerase activity, DNA biosynthetic process, DNA polymerase complex","A0A0K0FHE7","SSTP_0000843200",14.3488,"SRAE_0000073700 | WBGene00256494",47.0199,"SPAL_0000878400",89.6247,"",NA
"1077","SVE_0831100",0.0657234781276245,0,0.265360896133783,0,0,0,0,0.126981525592681,0.0774409613097337,0.298661689842039,0,0,"SVE_scaffold0000051","",NA,NA,"A0A0K0FHE8","",NA,"",NA,"",NA,"",NA
"1078","SVE_0831200",0,0.0132882518219909,0,0,0,0,0.145974546232596,0,0,0,0.0175001698215717,0,"SVE_scaffold0000051","Metalloendopeptidase","Peptidase_M12A, MetalloPept_cat_dom_sf","metalloendopeptidase activity, metallopeptidase activity, proteolysis, peptidase activity, hydrolase activity, metal ion binding","A0A0K0FHE9","",NA,"",NA,"SPAL_0001673500",80.2575,"",NA
"1079","SVE_0831400",0.0638452944175589,0,0,0,0,0,0,0,0,0,0,0.072720750592291,"SVE_scaffold0000051","Astacin domain-containing protein","Peptidase_M12A, MetalloPept_cat_dom_sf","metalloendopeptidase activity, metallopeptidase activity, proteolysis","A0A0K0FHF1","",NA,"",NA,"SPAL_0001673500",81.25,"",NA
"1080","SVE_0831500",0,0,0,0,0,0,0,3.42702794890055e-08,0.0352728339047001,0.0766057856333504,0,0.201460521276661,"SVE_scaffold0000051","Metalloendopeptidase",NA,NA,"A0A0K0FHF2","",NA,"",NA,"SPAL_0001673500",75.8621,"",NA
"1081","SVE_0831600",0,0,0,0,0,0,0,0.0648800137969561,0,0,0,0.140960989453591,"SVE_scaffold0000051","",NA,NA,"A0A0K0FHF3","",NA,"",NA,"",NA,"",NA
"1082","SVE_0831900",0.0800484545751129,0.162595108727243,0,0,0,0,0.222168456978399,0.108276093025424,0,0,0,0.0151404979650689,"SVE_scaffold0000051","Rho_N domain-containing protein",NA,NA,"A0A0K0FHF6","",NA,"",NA,"SPAL_0001300200",64.1509,"",NA
"1083","SVE_0832200",0,0,0,0,0,0,0,0,0,0,0,0,"SVE_scaffold0000051","",NA,NA,"A0A0K0FHF9","",NA,"",NA,"SPAL_0001458950",34.7826,"",NA
"1084","SVE_0832300",0,0,0,0,0,0,0.0650745103671617,0.127057664412157,0,0.156045452310075,0,0,"SVE_scaffold0000051","",NA,NA,"A0A0K0FHG0","",NA,"",NA,"SPAL_0000520700",51.3761,"",NA
"1085","SVE_0832900",0,0,0,0,0.0920356690359907,0,0.062376908004142,0,0,0,0,0,"SVE_scaffold0000051","",NA,NA,"A0A0K0FHG5","",NA,"",NA,"",NA,"",NA
"1086","SVE_0833100",0.0671899638759748,0,0,0,0,0,0.129156807653484,0.0631747941836338,0,0,0,0,"SVE_scaffold0000051","Integrase_H2C2 domain-containing protein","Integrase_H2C2",NA,"A0A0K0FHG7","SSTP_0000841200",6.72269,"",NA,"SPAL_0001723200",38.6555,"",NA
"1087","SVE_0833400",0,0.0637018445600898,0,0.127322980018438,0,0,0,0.149204054344111,0.0788760455810089,0.231502638264495,0.148313142170974,0,"SVE_scaffold0000051","Integrase catalytic domain-containing protein","Integrase_cat-core, RNaseH_domain, RNaseH-like_sf, RNaseH_sf","DNA integration, RNA-DNA hybrid ribonuclease activity, nucleic acid binding, RNA phosphodiester bond hydrolysis, endonucleolytic","A0A0K0FHH0","SSTP_0000844900",7.03625,"",NA,"",NA,"",NA
"1088","SVE_0833700",0.0667846464493217,0,0,0,0,0,0.0642969803550984,0,0,0,0.0721655798625336,0.142154201881634,"SVE_scaffold0000051","AraC family transcriptional regulator",NA,NA,"A0A0K0FHH3","",NA,"",NA,"",NA,"",NA
"1089","SVE_0833900",0,0.388394728177736,0,0,0,0,0,0,0,0,0.0897680354903775,0,"SVE_scaffold0000051","TIL domain-containing protein","TIL_dom, Ser_inhib-like_sf","negative regulation of peptidase activity, peptidase inhibitor activity, serine-type endopeptidase inhibitor activity, extracellular region","A0A0K0FHH5","SSTP_0000549500",61.2245,"SRAE_1000287000 | WBGene00259487",65.3061,"SPAL_0001514600",86.7347,"",NA
"1090","SVE_0834100",0,0,0,0.0607365810212313,0,0.086548016521932,0.0647210730242696,0.0635702342454366,0.139660569930289,0,0,0.129266529852008,"SVE_scaffold0000051","",NA,NA,NA,"",NA,"",NA,"",NA,"",NA
"1091","SVE_0836500",0.198397868297634,0.0659195247334654,0,0,0,0,0.132279751688262,0.128590633468822,0.0780792458417207,0,0.070338742358209,0.0693704018648698,"SVE_scaffold0000051","Ovule protein",NA,"membrane","A0A0K0FHK0","",NA,"",NA,"",NA,"",NA
"1092","SVE_0836700",0.0653861608170074,0,0,0,0,0,0,0,0,0.0764639526478703,0,0,"SVE_scaffold0000051","",NA,NA,"A0A0K0FHK2","SSTP_0000311400",44.6667,"SRAE_1000197700 | WBGene00258589",43.3333,"SPAL_0001061400",86,"",NA
"1093","SVE_0837400",0.131064231362102,0.1309497097349,0.134716007804887,0.0659956542726752,0,0,0.0654919464911228,0.126850495415167,0.0772510309982875,0.0748377670829495,0.0692370613859813,0.0679331138564898,"SVE_scaffold0000051","Transposase",NA,NA,"A0A0K0FHK9","SSTP_0000337300",73.5294,"",NA,"",NA,"",NA
"1094","SVE_0838400",0.0633611060432454,0.12674903262045,0,0.0643765640300176,0,0,0,0,0,0,0,0,"SVE_scaffold0000052","Glutaredoxin domain-containing protein",NA,NA,"A0A0K0FHL9","",NA,"",NA,"SPAL_0001218250",72.7273,"",NA
"1095","SVE_0839400",0,0,0,0,0,0,0,0,0,0,0,0,"SVE_scaffold0000052","Integrase catalytic domain-containing protein","Integrase_cat-core, RNaseH-like_sf, RNaseH_sf","DNA integration, nucleic acid binding","A0A0K0FHM9","SSTP_0000492850",32.381,"",NA,"",NA,"",NA
"1096","SVE_0839500",0,0,0,0,0,0,0,0.0632214500372397,0,0.0778943572039093,0,0,"SVE_scaffold0000052","Mago-bind domain-containing protein",NA,NA,"A0A0K0FHN0","",NA,"SRAE_0000061000 | WBGene00256357",16.0305,"SPAL_0000966200",39.6947,"",NA
"1097","SVE_0840600",0,0,0,0,0,0,0.32115459273919,0.0632422843262757,0.159410369977297,0.0780528537211821,0,0,"SVE_scaffold0000052","Si:ch211-105d4.5 (inferred by orthology to a zebrafish protein)","Calycin, THAP4-like_heme-bd, Nitrobindin",NA,"A0A0K0FHP1","SSTP_0001125300",92.9825,"SRAE_X000197000 | WBGene00267546",88.8889,"SPAL_0001291300",98.8304,"C52G5.2 | WBGene00008260",73.0994
"1098","SVE_0842700",0,0,0,0,0,0,0,0,0.236858909340068,0,0,0.070671024591207,"SVE_scaffold0000053","",NA,NA,"A0A0K0FHR2","",NA,"",NA,"",NA,"",NA
"1099","SVE_0842800",0,0,0,0,0,0,0.0663212326231227,0,0.0790783810989937,0,0.0708585652698815,0,"SVE_scaffold0000053","Ovule protein",NA,NA,"A0A0K0FHR3","",NA,"",NA,"",NA,"",NA
"1100","SVE_0843300",0,0.130022879368506,0,0,0,0,0.126837475414721,0.186092674331899,0.0774521389353657,0,0.0742683401901614,0.221021815017367,"SVE_scaffold0000053","",NA,"membrane","A0A0K0FHR8","SSTP_0000522500",32.1429,"SRAE_X000052200 | WBGene00266081",28.5714,"SPAL_0001779700",32.1429,"",NA
"1101","SVE_0843400",0.133709529323507,0.0782785837337949,0.0623552466904434,0.060988613273346,0,0,0.195068449341827,0.0776121737820707,0,0,0,0,"SVE_scaffold0000053","",NA,NA,"A0A0K0FHR9","",NA,"",NA,"SPAL_0001088375",81.6754,"",NA
"1102","SVE_0843600",0,0.127000552760073,0,0,0,0,0.0622967970851518,0,0,0,0.0741221956878543,0.0734680066574497,"SVE_scaffold0000053","",NA,NA,"A0A0K0FHS1","",NA,"",NA,"",NA,"",NA
"1103","SVE_0843900",0,0,0,0,0,0,0,0.06114854417543,0,0,0.0739348238517002,0.0732844580120911,"SVE_scaffold0000053","",NA,NA,"A0A0K0FHS4","",NA,"",NA,"SPAL_0000543500",29.7101,"",NA
"1104","SVE_0844300",0,0,0,0,0,0,0,0,0,0,0,0,"SVE_scaffold0000053","",NA,NA,"A0A0K0FHS8","",NA,"",NA,"",NA,"",NA
"1105","SVE_0844400",0,0,0,0,0,0,0,0.0641989905346989,0,0,0,0,"SVE_scaffold0000053","",NA,NA,"A0A0K0FHS9","",NA,"",NA,"SPAL_0000593000",80.2326,"",NA
"1106","SVE_0847600",0.195917942363223,0,0.0614728077570818,0,0,0,0,0,0.0777145872319445,0,0,0.0742012494184922,"SVE_scaffold0000053","Cystatin domain-containing protein",NA,NA,"A0A0K0FHW1","",NA,"",NA,"",NA,"",NA
"1107","SVE_0847700",0,0.0644240959913862,0,0,0,0,0.257415718974236,0.190103088788417,0,0.0782360560510022,0,0,"SVE_scaffold0000053","Serpentine receptor class gamma","7TM_GPCR_serpentine_rcpt_Srg","sensory perception of chemical stimulus, transmembrane signaling receptor activity, membrane","A0A0K0FHW2","",NA,"",NA,"SPAL_0000514900",78.4753,"",NA
"1108","SVE_0848100",0,0,0,0,0.0876156621163551,0,0,0,0,0,0,0,"SVE_scaffold0000054","ATP-dependent DNA helicase",NA,NA,"A0A0K0FHW6","",NA,"",NA,"",NA,"",NA
"1109","SVE_0848300",0,0,0,0,0,0,0,0,0,0,0,0,"SVE_scaffold0000054","",NA,NA,"A0A0K0FHW8","",NA,"",NA,"",NA,"",NA
"1110","SVE_0848700",0,0,0.0629667461518941,0.0613229616690616,0.0928363303813281,0,0,0,0,0,0.0701394358381211,0,"SVE_scaffold0000054","Conserved domain protein",NA,NA,"A0A0K0FHX2","",NA,"",NA,"SPAL_0000578400",72.7273,"",NA
"1111","SVE_0849000",0.0651694004915196,0.0642279458158105,0.0622605380682485,0,0,0.090471236847558,0.0624580812416862,0,0,0,0,0.0717063619677691,"SVE_scaffold0000054","",NA,NA,"A0A0K0FHX5","",NA,"",NA,"",NA,"",NA
"1112","SVE_0849100",0,0.064140781176061,0,0,0,0,0.0640214387231854,0,0.0796185130467673,0,0,0,"SVE_scaffold0000054","ATP-dependent DNA helicase","DNA_helicase_pif1-like, P-loop_NTPase","telomere maintenance, DNA helicase activity, DNA repair, cellular response to DNA damage stimulus, DNA recombination, helicase activity, ATP hydrolysis activity, DNA duplex unwinding, hydrolase activity, ATP binding, nucleotide binding","A0A0K0FHX6","SSTP_0000874500",23.9819,"",NA,"",NA,"",NA
"1113","SVE_0849200",0,0,0,0,0,0,0,0,0,0,0,0,"SVE_scaffold0000054","ATP-dependent DNA helicase","DNA_helicase_pif1-like, P-loop_NTPase","telomere maintenance, DNA helicase activity, DNA repair, cellular response to DNA damage stimulus, DNA recombination, helicase activity, ATP hydrolysis activity, DNA duplex unwinding, hydrolase activity, ATP binding, nucleotide binding","A0A0K0FHX7","",NA,"",NA,"SPAL_0000535000",81.1189,"",NA
"1114","SVE_0849300",0,0,0,0,0,0,0.047750416367608,0.0892576652122599,0.0789306668563741,0.0771394820479707,0.226608538126664,0,"SVE_scaffold0000054","E3 ubiquitin-protein ligase listerin",NA,NA,"A0A0K0FHX8","SSTP_0001038933",23.6735,"",NA,"",NA,"",NA
"1115","SVE_0849500",0,0,0,0,0,0,0.063268701387794,0.186797350826939,0.0784076713283056,0.153308231665551,0.299536692830456,0.0735885285998316,"SVE_scaffold0000054","Integrase catalytic domain-containing protein","Integrase_cat-core, RNaseH-like_sf, RNaseH_sf","DNA integration, nucleic acid binding","A0A0K0FHY0","SSTP_0000841200",30.5755,"",NA,"SPAL_0001772600",15.8273,"",NA
"1116","SVE_0850400",0.132413714670133,0,0,0,0,0,0.065622960080855,0.191634577064165,0,0,0,0.0703437784733055,"SVE_scaffold0000054","",NA,NA,"A0A0K0FHY7","",NA,"",NA,"",NA,"",NA
"1117","SVE_0850700",0,0,0,0,0,0,0,0,0,0,0.0724232610471802,0,"SVE_scaffold0000054","ATP-dependent DNA helicase","DNA_helicase_pif1-like, P-loop_NTPase","telomere maintenance, DNA helicase activity, DNA repair, cellular response to DNA damage stimulus, DNA recombination, helicase activity, ATP hydrolysis activity, DNA duplex unwinding, hydrolase activity, ATP binding, nucleotide binding","A0A0K0FHY9","",NA,"",NA,"SPAL_0000535000",84.2282,"",NA
"1118","SVE_0850800",0,0,0,0,0,0,0,0,0,0,0,0,"SVE_scaffold0000054","",NA,NA,"A0A0K0FHZ0","",NA,"",NA,"",NA,"",NA
"1119","SVE_0851000",0,0.0656250271649224,0,0,0,0,0.0650791584895313,0.0632654546957366,0,0.076073658008069,0,0,"SVE_scaffold0000054","Transposase",NA,NA,"A0A0K0FHZ2","",NA,"",NA,"SPAL_0001729800",46.3415,"",NA
"1120","SVE_0851100",0,0,0,0,0,0,0,0,0,0,0,0.0712272395664983,"SVE_scaffold0000054","SEA domain-containing protein",NA,NA,"A0A0K0FHZ3","",NA,"",NA,"SPAL_0001729900",60.9375,"",NA
"1121","SVE_0851200",0,0,0,0,0.0879041174707776,0,0.0639920915944533,0.125745549633628,0.156795015838827,0.0766855171216304,0.295864197641606,0.072649089432723,"SVE_scaffold0000054","Peptidase A2 domain-containing protein","Rev_trsase/Diguanyl_cyclase, DNA/RNA_pol_sf",NA,"A0A0K0FHZ4","",NA,"",NA,"SPAL_0001729900",10.2941,"",NA
"1122","SVE_0851400",0,0.126709012013692,0,0,0,0,0.0622872581148092,0,0,0,0.0741065865941732,0.0736659505417727,"SVE_scaffold0000054","DUF5641 domain-containing protein",NA,NA,"A0A0K0FHZ6","",NA,"",NA,"",NA,"",NA
"1123","SVE_0851500",0,0,0,0,0,0.088780574983264,0.0625484832094694,0.0615158322026299,0,0.303287028326849,0.0744173804978368,0.073974896472063,"SVE_scaffold0000054","GIY-YIG domain-containing protein",NA,NA,"A0A0K0FHZ7","",NA,"SRAE_0000073600 | WBGene00256493",83.2168,"SPAL_0000524300",18.8811,"",NA
"1124","SVE_0852200",0,0,0,0,0,0,0.205615315467582,0,0,0,0,0.220630417323247,"SVE_scaffold0000054","FGGY_N domain-containing protein",NA,NA,"A0A0K0FI04","",NA,"",NA,"SPAL_0001111100",61.2795,"",NA
"1125","SVE_0852300",0,0,0,0,0,0,0,0,0.10063477745369,0,0.0837204840923241,0,"SVE_scaffold0000054","Reverse transcriptase",NA,NA,"A0A0K0FI05","",NA,"",NA,"",NA,"",NA
"1126","SVE_0852900",0.133259798194031,0,0,0,0,0,0,0.062806829290122,0,0,0,0,"SVE_scaffold0000055","Maturase K",NA,NA,"A0A0K0FI11","",NA,"",NA,"",NA,"",NA
"1127","SVE_0853200",0.0648542972655872,0,0,0,0,0,0.1284796382636,0.189388827286873,0.236622132636545,0.231432233089343,0.149114412881337,0,"SVE_scaffold0000055","Speckle-type POZ protein (inferred by orthology to a human protein)","BTB/POZ_dom, TRAF-like, SKP1/BTB/POZ_sf","protein binding","A0A0K0FI14","",NA,"",NA,"SPAL_0001479200",78.0679,"",NA
"1128","SVE_0853900",0,0.0628316817818525,0,0,0,0,0,0,0,0,0.073444747868487,0,"SVE_scaffold0000055","",NA,NA,"A0A0K0FI21","",NA,"SRAE_0000000400 | WBGene00255741",25.7143,"",NA,"",NA
"1129","SVE_0854000",0.0650925246465193,0.0637709062731806,0,0,0,0,0.125986188290281,0.0620856020473229,0.0782480649514464,0.153054865585996,0.150069245192165,0.223038465401351,"SVE_scaffold0000055","",NA,NA,"A0A0K0FI22","",NA,"SRAE_0000000400 | WBGene00255741",26.2857,"",NA,"",NA
"1130","SVE_0854100",0,0,0,0,0,0,0.125681374882942,0,0,0.0756114995738978,0.0742996393947703,0.146907105503424,"SVE_scaffold0000055","",NA,NA,"A0A0K0FI23","",NA,"SRAE_0000000400 | WBGene00255741",24.8,"",NA,"",NA
"1131","SVE_0854200",0,0,0,0,0.0935435764786548,0,0.0634762686266253,0.0622778784723432,0.0780938439746214,0.0767537719619349,0,0,"SVE_scaffold0000055","Ribosomal protein S18",NA,NA,"A0A0K0FI24","",NA,"SRAE_0000000400 | WBGene00255741",22.4806,"",NA,"",NA
"1132","SVE_0854300",0,0,0.243472272046346,0.179046467891672,0.181966197643627,0.178208204691228,0,0.0623434546359076,0,0,0.0753125095030111,0,"SVE_scaffold0000055","",NA,NA,"A0A0K0FI25","",NA,"SRAE_0000000400 | WBGene00255741",29.3785,"SPAL_0001479800",54.2373,"",NA
"1133","SVE_0856000",0,0,0,0,0,0,0.130994605074791,0,0,0,0,0,"SVE_scaffold0000055","Saposin B-type domain-containing protein","SaposinB_dom, Saposin-like",NA,"A0A0K0FI42","",NA,"",NA,"SPAL_0001482100",63.9175,"",NA
"1134","SVE_0857000",0,0,0,0,0,0,0.0654969173920164,0,0,0,0,0,"SVE_scaffold0000055","",NA,NA,"A0A0K0FI52","",NA,"",NA,"",NA,"",NA
"1135","SVE_0857600",0,0,0,0,0,0,0,0,0,0,0,0,"SVE_scaffold0000055","Transposase",NA,NA,"A0A0K0FI58","",NA,"",NA,"SPAL_0001606600",81.1594,"",NA
"1136","SVE_0857900",0,0,0,0,0,0,0.0654970174871261,0,0,0,0,0,"SVE_scaffold0000055","",NA,NA,"A0A0K0FI61","",NA,"",NA,"",NA,"",NA
"1137","SVE_0858000",0,0,0.0636237170602538,0,0,0,0,0,0,0,0,0,"SVE_scaffold0000055","Venom protein",NA,NA,"A0A0K0FI62","",NA,"",NA,"SPAL_0001285000",58.9744,"",NA
"1138","SVE_0859300",0,0,0.127457843352143,0.0621276930995251,0,0,0,0,0,0,0,0,"SVE_scaffold0000056","",NA,NA,"A0A0K0FI75","",NA,"",NA,"",NA,"",NA
"1139","SVE_0859400",0,0,0,0,0,0,0,0,0,0,0,0,"SVE_scaffold0000056","Dynein heavy chain",NA,NA,"A0A0K0FI76","",NA,"",NA,"",NA,"",NA
"1140","SVE_0859500",0,0,0,0,0,0,0,0,0,0,0,0,"SVE_scaffold0000056","",NA,NA,NA,"",NA,"",NA,"",NA,"",NA
"1141","SVE_0859600",0,0,0,0,0,0,0,0.0332326579819835,0,0,0,0.0738563017027874,"SVE_scaffold0000056","Dimer_Tnp_hAT domain-containing protein",NA,NA,"A0A0K0FI77","SSTP_0001144300",46.3415,"",NA,"",NA,"",NA
"1142","SVE_0859700",0,0,0,0,0,0,0,0.0621109735939947,0,0,0.0748715368102348,0,"SVE_scaffold0000056","DUF4372 domain-containing protein",NA,NA,"A0A0K0FI78","",NA,"",NA,"",NA,"",NA
"1143","SVE_0859800",0,0,0.0629436412623566,0,0,0,0.0641504690948066,0.0628171923395229,0,0.0772774050265172,0.0758722412380311,0,"SVE_scaffold0000056","",NA,NA,"A0A0K0FI79","",NA,"",NA,"",NA,"",NA
"1144","SVE_0860400",0.0652409081412348,0,0.061588266361836,0,0.18560945849476,0.358350885599956,0,0.0616852426317422,0.0773575542762829,0.15530422759944,0,0,"SVE_scaffold0000056","Helicase C-terminal domain-containing protein","Helicase_C, P-loop_NTPase",NA,"A0A0K0FI85","",NA,"",NA,"",NA,"",NA
"1145","SVE_0861700",0.0647154831961104,0,0,0,0.273069489572982,0.177054465960542,0.124739992879999,0,0.0771410831674843,0,0,0,"SVE_scaffold0000056","TNase-like domain-containing protein",NA,"membrane","A0A0K0FI98","",NA,"",NA,"SPAL_0000051000",78.3217,"",NA
"1146","SVE_0861800",0,0.0619359086643194,0,0,0.270436896226905,0,0,0,0,0,0,0,"SVE_scaffold0000056","",NA,NA,"A0A0K0FI99","",NA,"",NA,"",NA,"",NA
"1147","SVE_0862900",0.130284166051878,0.191584218078469,0,0,0,0.0871032744753029,0.128604804256559,0.316187623724808,0.0794311076692114,0,0,0,"SVE_scaffold0000056","G_PROTEIN_RECEP_F1_2 domain-containing protein","7TM_GPCR_serpentine_rcpt_Srt","membrane","A0A0K0FIB0","SSTP_0000554500 | SSTP_0000554500",60.4863,"SRAE_1000280100 | WBGene00259417",65.0456,"SPAL_0001298400",82.6748,"",NA
"1148","SVE_0863400",0,0.0635144068833302,0,0,0.092572858165862,0.181671358575998,0,0.0615025831675021,0.226470802604201,0,0,0.138322304523679,"SVE_scaffold0000056","DUF3951 domain-containing protein",NA,"membrane","A0A0K0FIB5","SSTP_0000555000",47.191,"SRAE_1000279600 | WBGene00259412",51.6854,"SPAL_0001686600",100,"",NA
"1149","SVE_0865900",0,3.40411799425948e-07,0,0,0,0,0,0.0187425560174659,0.0793234284757027,0,0,0,"SVE_scaffold0000056","DNA-directed DNA polymerase",NA,NA,"A0A0K0FIE0","",NA,"SRAE_X000234300 | WBGene00267927",23.1429,"",NA,"",NA
"1150","SVE_0866200",0,0,0,0,0,0,0,0,0.0771251736452468,0.0756264884437206,0.148536979961866,0,"SVE_scaffold0000056","",NA,NA,"A0A0K0FIE3","SSTP_0001144200",23.8994,"",NA,"",NA,"",NA
"1151","SVE_0866900",0.129567983361762,0.12836654754953,0,0,0,0.181423227652862,0.127385798422715,0,0,0.0743668962686595,0,0,"SVE_contig0000005","SGNH_hydro domain-containing protein",NA,NA,"A0A0K0FIF0","SSTP_0000816800",65.4321,"",NA,"SPAL_0000407000",87.6543,"",NA
"1152","SVE_0867000",0.066099038259901,0,0,0,0,0,0.0633557862554694,0,0.0775039562135648,0.304632299261651,0,0.0739615590968162,"SVE_contig0000005","",NA,NA,"A0A0K0FIF1","",NA,"",NA,"SPAL_0000406900",55.2846,"",NA
"1153","SVE_0870600",0.259464014118896,0.0641469576728192,0,0,0.282427122725368,0.181885073583683,0,0.0623442464633836,0,0,0.068704039882869,0.0678415049543612,"SVE_contig0000005","",NA,NA,"A0A0K0FII7","",NA,"SRAE_1000002400 | WBGene00256617",72.7273,"SPAL_0001187500",88.3117,"",NA
"1154","SVE_0873400",0,0,0,0,0,0,0.0647414848689744,0,0.0792518809077322,0,0,0,"SVE_contig0000005","ZP domain-containing protein",NA,NA,"A0A0K0FIL4","",NA,"",NA,"",NA,"",NA
"1155","SVE_0875300",0.0662173012891732,0,0,0.0610500299981323,0,0,0.0636197267932042,0,0,0.076388445390779,0,0.073925043693167,"SVE_scaffold0000057","Lipoprotein",NA,NA,"A0A0K0FIN3","SSTP_0001255600",60.8696,"SRAE_X000108900 | WBGene00266654",37.3913,"SPAL_0000689400",89.5652,"",NA
"1156","SVE_0875700",0,0,0,0,0.0911343729185424,0.0887791153384125,0,0.0605657093126981,0,0.074378257518151,0,0.0722330153279958,"SVE_scaffold0000057","",NA,NA,"A0A0K0FIN7","SSTP_0001257000",77.2358,"SRAE_X000107300 | WBGene00266637",77.2358,"SPAL_0001276700",95.1219,"",NA
"1157","SVE_0877000",0.0620890952785508,0.0621025294511845,0,0,0.0918318287737793,0.0879833139172768,0,0,0,0,0,0,"SVE_scaffold0000057","DNA-directed RNA polymerase",NA,NA,"A0A0K0FIQ0","",NA,"",NA,"",NA,"",NA
"1158","SVE_0877200",0.261025152957593,0.255683163990683,0.124321065596335,0,0,0,0,0.0636609015660897,0,0,0,0.0732194132147164,"SVE_scaffold0000057","MULE domain-containing protein","MULE_transposase_dom",NA,"A0A0K0FIQ2","",NA,"",NA,"",NA,"",NA
"1159","SVE_0877500",0.0652040628775669,0.127629652728166,0,0,0,0,0,0,0,0.0751636697042691,0.147552618595156,0,"SVE_scaffold0000058","Cag pathogenicity island protein",NA,NA,"A0A0K0FIQ5","",NA,"",NA,"",NA,"",NA
"1160","SVE_0877900",0,0,0.0634953009997671,0.0622584118163825,0,0,0.130775593573787,0.0644073344905457,0,0,0,0,"SVE_scaffold0000058","Ovule protein",NA,NA,"A0A0K0FIQ8","",NA,"",NA,"SPAL_0000582200",49.3333,"",NA
"1161","SVE_0878000",0,0,0,0,0,0,0.197914299034101,0,0,0.0761553022973539,0,0,"SVE_scaffold0000058","",NA,NA,"A0A0K0FIQ9","",NA,"",NA,"",NA,"",NA
"1162","SVE_0878100",0.129389151818034,0.316555587602002,0,0,0,0,0,0.124465309010862,0.0785417439681227,0.153756421371035,0,0.0741908913792042,"SVE_scaffold0000058","INCENP_ARK-bind domain-containing protein",NA,NA,"A0A0K0FIR0","",NA,"",NA,"SPAL_0001545300",62.7907,"",NA
"1163","SVE_0878300",0,0.063448481331778,0,0,0.270205133643816,0.176390816716724,0.0627508379547965,0,0.0779063925096278,0.0763375477990029,0,0,"SVE_scaffold0000058","","7TM_GPCR_serpentine_rcpt_Srd","membrane","A0A0K0FIR2","SSTP_0001213200 | SSTP_0001213200",44.5055,"SRAE_2000467000 | WBGene00264906",35.1648,"SPAL_0001112300",63.7363,"",NA
"1164","SVE_0878700",0,0.0632347286624,0,0,0,0.08804364535923,0.0624901024379893,0,0.0776540511305452,0,0,0.0737879121183854,"SVE_scaffold0000058","",NA,"membrane","A0A0K0FIR6","SSTP_0001213300",42.5287,"SRAE_2000526100 | WBGene00265521",37.3563,"SPAL_0000450450",62.069,"",NA
"1165","SVE_0878800",0.0657875287354024,0,0.0621827185697839,0.0606465272424847,0.0930788361292837,0,0.0632065071220497,0,0,0.0759416214608505,0.074372293543211,0,"SVE_scaffold0000058","Secreted protein",NA,NA,"A0A0K0FIR7","",NA,"",NA,"SPAL_0000934500",26.4957,"",NA
"1166","SVE_0878900",0,0,0,0,0,0,0,0.0641988083493736,0,0,0,0,"SVE_scaffold0000058","",NA,NA,"A0A0K0FIR8","",NA,"",NA,"SPAL_0000525100",48.5437,"",NA
"1167","SVE_0879000",0,0,0,0,0,0,0,0,0,0,0.0724234251895702,0,"SVE_scaffold0000058","Orfan",NA,NA,"A0A0K0FIR9","",NA,"",NA,"SPAL_0001762100",25,"",NA
"1168","SVE_0879100",0,0.0637157249265613,0,0,0,0,0,0,0,0,0,0,"SVE_scaffold0000058","",NA,NA,"A0A0K0FIS0","",NA,"",NA,"SPAL_0001762100",37.3494,"",NA
"1169","SVE_0879200",0.131269960879077,0.192685782362662,0,0,0,0,0.0642606471248736,0.12659274077257,0.0797941426338013,0,0,0,"SVE_scaffold0000058","",NA,NA,"A0A0K0FIS1","",NA,"",NA,"SPAL_0001351600",60.4167,"",NA
"1170","SVE_0879400",0.0659427049918866,0,0.0616401921682822,0.0602726635744886,0.181566706394105,0,0,0.191147603428808,0.0803232966542613,0,0,0,"SVE_scaffold0000058","G_PROTEIN_RECEP_F1_2 domain-containing protein",NA,"membrane","A0A0K0FIS3","",NA,"SRAE_2000526600 | WBGene00265526",22.2222,"",NA,"",NA
"1171","SVE_0881200",0,0,0.187173901460415,0.060982737041703,0,0,0,0.124590572514207,0.155676216976151,0.0765175751888433,0.0751899945898693,0.14866753806605,"SVE_scaffold0000058","Secreted protein",NA,NA,"A0A0K0FIU1","",NA,"",NA,"SPAL_0000064800",78.4,"",NA
"1172","SVE_0881500",0.256415378234849,0,0.0641057707292026,0.125604190690063,0,0,0,0,0,0,0,0,"SVE_scaffold0000058","",NA,"membrane","A0A0K0FIU4","",NA,"",NA,"SPAL_0001709300",85.5263,"",NA
"1173","SVE_0881700",0,0,0,0,0,0,0.0635247622243497,0.125010862058903,0,0.0773794526327704,0,0.186132298452873,"SVE_scaffold0000058","Transposase",NA,NA,"A0A0K0FIU6","",NA,"",NA,"",NA,"",NA
"1174","SVE_0882800",0,0,0,0.0610602093224786,0.0890176535179524,0.171614359773188,0,0,0,0,0,0,"SVE_scaffold0000058","ATP-binding protein",NA,NA,"A0A0K0FIV7","",NA,"",NA,"",NA,"",NA
"1175","SVE_0883400",0,0,0,0,0.0907906799799117,0.088477758669047,0,0.0599464172987946,0,0,0,0,"SVE_contig0000006","Nucleolar protein 12",NA,NA,"A0A0K0FIW3","",NA,"",NA,"",NA,"",NA
"1176","SVE_0884400",0.0649381903239238,0.0636378662702412,0,0,0,0,0.191557359618946,0.125641327895379,0.316523908463963,0,0,0.0743372734297646,"SVE_contig0000006","SCP domain-containing protein","CAP_sf",NA,"A0A0K0FIX2","SSTP_0001018100",29.1971,"SRAE_2000420700 | WBGene00264436",25.9124,"SPAL_0001139300",69.708,"",NA
"1177","SVE_0885200",0,0,0,0,0.0934057414069046,0,0.127697989374447,0.0618209947162491,0,0,0,0,"SVE_contig0000006","",NA,NA,"A0A0K0FIY0","",NA,"",NA,"",NA,"",NA
"1178","SVE_0886900",0,0,0.128554401585457,0.377921416972521,0.187238259784234,0,0.0639073201729926,0.0619975752489237,0.0762246734501533,0,0,0,"SVE_contig0000006","DDE_Tnp_IS1595 domain-containing protein","RNaseH_sf","nucleic acid binding","A0A0K0FIZ6","SSTP_0001270000",41.5584,"",NA,"SPAL_0001486600",55.8442,"",NA
"1179","SVE_0887500",0,0,0,0,0,0,0,0,0,0,0,0,"SVE_contig0000006","",NA,NA,"A0A0K0FJ02","",NA,"",NA,"",NA,"",NA
"1180","SVE_0887600",0,0,0,0,0,0,0,0,0,0,0,0,"SVE_contig0000006","",NA,NA,"A0A0K0FJ03","",NA,"",NA,"",NA,"",NA
"1181","SVE_0887700",0,0.0641490125647382,0.126389293577614,0,0,0,0,0,0,0,0,0,"SVE_contig0000006","Nicotinate phosphoribosyltransferase",NA,NA,"A0A0K0FJ04","",NA,"",NA,"",NA,"",NA
"1182","SVE_0887800",0,0.0541602071909082,0,0.0604816678437098,0.185558693845092,0,0.188846489207332,0,0,0,0,0,"SVE_contig0000006","",NA,NA,"A0A0K0FJ05","",NA,"",NA,"SPAL_0001354100",50.4425,"",NA
"1183","SVE_0887900",0,0,0,0,0,0,0,0,0,0,0,0,"SVE_contig0000006","Secreted protein",NA,"membrane","A0A0K0FJ06","",NA,"",NA,"SPAL_0000673700",45.8824,"",NA
"1184","SVE_0888000",0,0,0,0,0.0890965067757375,0.0871270658408268,0,0,0.000223922844929136,0.000107238828510459,5.03922052852707e-05,0,"SVE_scaffold0000059","",NA,NA,"A0A0K0FIE3, A0A0K0FJ07","SSTP_0001144200",24.0741,"",NA,"",NA,"",NA
"1185","SVE_0888400",0.195530037985398,0.127663702007341,0,0.0598479070637937,0,0.0937337644889864,0.130219660530797,0.0629828930860665,0.0793934563936776,0,0,0.149306600025923,"SVE_scaffold0000059","Histone-lysine N-methyltransferase SETMAR (inferred by orthology to a human protein)","Transposase_1, WH-like_DNA-bd_sf, RNaseH_sf","nucleic acid binding","A0A0K0FJ11","SSTP_0000630300",61.9231,"",NA,"SPAL_0001603900",58.0769,"",NA
"1186","SVE_0889100",0,0,0,0,0,0,0.0649763099384544,0.0641134761294897,0.0790705368569916,0,0,0,"SVE_scaffold0000059","",NA,NA,"A0A0K0FJ18","SSTP_0000532200",72.6316,"SRAE_X000247900 | WBGene00268066",68.4211,"SPAL_0001343500",95.7895,"",NA
"1187","SVE_0892200",0,0,0,0,0,0,0.192821019380016,0,0,0.0781706254464866,0,0,"SVE_scaffold0000059","",NA,NA,"A0A0K0FJ49","",NA,"",NA,"SPAL_0001732000",39.0728,"",NA
"1188","SVE_0892400",0,0,0,0,0,0,0.0625156138782512,0,0.122919389162837,0.0759611661731229,0.074481579020162,0.218732396365432,"SVE_scaffold0000059","ATP-dependent DNA helicase","DNA_helicase_pif1-like, P-loop_NTPase","telomere maintenance, DNA helicase activity, DNA repair, cellular response to DNA damage stimulus, DNA recombination, helicase activity, ATP hydrolysis activity, DNA duplex unwinding, hydrolase activity, ATP binding, nucleotide binding","A0A0K0FJ51","",NA,"",NA,"SPAL_0000965900",87.5,"",NA
"1189","SVE_0892600",0,0,0,0,0,0,0,0,0,0.076706029236874,0,0,"SVE_scaffold0000060","",NA,NA,"A0A0K0FJ53","",NA,"",NA,"",NA,"",NA
"1190","SVE_0892700",0.066764844591163,0,0,0,0,0,0,0.0626808417692826,0,0,0,0,"SVE_scaffold0000060","","Peptidase_aspartic_dom_sf",NA,"A0A0K0FJ54","",NA,"",NA,"SPAL_0000134500",0,"",NA
"1191","SVE_0892800",0.0667835407004722,0,0,0,0,0,0,0.125326427988491,0,0,0,0,"SVE_scaffold0000060","Cyclin N-terminal domain-containing protein","Rev_trsase/Diguanyl_cyclase, DNA/RNA_pol_sf",NA,"A0A0K0FJ55","",NA,"",NA,"SPAL_0000134500",55.1181,"",NA
"1192","SVE_0892900",0.0659198275881856,0.0649675320409386,0,0,0,0,0.0631772874368641,0,0.0769045479673712,0,0.0728767750732108,0.0725320623212803,"SVE_scaffold0000060","Ig-like domain-containing protein",NA,NA,"A0A0K0FJ56","",NA,"",NA,"",NA,"",NA
"1193","SVE_0893000",0,0,0,0,0,0,0.0638615469339985,0.0628005763429549,0,0,0.0759642418167824,0,"SVE_scaffold0000060","DUF4806 domain-containing protein",NA,NA,"A0A0K0FJ57","",NA,"",NA,"",NA,"",NA
"1194","SVE_0893100",0,0.0632061740191308,0,0,0,0,0.0641361377922521,0,0,0.0765711751398468,0.220784700312234,0.216901548287486,"SVE_scaffold0000060","SCP domain-containing protein","CAP_domain, CAP_sf",NA,"A0A0K0FJ58","",NA,"",NA,"SPAL_0000979600",29.1845,"",NA
"1195","SVE_0893200",0.0645032888897306,0.126410611742132,0,0,0,0,0.191809335015803,0,0.0784014666965886,0.15337288823479,0.148057593670107,0.145413711395666,"SVE_scaffold0000060","SCP domain-containing protein","CRISP-related, CAP_domain, CAP_sf","membrane","A0A0K0FJ59","",NA,"",NA,"SPAL_0000979600",41.3098,"",NA
"1196","SVE_0893300",0.0655972935174734,0,0,0,0,0,0.126930736255252,0.0624886183671887,0.0787554366614925,0.077122688413494,0.15109998536907,0,"SVE_scaffold0000060","Transmembrane protein",NA,"membrane","A0A0K0FJ60","",NA,"",NA,"",NA,"",NA
"1197","SVE_0893400",0.0649061089014414,0,0,0,0,0,0.0636892121429406,0.125316654876888,0.236871524110237,0.154484664613814,0,0.148630670733267,"SVE_scaffold0000060","SCP domain-containing protein","CRISP-related, CAP_domain, CAP_sf",NA,"A0A0K0FJ61","",NA,"",NA,"SPAL_0000543700",45.4545,"",NA
"1198","SVE_0893500",0.195013249574119,0.0638877113068994,0,0,0,0,0,0,0,0,0,0,"SVE_scaffold0000060","",NA,NA,"A0A0K0FJ62","SSTP_0001039100",41.5929,"SRAE_X000232300 | WBGene00267907",35.3982,"SPAL_0000610800",67.2566,"",NA
"1199","SVE_0893600",0.0647782681782452,0,0,0,0,0,0,0.063131037386703,0,0,0,0.0728884166358842,"SVE_scaffold0000060","Metalloendopeptidase","EGF-like_dom, Peptidase_M12A, Peptidase_Metallo, MetalloPept_cat_dom_sf","metalloendopeptidase activity, metallopeptidase activity, proteolysis, zinc ion binding, peptidase activity, hydrolase activity, metal ion binding","A0A0K0FJ63","SSTP_0000503500",41.7874,"SRAE_X000143100 | WBGene00267000",40.0966,"",NA,"",NA
"1200","SVE_0893700",0,0,0,0,0,0,0,0,0,0,0,0.0712271014046106,"SVE_scaffold0000060","CCHC-type domain-containing protein","Znf_CCHC, Znf_CCHC_sf, Rev_trsase/Diguanyl_cyclase, DNA/RNA_pol_sf","nucleic acid binding, zinc ion binding, enzyme binding, cytoplasm","A0A0K0FJ64","",NA,"",NA,"",NA,"",NA
"1201","SVE_0893800",0.130175650358294,0,0,0.0609482234639513,0.0883209534042301,0.086258660492523,0.129592384789564,0.140648215697294,0,0.0771297818079898,0.221775612614372,0,"SVE_scaffold0000060","Reverse transcriptase Ty1/copia-type domain-containing protein",NA,NA,"A0A0K0FJ65","",NA,"",NA,"",NA,"",NA
"1202","SVE_0893900",0,0,0,0,0.0904175922036734,0.0882891890137913,0,0,0.0735946136508232,0,0,0,"SVE_scaffold0000060","Ntox21 domain-containing protein",NA,NA,"A0A0K0FJ66","",NA,"",NA,"SPAL_0001688400",72.4138,"",NA
"1203","SVE_0894000",0.0736353770063628,0.00727494844304986,0,0.18277074166265,0,0.0721546611120573,0,0,0.0976209740033068,0,0,0,"SVE_scaffold0000060","Probable ATP-dependent RNA helicase DDX46 (inferred by orthology to a zebrafish protein)","P-loop_NTPase",NA,"A0A0K0FJ68","",NA,"",NA,"SPAL_0000619900",54.1667,"",NA
"1204","SVE_0894100",0,0,0,0,0,0,0,0,0,0,0,0,"SVE_scaffold0000060","Helicase C-terminal domain-containing protein","Helicase_C, P-loop_NTPase",NA,"A0A0K0FJ69","",NA,"",NA,"",NA,"",NA
"1205","SVE_0894300",0.190140678158824,0.125573747940421,0.126764149792533,0.186280045460591,0.092242338662605,0.178380965511813,0.0627705188501767,0,0,0,0,0,"SVE_scaffold0000060","",NA,NA,"A0A0K0FJ71","",NA,"",NA,"SPAL_0000959400",59.2105,"",NA
"1206","SVE_0894400",0,0.031858015139308,0,0,0,0,0,0,0,0,0,0,"SVE_scaffold0000060","Probable cation-transporting ATPase (inferred by orthology to a C. elegans protein)","ATPase_P-typ_transduc_dom_A_sf",NA,"A0A0K0FJ72","",NA,"",NA,"",NA,"catp-8 | WBGene00007514",53.8462
"1207","SVE_0894500",0,0.127838874420749,0.0319645788531122,0.0313229106343425,0.139668468315013,0.255254851455974,0.0317805532331608,0.03083097220351,0,0.0366864087636827,0,0,"SVE_scaffold0000060","Probable cation-transporting ATPase (inferred by orthology to a C. elegans protein)","ATPase_P-typ_cyto_dom_N","nucleotide binding","A0A0K0FJ73","",NA,"",NA,"",NA,"",NA
"1208","SVE_0894600",0,0,0,0,0,0,0.0637494340166707,0,0,0,0,0.0731889276769655,"SVE_scaffold0000060","Probable cation-transporting ATPase (inferred by orthology to a C. elegans protein)","HAD_sf",NA,"A0A0K0FJ74","",NA,"",NA,"",NA,"",NA
"1209","SVE_0894800",0,0,0,0,0,0,0.128437399557023,0.0627618353295218,0,0,0.0755818232523135,0,"SVE_scaffold0000060","",NA,"membrane","A0A0K0FJ76","",NA,"",NA,"",NA,"",NA
"1210","SVE_0894900",0.0667559877802703,0,0,0,0,0,0,0.063119897466064,0.0778022392118545,0,0,0,"SVE_scaffold0000060","",NA,NA,"A0A0K0FJ77","",NA,"",NA,"SPAL_0000664600",18.4783,"",NA
"1211","SVE_0895400",0.0750888139710458,0,0.0625261007468733,0.0675607965365151,0.184373311347241,0,0,0,0,0,0,0,"SVE_scaffold0000060","",NA,NA,"A0A0K0FJ82","",NA,"",NA,"",NA,"",NA
"1212","SVE_0895500",0,0,0,0,0,0,0,6.55788624928417e-09,0,0,0,0,"SVE_scaffold0000060","Peptidylprolyl isomerase",NA,NA,"A0A0K0FJ83","",NA,"",NA,"",NA,"",NA
"1213","SVE_0895600",0.0651439399146073,0.0637510059416943,0,0,0,0,0,0,0,0,0,0,"SVE_scaffold0000060","Protein kinase domain-containing protein","Kinase-like_dom_sf",NA,"A0A0K0FJ84","SSTP_0000700400",36.2791,"",NA,"SPAL_0001185000",49.7674,"",NA
"1214","SVE_0895800",0.0645653689457248,0.19071243409461,0.0622384507695888,0,0.092463625873376,0.180673207336139,0.0618817217281008,0,0,0,0,0.070162584645766,"SVE_scaffold0000060","",NA,NA,"A0A0K0FJ86","SSTP_0000700200",43.75,"",NA,"",NA,"",NA
"1215","SVE_0896400",0,0,0,0,0.0902547449116013,0.175968588033003,0.123959801271578,0.0610577459006186,0,0,0.0447976440082023,0.146809823334111,"SVE_scaffold0000060","Glycosyl transferase",NA,NA,"A0A0K0FJ92","",NA,"",NA,"SPAL_0001777800",34.2105,"",NA
"1216","SVE_0896800",0,0,0,0,0,0,0,0,0,0.153411751756418,0,0,"SVE_scaffold0000060","Actin-related protein 2/3 complex subunit 5",NA,NA,"A0A0K0FJ95","",NA,"",NA,"",NA,"",NA
"1217","SVE_0896900",0.129082634486246,0,0,0,0,0,0,0.125359900833165,0,0.0769357660323488,0.104097571128551,0,"SVE_scaffold0000060","RT_RNaseH domain-containing protein","RT_RNaseH, DNA/RNA_pol_sf",NA,"A0A0K0FJ96","",NA,"",NA,"SPAL_0001777800",22.4852,"",NA
"1218","SVE_0897500",0,0,0,0,0.275780459747811,0.180744361273035,0,0,0.0751263548315753,0,0.0701887074774355,0.138514895122761,"SVE_scaffold0000060","Astacin domain-containing protein","Peptidase_M12A, MetalloPept_cat_dom_sf","metalloendopeptidase activity, metallopeptidase activity, proteolysis, zinc ion binding, metal ion binding","A0A0K0FJA2","",NA,"",NA,"",NA,"",NA
"1219","SVE_0897600",0,0,0,0,0,0,0.0631261531796675,0.0619842857527116,0,0.0764901007886613,0.0748913907937219,0.148630470832935,"SVE_scaffold0000061","Transthyretin-like family protein","Transthyretin-like, Transthyretin-like_sf","cell surface, extracellular region","A0A0K0FJA3","",NA,"",NA,"SPAL_0000341825",39.8496,"",NA
"1220","SVE_0898000",0.0649315536867245,0.0636453531741683,0,0,0,0,0.192017518533142,0.125858984605575,0,0.154856355785459,0,0.148147425452317,"SVE_scaffold0000061","SCP domain-containing protein","CAP_domain, CAP_sf",NA,"A0A0K0FJA7","SSTP_0000803300",16.7213,"",NA,"SPAL_0001517800",21.3115,"",NA
"1221","SVE_0898100",0,0.191872587319365,0,0,0,0,0.128639567206373,0.316191042398028,0.0795492322969191,0.0778082276815161,0,0,"SVE_scaffold0000061","SCP domain-containing protein","CAP_domain, CAP_sf","membrane","A0A0K0FJA8","SSTP_0000803300",19.6721,"",NA,"SPAL_0000869100",43.6066,"",NA
"1222","SVE_0898200",0,0,0,0,0.0892467576938824,0.436059839394989,0.191637138047829,0.1885256402289,0,0.0773923017139197,0,0,"SVE_scaffold0000061","SCP domain-containing protein","CAP_domain, CAP_sf",NA,"A0A0K0FJA9","SSTP_0000803300",19.1489,"",NA,"SPAL_0000869500",40.7801,"",NA
"1223","SVE_0898300",0.13010603831166,0.0649961769683722,0,0.065513168878863,0,0.274984292644781,0.0650131436374721,0.0629615542120784,0,0,0.206192635496034,0.0674364639550202,"SVE_scaffold0000061","Endo/exonuclease/phosphatase domain-containing protein",NA,NA,"A0A0K0FJB0","",NA,"",NA,"SPAL_0001455800",75,"",NA
"1224","SVE_0898600",0.0658874415284843,0,0,0,0,0,0.190665670844289,0.0625920150611304,0,0,0.0757766636213927,0,"SVE_scaffold0000061","SCP domain-containing protein","CAP_domain, CAP_sf",NA,"A0A0K0FJB3","SSTP_0000803300",22.0126,"",NA,"SPAL_0000869200",24.5283,"",NA
"1225","SVE_0898700",0,0.0651763370620207,0,0,0,0,0.0637707679210389,0.249310811477678,0,0.0766195719117319,0.150072928479428,0,"SVE_scaffold0000061","Reverse transcriptase",NA,NA,"A0A0K0FJB4","",NA,"",NA,"",NA,"",NA
"1226","SVE_0898900",0.064591096284396,0,0,0,0,0,0.0632708789664783,0.249285452726008,0,0,0.0751716076259111,0.0739201796188715,"SVE_scaffold0000061","SCP domain-containing protein","CAP_domain, CAP_sf",NA,"A0A0K0FJB6","SSTP_0000803300",20.8163,"",NA,"SPAL_0000869800",77.9592,"",NA
"1227","SVE_0899200",0.0651797846461399,0,0,0,0,0,0,0,0,0,0,0,"SVE_scaffold0000061","G_PROTEIN_RECEP_F1_2 domain-containing protein","GPCR_Rhodpsn_7TM, 7TM_GPCR_serpentine_rcpt_Srx","membrane","A0A0K0FJB9","",NA,"SRAE_X000246550 | WBGene00268052",47.8964,"SPAL_0000870150",77.3463,"",NA
"1228","SVE_0899900",0.0656669424905435,0,0.0617852073149968,0,0,0,0,0,0.0800819263266599,0,0,0,"SVE_scaffold0000061","Tyrosine-protein phosphatase","PTP_cat, Tyr_Pase_dom, Tyr_Pase_cat, Prot-tyrosine_phosphatase-like","dephosphorylation, protein dephosphorylation, protein tyrosine phosphatase activity, phosphatase activity","A0A0K0FJC6","SSTP_0000959300",58.1325,"",NA,"SPAL_0000343900",80.1205,"",NA
"1229","SVE_0901100",0,0,0,0,0.352835329625785,0.339839122728802,0,0,0,0,0,0,"SVE_scaffold0000061","Small integral membrane protein 15 (inferred by orthology to a human protein)",NA,"membrane","A0A0K0FJD7","",NA,"SRAE_2000529100 | WBGene00265551",51.4286,"",NA,"",NA
"1230","SVE_0901800",0.194135544772527,0,0,0,0.183095368398631,0,0.0814283648691625,0,0,0,0,0.106331650011873,"SVE_scaffold0000061","",NA,NA,"A0A0K0FJE4","",NA,"",NA,"SPAL_0000305000",50.4202,"",NA
"1231","SVE_0901900",0.065801334057179,0.258683301614016,0,0,0,0,0.169889833439576,0.12365128597729,0,0,0.0740283027777545,0.112248528785782,"SVE_scaffold0000061","",NA,NA,"A0A0K0FJE5","",NA,"",NA,"SPAL_0000305000",51.3274,"",NA
"1232","SVE_0902300",0,0,0,0,0,0,0,0,0,0,0,0,"SVE_scaffold0000061","Prothymosin alpha-like",NA,NA,"A0A0K0FJE9","",NA,"",NA,"",NA,"",NA
"1233","SVE_0902400",0.0652607597087702,0.0638999672517696,0,0,0,0,0.190627915570818,0.187444949632403,0,0.154730096118011,0.0758081555653169,0,"SVE_scaffold0000061","",NA,NA,"A0A0K0FJF0","",NA,"",NA,"SPAL_0001220500",53.8462,"",NA
"1234","SVE_0903800",0.195497545249355,0,0.0616893227358508,0,0,0,0.0645276341491796,0,0.158548499348923,0,0.0749736607231434,0,"SVE_contig0000007","G_PROTEIN_RECEP_F1_2 domain-containing protein","GPCR_Rhodpsn_7TM","membrane","A0A0K0FJG4","SSTP_0001230600",57.8249,"SRAE_X000135400 | WBGene00266922",69.496,"SPAL_0001453200",82.7586,"",NA
"1235","SVE_0905500",0,0,0,0,0,0.17106830403098,0,0,0,0,0,0,"SVE_contig0000007","",NA,NA,"A0A0K0FJI1","",NA,"",NA,"SPAL_0001276400",31.5789,"",NA
"1236","SVE_0906300",0,0.0626386717550784,0.0637906403265715,0.186349447612799,0.0918431369900667,0.177582568434937,0,0,0,0.0717958852024471,0,0,"SVE_contig0000007","",NA,"membrane","A0A0K0FJI9","",NA,"",NA,"",NA,"",NA
"1237","SVE_0907200",0.26737438161421,0.131390590183492,0.126435097398498,0.123248319844763,0,0,0.128275598553503,0.0628050413000588,0.0783039531007627,0.0770603028483388,0,0,"SVE_contig0000007","RT_RNaseH domain-containing protein","RT_RNaseH, DNA/RNA_pol_sf",NA,"A0A0K0FJJ7","",NA,"",NA,"",NA,"",NA
"1238","SVE_0908800",0.0652379575116105,0.132880851562015,0,0,0.0911413059051334,0,0.0628274648207208,0,0,0,0,0,"SVE_contig0000008","Histone-lysine N-methyltransferase SETMAR (inferred by orthology to a human protein)","WH-like_DNA-bd_sf, RNaseH_sf, Mos1_HTH","nucleic acid binding","A0A0K0FJL3","",NA,"",NA,"SPAL_0000588600",48.0769,"",NA
"1239","SVE_0909000",0.128950367905368,0,0,0,0.115348663020828,0.196152521491096,0,0.122715978591028,0,0,0,0,"SVE_contig0000008","",NA,NA,"A0A0K0FJL5","",NA,"",NA,"SPAL_0001337800",87.8788,"",NA
"1240","SVE_0909100",0.0645003694336551,0,0,0,0.362246618468987,0,0.124220890103174,0,0,0.150580428646422,0.147764966578561,0.110162004070218,"SVE_contig0000008","",NA,NA,"A0A0K0FJL6","",NA,"",NA,"",NA,"",NA
"1241","SVE_0909200",0,0.080816907073037,0,0,0,0,0.0659577494553883,0.0632426426351789,0,0.0771803959373428,0.0946024158687527,0,"SVE_contig0000008","Transcriptional regulator",NA,NA,"A0A0K0FJL7","",NA,"",NA,"SPAL_0001459000",54,"",NA
"1242","SVE_0909300",0,0,0,0,0,0,0,0,0,0,0,0,"SVE_contig0000008","",NA,NA,"A0A0K0FJL8","",NA,"",NA,"SPAL_0001458950",49.2891,"",NA
"1243","SVE_0909400",0.0651454932465839,0,0,0,0,0.0889345501671313,0.0630491718752897,0,0,0,0,0,"SVE_contig0000008","PORR domain-containing protein",NA,NA,"A0A0K0FJL9","",NA,"",NA,"",NA,"",NA
"1244","SVE_0909500",0,0,0,0,0.176860181734809,0,0.0630940788441984,0.062059906296818,0.0782306797992834,0,0.149624222917041,0.0735496785570363,"SVE_contig0000008","Integrase catalytic domain-containing protein","RNaseH-like_sf, RNaseH_sf","nucleic acid binding","A0A0K0FJM0","",NA,"",NA,"",NA,"",NA
"1245","SVE_0909600",0,0,0,0,0,0,0.105173195518267,0,0,0,0,0,"SVE_contig0000008","ATP-dependent DNA helicase","DNA_helicase_pif1-like, P-loop_NTPase","telomere maintenance, DNA helicase activity, DNA repair, cellular response to DNA damage stimulus, DNA recombination, helicase activity, ATP hydrolysis activity, DNA duplex unwinding, hydrolase activity, ATP binding, nucleotide binding","A0A0K0FJM1","",NA,"",NA,"SPAL_0000535000",80.203,"",NA
"1246","SVE_0910600",0,0.0639626424008959,0.244182217088238,0.0596911022673807,0.269722680559083,0.1757862134251,0.0641620113277939,0,0,0,0,0.0748023696706494,"SVE_contig0000008","GLOBIN domain-containing protein","Globin-like_sf, Globin/Proto, Mb-like_M","oxygen binding, heme binding","A0A0K0FJN1","SSTP_0001223500",86.59,"SRAE_X000021200 | WBGene00265768",88.8889,"SPAL_0001217400",90.8046,"glb-12 | WBGene00008256",55.1724
"1247","SVE_0914000",0,0,0,0,0,0,0.323420326600209,0.127654671818178,0.0784600925060515,0.0768151903467662,0,0.0723309131448338,"SVE_contig0000009","Transposase",NA,NA,"A0A0K0FJR5","",NA,"",NA,"",NA,"",NA
"1248","SVE_0914900",0.0659938561007473,0.0646888698661235,0,0,0,0,0.064064149385226,0.0629494174375743,0.0794808916745724,0,0,0,"SVE_contig0000009","",NA,NA,"A0A0K0FJS4","",NA,"",NA,"SPAL_0001264200",83.7838,"",NA
"1249","SVE_0915000",0.132191403811249,0.129515822935138,0.124268627230816,0.0607174489486843,0,0,0,0.187044624213303,0,0.0768425105597934,0,0.0746515604284734,"SVE_contig0000009","",NA,NA,NA,"",NA,"",NA,"",NA,"",NA
"1250","SVE_0915200",0,0,0,0,0,0,0.0640052992976844,0.125302122871822,0,0,0,0.0747198007681015,"SVE_contig0000009","FLYWCH-type domain-containing protein",NA,NA,"A0A0K0FJS6","",NA,"",NA,"",NA,"",NA
"1251","SVE_0915300",0,0,0,0,0.179000068334427,0.0873418055026921,0,0.0606810192364753,0,0.149726826729663,0.0735253859774641,0.0730127899313914,"SVE_contig0000009","DDE_Tnp_IS1595 domain-containing protein","Tnp_ISXO2-like",NA,"A0A0K0FJS7","SSTP_0001270400",67.7419,"SRAE_X000051400 | WBGene00266073",51.6129,"SPAL_0000656900",86.4516,"",NA
"1252","SVE_0915500",0,0,0,0,0,0.0917422292313118,0.0649973175697609,0.0633569269086992,0,0,0.0690306683565168,0,"SVE_contig0000009","",NA,NA,"A0A0K0FJS9","",NA,"",NA,"",NA,"",NA
"1253","SVE_0915900",0.200767648640266,0,0,0,0,0,0.0640786824420399,0,0.0779962950379279,0,0,0,"SVE_contig0000009","UPF0301 protein",NA,NA,"A0A0K0FJT3","",NA,"",NA,"",NA,"",NA
"1254","SVE_0916000",0.0660122980884911,0.0647274232788416,0,0,0,0,0.063669781550566,0,0,0,0,0,"SVE_contig0000009","Transmembrane protein",NA,"membrane","A0A0K0FJT4","",NA,"",NA,"",NA,"",NA
"1255","SVE_0916100",0,0,0,0,0,0,0.0647124303416829,0.127289340297687,0,0.15663725611123,0,0,"SVE_contig0000009","DUF4806 domain-containing protein",NA,NA,"A0A0K0FJT5","SSTP_0000067200",31.2925,"",NA,"",NA,"",NA
"1256","SVE_0916200",0,0,0,0,0,0,0,0,0.0767396417707772,0,0.0739350511459279,0,"SVE_contig0000009","DDE_Tnp_1_7 domain-containing protein",NA,NA,"A0A0K0FJT6","",NA,"",NA,"",NA,"",NA
"1257","SVE_0916800",0,0,0,0,0,0,0.0661375660421634,0,0,0.0766134824514623,0,0.070623842883158,"SVE_contig0000009","",NA,NA,"A0A0K0FJU2","",NA,"",NA,"",NA,"",NA
"1258","SVE_0930800",0,0,0,0,0,0,0,0.189374032531279,0,0.0780149704699328,0,0,"SVE_scaffold0000062","Fam-b protein",NA,NA,"A0A0K0FJU8","",NA,"",NA,"SPAL_0000963900",34.1463,"",NA
"1259","SVE_0931000",0,0,0,0,0,0,0.0654971705182935,0,0,0,0,0,"SVE_scaffold0000062","",NA,NA,"A0A0K0FJV0","",NA,"",NA,"SPAL_0001205700",56.4103,"",NA
"1260","SVE_0931100",0,0,0,0,0,0,0,0,0,0,0,0,"SVE_scaffold0000062","Transposase",NA,NA,"A0A0K0FJV1","",NA,"",NA,"SPAL_0001205800",2.22222,"",NA
"1261","SVE_0931200",0,0,0,0,0,0,0,0,0,0,0,0,"SVE_scaffold0000062","TLDc domain-containing protein",NA,NA,"A0A0K0FJV2","",NA,"",NA,"",NA,"",NA
"1262","SVE_0931300",0,0,0,0,0,0,0,0,0,0,0,0,"SVE_scaffold0000062","",NA,NA,NA,"",NA,"",NA,"",NA,"",NA
"1263","SVE_0931400",0,0,0,0,0,0,0,0,0,0,0,0,"SVE_scaffold0000062","Ovule protein",NA,NA,"A0A0K0FJV3","",NA,"",NA,"",NA,"",NA
"1264","SVE_0931700",0,0,0,0,0,0,0,0,0.0768089323716959,0,0.0738680639272768,0,"SVE_scaffold0000062","DDE_Tnp_IS1595 domain-containing protein","Tnp_ISXO2-like",NA,"A0A0K0FJV6","",NA,"",NA,"SPAL_0000891100",36.8421,"",NA
"1265","SVE_0931800",0,0,0,0,0,0,0.0642581463252281,0,0.0798511313890859,0,0,0,"SVE_scaffold0000062","Integrase catalytic domain-containing protein",NA,NA,"A0A0K0FJV7","",NA,"",NA,"",NA,"",NA
"1266","SVE_0931900",0,0,0,0,0,0,0.12684481078457,0.187515257717622,0.236441551568298,0.231123878285831,0,0.0748312123504758,"SVE_scaffold0000062","Helitron_like_N domain-containing protein",NA,NA,"A0A0K0FJV8","SSTP_0000944100",23.2955,"",NA,"",NA,"",NA
"1267","SVE_0932100",0,0,0,0,0,0,0.128055691426196,0.250787970612006,0.235539225196892,0,0.302908846930872,0,"SVE_scaffold0000062","Autophagy-related protein 101",NA,NA,"A0A0K0FJW0","",NA,"",NA,"",NA,"",NA
"1268","SVE_0932200",0,0,0,0,0,0,0.128031342237285,0.0627733360594918,0,0.153084510220904,0.0737073790975406,0.146847819667726,"SVE_scaffold0000062","",NA,NA,NA,"",NA,"",NA,"",NA,"",NA
"1269","SVE_0933900",0,0,0,0,0,0,0.0647414848689744,0,0.0792518809077322,0,0,0,"SVE_scaffold0000062","RPOL4c domain-containing protein",NA,NA,"A0A0K0FJX6","SSTP_0000280400",74.1936,"SRAE_1000302800 | WBGene00259645",75.8064,"SPAL_0001476700",39.5161,"",NA
"1270","SVE_0934300",0,0,0,0,0,0,0.0629331354637824,0.0619977723542017,0,0,0.0749245161324779,0.148538460218997,"SVE_scaffold0000062","",NA,NA,"A0A0K0FJY0","",NA,"",NA,"SPAL_0001493600",43.5754,"",NA
"1271","SVE_0934600",0,0,0,0,0,0,0.0895313983566045,0.0633523589010459,0.0792177897818978,0.0777764019253946,0,0,"SVE_scaffold0000062","SufBD protein",NA,NA,"A0A0K0FJY3","SSTP_0000280400",77.5,"SRAE_1000302800 | WBGene00259645",77.5,"SPAL_0001476700",52.5,"",NA
"1272","SVE_0934700",0,0.0633588391143795,0,0,0.0898581986496151,0,0.188383334960894,0.123406176632494,0,0.0763965918720703,0.149512087469889,0.07386218924547,"SVE_scaffold0000062","",NA,"membrane","A0A0K0FJY4","",NA,"",NA,"SPAL_0001493600",44.6237,"",NA
"1273","SVE_0934900",0,0,0,0,0,0,0,0,0,0,0,0,"SVE_contig0000001","LysR family transcriptional regulator",NA,NA,"A0A0K0FJY6","",NA,"",NA,"",NA,"",NA
"1274","SVE_0935200",0.128588897992653,0.18902218972938,0,0,0.179661230478696,0,0,0,0,0,0,0,"SVE_contig0000001","",NA,NA,"A0A0K0FJY9","SSTP_0000577600",62.3457,"SRAE_1000225800 | WBGene00258872",59.2593,"SPAL_0000663550",91.9753,"",NA
"1275","SVE_0937200",0,0,0.188962447860898,0.0613561166774678,0,0,0,0,0,0,0.0742053701851257,0,"SVE_contig0000001","",NA,NA,"A0A0K0FK09","",NA,"",NA,"",NA,"",NA
"1276","SVE_0944200",0.0653041172212202,0.191906209718514,0.0611033014168218,0.0597861750454761,0.0897987865277126,0.0877206016412664,0.0642077685152119,0.0631908675427493,0.0795644107234707,0,0.0759938052037622,0,"SVE_contig0000001","",NA,NA,"A0A0K0FK78","SSTP_0000887800",44.8029,"SRAE_1000180000 | WBGene00258409",49.4624,"SPAL_0000820400",86.3799,"",NA
"1277","SVE_0950200",0.0651844477484085,0,0,0,0.182147907566538,0.08907058273516,0.188823581828114,0.371816885300305,0.0781281867304572,0,0,0,"SVE_contig0000001","Unspecified product",NA,NA,"A0A0K0FKD8","SSTP_0001274800",58.642,"SRAE_1000174500 | WBGene00258354",55.5556,"SPAL_0001361550",90.7407,"",NA
"1278","SVE_0951400",0,0.131784106186448,0.0626825758321905,0.0614614388778214,0,0,0.0651065445574525,0.0642020779017328,0,0,0,0,"SVE_contig0000001","",NA,"membrane","A0A0K0FKF0","",NA,"SRAE_1000248500 | WBGene00259100",33.3333,"",NA,"",NA
"1279","SVE_0954100",0,0.127770595006483,0,0,0.0918917276740277,0,0.124640369307069,0,0,0,0,0,"SVE_contig0000001","Ground-like domain-containing protein","Ground-like_dom",NA,"A0A0K0FKH7","SSTP_0000584850",52.6786,"SRAE_1000133250 | WBGene00257937",63.3929,"SPAL_0001086500",98.2143,"grl-9 | WBGene00001718",33.9286
"1280","SVE_0954300",0,0.0623211341798969,0,0,0,0,0,0,0,0,0.296200385684369,0,"SVE_contig0000001","Homeobox domain-containing protein","Homeobox_dom, Homeobox-like_sf","DNA binding, nucleus","A0A0K0FKH9","SSTP_0000585000",55.665,"SRAE_1000133400 | WBGene00257939",56.6502,"SPAL_0001086300",57.1429,"",NA
"1281","SVE_0958400",0,0,0,0,0,0,0.0655742018251124,0.0641237560850124,0,0,0,0,"SVE_contig0000001","Biogenesis of lysosome-related organelles complex 1 subunit 1",NA,NA,"A0A0K0FKM0","SSTP_0001066700",43.8596,"",NA,"SPAL_0001224800",78.0702,"",NA
"1282","SVE_0958500",0,0.0637535268898572,0,0,0,0,0.383260738445109,0.251477564858755,0,0,0,0.0745730959200444,"SVE_contig0000001","BRCT domain-containing protein","SMC_hinge_sf","chromosome organization, chromosome, protein binding, ATP binding, intracellular organelle","A0A0K0FKM1","SSTP_0001066700",42.5101,"",NA,"SPAL_0001224800",74.0891,"",NA
"1283","SVE_0958600",0,0,0,0,0,0,0.130800672312341,0.192881810619631,0,0,0,0,"SVE_contig0000001","",NA,NA,"A0A0K0FKM2","SSTP_0001066700",30.7292,"",NA,"SPAL_0001224800",70.3125,"",NA
"1284","SVE_0958700",0,0,0,0,0,0,0.196491459283651,0,0,0,0,0,"SVE_contig0000001","SMC_N domain-containing protein","P-loop_NTPase",NA,"A0A0K0FKM3","SSTP_0001066700",16.1017,"",NA,"SPAL_0001224800",10.1695,"",NA
"1285","SVE_0958800",0.260132387789075,0.127717896770371,0,0,0,0,0,0,0,0,0,0,"SVE_contig0000001","Ovule protein",NA,NA,"A0A0K0FKM4","",NA,"",NA,"",NA,"",NA
"1286","SVE_0958900",0.0650196608887449,0.0638726671289852,0,0,0,0,0,0,0,0,0,0,"SVE_contig0000001","Nuclear receptor subfamily 2 group F member 6 (inferred by orthology to a human protein)","Znf_hrmn_rcpt, Znf_NHR/GATA","sequence-specific DNA binding, DNA-binding transcription factor activity, zinc ion binding, regulation of transcription, DNA-templated, nucleus, DNA binding, metal ion binding, transcription, DNA-templated","A0A0K0FKM5","",NA,"",NA,"SPAL_0000150200",67.6692,"",NA
"1287","SVE_0959000",0,0,0,0,0,0,0,0,0,0,0,0.0712274089950845,"SVE_contig0000001","Secreted protein",NA,"membrane","A0A0K0FKM6","",NA,"",NA,"",NA,"",NA
"1288","SVE_0959500",0.0659582992913353,0.064914512456327,0.062478294010505,0,0.186501480862044,0,0.0633007502802322,0.0617595441425079,0,0,0,0,"SVE_contig0000001","",NA,"membrane","A0A0K0FKN1","",NA,"",NA,"",NA,"",NA
"1289","SVE_0962600",0.264254946091565,0.195073957387479,0,0,0,0.0912974489602008,0.12678406994183,0.0618312350125696,0.0770741785547626,0.0759200094229692,0,0,"SVE_contig0000001","",NA,"membrane","A0A0K0FKR2","SSTP_0000908600",52.7273,"SRAE_1000246500 | WBGene00259080",53.6364,"SPAL_0000153800",90.9091,"",NA
"1290","SVE_0963400",0,0,0,0,0,0,0,0,0,0,0.217270237936382,0,"SVE_contig0000001","",NA,NA,"A0A0K0FKS0","",NA,"",NA,"SPAL_0001088375",72.3404,"",NA
"1291","SVE_0963500",0,0.0636823286716221,0,0,0,0,0.0629232822858387,0.124098291457728,0,0,0.149913953426227,0.0742426885813987,"SVE_contig0000001","FLYWCH-type domain-containing protein",NA,NA,"A0A0K0FKS1","",NA,"",NA,"SPAL_0000528600",59.322,"",NA
"1292","SVE_0971800",0.195961847251619,0.0640400749232065,0.123164513255287,0.240997418683806,0,0,0,0.0634629888572148,0.079594748690139,0.155669001470518,0,0.074145101946309,"SVE_contig0000001","",NA,NA,"A0A0K0FL04","",NA,"",NA,"",NA,"",NA
"1293","SVE_0973000",0.0663041640350162,0,0,0,0,0,0,0.0631132114626151,0,0,0,0,"SVE_contig0000001","",NA,NA,"A0A0K0FL16","",NA,"",NA,"SPAL_0000757500",81.9277,"",NA
"1294","SVE_0973500",0.0660215225961042,0,0,0,0,0,0,0.185947891062495,0,0,0.0727788758711471,0.072498790264752,"SVE_contig0000001","Ovule protein",NA,NA,"A0A0K0FL21","",NA,"",NA,"SPAL_0000758000",81.5534,"",NA
"1295","SVE_0977700",0,0,0.377610506901262,0.0615804096138208,0,0,0.132178703125157,0.325019190777563,0,0,0,0,"SVE_contig0000001","G_PROTEIN_RECEP_F1_2 domain-containing protein",NA,"membrane","A0A0K0FL62","SSTP_0000921400 | SSTP_0000921400",71.6981,"SRAE_1000146700 | WBGene00258074",67.9245,"SPAL_0000205450",94.0252,"",NA
"1296","SVE_0979400",0,0,0,0,0,0,0,0,0,0,0,0,"SVE_contig0000001","",NA,NA,"A0A0K0FL79","",NA,"",NA,"",NA,"",NA
"1297","SVE_0979600",0,0,0,0,0,0,0,0,0,0,0,0,"SVE_contig0000001","",NA,NA,"A0A0K0FL81","",NA,"SRAE_1000148500 | WBGene00258092",73.5632,"",NA,"",NA
"1298","SVE_0981300",0,0,0.061972411831491,0.544532726620691,0.0928956762752584,0,0,0,0.0780944746134829,0.0767076419893843,0,0,"SVE_contig0000001","",NA,"membrane","A0A0K0FL98","SSTP_0000925000",84.2105,"SRAE_1000150200 | WBGene00258109",76.6917,"SPAL_0001576750",94.7368,"",NA
"1299","SVE_0982000",0,0.0648829121652325,0,0,0,0,0,0.0622025433463459,0,0,0,0.072204351927814,"SVE_contig0000001","",NA,NA,"A0A0K0FLA5","",NA,"",NA,"",NA,"",NA
"1300","SVE_0982100",0,0.0641490125647382,0.0631944727863515,0,0,0,0,0,0,0,0,0,"SVE_contig0000001","Histidine-rich glycoprotein",NA,NA,"A0A0K0FLA6","",NA,"",NA,"SPAL_0001577350",92.3077,"",NA
"1301","SVE_0984700",0.0647210749719515,0.0636809133953718,0,0.0617534160271571,0,0.180907877865368,0,0,0,0,0.139218499498057,0,"SVE_contig0000001","",NA,NA,"A0A0K0FLD2","ilp-5 | SSTP_0001286800",71.7647,"",NA,"",NA,"",NA
"1302","SVE_0987900",0,0,0.0647886431472762,0.126339328387141,0,0,0.128510060142457,0.0634514745907991,0,0.0765493549378129,0,0,"SVE_contig0000001","Ragulator complex protein LAMTOR5",NA,NA,"A0A0K0FLG4","SSTP_0001135600",97.8261,"SRAE_1000202800 | WBGene00258640",97.8261,"SPAL_0001582800",100,"D1005.6 | WBGene00017000",51.087
"1303","SVE_0988700",0.0646888631867159,0.0633346445166929,0,0.118020007658233,0,0.17578409172858,0,0.0619667671414914,0.0783002631035352,0.0767215212709008,0.150324705240477,0.0742097681470995,"SVE_contig0000001","EB domain-containing protein",NA,"membrane","A0A0K0FLH2","",NA,"SRAE_1000202000 | WBGene00258632",67.3469,"",NA,"",NA
"1304","SVE_1000099050",0.262508477091106,0.323546542900025,0,0,0,0,0,0,0.0766146793287189,0,0,0,"SVE_contig0000011","Glycosyltransferase family 2 protein",NA,NA,"A0A0K0FLT4","",NA,"",NA,"",NA,"",NA
"1305","SVE_1000125250",0,0,0,0,0,0,0,0,0,0,0,0,"SVE_contig0000013","SH3 domain-containing protein",NA,NA,"A0A0K0FLT6","",NA,"",NA,"",NA,"",NA
"1306","SVE_1000125533",0.0651798312916414,0,0,0,0,0,0,0,0,0,0,0,"SVE_contig0000013","",NA,"membrane","A0A0K0FLT7","",NA,"",NA,"",NA,"",NA
"1307","SVE_1000125566",0.063785204213883,0.063579461711859,0,0,0,0.0899887259931105,0.0637922711819096,0,0,0,0,0,"SVE_contig0000013","Secreted protein",NA,NA,"A0A0K0FLT8","",NA,"",NA,"",NA,"",NA
"1308","SVE_1000249633",0.0643523136691962,0.130935914865685,0,0.0668163044721529,0,0,0,0,0,0,0,0.0655351342405439,"SVE_scaffold0000085","",NA,NA,"A0A0K0FLU2","",NA,"",NA,"",NA,"",NA
"1309","SVE_1000249666",0.0646074365013189,0.256809839206582,0,0,0,0.181747011114065,0,0,0.0766887811471914,0,0,0.0686443429984086,"SVE_scaffold0000085","HTH merR-type domain-containing protein",NA,"membrane","A0A0K0FLU3","",NA,"",NA,"",NA,"",NA
"1310","SVE_1000564350",0,0,0,0,0,0,0,0,0,0,0,0,"SVE_contig0000051","",NA,NA,"A0A0K0FLU7","",NA,"",NA,"",NA,"",NA
"1311","SVE_1000584750",0,0,0,0,0,0,0,0,0.120580086705709,0,0,0,"SVE_scaffold0000002","",NA,NA,"A0A0K0FLU9","",NA,"",NA,"",NA,"",NA
"1312","SVE_1000615250",0,0.191669575461037,0,0.0623035172351615,0.186364793139708,0,0.126803211684425,0,0.0758858414751669,0,0,0,"SVE_scaffold0000002","Glutaredoxin domain-containing protein",NA,NA,"A0A0K0FLV2","",NA,"",NA,"",NA,"",NA
"1313","SVE_1000654750",0.0635287101326417,0,0,0,0,0,0,0,0.154909607918521,0,0.0738585277887939,0.0724910469129679,"SVE_scaffold0000002","G_PROTEIN_RECEP_F1_2 domain-containing protein","GPCR_Rhodpsn_7TM, 7TM_GPCR_serpentine_rcpt_Srx","membrane","A0A0K0FLV8","SSTP_0001111100 | SSTP_0001111100",65.0165,"SRAE_2000476900 | WBGene00265011",49.1749,"SPAL_0001229232",67.9868,"",NA
"1314","SVE_1000684025",0,0.0664715988967636,0.0697395543902011,0.0682177088447344,0,0,0,0,0,0,0,0.114931014198823,"SVE_contig0000178","Ovule protein",NA,NA,"A0A0K0FLW1","",NA,"",NA,"",NA,"",NA
"1315","SVE_1000685225",0.195097938531837,0.127719383433568,0,0,0,0,0,0,0,0,0,0,"SVE_contig0000191","Neur_chan_LBD domain-containing protein","Neur_chan_lig-bd, Neur_chan_lig-bd_sf","extracellular ligand-gated ion channel activity, membrane, ion transport, ion transmembrane transport","A0A0K0FLW2","",NA,"",NA,"",NA,"",NA
"1316","SVE_1000711550",0.12820230228953,0.0631639368051953,0,0,0.182764237188663,0.178634509288465,0,0.181663903251456,0,0,0,0,"SVE_scaffold0000003","",NA,NA,"A0A0K0FLW4","SSTP_0000384600",46.9388,"SRAE_2000455400 | WBGene00264786",43.8776,"SPAL_0000370300",87.7551,"",NA
"1317","SVE_1000716950",0,0.192469017325741,0,0.0643818596164616,0,0,0.0643609380692178,0.125473216480055,0,0,0,0,"SVE_scaffold0000003","",NA,"membrane","A0A0K0FLW5","",NA,"",NA,"",NA,"",NA
"1318","SVE_1000743050",0,0.128360175874557,0.0659016085634945,0.0644058012028227,0,0,0,0,0.0765760831888659,0,0,0.0675592782003703,"SVE_scaffold0000003","Ovule protein",NA,"membrane","A0A0K0FLW7","",NA,"",NA,"",NA,"",NA
"1319","SVE_1000891150",0,0,0,0,0.0882088324064462,0.0849596231535294,0,0,0,0,0,0,"SVE_scaffold0000006","",NA,NA,"A0A0K0FLX2","",NA,"",NA,"",NA,"",NA
"1320","SVE_1000909150",0,0,0,0,0,0,0,0,0,0,0.0724233857384461,0,"SVE_scaffold0000006","",NA,"membrane","A0A0K0FLX6","",NA,"",NA,"",NA,"",NA
"1321","SVE_1000958950",0,0,0,0,0,0,0,0,0,0,0,0,"SVE_scaffold0000007","MIP20649p (inferred by orthology to a D. melanogaster protein)","MAM_dom, FN3_dom, ConA-like_dom_sf, Ig-like_fold, FN3_sf","membrane, protein binding","A0A0K0FLY0","SSTP_0000803600",50.2358,"SRAE_2000076100 | WBGene00260961",72.8774,"SPAL_0000045700",92.4528,"",NA
"1322","SVE_1002200",0,0.192535324059501,0.0613088331782466,0,0,0.089582824563301,0.0632556233725365,0.186890147307421,0,0,0,0.149836820310318,"SVE_contig0000001","Ricin B-type lectin domain-containing protein",NA,NA,"A0A0K0FLZ5","SSTP_0001177600",55.3459,"SRAE_0000037500 | WBGene00256119",70.4403,"SPAL_0001651500",61.6352,"",NA
"1323","SVE_1004700",0.132874629164591,0.130358505126218,0,0,0,0,0.0636142046343597,0,0,0.0757859162814825,0.0724089695438696,0,"SVE_contig0000001","Cytochrome c oxidase assembly protein COX16, mitochondrial",NA,"membrane","A0A0K0FM20","",NA,"SRAE_X000029100 | WBGene00265849",63.0435,"SPAL_0001648900",81.5217,"F29B9.11 | WBGene00017925",47.8261
"1324","SVE_1007600",0,0.124464141849349,0,0,0,0.173676980867107,0,0,0,0,0.0730440272366628,0,"SVE_contig0000001","TMV resistance protein N-like",NA,NA,"A0A0K0FM49","",NA,"",NA,"",NA,"",NA
"1325","SVE_1008400",0.0661943865995731,0,0,0,0,0,0,0.0627401764921284,0,0.0772939859805951,0,0,"SVE_contig0000001","Peptidase M23",NA,"membrane","A0A0K0FM57","SSTP_0000306200",85.4167,"SRAE_0000042700 | WBGene00256171",88.1944,"SPAL_0001645800",98.6111,"",NA
"1326","SVE_1009400",0,0,0.318827530714067,0.434644731847093,0,0,0,0,0,0,0,0,"SVE_contig0000001","Acetyltransferase",NA,NA,"A0A0K0FM67","",NA,"SRAE_1000311500 | WBGene00259732",47.2973,"SPAL_0000628900",43.2432,"",NA
"1327","SVE_1012900",0,0,0,0,0.183647041555949,0.0901680752835947,0,0.0609474768566641,0,0.0732529082337565,0,0,"SVE_contig0000001","HTH_Tnp_Tc3_1 domain-containing protein","Tc3_transposase_DNA-bd_dom, WH-like_DNA-bd_sf","DNA binding","A0A0K0FMA2","",NA,"",NA,"",NA,"",NA
"1328","SVE_1013200",0.0642886731254743,0.0629386619735872,0,0,0,0.087801545056942,0,0,0,0,0,0,"SVE_contig0000001","","DUF1280",NA,"A0A0K0FMA5","",NA,"SRAE_X000009700 | WBGene00265652",45.2229,"SPAL_0000483900",80.2548,"",NA
"1329","SVE_1013300",0.0651503795221538,0.12783320864861,0,0.122656297985785,0,0.182005556388888,0.124763748804357,0,0,0,0,0,"SVE_contig0000001","",NA,NA,"A0A0K0FMA6","",NA,"",NA,"SPAL_0000558600",41.3043,"",NA
"1330","SVE_1013800",0,0,0,0,0.0910526439940445,0,0.062347565652657,0.0613315030624092,0,0,0.0742116623273676,0.0736705929204328,"SVE_contig0000001","",NA,NA,"A0A0K0FMB1","SSTP_0000929000",53.9007,"SRAE_1000154000 | WBGene00258147",58.156,"SPAL_0000157300",90.0709,"",NA
"1331","SVE_1016300",0,0.0651436421759121,0,0,0,0,0,0.12506645399308,0,0.0770345894514287,0,0,"SVE_contig0000001","",NA,NA,"A0A0K0FMD6","SSTP_0000931500",66.4062,"SRAE_1000156400 | WBGene00258171",70.3125,"SPAL_0000748800",96.0938,"",NA
"1332","SVE_1018100",0,0,0,0,0,0,0.0648445053806376,0.12729095729,0.0786228603305103,0,0.0735244804069054,0,"SVE_contig0000001","Ig-like domain-containing protein",NA,"membrane","A0A0K0FMF4","SSTP_0001259700",41.7981,"SRAE_1000032300 | WBGene00256917",45.2681,"SPAL_0000511900",37.3817,"",NA
"1333","SVE_1018200",0,0,0.0624902497871742,0.182987286902047,0.0935476418190658,0,0.190454310051927,0.186290298359437,0,0,0,0.0740706737370119,"SVE_contig0000001","Transmembrane protein 138","TM_138","vacuole, vacuolar membrane, cell projection, membrane","A0A0K0FMF5","SSTP_0001259900",75.4098,"SRAE_1000032500 | WBGene00256919",78.6885,"SPAL_0000746750",93.4426,"tmem-138 | WBGene00008643",34.4262
"1334","SVE_1019000",0,0.195906373259666,0,0,0,0,0.255174789833129,0.124765166689758,0,0.0766398457053359,0.0747771840876085,0,"SVE_contig0000001","Phosphate-regulating neutral endopeptidase (inferred by orthology to a human protein)","Peptidase_M13, Peptidase_M13_C, MetalloPept_cat_dom_sf","metalloendopeptidase activity, metallopeptidase activity, proteolysis","A0A0K0FMG3","",NA,"",NA,"",NA,"",NA
"1335","SVE_1021100",0,0,0,0,0.0876156265208294,0,0,0,0,0,0,0,"SVE_contig0000001","",NA,NA,"A0A0K0FMI4","",NA,"",NA,"",NA,"",NA
"1336","SVE_1026200",0.0663632104506878,0.130037659696293,0,0,0,0,0.0638986463657678,0.0628423274508489,0.0789825639188345,0,0,0,"SVE_contig0000001","Transthyretin-like family-containing protein","Transthyretin-like, Transthyretin-like_sf","cell surface, extracellular region","A0A0K0FMN5","SSTP_0001195900",59.1549,"SRAE_1000070000 | WBGene00257297",59.8592,"SPAL_0000739000",87.3239,"",NA
"1337","SVE_1028900",0,0.126596166949372,0.123659105610206,0.421872789284641,0.091894227967708,0.0896172963855085,0,0,0,0,0.0706112448595304,0,"SVE_contig0000001","",NA,"membrane","A0A0K0FMR1","SSTP_0001161400",42.268,"SRAE_1000079300 | WBGene00257393",42.268,"SPAL_0000736400",44.3299,"",NA
"1338","SVE_1032200",0.0653455351923425,0.130143787291813,0,0,0,0.184212305582308,0.0653163108925364,0.0632417053761439,0,0.0744801947404526,0.0690495387752943,0,"SVE_contig0000001","",NA,NA,"A0A0K0FMU3","",NA,"",NA,"",NA,"",NA
"1339","SVE_1033600",0.134614350102561,0,0.0629186411412361,0.0615473717770507,0,0,0.0648641960174041,0,0,0,0,0,"SVE_contig0000001","Lipoprotein",NA,NA,"A0A0K0FMV7","SSTP_0001063300",52.5316,"SRAE_1000061600 | WBGene00257213",54.4304,"SPAL_0000731550",85.443,"",NA
"1340","SVE_1033700",0,0,0,0.0596870728084715,0,0.0892048405045267,0,0,0,0,0,0,"SVE_contig0000001","C6 domain-containing protein",NA,NA,"A0A0K0FMV8","",NA,"SRAE_1000089600 | WBGene00257496",63.6905,"SPAL_0000731500",63.0952,"",NA
"1341","SVE_1033800",0,0,0,0,0,0,0,0.0641987622811016,0,0,0,0,"SVE_contig0000001","C6 domain-containing protein","C6_domain",NA,"A0A0K0FMV9","SSTP_0000530100",44.1558,"SRAE_1000061700 | WBGene00257214",62.987,"SPAL_0000731400",86.3636,"",NA
"1342","SVE_1035500",0.39376345100443,0.192950315196861,0.0614745045951737,0.180456766442155,0,0,0,0,0,0,0.152761470204904,0,"SVE_contig0000001","Fucosyltransferase","Glyco_trans_10, GT10-like_C_sf","protein glycosylation, fucosyltransferase activity, membrane, Golgi cisterna membrane, glycosyltransferase activity, Golgi apparatus, transferase activity","A0A0K0FMX6","SSTP_0000615100",73.9726,"SRAE_1000158000 | WBGene00258188",72.2603,"SPAL_0000342600",63.0137,"fut-3 | WBGene00006402",29.7945
"1343","SVE_1038400",0,0,0,0,0.173706276357609,0,0,0,0,0.378655202310284,0.0732648214610911,0.215841900409989,"SVE_contig0000001","SCP domain-containing protein","CRISP-related, CAP_domain, CAP_sf",NA,"A0A0K0FN05","",NA,"SRAE_2000285400 | WBGene00263068",29.5699,"SPAL_0000628500",77.957,"",NA
"1344","SVE_1038600",0.133242199421803,0,0,0,0,0,0.0640852069211603,0,0,0,0,0,"SVE_contig0000001","Astacin domain-containing protein",NA,NA,"A0A0K0FN07","",NA,"SRAE_2000285400 | WBGene00263068",21.5686,"SPAL_0000628500",76.4706,"",NA
"1345","SVE_1038700",0.0663827656542504,0,0,0,0,0,0.0647423813867433,0.0637740232407747,0,0,0,0,"SVE_contig0000001","SCP domain-containing protein","CAP_domain, CAP_sf",NA,"A0A0K0FN08","",NA,"SRAE_2000285400 | WBGene00263068",34.3137,"SPAL_0000974000",38.7255,"",NA
"1346","SVE_1039500",0,0,0,0,0,0,0.317983128522801,0.125054905941432,0.0784683362111506,0.0767303345692381,0.0744909502866012,0.0731353881535863,"SVE_contig0000001","SCP domain-containing protein","CAP_domain, CAP_sf",NA,"A0A0K0FN16","",NA,"",NA,"SPAL_0000973600",29.7059,"",NA
"1347","SVE_1039600",0,0,0,0,0,0,0.0654973195744889,0,0,0,0,0,"SVE_contig0000001","Metalloendopeptidase","Peptidase_M12A, MetalloPept_cat_dom_sf","metalloendopeptidase activity, metallopeptidase activity, proteolysis, peptidase activity, hydrolase activity, metal ion binding","A0A0K0FN17","",NA,"",NA,"",NA,"",NA
"1348","SVE_1040100",0,0.0631464919704399,0,0,0,0,0.253606745099971,0.0623812621794621,0.0785295694762137,0,0.0750437294928061,0.147275959026567,"SVE_contig0000001","C-type lectin domain-containing protein","C-type_lectin-like, C-type_lectin-like/link_sf, CTDL_fold",NA,"A0A0K0FN22","SSTP_0000994500",46.2898,"",NA,"SPAL_0000972800",88.3392,"",NA
"1349","SVE_1040800",0.0650214092812634,0,0,0,0,0,0,0,0,0,0,0.0714005574067005,"SVE_contig0000001","",NA,NA,"A0A0K0FN29","",NA,"",NA,"SPAL_0000833400",91.2621,"",NA
"1350","SVE_1041400",0,0,0.439876444197491,0.184427491039739,0,0,0.0655826370861734,0,0.161274731109972,0,0,0,"SVE_contig0000001","Speckle-type POZ protein-like (inferred by orthology to a human protein)","BTB/POZ_dom, MATH/TRAF_dom, TRAF-like, SKP1/BTB/POZ_sf","protein binding","A0A0K0FN34","",NA,"SRAE_2000161000 | WBGene00261815",16.2602,"SPAL_0000830800",37.9404,"",NA
"1351","SVE_1044500",0,0.127431329048231,0,0,0,0,0,0,0,0,0,0,"SVE_contig0000001","Plasmodium vivax Vir protein",NA,"membrane","A0A0K0FN65","",NA,"",NA,"",NA,"",NA
"1352","SVE_1045400",0,0,0,0,0,0,0,0,0,0,0,0,"SVE_contig0000001","",NA,"membrane","A0A0K0FN74","SSTP_0000892500",38.9222,"",NA,"SPAL_0000863000",84.4311,"",NA
"1353","SVE_1045800",0.0655994917919566,0.128519225906767,0,0.0599342865141658,0,0.0894950900808864,0,0.0624907124647937,0,0.154250545846285,0,0,"SVE_contig0000001","",NA,NA,"A0A0K0FN78","SSTP_0000892200",59.0643,"SRAE_1000254000 | WBGene00259155",54.9708,"SPAL_0000862600",92.9825,"",NA
"1354","SVE_1045900",0.0642253673750188,0.188862029192532,0,0,0,0,0,0,0,0,0,0.0731700765549267,"SVE_contig0000001","Histidine acid phosphatase","His_PPase_superfam",NA,"A0A0K0FN79","",NA,"",NA,"",NA,"",NA
"1355","SVE_1046900",0.326311487168355,0.1915892212646,0.0609963503104111,0,0,0,0,0,0,0.0763473081295638,0,0.0744358969669462,"SVE_contig0000001","",NA,"membrane","A0A0K0FN89","SSTP_0000891600",66.2338,"SRAE_1000253500 | WBGene00259150",68.1818,"SPAL_0000862000",90.2597,"",NA
"1356","SVE_1047600",0.131045379903715,0.128479157652761,0.0617545149383734,0.060417972810884,0.268789476683311,0,0.0647427665507745,0.0636519868158903,0,0,0.0757765243495982,0,"SVE_contig0000001","Col_cuticle_N domain-containing protein","Col_cuticle_N, Collagen","structural constituent of cuticle, anatomical structure development, membrane","A0A0K0FN96","",NA,"",NA,"SPAL_0000861300",96.793,"col-172 | WBGene00000745",44.898
"1357","SVE_1048100",0.0665859699544477,0,0,0,0,0,0.0639093692818319,0,0,0,0,0.0714646337671207,"SVE_contig0000001","Neuropeptide-Like Protein",NA,NA,"A0A0K0FNA1","SSTP_0000890500",38.4615,"SRAE_1000252400 | WBGene00259139",34.0659,"SPAL_0000860800",63.7363,"",NA
"1358","SVE_1052000",0,0.065288756842927,0.0637739399285954,0,0,0,0.0634283413126898,0,0,0,0.07283201466626,0,"SVE_contig0000001","Saposin B-type domain-containing protein",NA,NA,"A0A0K0FNE0","SSTP_0000820800",59.7938,"SRAE_1000097400 | WBGene00257574",67.0103,"SPAL_0000857000",88.6598,"",NA
"1359","SVE_1052100",0.0658085398291016,0.128674723934002,0,0,0,0,0.126012994521392,0,0,0.075992747193677,0.0745811083731447,0,"SVE_contig0000001","Syndecan domain-containing protein",NA,"membrane","A0A0K0FNE1","SSTP_0000820900",34.6457,"SRAE_1000097300 | WBGene00257573",25.1968,"SPAL_0000856900",82.6772,"",NA
"1360","SVE_1052200",0.0645154809852946,0.0632280340647697,0,0,0,0,0.127229404990143,0.0625434484788307,0.157361065408446,0.0769549452167865,0.0749423832090987,0.0735948094839992,"SVE_contig0000001","",NA,NA,"A0A0K0FNE2","",NA,"",NA,"SPAL_0000856800",85.209,"",NA
"1361","SVE_1053100",0,0.0653870424230151,0,0,0,0,0.0641477254126469,0.0631667781291219,0.158465644724074,0,0,0,"SVE_contig0000001","lysozyme","Invert_lysozyme, Lysozyme-like_dom_sf","lysozyme activity, defense response to bacterium, catalytic activity, metabolic process, hydrolase activity, killing of cells of another organism","A0A0K0FNF1","",NA,"",NA,"SPAL_0000855900",89.781,"ilys-3 | WBGene00016670",59.1241
"1362","SVE_1054600",0.0656486831068648,0.128559603638409,0.0612256054036343,0,0,0,0.0639202636864057,0.0628529682109718,0.07944992637116,0,0,0.0752992476218075,"SVE_contig0000001","Peptidase_M13 domain-containing protein","Peptidase_M13, Peptidase_M13_C, MetalloPept_cat_dom_sf, Peptidase_M13_dom_2","metalloendopeptidase activity, metallopeptidase activity, proteolysis","A0A0K0FNG6","",NA,"",NA,"SPAL_0000939700",22.0513,"",NA
"1363","SVE_1055700",0,0.130573113456597,0.0621482194508554,0.0608757108517965,0,0,0,0,0,0.156740989366254,0,0,"SVE_contig0000001","",NA,"membrane","A0A0K0FNH7","SSTP_0000267950",78.1609,"SRAE_1000041200 | WBGene00257008",77.0115,"",NA,"",NA
"1364","SVE_1056900",0,0.126938242598258,0,0,0.176506596466213,0,0.192704278815118,0.126224737013404,0.0787075833448978,0.0769882545062418,0.14853813015845,0,"SVE_contig0000001","G_PROTEIN_RECEP_F1_2 domain-containing protein","GPCR_Rhodpsn, GPCR_Rhodpsn_7TM","G protein-coupled receptor activity, G protein-coupled receptor signaling pathway, membrane","A0A0K0FNI9","SSTP_0000287100",84.4828,"SRAE_1000159300 | WBGene00258201",84.2365,"SPAL_0000795200",96.0591,"zzz-1 | WBGene00009333",37.1921
"1365","SVE_1057000",0,0.0655201273145725,0.0632336254326229,0.0614423090678633,0,0,0.0637704111424288,0.187002039610061,0.0776525288034633,0,0.0741857045377119,0.0736416450842633,"SVE_contig0000001","UPAR/Ly6 domain-containing protein",NA,NA,"A0A0K0FNJ0","SSTP_0000287300",84.2593,"SRAE_1000159400 | WBGene00258202",85.1852,"SPAL_0000795300",95.3704,"Y38H6A.5 | WBGene00077669",53.7037
"1366","SVE_1063800",0,0,0,0,0.0937030985204001,0.271809099543096,0.0637645597159953,0.12406445245857,0,0,0.0681501163775458,0,"SVE_contig0000001","",NA,NA,"A0A0K0FNQ8","",NA,"",NA,"SPAL_0001330900",59.2105,"",NA
"1367","SVE_1076000",0,0.126279542843705,0,0,0,0,0.0634590806230389,0.0624161731586951,0.157074172120906,0.076781000718256,0.0749437220091664,0.294257182317777,"SVE_scaffold0000063","Acidic phosphoprotein",NA,NA,"A0A0K0FNQ9","",NA,"",NA,"SPAL_0001389300",79.5302,"",NA
"1368","SVE_1076300",0,0,0,0,0,0,0.0636063649639847,0,0,0.0760680144650917,0.0733717280492181,0.146049730434843,"SVE_scaffold0000063","",NA,NA,"A0A0K0FNR2","",NA,"",NA,"SPAL_0001389600",78.8462,"",NA
"1369","SVE_1076800",0,0,0,0,0,0,0.127972315705988,0.188613115536035,0.0784421793738673,0.153453633195797,0.0740505140927434,0.21818809220169,"SVE_scaffold0000063","Fukutin-related protein","DUF1647",NA,"A0A0K0FNR7","SSTP_0000647700",65,"SRAE_2000522200 | WBGene00265480",63,"SPAL_0000721400",85,"C16D9.5 | WBGene00015860",19.5
"1370","SVE_1077000",0,0.128400583901258,0.0661875755615233,0,0,0.182238972246931,0,0,0.0765108814683106,0.0740335191491462,0,0.0678307350474938,"SVE_scaffold0000063","Secreted protein",NA,NA,"A0A0K0FNR9","SSTP_0000379600",59.1549,"SRAE_0000009100 | WBGene00255828",70.4225,"SPAL_0000657100",92.9577,"",NA
"1371","SVE_1077100",0.129851422462812,0.190886102019077,0,0,0,0,0.127726772754705,0.1884106698829,0.0791049716418168,0,0.0756441757660288,0,"SVE_scaffold0000063","G_PROTEIN_RECEP_F1_2 domain-containing protein","GPCR_Rhodpsn","G protein-coupled receptor activity, G protein-coupled receptor signaling pathway, membrane","A0A0K0FNS0","SSTP_0000379900",43.9114,"SRAE_0000008800 | WBGene00255825",45.7565,"",NA,"",NA
"1372","SVE_1077200",0.0615532159990368,0,0,0,0.0910392455670348,0.0872239465169351,0,0,0,0,0,0,"SVE_scaffold0000063","Secreted protein",NA,NA,"A0A0K0FNS1","SSTP_0000379600",59.0909,"SRAE_0000009100 | WBGene00255828",69.697,"SPAL_0000657100",87.8788,"",NA
"1373","SVE_1077400",0,0.0647941545471869,0.0620324894360179,0.121414625679672,0.0906256455781839,0,0,0,0,0,0,0,"SVE_scaffold0000063","G_PROTEIN_RECEP_F1_2 domain-containing protein",NA,"membrane","A0A0K0FNS3","SSTP_0000379500",29.9674,"SRAE_0000009200 | WBGene00255829",28.6645,"SPAL_0000399433",34.5277,"",NA
"1374","SVE_1077600",0.192881324997318,0.12583399566741,0,0,0.088947826919522,0.0871709504592427,0,0.0618367413165828,0,0.0763975464553475,0,0.0737500824423133,"SVE_scaffold0000063","Circumsporozoite protein-like",NA,NA,"A0A0K0FNS5","",NA,"",NA,"SPAL_0000398500",65.8878,"",NA
"1375","SVE_1079400",0,0,0,0,0.0885945821761142,0.086902942669587,0,0.0614518910431969,0.124589357840556,0,0.0258700611191343,0,"SVE_scaffold0000063","",NA,NA,"A0A0K0FNU3","",NA,"",NA,"",NA,"",NA
"1376","SVE_1079600",0,0,0,0,0,0,0,0,0,0,0,0,"SVE_scaffold0000063","Integrase catalytic domain-containing protein","Integrase_cat-core, RNaseH-like_sf, RNaseH_sf","DNA integration, nucleic acid binding","A0A0K0FNU5","SSTP_0001281500",33.6683,"",NA,"",NA,"",NA
"1377","SVE_1080400",0,0,0,0,0,0,0,0,0,0,0,0,"SVE_contig0000010","Ovule protein",NA,NA,"A0A0K0FNV3","",NA,"",NA,"",NA,"",NA
"1378","SVE_1080500",0,0,0,0,0,0,0,0.133436454286079,0.0832422521091206,0.0842872553675453,0,0.0874024487571947,"SVE_contig0000010","",NA,NA,"A0A0K0FNV4","",NA,"",NA,"",NA,"",NA
"1379","SVE_1082000",0,0,0,0,0,0,0,0.0641988678787238,0,0,0,0,"SVE_contig0000010","",NA,NA,"A0A0K0FNW9","",NA,"",NA,"SPAL_0001257200",56.3218,"",NA
"1380","SVE_1083400",0,0.0652604009872622,0,0,0,0,0,0.124643895435768,0.154626757022254,0.0760253634302534,0.0729933872843572,0.0727003058343372,"SVE_contig0000010","",NA,NA,"A0A0K0FNY3","",NA,"",NA,"SPAL_0001258800",64.6465,"",NA
"1381","SVE_1086800",0.0645637284207568,0.0632373241072348,0,0,0,0,0.190273938166671,0.187204780677857,0.0786352038830098,0,0.150403225311618,0.221851078100082,"SVE_scaffold0000064","",NA,"membrane","A0A0K0FP17","",NA,"",NA,"SPAL_0000544400",37.5,"",NA
"1382","SVE_1087200",0,0,0,0,0,0,0.0637570693412374,0.188098576382166,0.0790164843740001,0,0.151125159687676,0,"SVE_scaffold0000064","N-acetylgalactosaminide beta-1,3-galactosyltransferase","Glyco_trans_31","hexosyltransferase activity, protein glycosylation, membrane, transferase activity","A0A0K0FP21","",NA,"",NA,"",NA,"",NA
"1383","SVE_1087400",0.141297421245893,0,0.0625941565067498,0.122472052697537,0,0,0,0,0.0800523527979739,0,0,0,"SVE_scaffold0000065","t-SNARE coiled-coil homology domain-containing protein","Peptidase_M13, ANIS5_cation-bd, Peptidase_M13_C, MetalloPept_cat_dom_sf","metalloendopeptidase activity, metallopeptidase activity, proteolysis","A0A0K0FP23","SSTP_0000540400",25.5474,"SRAE_1000161500 | WBGene00258223",26.2774,"SPAL_0001498100",21.1679,"",NA
"1384","SVE_1087500",0.065091485236664,0.0638020176972414,0,0,0,0,0,0,0,0,0,0,"SVE_scaffold0000065","Peptidase_M13_N domain-containing protein","Peptidase_M13, MetalloPept_cat_dom_sf, Peptidase_M13_dom_2","metalloendopeptidase activity, metallopeptidase activity, proteolysis","A0A0K0FP24","",NA,"",NA,"SPAL_0001083000",36.8794,"",NA
"1385","SVE_1087600",0.136881520170973,0.260835548100174,0,0.187554504509425,0.0892395925730885,0.0934957315635852,0,0,0,0.0774635755272992,0,0,"SVE_scaffold0000065","Peptidase_M13 domain-containing protein","Peptidase_M13, Peptidase_M13_C, MetalloPept_cat_dom_sf","metalloendopeptidase activity, metallopeptidase activity, proteolysis","A0A0K0FP25","SSTP_0000540400",37.0242,"SRAE_1000161500 | WBGene00258223",37.7163,"SPAL_0000930800",54.6713,"",NA
"1386","SVE_1088900",0.0658183879957224,0,0.0618736202730124,0.060462700263342,0,0.0902767661880471,0,0,0.0778638737556531,0,0,0,"SVE_scaffold0000065","",NA,NA,"A0A0K0FP37","",NA,"",NA,"",NA,"",NA
"1387","SVE_1089100",0.0656139480388859,0,0,0.0633227456009349,0,0,0,0.0626809995917967,0,0,0,0,"SVE_scaffold0000065","BPI2 domain-containing protein",NA,NA,"A0A0K0FP39","",NA,"",NA,"",NA,"",NA
"1388","SVE_1089400",0,0,0,0,0,0,0.232148702811475,0.27397222372178,0,0.153699085139279,0,0.281005050225664,"SVE_scaffold0000065","Ig-like domain-containing protein",NA,NA,"A0A0K0FP42","",NA,"",NA,"SPAL_0000808000",46.9136,"",NA
"1389","SVE_1090400",0.0656107266004829,0.0699091391391153,0,0,0,0,0.0768766714267658,0,0,0,0,0,"SVE_scaffold0000065","",NA,NA,"A0A0K0FP52","",NA,"",NA,"SPAL_0000091900",53.405,"",NA
"1390","SVE_1090500",0.0650439848967417,0.254577395003666,0,0,0,0,0.129996637054751,0,0,0,0.0732156714467693,0,"SVE_scaffold0000065","Tyrosine-protein phosphatase domain-containing protein","PTP_cat, Tyr_Pase_dom, Tyr_Pase_cat, Prot-tyrosine_phosphatase-like","dephosphorylation, protein dephosphorylation, protein tyrosine phosphatase activity, phosphatase activity, membrane","A0A0K0FP53","SSTP_0001074200",16.6056,"",NA,"SPAL_0000936200",22.7106,"",NA
"1391","SVE_1092600",0,0,0,0,0,0,0,0.0631528041796992,0.0783970698999374,0.0767017968002106,0,0.0723613788343206,"SVE_scaffold0000065","EGF-like domain-containing protein",NA,NA,"A0A0K0FP74","",NA,"",NA,"SPAL_0000561000",41.2371,"",NA
"1392","SVE_1092700",0.0645221981063052,0,0,0,0.281712107414939,0.0907977961331563,0.127802313883054,0.186495919310122,0,0,0.136593500266312,0,"SVE_scaffold0000066","Reverse transcriptase domain-containing protein",NA,NA,"A0A0K0FP75","",NA,"",NA,"",NA,"",NA
"1393","SVE_1092800",0,0,0,0,0.358703503587862,0.0874200797829256,0,0.0606662704876149,0,0.0749023114471647,0.0733745365596163,0.0729341857337424,"SVE_scaffold0000066","Astacin domain-containing protein","Peptidase_M12A, MetalloPept_cat_dom_sf","metalloendopeptidase activity, metallopeptidase activity, proteolysis","A0A0K0FP76","",NA,"",NA,"SPAL_0001673650",31.5789,"",NA
"1394","SVE_1092900",0,0.06366743541319,0,0,0.183470815709479,0.178889054309381,0.0622944066954657,0.0608848039393748,0,0,0,0.072351877614551,"SVE_scaffold0000066","ULP_PROTEASE domain-containing protein",NA,NA,"A0A0K0FP77","",NA,"",NA,"SPAL_0000700700",82.0513,"",NA
"1395","SVE_1093200",0,0,0.0636159164487264,0.186714141638484,0,0,0,0,0,0,0,0,"SVE_scaffold0000066","Radical SAM protein",NA,NA,"A0A0K0FP80","",NA,"SRAE_0000050900 | WBGene00256254",31.9444,"",NA,"",NA
"1396","SVE_1093300",0.131329695530727,0.321828622046652,0.307612162759677,0.0601818578358771,0,0.0881572489805952,0,0,0,0.0782727122625268,0,0,"SVE_scaffold0000066","",NA,NA,"A0A0K0FP81","SSTP_0000066400",16.7832,"SRAE_0000050600 | WBGene00256250",55.5944,"SPAL_0001206300",12.2378,"",NA
"1397","SVE_1093400",0,0,0,0,0.0942835979179445,0,0.0634659699306302,0.0625802178796191,0,0,0,0.0701584604152962,"SVE_scaffold0000066","UmuC domain-containing protein",NA,NA,"A0A0K0FP82","",NA,"",NA,"",NA,"",NA
"1398","SVE_1093500",0.0326442147613132,0.031982912879732,0.0612309611401725,0.059953641032751,0.137653660906768,0.0892502083163735,0.125727387902195,0,0,0.0381039449193603,0.0374016771138212,0,"SVE_scaffold0000066","BED-type domain-containing protein","Znf_BED","DNA binding, membrane, metal ion binding","A0A0K0FP83","",NA,"",NA,"",NA,"",NA
"1399","SVE_1093800",0,0,0,0,0,0,0,0,0,0,0,0,"SVE_scaffold0000066","Transposase",NA,NA,"A0A0K0FP86","SSTP_0000066400",9.80392,"SRAE_0000050600 | WBGene00256250",56.8627,"SPAL_0001206300",6.86275,"",NA
"1400","SVE_1093900",0,0,0,0,0,0,0.19592684481002,0.0643841644817586,0,0,0,0,"SVE_scaffold0000066","DUF814 domain-containing protein",NA,NA,"A0A0K0FP87","",NA,"SRAE_0000050700 | WBGene00256251",9.17031,"",NA,"",NA
"1401","SVE_1094000",0,0,0,0,0,0,0,0,0,0,0,0,"SVE_scaffold0000066","",NA,NA,"A0A0K0FP88","",NA,"SRAE_0000050900 | WBGene00256254",30.2521,"",NA,"",NA
"1402","SVE_1094100",0.0657976389335327,0.0645021147522012,0.061552368981436,0.0602173765866178,0,0,0,0,0.0801686504470639,0.0784133990749163,0,0,"SVE_scaffold0000066","",NA,"membrane","A0A0K0FP89","",NA,"SRAE_0000050750 | WBGene00256252",17.2794,"",NA,"",NA
"1403","SVE_1094200",0,0,0,0,0,0,0,0.0631451936744709,0.15929294198918,0,0,0,"SVE_scaffold0000066","",NA,NA,"A0A0K0FP90","",NA,"SRAE_0000050800 | WBGene00256253",48,"SPAL_0000212500",48.8889,"",NA
"1404","SVE_1094300",0,0,0,0,0,0,0,0.0641988678787238,0,0,0,0,"SVE_scaffold0000066","Secreted protein",NA,NA,"A0A0K0FP91","",NA,"",NA,"",NA,"",NA
"1405","SVE_1094400",0,0,0,0,0,0,0,0,0.156175272716318,0,0,0.0714537828704723,"SVE_scaffold0000066","",NA,NA,"A0A0K0FP92","",NA,"",NA,"SPAL_0000700700",72.7273,"",NA
"1406","SVE_1095300",0.132375939712024,0.129785421425282,0,0,0,0,0,0,0,0.075118256785515,0.0715206533044018,0,"SVE_scaffold0000066","",NA,NA,NA,"",NA,"",NA,"",NA,"",NA
"1407","SVE_1095800",0.0654624976567066,0.256546017547296,0,0.121697691243344,0,0.174174523575912,0,0.255191631387261,0,0,0,0,"SVE_scaffold0000066","N-acetyllactosaminide beta-1,3-N-acetylglucosaminyltransferase","Nucleotide-diphossugar_trans",NA,"A0A0K0FPA4","SSTP_0000874800",62.3188,"SRAE_X000141700 | WBGene00266985",65.2174,"SPAL_0001185500",78.5024,"",NA
"1408","SVE_1098100",0.0319915448681356,0,0,0.0311086544802984,0.0462556165358531,0,0.0316259455398627,0,0,0,0,0,"SVE_scaffold0000066","",NA,NA,"A0A0K0FPC6","",NA,"",NA,"",NA,"",NA
"1409","SVE_1098300",0.066050960246351,0,0.0618084519386344,0.317430923513268,0,0,0.129913215333956,0.12783079653369,0,0,0,0.0755051633458169,"SVE_scaffold0000066","Tyr recombinase domain-containing protein","DNA_brk_join_enz, Integrase-like_cat_sf","DNA integration, DNA recombination, DNA binding","A0A0K0FPC8","SSTP_0000454300",36.7857,"",NA,"SPAL_0001573000",60,"",NA
"1410","SVE_1098400",0,0,0,0,0,0,0,0,0,0,0,0,"SVE_scaffold0000066","Transferred entry: 7.1.2.2",NA,NA,"A0A0K0FPC9","",NA,"",NA,"",NA,"",NA
"1411","SVE_1099000",0,0.125146458217109,0,0,0.0897366784829093,0.0874643435393086,0,0,0,0.0746043588126182,0,0,"SVE_contig0000011","PID domain-containing protein",NA,NA,"A0A0K0FPD4","",NA,"",NA,"SPAL_0000825825",30.3448,"",NA
"1412","SVE_1099400",0.06499206949073,0,0.0653558755714777,0,0.189073685594524,0,0.064072071273376,0.187906512118531,0,0,0,0.0676970872478408,"SVE_contig0000011","Secreted protein",NA,NA,"A0A0K0FPD8","",NA,"",NA,"SPAL_0000046700",2.66667,"",NA
"1413","SVE_1099500",0,0,0,0,0,0,0,0,0,0,0,0,"SVE_contig0000011","Transposase",NA,NA,"A0A0K0FPD9","",NA,"",NA,"SPAL_0000161050",69.3878,"",NA
"1414","SVE_1100000",0,0.127431629773948,0,0,0,0,0,0,0,0,0,0,"SVE_contig0000011","Secreted protein",NA,NA,"A0A0K0FPE4","",NA,"",NA,"SPAL_0000673700",52.7027,"",NA
"1415","SVE_1100100",0,0.192613202225762,0,0,0.0949401922985132,0.0909614112438516,0,0.124915475267429,0.0750446063593548,0,0.0672282649463512,0,"SVE_contig0000011","MTTase N-terminal domain-containing protein",NA,NA,"A0A0K0FPE5","",NA,"",NA,"SPAL_0000728100",65.1515,"",NA
"1416","SVE_1100300",0,0,0,0,0.178614440476943,0.0875402586385424,0.0629057693259728,0,0,0.0765900855390949,0,0,"SVE_contig0000011","",NA,NA,"A0A0K0FPE7","",NA,"",NA,"SPAL_0001458950",37.8641,"",NA
"1417","SVE_1101300",0,0,0,0.0605213049895227,0.0929378176879635,0,0,0.0617687476263012,0.0771932467031247,0.0758578771382515,0,0.073771392906885,"SVE_contig0000011","",NA,NA,"A0A0K0FPF6","",NA,"",NA,"SPAL_0000459400",54.8387,"",NA
"1418","SVE_1101400",0,0,0,0,0,0,0,0,0.078335915499868,0,0,0,"SVE_contig0000012","",NA,NA,"A0A0K0FPF7","",NA,"",NA,"",NA,"",NA
"1419","SVE_1101500",0,0,0,0,0,0,0,0.062123943872731,0,0,0.0748558704235078,0,"SVE_contig0000012","",NA,NA,"A0A0K0FPF8","SSTP_0000421300",19.2593,"",NA,"SPAL_0000001500",58.8889,"",NA
"1420","SVE_1101600",0,0,0,0,0.0882510081882305,0.0864587179232402,0.125132433166214,0,0,0,0.0745039017409275,0,"SVE_contig0000012","NR LBD domain-containing protein",NA,NA,"A0A0K0FPF9","SSTP_0000455000",37.8261,"",NA,"",NA,"",NA
"1421","SVE_1101700",0,0,0,0,0.267496470952299,0.437075945910752,0.0630041630316647,0,0.0783590892944023,0.0766832021450021,0,0,"SVE_contig0000012","Secreted protein",NA,NA,"A0A0K0FPG0","",NA,"SRAE_0000003300 | WBGene00255770",52.0737,"SPAL_0000458300",65.4378,"",NA
"1422","SVE_1102200",0,0,0,0,0,0,0,0,0,0,0.0724232991330648,0,"SVE_contig0000012","ShKT domain-containing protein",NA,NA,"A0A0K0FPG5","SSTP_0000166500",44.3478,"",NA,"SPAL_0001748700",80.8696,"",NA
"1423","SVE_1106900",0,0,0,0.129731847391341,0,0,0,0.127584190665232,0.156387428091522,0,0.0700835514884824,0,"SVE_scaffold0000067","Reverse transcriptase domain-containing protein",NA,NA,"A0A0K0FPL2","",NA,"SRAE_0000079000 | WBGene00256549",7.89474,"SPAL_0001312400",38.1579,"",NA
"1424","SVE_1107100",0.063865245233016,0,0,0,0.185896321720405,0.119831080090347,0.0948759413181822,0,0,0.0242931760159716,0,0,"SVE_scaffold0000067","Wsv460",NA,"membrane","A0A0K0FPL4","",NA,"",NA,"SPAL_0000210800",73.6842,"",NA
"1425","SVE_1107600",0,0,0,0,0,0,0.0671816050874128,0,0,0,0.160966311344366,0.0741107651279152,"SVE_scaffold0000067","PEROXIDASE_4 domain-containing protein",NA,NA,"A0A0K0FPL9","",NA,"",NA,"",NA,"",NA
"1426","SVE_1108000",0,0,0,0,0.0905486701655723,0.088556853880906,0.125156650088234,0.06161206197542,0.0776775698980365,0,0.0745731306874483,0,"SVE_scaffold0000067","Asparagine-rich antigen",NA,NA,"A0A0K0FPM3","",NA,"",NA,"SPAL_0001394100",36.4198,"",NA
"1427","SVE_1108100",0,0,0,0.0620146429348743,0,0,0.13145019358374,0,0,0,0,0,"SVE_scaffold0000067","Integrase catalytic domain-containing protein","Integrase_cat-core, RNaseH-like_sf, RNaseH_sf","DNA integration, nucleic acid binding","A0A0K0FPM4","SSTP_0001028700",21.3873,"",NA,"SPAL_0000416100",0,"",NA
"1428","SVE_1108200",0.133851265135584,0,0,0.0615502490816276,0,0,0.128877411894292,0.189857157866497,0.0795590966060999,0,0,0,"SVE_scaffold0000067","Integrase_H2C2 domain-containing protein","Integrase_H2C2",NA,"A0A0K0FPM5","SSTP_0001028700",0,"",NA,"SPAL_0001394000",14.9254,"",NA
"1429","SVE_1108300",0.06518901072378,0.0638881230945375,0,0.119774281632804,0,0,0.192836484816095,0.252785562244696,0.0795019429736164,0.110198295983365,0,0.0743631257397042,"SVE_scaffold0000067","Reverse transcriptase domain-containing protein","DNA/RNA_pol_sf",NA,"A0A0K0FPM6","",NA,"",NA,"SPAL_0000140500",75.8842,"",NA
"1430","SVE_1108400",0,0,0,0,0,0,0,0,0,0,0,0,"SVE_scaffold0000067","Orfan",NA,NA,"A0A0K0FPM7","",NA,"",NA,"SPAL_0001747600",58.5714,"",NA
"1431","SVE_1108500",0.0666058099528373,0,0,0,0,0,0,0.0628293502271416,0,0,0,0,"SVE_scaffold0000067","HECT domain-containing protein",NA,NA,"A0A0K0FPM8","",NA,"",NA,"SPAL_0000457700",73.8462,"",NA
"1432","SVE_1117300",0.0647433650619665,0,0,0,0,0,0.295605062007007,0.0736794885193173,0.0785108858449326,0.153621821043389,0.221419179645118,0.0779084981170132,"SVE_scaffold0000068","DNA-directed RNA polymerase",NA,NA,"A0A0K0FPM9","SSTP_0000643000",38.6412,"",NA,"",NA,"",NA
"1433","SVE_1117400",0,0,0,0,0,0,0,0,0,0,0,0,"SVE_scaffold0000068","",NA,NA,"A0A0K0FPN0","",NA,"",NA,"",NA,"",NA
"1434","SVE_1117500",0,0.0313778719429,0,0,0,0,0,0,0,0,0.0735339868541986,0,"SVE_scaffold0000068","",NA,NA,"A0A0K0FPN1","",NA,"",NA,"SPAL_0000393700",22.3919,"",NA
"1435","SVE_1118000",0,0.0639790851297205,0,0.0596547886702221,0.0911014577742414,0.0891313242862345,0.0629979824037794,0,0.0782161135442419,0,0,0,"SVE_scaffold0000068","Cilia- and flagella-associated protein 299",NA,NA,"A0A0K0FPN6","",NA,"",NA,"",NA,"",NA
"1436","SVE_1118100",0,0,0,0,0,0,0,0,0,0,0,0,"SVE_scaffold0000068","",NA,NA,"A0A0K0FPN7","",NA,"",NA,"SPAL_0000769300",63.1579,"",NA
"1437","SVE_1118200",0,0,0,0,0,0,0,0,0,0,0,0,"SVE_scaffold0000068","",NA,NA,"A0A0K0FPN8","",NA,"",NA,"",NA,"",NA
"1438","SVE_1119100",0.130749938685053,0.12855275964581,0,0,0,0,0,0,0,0,0.071579175454889,0,"SVE_scaffold0000068","",NA,NA,"A0A0K0FPP7","",NA,"",NA,"",NA,"",NA
"1439","SVE_1120400",0.128247286593208,0.0628784260407863,0,0,0,0.087297293691781,0,0,0,0.075704968875877,0.0740797350546734,0,"SVE_scaffold0000068","",NA,NA,"A0A0K0FPR0","",NA,"",NA,"SPAL_0000621975",21.1957,"",NA
"1440","SVE_1120500",0.0651918866476845,0.0640972141498678,0,0,0.0924793242308217,0.090124884281062,0.187044628753039,0.122120141098988,0,0,0.143414805885109,0,"SVE_scaffold0000068","",NA,NA,"A0A0K0FPR1","",NA,"",NA,"",NA,"",NA
"1441","SVE_1120600",0.0644639277488877,0,0,0,0,0,0.190722316198289,0.0625109792841441,0.0786175771859286,0,0.0748679084156727,0.0735176502638462,"SVE_scaffold0000068","LEF-7",NA,NA,"A0A0K0FPR2","SSTP_0000643000",37.8205,"",NA,"",NA,"",NA
"1442","SVE_1120700",0,0,0,0,0,0,0.0638940519858077,0,0.077853041596268,0,0.149432407263252,0,"SVE_scaffold0000068","Secreted protein",NA,NA,"A0A0K0FPR3","SSTP_0000452800",55.8559,"",NA,"",NA,"",NA
"1443","SVE_1120900",0,0,0,0,0,0,0,0,0,0,0,0.142453922198247,"SVE_scaffold0000068","Phage protein",NA,NA,"A0A0K0FPR5","SSTP_0001227100",48.7603,"",NA,"SPAL_0001773700",53.719,"",NA
"1444","SVE_1121000",0,0.128150090552615,0,0.123127077724564,0,0,0.195918373850375,0.192287140303808,0,0.0774569095719528,0,0,"SVE_scaffold0000068","Reverse transcriptase domain-containing protein","RT_dom, RNaseH-like_sf, RNaseH_sf, RT_RNaseH_2, Integrase_H2C2, Rev_trsase/Diguanyl_cyclase, DNA/RNA_pol_sf","nucleic acid binding, DNA-directed DNA polymerase activity, DNA biosynthetic process, DNA polymerase complex","A0A0K0FPR6","",NA,"",NA,"SPAL_0000732700",79.7235,"",NA
"1445","SVE_1121100",0.130249515388179,0.127482970386121,0.0626219286740863,0.0612574822383565,0,0.0861092213532979,0.129948107846303,0.063768802185556,0.0787309777508815,0.0770489467361154,0.0735867691954015,0.072320567931491,"SVE_scaffold0000068","Peptidase A2 domain-containing protein","Znf_CCHC, Peptidase_A2_cat, Peptidase_aspartic_dom_sf, Znf_CCHC_sf, Rev_trsase/Diguanyl_cyclase, DNA/RNA_pol_sf","aspartic-type endopeptidase activity, nucleic acid binding, proteolysis, zinc ion binding, enzyme binding, hydrolase activity, cytoplasm","A0A0K0FPR7","SSTP_0001282700",13.8088,"",NA,"",NA,"",NA
"1446","SVE_1121200",0,0,0,0,0,0,0,0.0641989133279356,0,0,0,0,"SVE_scaffold0000068","Ovule protein",NA,NA,"A0A0K0FPR8","",NA,"",NA,"SPAL_0001459900",55.102,"",NA
"1447","SVE_1121400",0.194623600334432,0.0634483706078824,0,0,0,0,0,0.122979935680991,0.0775046170373287,0,0.0743706798785553,0.0739243507861907,"SVE_scaffold0000068","HTH CENPB-type domain-containing protein","HTH_CenpB_DNA-bd_dom, Homeobox-like_sf, Brinker_DNA-bd",NA,"A0A0K0FPS0","SSTP_0000701100",39.4737,"",NA,"SPAL_0000795000",44.7368,"",NA
"1448","SVE_1121600",0,0,0,0,0,0,0,0,0,0,0,0,"SVE_scaffold0000068","",NA,NA,"A0A0K0FPS2","SSTP_0000443300",60.5634,"",NA,"SPAL_0000392600",80.2817,"",NA
"1449","SVE_1121800",0.115040786458031,0,0,0,0,0,0.209122553156237,0,0,0,0.180751673441784,0,"SVE_scaffold0000069","",NA,NA,"A0A0K0FPS4","",NA,"",NA,"",NA,"",NA
"1450","SVE_1121900",0.0664910269783884,0.0652318611471752,0,0,0,0,0.128189135891953,0,0.0775312953008733,0,0.143647139189857,0.0710312967168248,"SVE_scaffold0000069","",NA,NA,"A0A0K0FPS5","",NA,"",NA,"",NA,"",NA
"1451","SVE_1122000",0,0,0,0,0,0,0,0.123338287345027,0,0,0,0.0741686694706867,"SVE_scaffold0000069","Protein phosphatase 1 regulatory subunit 21",NA,NA,"A0A0K0FPS6","",NA,"",NA,"",NA,"",NA
"1452","SVE_1122100",0,0,0,0,0,0,0.126258657030429,0,0,0,0.150313624775274,0,"SVE_scaffold0000069","",NA,NA,NA,"",NA,"",NA,"",NA,"",NA
"1453","SVE_1122200",0,0,0,0,0,0,0.125860269947568,0.248079028689138,0,0,0.0749195564944878,0.0742503893433245,"SVE_scaffold0000069","Integrase_H2C2 domain-containing protein",NA,NA,"A0A0K0FPS7","",NA,"SRAE_0000074100 | WBGene00256498",5.11364,"SPAL_0000804900",69.8864,"",NA
"1454","SVE_1122300",0,0,0,0,0,0,0.0654028546069803,0.12858282708065,0,0,0,0,"SVE_scaffold0000069","",NA,NA,NA,"",NA,"",NA,"",NA,"",NA
"1455","SVE_1122400",0.257082018394113,0.125979386223196,0,0,0.17913703968317,0.08771861049382,0.062238784021927,0,0,0,0,0.0734350544339737,"SVE_scaffold0000069","Craniofacial development protein 2-like","Endo/exonu/phosph_ase_sf",NA,"A0A0K0FPS8","",NA,"",NA,"SPAL_0001782200",50.8475,"",NA
"1456","SVE_1122500",0,0,0,0,0,0,0,0,0,0,0,0,"SVE_scaffold0000069","ATP-dependent DNA helicase","P-loop_NTPase",NA,"A0A0K0FPS9","",NA,"",NA,"SPAL_0000535000",81.4371,"",NA
"1457","SVE_1122600",0,0,0,0,0,0,0.0653644217121951,0.064329202056682,0,0,0,0,"SVE_scaffold0000069","ATP-dependent DNA helicase","DNA_helicase_pif1-like, P-loop_NTPase","telomere maintenance, DNA helicase activity, DNA repair, cellular response to DNA damage stimulus, DNA recombination, helicase activity, ATP hydrolysis activity, DNA duplex unwinding, hydrolase activity, ATP binding, nucleotide binding","A0A0K0FPT0","",NA,"",NA,"SPAL_0000063200",33.6918,"",NA
"1458","SVE_1122700",0,0.0631986406092485,0,0,0,0,0.0634171723524679,0,0.078548583208422,0.0768288023752911,0.150249774346305,0,"SVE_scaffold0000069","Carbohydrate sulfotransferase","Sulfotransferase, Chst-1","positive regulation of response to oxidative stress, chondroitin sulfate biosynthetic process, chondroitin 4-sulfotransferase activity, sulfotransferase activity, membrane","A0A0K0FPT1","SSTP_0000697700",65.8088,"SRAE_2000389000 | WBGene00264117",58.4559,"SPAL_0000544200",76.1029,"K07H8.8 | WBGene00019508",25
"1459","SVE_1122800",0.0648519344781883,0,0,0.118326944079921,0,0,0.0633116426898352,0,0.157400578771528,0,0.0755026409866636,0.0745142966909198,"SVE_scaffold0000069","Sulfotransferase family-containing protein","Sulfotransferase, Chst-1","positive regulation of response to oxidative stress, chondroitin sulfate biosynthetic process, chondroitin 4-sulfotransferase activity, sulfotransferase activity, membrane","A0A0K0FPT2","",NA,"",NA,"",NA,"",NA
"1460","SVE_1122900",0.129170068116315,0.0632047696449076,0,0,0.0889871459831046,0,0,0,0.0784733533416161,0,0,0,"SVE_scaffold0000069","Carbohydrate sulfotransferase","Sulfotransferase, Chst-1","positive regulation of response to oxidative stress, chondroitin sulfate biosynthetic process, chondroitin 4-sulfotransferase activity, sulfotransferase activity, membrane","A0A0K0FPT3","SSTP_0000697700",64.8305,"SRAE_2000389000 | WBGene00264117",64.4068,"SPAL_0000544200",75.8475,"K07H8.8 | WBGene00019508",26.6949
"1461","SVE_1123000",0,0.0638630427979898,0,0,0.0893249062071498,0,0.0642374580656783,0.189507591962837,0.0794569072485503,0,0,0,"SVE_scaffold0000069","Sulfotransfer_1 domain-containing protein","Sulfotransferase, Chst-1","positive regulation of response to oxidative stress, chondroitin sulfate biosynthetic process, chondroitin 4-sulfotransferase activity, sulfotransferase activity, membrane","A0A0K0FPT4","SSTP_0000697700",66.5584,"SRAE_2000389000 | WBGene00264117",54.2208,"SPAL_0000873300",84.7403,"K07H8.8 | WBGene00019508",20.7792
"1462","SVE_1123100",0.0647533316753242,0.0634611382949768,0,0,0,0,0.191547696793705,0,0,0,0,0.221598399422268,"SVE_scaffold0000069","Sulfotransferase family-containing protein","Sulfotransferase, Chst-1","positive regulation of response to oxidative stress, chondroitin sulfate biosynthetic process, chondroitin 4-sulfotransferase activity, sulfotransferase activity, membrane","A0A0K0FPT5","SSTP_0000697800",71.0611,"SRAE_2000388900 | WBGene00264116",65.2733,"SPAL_0000873200",91.3183,"K07H8.8 | WBGene00019508",23.1511
"1463","SVE_1124600",0,0,0,0,0,0,0.0642698561135465,0,0.0782251929443923,0,0.0739172587090972,0,"SVE_contig0000013","",NA,NA,"A0A0K0FPV0","",NA,"",NA,"",NA,"",NA
"1464","SVE_1124700",0,0.0636823286716221,0,0,0,0,0.1258467804083,0.186147221111702,0,0,0.0749569767131135,0.0742426885813987,"SVE_contig0000013","Protein kinase domain-containing protein","Prot_kinase_dom, Kinase-like_dom_sf, Protein_kinase_ATP_BS","protein kinase activity, protein phosphorylation, ATP binding, nucleotide binding","A0A0K0FPV1","",NA,"",NA,"SPAL_0000351800",85.8757,"",NA
"1465","SVE_1125000",0,0,0,0,0,0,0,0,0,0,0.0724231577251589,0,"SVE_contig0000013","",NA,NA,"A0A0K0FPV4","",NA,"",NA,"",NA,"",NA
"1466","SVE_1125100",0,0,0,0,0,0,0.0653419272207151,0.0643514554686411,0,0,0,0,"SVE_contig0000013","Astacin domain-containing protein",NA,NA,"A0A0K0FPV5","",NA,"",NA,"",NA,"",NA
"1467","SVE_1125200",0,0,0,0,0,0,0,0,0,0,0,0,"SVE_contig0000013","Probable cation-transporting ATPase (inferred by orthology to a C. elegans protein)","HAD_sf",NA,"A0A0K0FPV6","",NA,"",NA,"",NA,"",NA
"1468","SVE_1125300",0,0.0627797023337965,0,0,0.0906025002217488,0.0882589406916859,0,0,0,0.0730170403885853,0,0,"SVE_contig0000013","Probable cation-transporting ATPase (inferred by orthology to a C. elegans protein)",NA,NA,"A0A0K0FPV7","",NA,"",NA,"",NA,"",NA
"1469","SVE_1125400",0,0.0853158607294316,0.0637764568543948,0.0312480580744416,0,0,0,0,0,0,0,0,"SVE_contig0000013","",NA,NA,"A0A0K0FPV8","",NA,"",NA,"",NA,"",NA
"1470","SVE_1125500",0.0647613199189116,0.190602710508754,0.183654280959132,0.119415454092365,0.183289026946219,0.241780713091879,0,0,0,0,0,0,"SVE_contig0000013","Probable cation-transporting ATPase (inferred by orthology to a C. elegans protein)","ATPase_P-typ_transduc_dom_A_sf",NA,"A0A0K0FPV9","",NA,"",NA,"",NA,"",NA
"1471","SVE_1125900",0.0646937755210323,0,0,0.0594574581485732,0.13097944265117,0.0885484440931942,0,0,0.0771792018121538,0,0,0,"SVE_contig0000013","",NA,NA,NA,"",NA,"",NA,"",NA,"",NA
"1472","SVE_1126200",0.0631777573236423,0,0,0,0,0.0882586809525222,0,0,0,0,0,0,"SVE_contig0000013","ATP-dependent DNA helicase",NA,NA,"A0A0K0FPW5","",NA,"",NA,"SPAL_0000063200",5.95238,"",NA
"1473","SVE_1126300",0,0,0.0628537492800338,0,0,0,0,0.0649873352564096,0,0,0,0,"SVE_contig0000013","ATP-dependent DNA helicase","DNA_helicase_pif1-like, P-loop_NTPase","telomere maintenance, DNA helicase activity, DNA repair, cellular response to DNA damage stimulus, DNA recombination, helicase activity, ATP hydrolysis activity, DNA duplex unwinding, hydrolase activity, ATP binding, nucleotide binding","A0A0K0FPW6","",NA,"",NA,"",NA,"",NA
"1474","SVE_1126400",0,0.0612618278379585,0.0640170878473258,0,0,0,0,0,0.0277777284980776,0,0,0,"SVE_contig0000013","ATP-dependent DNA helicase",NA,NA,"A0A0K0FPW7","",NA,"",NA,"",NA,"",NA
"1475","SVE_1126500",0,0.0623008930753743,0,0,0.0896127422751777,0,0,0,0,0,0,0,"SVE_contig0000013","Reverse transcriptase domain-containing protein","Rev_trsase/Diguanyl_cyclase, DNA/RNA_pol_sf",NA,"A0A0K0FPW8","",NA,"",NA,"",NA,"",NA
"1476","SVE_1126700",0,0,0,0,0.0951482675608056,0,0.0647535103041099,0.0631846954287041,0.0777529136646909,0.151089236420645,0.140516572124078,0,"SVE_contig0000013","THAP-type domain-containing protein",NA,NA,"A0A0K0FPW9","",NA,"",NA,"SPAL_0000483650",62.5,"",NA
"1477","SVE_1126900",0,0,0,0,0,0,0.314388939360018,0.123869142863761,0,0,0.0749941095326997,0.0743446213223753,"SVE_contig0000013","",NA,NA,"A0A0K0FPX1","",NA,"",NA,"",NA,"",NA
"1478","SVE_1135500",0,0,0,0,0,0,0,0,0,0,0,0,"SVE_scaffold0000070","Secreted protein",NA,NA,"A0A0K0FPX3","",NA,"",NA,"",NA,"",NA
"1479","SVE_1135600",0,0,0,0,0,0,0,0,0.078380845499798,0.0766616422955766,0,0,"SVE_scaffold0000070","Secreted phosphoprotein 1",NA,NA,"A0A0K0FPX4","",NA,"",NA,"",NA,"",NA
"1480","SVE_1135700",0,0.0630569180883627,0,0,0.0896688340830333,0,0,0.0613948350204632,0,0,0,0.0735804269075161,"SVE_scaffold0000070","Secreted protein",NA,NA,"A0A0K0FPX5","",NA,"",NA,"",NA,"",NA
"1481","SVE_1135800",0.066743649425494,0,0,0,0,0,0.0639683359940202,0,0,0,0,0,"SVE_scaffold0000070","",NA,NA,"A0A0K0FPX6","",NA,"",NA,"SPAL_0000673000",65.0794,"",NA
"1482","SVE_1136000",0.0646568430666614,0.0634325820404961,0,0.0608633929482066,0.0920472233927573,0.270939313419714,0,0,0,0.0737548136625572,0.140936898102185,0,"SVE_scaffold0000070","",NA,NA,"A0A0K0FPX8","SSTP_0000275800",69.5652,"SRAE_X000059900 | WBGene00266158",66.3043,"SPAL_0000672800",98.913,"",NA
"1483","SVE_1137400",0.0642590706839534,0,0,0,0.0907823893359529,0.088138000280005,0.123427355076698,0,0,0,0.0731141148753432,0,"SVE_scaffold0000070","UDPG_MGDP_dh_N domain-containing protein",NA,NA,"A0A0K0FPZ2","",NA,"",NA,"",NA,"",NA
"1484","SVE_1137600",0,0,0,0,0,0,0.0649639766439836,0.128303110550989,0,0.0773939487815885,0,0,"SVE_scaffold0000070","",NA,NA,"A0A0K0FPZ3","",NA,"",NA,"",NA,"",NA
"1485","SVE_1137900",0.0644278829448966,0,0,0,0,0,0,0,0,0.0757478132870947,0.0742032597188838,0,"SVE_scaffold0000070","Tnp_DDE_dom domain-containing protein",NA,"membrane","A0A0K0FPZ6","SSTP_0001280200",76.6082,"SRAE_X000102100 | WBGene00266584",71.345,"SPAL_0001471300",98.8304,"",NA
"1486","SVE_1138400",0,0,0,0,0.086892781445963,0.170335740285907,0,0,0,0,0,0.0721307536677536,"SVE_scaffold0000070","",NA,NA,NA,"",NA,"",NA,"",NA,"",NA
"1487","SVE_1138500",0,0,0,0,0,0,0,0,0,0,0,0,"SVE_scaffold0000070","DUF3362 domain-containing protein",NA,NA,"A0A0K0FQ01","",NA,"",NA,"SPAL_0001297700",80.7229,"",NA
"1488","SVE_1138600",0.0628978520198386,0,0,0,0,0.0886197500443737,0,0,0,0,0,0,"SVE_scaffold0000070","Small subunit rRNA processing protein",NA,NA,"A0A0K0FQ02","",NA,"",NA,"SPAL_0001297700",76.8116,"",NA
"1489","SVE_1148500",0.305005140901851,0.127035015061721,0.0610366818509931,0,0.183285932345323,0.0889841363505021,0,0.0609722495325933,0,0,0.0737207262751228,0,"SVE_scaffold0000071","Chitin-binding type-2 domain-containing protein",NA,NA,"A0A0K0FQ03","",NA,"",NA,"",NA,"",NA
"1490","SVE_1148600",0,0.197204727880625,0,0,0,0,0.191541389368546,0.0625262415485853,0,0,0.147946836190628,0,"SVE_scaffold0000071","Transmembrane protein",NA,"membrane","A0A0K0FQ04","",NA,"",NA,"",NA,"",NA
"1491","SVE_1148700",0,0.135883980115556,0.0627108379084087,0,0.0879412573859878,0,0.199018509240709,0.0832157659937468,0.0803755982939369,0.0792358094122177,0.146519950406519,0.075100101418741,"SVE_scaffold0000071","N-acetylgalactosaminide beta-1,3-galactosyltransferase","Fringe-like, DUF229, Alkaline_phosphatase_core_sf","glycosyltransferase activity, membrane","A0A0K0FQ05","SSTP_0001009000",36.5262,"",NA,"SPAL_0001139900",52.7458,"",NA
"1492","SVE_1148900",0,0.0917948538234228,0,0,0,0,0,0.0893494937257578,0.156408424158235,0,0.0750069341067817,0,"SVE_scaffold0000071","choline-phosphate cytidylyltransferase","Cyt_trans-like, Rossmann-like_a/b/a_fold, Pcy1-like","biosynthetic process, catalytic activity, CDP-choline pathway, choline-phosphate cytidylyltransferase activity, phosphatidylcholine biosynthetic process","A0A0K0FQ07","SSTP_0000650200",68.6047,"SRAE_X000046500 | WBGene00266024",71.5116,"SPAL_0000977900",79.0698,"",NA
"1493","SVE_1149300",0,0,0,0,0,0,0.0664735500072441,0,0,0,0,0.0701834636397189,"SVE_scaffold0000071","",NA,NA,"A0A0K0FQ11","SSTP_0001198400",69.863,"SRAE_1000021900 | WBGene00256813",69.863,"SPAL_0001336900",82.1918,"",NA
"1494","SVE_1151000",0.130651942304443,0,0.0635611442804647,0,0.374405490134811,0,0.0630770930458715,0,0.0761479783091284,0,0,0,"SVE_scaffold0000071","Kindlin_2_N domain-containing protein","Cyclin-like_sf",NA,"A0A0K0FQ28","",NA,"",NA,"",NA,"",NA
"1495","SVE_1151400",0,0.197273813122737,0,0,0,0,0,0.062518175872081,0.0779601683594749,0,0,0,"SVE_scaffold0000071","Transposase",NA,NA,"A0A0K0FQ32","",NA,"",NA,"",NA,"",NA
"1496","SVE_1152200",0,0,0,0,0,0,0.189328199161224,0,0,0.151552255943179,0.147872002165264,0.14666451462671,"SVE_scaffold0000071","MSP domain-containing protein",NA,NA,"A0A0K0FQ39","",NA,"",NA,"SPAL_0001708000",32.1739,"",NA
"1497","SVE_1152300",0,0,0,0,0.0876157373614336,0,0,0,0,0,0,0,"SVE_scaffold0000072","Retrovirus-related Pol polyprotein from transposon TNT 1-94",NA,NA,"A0A0K0FQ40","",NA,"",NA,"",NA,"",NA
"1498","SVE_1152400",0,0,0,0,0,0,0,0,0,0,0,0,"SVE_scaffold0000072","Phosphoprotein",NA,NA,"A0A0K0FQ41","",NA,"",NA,"",NA,"",NA
"1499","SVE_1152600",0,0.0679672897998437,0,0,0.0948939102806553,0,0,0.0654732633848446,0,0,0.0922465771522086,0,"SVE_scaffold0000072","",NA,NA,"A0A0K0FQ43","",NA,"",NA,"SPAL_0001178200",41.7763,"",NA
"1500","SVE_1152900",0,0,0,0,0,0,0.190840527540075,0.0626494172819274,0.078967778235921,0,0.151692314580777,0,"SVE_scaffold0000072","",NA,NA,NA,"",NA,"",NA,"",NA,"",NA
"1501","SVE_1153000",0,0,0,0,0.0885210092187062,0,0,0,0,0,0.0716836251471594,0,"SVE_scaffold0000072","BESS domain-containing protein",NA,NA,"A0A0K0FQ46","",NA,"",NA,"",NA,"",NA
"1502","SVE_1153100",0,0,0,0,0,0,0.193592325533625,0.190188169681858,0,0,0.148898986493683,0,"SVE_scaffold0000072","Major core protein 4a precursor",NA,NA,"A0A0K0FQ47","",NA,"",NA,"SPAL_0000105600",19.9525,"",NA
"1503","SVE_1153200",0,0,0,0,0,0,0.125885489965126,0.123854240732027,0,0.0765055410966131,0.0749715952527693,0.0745144412687053,"SVE_scaffold0000072","Helicase ATP-binding domain-containing protein","P-loop_NTPase",NA,"A0A0K0FQ48","SSTP_0000665600",32.2981,"",NA,"SPAL_0001707200",29.8137,"",NA
"1504","SVE_1153300",0,0,0,0,0,0,0,0,0,0,0,0.142454613451789,"SVE_scaffold0000072","",NA,NA,"A0A0K0FQ49","",NA,"",NA,"",NA,"",NA
"1505","SVE_1153400",0,0,0.128495169463664,0,0,0,0.0652160560684426,0.0638507590038851,0,0,0,0,"SVE_scaffold0000072","","Cystatin_sf",NA,"A0A0K0FQ50","SSTP_0000273900",37.1901,"SRAE_X000225000 | WBGene00267831",40.4959,"SPAL_0000714425",80.1653,"",NA
"1506","SVE_1153500",0,0.128126874510612,0,0,0,0,0,0,0,0,0,0,"SVE_scaffold0000072","Helicase C-terminal domain-containing protein","Helicase_C, P-loop_NTPase",NA,"A0A0K0FQ51","",NA,"",NA,"",NA,"",NA
"1507","SVE_1153800",0,0,0,0.0626307583206508,0,0,0,0,0,0,0.100636169860782,0,"SVE_scaffold0000072","Probable cation-transporting ATPase (inferred by orthology to a C. elegans protein)","ATPase_P-typ_P_site","membrane","A0A0K0FQ54","",NA,"",NA,"",NA,"catp-8 | WBGene00007514",51.2195
"1508","SVE_1153900",0,0,0,0,0,0,0,0.0620524963191058,0,0,0.0749427853356003,0,"SVE_scaffold0000072","Probable cation-transporting ATPase (inferred by orthology to a C. elegans protein)",NA,"membrane","A0A0K0FQ55","",NA,"",NA,"",NA,"catp-8 | WBGene00007514",59.5588
"1509","SVE_1154000",0,0,0,0,0,0,0,0.127184048454686,0.0782203451522461,0.0764314864261604,0.0727917154793458,0.215727255669753,"SVE_scaffold0000072","",NA,NA,"A0A0K0FQ56","",NA,"",NA,"",NA,"",NA
"1510","SVE_1154100",0,0,0,0,0,0,0.126010215539295,0.186106120325168,0.156368366413581,0.0765633831226765,0.0750021994862827,0.223143670994577,"SVE_scaffold0000072","",NA,NA,"A0A0K0FQ57","",NA,"",NA,"",NA,"",NA
"1511","SVE_1154400",0,0,0,0,0,0,0.0654972068319006,0,0,0,0,0,"SVE_scaffold0000072","",NA,NA,"A0A0K0FQ59","SSTP_0000468300",48.2759,"",NA,"SPAL_0000036600",85.0575,"",NA
"1512","SVE_1154500",0,0,0,0,0,0,0,0,0,0,0,0,"SVE_scaffold0000072","Type III effector",NA,NA,"A0A0K0FQ60","",NA,"",NA,"",NA,"",NA
"1513","SVE_1154600",0,0.0623920042991651,0,0,0.0884462204102591,0.0865361840761715,0,0,0,0,0,0,"SVE_scaffold0000072","Helitron_like_N domain-containing protein","Helitron_helicase-like",NA,"A0A0K0FQ61","",NA,"",NA,"",NA,"",NA
"1514","SVE_1154700",0,0,0,0,0,0,0,0,0,0,0,0.0712270416292318,"SVE_scaffold0000072","RNase H domain-containing protein",NA,NA,"A0A0K0FQ62","",NA,"",NA,"SPAL_0000063200",7.04846,"",NA
"1515","SVE_1154800",0.0649629265220965,0.0636682336259204,0,0,0.178836126902313,0.174598387570033,0.0638917264562629,0.062819755121843,0.0791566244895977,0,0,0,"SVE_scaffold0000072","Helitron_like_N domain-containing protein",NA,NA,"A0A0K0FQ63","",NA,"",NA,"SPAL_0000965800",17.7778,"",NA
"1516","SVE_1154900",0.0650920732171837,0.0637917392719975,0,0.059562985189519,0.0895888791223471,0.0874630925306263,0,0,0,0,0,0,"SVE_scaffold0000072","ATP-dependent DNA helicase","DNA_helicase_pif1-like, P-loop_NTPase","telomere maintenance, DNA helicase activity, DNA repair, cellular response to DNA damage stimulus, DNA recombination, helicase activity, ATP hydrolysis activity, DNA duplex unwinding, hydrolase activity, ATP binding, nucleotide binding","A0A0K0FQ64","",NA,"",NA,"SPAL_0000535000",84.8708,"",NA
"1517","SVE_1155100",0.163159932706528,0,0.0891285682543201,0.158280399474394,0.0919069800008256,0.179841506050423,0.0637583337295662,0.0627774388583147,0.079137358451378,0,0,0,"SVE_scaffold0000072","Reverse transcriptase domain-containing protein","RT_dom, RT_RNaseH_2, Rev_trsase/Diguanyl_cyclase, DNA/RNA_pol_sf",NA,"A0A0K0FQ66","",NA,"",NA,"",NA,"",NA
"1518","SVE_1155500",0,0,0.43984641133251,0.307336736998009,0,0,0,0,0,0,0,0.146050595695815,"SVE_scaffold0000073","Ig-like domain-containing protein",NA,"membrane","A0A0K0FQ70","",NA,"",NA,"SPAL_0000722300",51.1464,"",NA
"1519","SVE_1156300",0,0,0,0,0,0,0,0,0,0.106798044853931,0,0,"SVE_scaffold0000073","",NA,NA,NA,"",NA,"",NA,"",NA,"",NA
"1520","SVE_1158600",0,0.0785696412507608,0,0.0935583541649268,0,0.179133394868301,0,0,0.0784030900638173,0.0766920186831285,0.0739509951197028,0.145270865589395,"SVE_scaffold0000073","",NA,NA,NA,"",NA,"",NA,"",NA,"",NA
"1521","SVE_1158700",0.324181940296499,0.127002072029764,0,0,0,0,0,0.063291508488047,0.0786256308159959,0,0,0.0726185290191418,"SVE_scaffold0000073","Phosphate-regulating neutral endopeptidase (inferred by orthology to a human protein)","Peptidase_M13, Peptidase_M13_C, MetalloPept_cat_dom_sf, Peptidase_M13_dom_2","metalloendopeptidase activity, metallopeptidase activity, proteolysis","A0A0K0FQA0","SSTP_0001221100",12.5532,"SRAE_1000199900 | WBGene00258611",12.1277,"SPAL_0000390000",74.2553,"nep-5 | WBGene00017393",13.8298
"1522","SVE_1159000",0,0,0,0.0890953715705583,0,0,0.131774380360628,0,0,0,0,0,"SVE_scaffold0000073","Phosphate-regulating neutral endopeptidase (inferred by orthology to a human protein)","Peptidase_M13, Peptidase_M13_C, MetalloPept_cat_dom_sf","metalloendopeptidase activity, metallopeptidase activity, proteolysis","A0A0K0FQA3","SSTP_0001221100",10.9442,"SRAE_1000199900 | WBGene00258611",11.588,"SPAL_0000390000",76.824,"nep-5 | WBGene00017393",11.588
"1523","SVE_1159100",0,0,0,0,0,0,0,0,0,0.076705900008361,0,0,"SVE_scaffold0000073","Phosphate-regulating neutral endopeptidase (inferred by orthology to a human protein)","Peptidase_M13, Peptidase_M13_C, MetalloPept_cat_dom_sf","metalloendopeptidase activity, metallopeptidase activity, proteolysis","A0A0K0FQA4","",NA,"",NA,"",NA,"",NA
"1524","SVE_1159300",0.130392825549403,0.064672283695417,0,0,0,0,0,0,0.0771614280566059,0,0,0,"SVE_scaffold0000073","Cas1_AcylT domain-containing protein",NA,"membrane","A0A0K0FQA6","",NA,"",NA,"",NA,"",NA
"1525","SVE_1161100",0,0.189288195343269,0,0,0,0.24422267238463,0.0620594221695141,0,0.0770430513266369,0,0.0739953137046492,0.146878136093936,"SVE_contig0000014","Integrase catalytic domain-containing protein",NA,NA,"A0A0K0FQC4","",NA,"",NA,"",NA,"",NA
"1526","SVE_1162200",0.327806888093533,0.064256517166222,0,0,0,0,0.127161209636087,0,0.0789031481276506,0.154709938144289,0,0,"SVE_scaffold0000074","",NA,NA,"A0A0K0FQD5","SSTP_0000688600",22.9508,"",NA,"SPAL_0000413400",80.8743,"",NA
"1527","SVE_1162400",0.282127190223608,0,0.185094514916288,0,0.0926874961691916,0,0,0,0.156124979056768,0.0821415309662703,0,0,"SVE_scaffold0000074","Ovule protein",NA,NA,"A0A0K0FQD7","",NA,"",NA,"",NA,"",NA
"1528","SVE_1162500",0,0.191282058968368,0.0123333141217623,0,0,0.0902724622428452,0,0,0,0.074248061270216,0,0,"SVE_scaffold0000074","",NA,NA,"A0A0K0FQD8","",NA,"",NA,"SPAL_0000578400",60.8247,"",NA
"1529","SVE_1162600",0,0,0,0,0,0,0,0,0,0,0,0.0712271548123732,"SVE_scaffold0000074","",NA,NA,NA,"",NA,"",NA,"",NA,"",NA
"1530","SVE_1162700",0.192813945257991,0.251977681241979,0,0,0,0,0.0633843261394955,0,0,0,0.0746442095547971,0.0732979858580107,"SVE_scaffold0000074","",NA,NA,NA,"",NA,"",NA,"",NA,"",NA
"1531","SVE_1162800",0,0.0637505079656527,0,0,0,0.354142023544608,0.126269699073361,0.0620362876348354,0,0,0.0751548541364133,0,"SVE_scaffold0000074","Peptidase_M13_N domain-containing protein","Peptidase_M13, MetalloPept_cat_dom_sf","metalloendopeptidase activity, metallopeptidase activity, proteolysis","A0A0K0FQD9","",NA,"",NA,"",NA,"",NA
"1532","SVE_1163300",0.0659252735221952,0.129181867453811,0,0,0,0,0.256234104189584,0.125922964342372,0,0.0780182038347318,0,0,"SVE_scaffold0000074","Phosphate-regulating neutral endopeptidase (inferred by orthology to a human protein)","Peptidase_M13, Peptidase_M13_C, MetalloPept_cat_dom_sf","metalloendopeptidase activity, metallopeptidase activity, proteolysis","A0A0K0FQE4","",NA,"",NA,"",NA,"",NA
"1533","SVE_1163600",0.0648715640430153,0.127043935964618,0,0,0,0,0.193672182445313,0.190166118096812,0,0,0.294977842693015,0.0724572459985815,"SVE_scaffold0000074","Integrase catalytic domain-containing protein","RT_dom, Integrase_cat-core, RNaseH-like_sf, RNaseH_sf, Rev_trsase/Diguanyl_cyclase, DNA/RNA_pol_sf","DNA integration, nucleic acid binding, DNA-directed DNA polymerase activity, DNA biosynthetic process, DNA polymerase complex","A0A0K0FQE7","",NA,"SRAE_X000236500 | WBGene00267949",13.2039,"SPAL_0000882800",13.5922,"",NA
"1534","SVE_1163700",0,0,0,0,0.183344061358201,0,0,0,0.0764635677641198,0.0751353684444597,0,0,"SVE_scaffold0000074","",NA,NA,"A0A0K0FQE8","",NA,"",NA,"",NA,"",NA
"1535","SVE_1163900",0.0647254179065716,0.0641634348946788,0,0,0,0,0,0,0,0,0,0,"SVE_scaffold0000074","","Peptidase_M13, MetalloPept_cat_dom_sf","metalloendopeptidase activity, metallopeptidase activity, proteolysis","A0A0K0FQF0","",NA,"",NA,"SPAL_0000939700",63.8889,"",NA
"1536","SVE_1164000",0,0.0644473760159771,0,0,0,0,0.378232226586223,0.137193938709812,0,0.101118385162314,0.150389459319357,0.0742328307424002,"SVE_scaffold0000074","DEK_C domain-containing protein",NA,"membrane","A0A0K0FQF1","",NA,"SRAE_0000046200 | WBGene00256206",18.8119,"SPAL_0000514000",52.4752,"",NA
"1537","SVE_1164200",0.0660851436832066,0.0648310992150265,0,0,0,0,0.0635189768800024,0,0.078317090444465,0,0,0,"SVE_scaffold0000074","Peptidase_M13_N domain-containing protein","Peptidase_M13, MetalloPept_cat_dom_sf","metalloendopeptidase activity, metallopeptidase activity, proteolysis","A0A0K0FQF3","",NA,"",NA,"",NA,"",NA
"1538","SVE_1164300",0.0650468137336345,0.0637487637345898,0,0,0,0,0.256554994491731,0.189175620238604,0,0,0,0.14840183444836,"SVE_scaffold0000074","Phosphate-regulating neutral endopeptidase (inferred by orthology to a human protein)","Peptidase_M13, Peptidase_M13_C, MetalloPept_cat_dom_sf, Peptidase_M13_dom_2","metalloendopeptidase activity, metallopeptidase activity, proteolysis","A0A0K0FQF4","",NA,"",NA,"SPAL_0001338500",56.5916,"",NA
"1539","SVE_1165100",0.0650908877136028,0.193081589250716,0,0,0.280617542084592,0.0910070045237155,0.0636299917877818,0.0619659935068181,0,0,0.0698371775642826,0.138064919311344,"SVE_scaffold0000074","C2 domain-containing protein",NA,NA,"A0A0K0FQG1","SSTP_0000843500",12.0482,"SRAE_0000046300 | WBGene00256207",16.8675,"",NA,"",NA
"1540","SVE_1165400",0,0,0,0,0,0,0.251859162729466,0.123955671488083,0.0781646529830551,0.0765066166986482,0.0750164051486328,0.0745642666972141,"SVE_scaffold0000074","Reverse transcriptase domain-containing protein","RT_dom, Rev_trsase/Diguanyl_cyclase, DNA/RNA_pol_sf",NA,"A0A0K0FQG4","SSTP_0000843400",46.25,"",NA,"",NA,"",NA
"1541","SVE_1165500",0,0,0,0,0,0,0.1323145919502,0.0642851413407077,0.0790429673814836,0.131380924762524,0.0710370426380867,0,"SVE_scaffold0000074","Reverse transcriptase domain-containing protein","Rev_trsase/Diguanyl_cyclase, DNA/RNA_pol_sf",NA,"A0A0K0FQG5","",NA,"",NA,"",NA,"",NA
"1542","SVE_1165600",0,0,0,0,0,0,0.0654970174871261,0,0,0,0,0,"SVE_scaffold0000074","Phage protein",NA,NA,"A0A0K0FQG6","",NA,"",NA,"",NA,"",NA
"1543","SVE_1165700",0,0,0,0,0,0,0,0,0,0,0.113324117282002,0.0969804558719907,"SVE_scaffold0000074","Glycerate kinase",NA,NA,"A0A0K0FQG7","",NA,"SRAE_0000046200 | WBGene00256206",13.7931,"SPAL_0000609600",70.1149,"",NA
"1544","SVE_1165800",0,0.063178693353803,0,0,0,0.0859815990449144,0,0.281041316506021,0.235379438466335,0.0767325512630628,0.074292500787926,0,"SVE_scaffold0000074","CCHC-type domain-containing protein","Znf_CCHC","nucleic acid binding, zinc ion binding","A0A0K0FQG8","",NA,"SRAE_0000046200 | WBGene00256206",25.2747,"SPAL_0000514000",34.3407,"",NA
"1545","SVE_1165900",0,0,0,0,0,0,0,0,0,0.076705945901217,0,0,"SVE_scaffold0000074","DEK_C domain-containing protein",NA,NA,"A0A0K0FQG9","",NA,"SRAE_0000046200 | WBGene00256206",20.6704,"SPAL_0000514000",53.6313,"",NA
"1546","SVE_1166100",0.064925267870251,0,0,0,0,0,0,0.185682587008597,0,0,0,0.074196406993739,"SVE_scaffold0000074","",NA,NA,"A0A0K0FQH0","SSTP_0000886000",23.2558,"",NA,"SPAL_0001639900",0,"",NA
"1547","SVE_1166200",0,0,0,0,0,0,0.256581159557938,0.126100673724879,0.0789305405462379,0,0.224257069951343,0,"SVE_scaffold0000074","DUF4806 domain-containing protein",NA,NA,"A0A0K0FQH1","",NA,"",NA,"SPAL_0001571800",37.0166,"",NA
"1548","SVE_1182900",0,0,0,0,0,0,0,0.0641986698940961,0,0,0,0,"SVE_scaffold0000075","",NA,NA,"A0A0K0FQH2","SSTP_0000004500",57.8652,"SRAE_0000062100 | WBGene00256368",32.5843,"",NA,"",NA
"1549","SVE_1183000",0,0,0,0,0,0,0.0654004639333785,0.0642940221520532,0,0,0,0,"SVE_scaffold0000075","Kinesin motor domain-containing protein",NA,NA,"A0A0K0FQH3","",NA,"",NA,"",NA,"",NA
"1550","SVE_1183100",0,0,0,0,0,0,0,0,0,0,0,0,"SVE_scaffold0000075","Peptidase A2 domain-containing protein",NA,NA,"A0A0K0FQH4","SSTP_0001271800",50,"SRAE_0000050000 | WBGene00256244",35.1648,"SPAL_0001665500",77.4725,"",NA
"1551","SVE_1183200",0,0.0653237819886855,0,0,0,0,0,0.0625179877121895,0,0.0768417196384756,0,0,"SVE_scaffold0000075","",NA,NA,"A0A0K0FQH5","",NA,"",NA,"",NA,"",NA
"1552","SVE_1183400",0.0645286473238704,0,0,0,0,0,0,0.0623407515217331,0.0785801558879103,0,0.0751297452020458,0,"SVE_scaffold0000075","G_PROTEIN_RECEP_F1_2 domain-containing protein","GPCR_Rhodpsn_7TM, 7TM_GPCR_serpentine_rcpt_Srv","membrane","A0A0K0FQH7","SSTP_0000683400",50,"SRAE_2000478750 | WBGene00265033",50,"SPAL_0000670250",83.3333,"",NA
"1553","SVE_1184100",0.130361652608937,0.127790443829318,0,0,0,0,0.128915882660797,0,0.0793796630583715,0,0,0,"SVE_scaffold0000075","G_PROTEIN_RECEP_F1_2 domain-containing protein",NA,"membrane","A0A0K0FQI4","SSTP_0001110100",42.8169,"SRAE_2000478200 | WBGene00265026",35.2113,"SPAL_0000669600",79.4366,"",NA
"1554","SVE_1184900",0,0.107727431573724,0.313771203311451,0.244306805572461,0,0.0908980997431322,0,0.0615838414909267,0,0,0,0,"SVE_scaffold0000075","",NA,NA,"A0A0K0FQJ2","",NA,"",NA,"SPAL_0000046700",46.5347,"",NA
"1555","SVE_1185200",0,0,0,0,0,0,0,0,0,0.0745673815664517,0.0731870055697148,0.0725163926423992,"SVE_scaffold0000075","",NA,NA,"A0A0K0FQJ5","",NA,"",NA,"",NA,"",NA
"1556","SVE_1185700",0,0,0,0,0,0,0,0.0641988441986424,0,0,0,0,"SVE_scaffold0000076","M polyprotein",NA,"membrane","A0A0K0FQK0","",NA,"",NA,"",NA,"",NA
"1557","SVE_1185800",0,0.196798637833507,0.0624742013626042,0.0611511764532903,0,0,0,0.0646399509917619,0,0,0,0,"SVE_scaffold0000076","Protein kinase domain-containing protein",NA,NA,"A0A0K0FQK1","",NA,"",NA,"SPAL_0000446300",7.88382,"",NA
"1558","SVE_1185900",0,0,0,0,0,0,0.0635546694163628,0.0626215588029626,0,0.0773542759845947,0,0.0746698275727891,"SVE_scaffold0000076","Integrase catalytic domain-containing protein","Integrase_cat-core, RNaseH-like_sf, RNaseH_sf","DNA integration, nucleic acid binding","A0A0K0FQK2","",NA,"",NA,"SPAL_0001760500",73.7089,"",NA
"1559","SVE_1186000",0,0,0,0,0,0,0.0649748733789126,0.127531429865874,0,0,0.0735046811246425,0,"SVE_scaffold0000076","Reverse transcriptase domain-containing protein","RT_dom, RT_RNaseH_2, Integrase_H2C2, Rev_trsase/Diguanyl_cyclase, DNA/RNA_pol_sf",NA,"A0A0K0FQK3","",NA,"",NA,"SPAL_0001606900",24.7813,"",NA
"1560","SVE_1186100",0,0,0,0,0.0878009970753373,0,0.0644721390749819,0,0,0.0766848445852836,0.116647142123992,0,"SVE_scaffold0000076","Reverse transcriptase domain-containing protein",NA,NA,"A0A0K0FQK4","",NA,"",NA,"SPAL_0000517500",0,"",NA
"1561","SVE_1186200",0,0.0637669087133274,0,0,0.0883241216589933,0.172518487250047,0.110191828434466,0.127396300767923,0,0,0,0,"SVE_scaffold0000076","DEP domain-containing protein",NA,NA,"A0A0K0FQK5","",NA,"",NA,"SPAL_0000603800",37.4778,"",NA
"1562","SVE_1186300",0.0669075264371196,0,0.0623914915872658,0,0,0,0.147436291703492,0.0641313387467353,0,0,0,0,"SVE_scaffold0000076","Site-specific DNA-methyltransferase (adenine-specific)",NA,NA,"A0A0K0FQK6","SSTP_0000841800",1.50754,"",NA,"SPAL_0000693100",54.7739,"",NA
"1563","SVE_1186400",0.128911946403372,0,0,0,0,0,0.0633737560011496,0.187101826397061,0.0785459791974804,0.0767854450827564,0.300235916991373,0.147519382021447,"SVE_scaffold0000076","DOD-type homing endonuclease domain-containing protein",NA,NA,"A0A0K0FQK7","SSTP_0000841800",8.36364,"",NA,"SPAL_0000052300",45.0909,"",NA
"1564","SVE_1186600",0.194701875238577,0.205910284814783,0,0,0,0,0.12969674194161,0,0.0783624325258713,0,0.0730722166784173,0.0718256785155253,"SVE_scaffold0000076","Reverse transcriptase domain-containing protein","RT_dom, RT_RNaseH, Rev_trsase/Diguanyl_cyclase, DNA/RNA_pol_sf",NA,"A0A0K0FQK8","",NA,"SRAE_0000063600 | WBGene00256384",80.8933,"SPAL_0001731150",7.44417,"",NA
"1565","SVE_1186700",0,0.189582811142855,0,0.121269600382089,0.27510285411728,0.0899739412205237,0.0616766126490674,0,0,0,0,0,"SVE_scaffold0000076","Peptidase_S9_N domain-containing protein",NA,NA,"A0A0K0FQK9","SSTP_0000844100",39.1304,"",NA,"SPAL_0001304400",80.4348,"",NA
"1566","SVE_1186900",0.0658752764274091,0,0,0.0601773526448351,0,0.179632319111658,0.0638667398713293,0,0,0,0,0,"SVE_scaffold0000076","",NA,NA,"A0A0K0FQL1","",NA,"",NA,"SPAL_0000459400",53.0387,"",NA
"1567","SVE_1187000",0.0647243123107174,0.0638934181895823,0,0,0.0877362290221467,0.0857088831543876,0,0,0,0,0.0739873362864439,0,"SVE_scaffold0000076","Peptidase C76 domain-containing protein",NA,NA,"A0A0K0FQL2","",NA,"",NA,"SPAL_0000877200",60.6383,"",NA
"1568","SVE_1187100",0,0.00486974859245795,0,0,0,0,0,0.155694640777226,0,0,0.0290189461673987,0,"SVE_scaffold0000076","Helitron_like_N domain-containing protein",NA,NA,"A0A0K0FQL3","",NA,"",NA,"",NA,"",NA
"1569","SVE_1187600",0.131417418939282,0,0,0.0602906216182111,0.0926694418504062,0,0.0629107267722992,0.0616545689545397,0,0.0758773873396646,0.0744678914400592,0.073722190304191,"SVE_scaffold0000076","TGF_BETA_2 domain-containing protein","TGF-b_C, Cystine-knot_cytokine","growth factor activity, signal transduction","A0A0K0FQL7","tgh-6 | SSTP_0001242500",77.1654,"SRAE_X000122700 | WBGene00266793",79.5276,"SPAL_0001278800",96.063,"",NA
"1570","SVE_1188500",0,0,0,0,0,0,0.0649108694596045,0,0.0790443600191623,0,0,0,"SVE_scaffold0000076","Histone-lysine N-methyltransferase SETMAR (inferred by orthology to a human protein)","RNaseH_sf","nucleic acid binding","A0A0K0FQM6","",NA,"",NA,"",NA,"",NA
"1571","SVE_1188600",0,0,0,0,0,0,0,0.0641986299489941,0,0,0,0,"SVE_scaffold0000076","Histone-lysine N-methyltransferase SETMAR","Transposase_1, RNaseH_sf","nucleic acid binding","A0A0K0FQM7","",NA,"",NA,"",NA,"",NA
"1572","SVE_1195800",0,0,0,0,0,0.262827845923707,0.0625895720252141,0,0,0.07622062017018,0.0745072539126056,0,"SVE_contig0000015","START domain-containing protein",NA,NA,"A0A0K0FQM8","",NA,"",NA,"",NA,"",NA
"1573","SVE_1196000",0,0.0662073710620286,0,0,0,0,0,0,0.0789028237371699,0.0763480122038183,0.0708239818637299,0.0699513118749232,"SVE_contig0000015","PIR Superfamily Protein",NA,NA,"A0A0K0FQN0","",NA,"",NA,"SPAL_0000921100",38.0282,"",NA
"1574","SVE_1196500",0.130389852543041,0,0,0,0.0891622447840247,0,0.0644099130915241,0.0633260169325116,0,0.155402840232859,0,0,"SVE_contig0000015","RNase H domain-containing protein","RNaseH_domain, RNaseH-like_sf, RNaseH_sf","RNA-DNA hybrid ribonuclease activity, nucleic acid binding, RNA phosphodiester bond hydrolysis, endonucleolytic","A0A0K0FQN5","SSTP_0000377300",60.4106,"SRAE_2000406100 | WBGene00264289",60.9971,"SPAL_0001318300",89.1496,"",NA
"1575","SVE_1197500",0,0,0.0615690587630614,0,0.179299358933545,0.17513558020528,0.0646365594509947,0,0,0,0,0,"SVE_contig0000015","Hydrolase_4 domain-containing protein","Hydrolase_4, AB_hydrolase","membrane","A0A0K0FQP5","SSTP_0000111000",80.3681,"SRAE_2000407300 | WBGene00264301",78.5276,"SPAL_0001317400",95.092,"",NA
"1576","SVE_1198200",0.0661947685522668,0.0649656478270634,0,0,0,0,0.0635871970326917,0,0,0.152642735821964,0,0,"SVE_contig0000015","",NA,NA,"A0A0K0FQQ2","",NA,"",NA,"SPAL_0001446800",55.1724,"",NA
"1577","SVE_1198500",0,0,0,0,0,0,0.131031664308385,0.128362683017727,0,0,0,0,"SVE_contig0000015","Integrase catalytic domain-containing protein","RNaseH-like_sf, RNaseH_sf","nucleic acid binding","A0A0K0FQQ5","",NA,"",NA,"",NA,"",NA
"1578","SVE_1198600",0.130388597149881,0.127580632010179,0,0,0,0,0.127658186817395,0.125742529542826,0,0,0,0.0745771941626521,"SVE_contig0000015","Integrase_H2C2 domain-containing protein","Integrase_H2C2",NA,"A0A0K0FQQ6","",NA,"",NA,"",NA,"",NA
"1579","SVE_1198800",0.0667289603095092,0.131429547437944,0,0,0,0,0.0637703337862093,0.0624776332104652,0,0,0,0,"SVE_contig0000015","THUMP domain-containing protein","Peptidase_aspartic_dom_sf",NA,"A0A0K0FQQ8","",NA,"",NA,"SPAL_0000846000",69.6078,"",NA
"1580","SVE_1198900",0,0.131596898091079,0,0,0,0,0.0646117769749658,0.25484013464868,0.0780558972943286,0.228500230786828,0,0,"SVE_contig0000015","CCHC-type domain-containing protein","Znf_CCHC, Znf_CCHC_sf","nucleic acid binding, zinc ion binding, enzyme binding, cytoplasm","A0A0K0FQQ9","",NA,"",NA,"",NA,"",NA
"1581","SVE_1199100",0,0,0,0,0,0,0.19202464210684,0,0.0780228279154654,0,0.0744172420379161,0,"SVE_contig0000015","",NA,NA,"A0A0K0FQR1","",NA,"",NA,"SPAL_0001446800",60.7477,"",NA
"1582","SVE_1200200",0,0,0,0,0,0,0,0,0,0,0,0,"SVE_contig0000016","",NA,"membrane","A0A0K0FQS2","",NA,"",NA,"SPAL_0000438150",90,"",NA
"1583","SVE_1200300",0,0,0,0,0,0,0,0,0,0,0,0,"SVE_contig0000016","Ion_trans domain-containing protein",NA,"membrane","A0A0K0FQS3","SSTP_0000670250",50.6493,"",NA,"",NA,"",NA
"1584","SVE_1208200",0,0,0,0,0,0,0.0654969437122086,0,0,0,0,0,"SVE_scaffold0000077","",NA,NA,"A0A0K0FQT2","",NA,"",NA,"",NA,"",NA
"1585","SVE_1208900",0,0,0,0,0,0,0,0,0,0,0,0,"SVE_scaffold0000077","Major sperm protein",NA,NA,"A0A0K0FQT9","SSTP_0000391000",28.5714,"SRAE_2000071900 | WBGene00260918",26.7081,"SPAL_0001106300",77.0186,"",NA
"1586","SVE_1217400",0.0656435892596041,0,0,0,0,0,0.0650350819070157,0,0,0,0,0,"SVE_scaffold0000078","Transposase",NA,NA,"A0A0K0FQW1","",NA,"",NA,"",NA,"",NA
"1587","SVE_1218500",0.260090942944025,0.191546322725304,0.0614599461524053,0.059941610537187,0.091996946868999,0.179398569595231,0,0,0,0.0750589242969863,0,0,"SVE_scaffold0000079","Endo/exonuclease/phosphatase domain-containing protein",NA,NA,"A0A0K0FQX2","",NA,"",NA,"SPAL_0000129400",71.7949,"",NA
"1588","SVE_1218700",0,0.0635614039522082,0,0,0.178982654820461,0.0876048732921984,0.147304092084367,0.125233407045792,0.0789391950710723,0.0771327361931303,0,0,"SVE_scaffold0000079","C2H2-type domain-containing protein",NA,NA,"A0A0K0FQX4","",NA,"",NA,"",NA,"",NA
"1589","SVE_1218800",0.0652231852770117,0,0,0,0,0,0.126228301976831,0,0,0,0.15026653975291,0,"SVE_scaffold0000079","ORFan",NA,NA,"A0A0K0FQX5","SSTP_0000001200",65.2941,"",NA,"",NA,"",NA
"1590","SVE_1218900",0,0,0,0,0,0,0.31793495319666,0.249928220423153,0,0.077360909608723,0,0.224383796333858,"SVE_scaffold0000079","RNA-binding protein",NA,NA,"A0A0K0FQX6","",NA,"",NA,"",NA,"",NA
"1591","SVE_1219300",0,0,0,0,0,0,0,0,0,0.076705904618317,0,0,"SVE_scaffold0000079","Peptidase A2 domain-containing protein","Aspartic_peptidase_AS, Peptidase_A2_cat, Peptidase_aspartic_dom_sf","aspartic-type endopeptidase activity, proteolysis, hydrolase activity","A0A0K0FQY0","",NA,"",NA,"SPAL_0001538300",70.0787,"",NA
"1592","SVE_1219400",0,0,0,0,0,0,0.0775947156242384,0.144299700183385,0,0,0,0,"SVE_scaffold0000079","CCHC-type domain-containing protein",NA,NA,"A0A0K0FQY1","",NA,"",NA,"",NA,"",NA
"1593","SVE_1219500",0,0,0,0,0,0,0,0,0,0,0,0,"SVE_scaffold0000079","SAP domain-containing protein",NA,NA,"A0A0K0FQY2","",NA,"",NA,"",NA,"",NA
"1594","SVE_1219600",0,0,0,0,0,0,0,0,0,0.0767058852816739,0,0,"SVE_scaffold0000079","CCHC-type domain-containing protein","Znf_CCHC, Aspartic_peptidase_AS, Peptidase_A2_cat, Peptidase_aspartic_dom_sf, Znf_CCHC_sf, RT_RNaseH_2, DNA/RNA_pol_sf","aspartic-type endopeptidase activity, nucleic acid binding, proteolysis, zinc ion binding, enzyme binding, hydrolase activity, cytoplasm","A0A0K0FQY3","",NA,"",NA,"",NA,"",NA
"1595","SVE_1219700",0,0.0642285400781158,0,0,0,0,0.12908934028079,0.240545561039891,0,0.0780977714233903,0,0,"SVE_scaffold0000079","Integrase catalytic domain-containing protein","RNaseH-like_sf, RNaseH_sf","nucleic acid binding","A0A0K0FQY4","",NA,"",NA,"SPAL_0001688400",46.6667,"",NA
"1596","SVE_1219800",0,0,0,0,0,0,0.128476696472805,0,0,0.0782142509379577,0,0,"SVE_scaffold0000079","",NA,NA,NA,"",NA,"",NA,"",NA,"",NA
"1597","SVE_1219900",0,0,0,0,0,0,0.189018346111001,0.185741860789829,0.391244716243834,0,0.150155814226755,0.0742336943238663,"SVE_scaffold0000079","",NA,"membrane","A0A0K0FQY5","",NA,"",NA,"",NA,"",NA
"1598","SVE_1220000",0.153728136663508,0.150811952708485,0,0.11614140443688,0,0.21616125526499,0,0.110320972676181,0,0,0.0753297095447955,0.0740554426850981,"SVE_scaffold0000079","Sin3a_C domain-containing protein",NA,NA,"A0A0K0FQY6","SSTP_0000844900",0,"",NA,"SPAL_0001066600",61.7391,"",NA
"1599","SVE_1220400",0.0664771318504578,0.0658547409978452,0,0,0,0,0,0,0,0,0.070365720681931,0.0695773354856899,"SVE_scaffold0000080","Ovule protein",NA,NA,"A0A0K0FQZ0","",NA,"",NA,"",NA,"",NA
"1600","SVE_1220800",0,0,0,0,0,0,0,0,0,0,0,0,"SVE_scaffold0000080","Astacin domain-containing protein","EGF-like_dom, Peptidase_M12A, MetalloPept_cat_dom_sf","metalloendopeptidase activity, metallopeptidase activity, proteolysis","A0A0K0FQZ4","",NA,"",NA,"SPAL_0000011000",44.2982,"",NA
"1601","SVE_1221900",0.131096499087076,0.19279832252601,0,0,0,0.0893752863076287,0.0634866376579374,0.125075163584142,0,0,0,0,"SVE_scaffold0000080","Swi5-dependent recombination DNA repair protein 1 homolog","Rossmann-like_a/b/a_fold",NA,"A0A0K0FR05","",NA,"",NA,"SPAL_0001673800",69.4444,"",NA
"1602","SVE_1222000",0.196773334030414,0.128578336681339,0,0,0,0,0.129823208174068,0.191400773720384,0,0,0,0,"SVE_scaffold0000080","","DUF1647, Nucleotide-diphossugar_trans",NA,"A0A0K0FR06","SSTP_0000948700",74.1144,"SRAE_2000463400 | WBGene00264867",73.5695,"SPAL_0000049600",81.7439,"C16D9.5 | WBGene00015860",25.6131
"1603","SVE_1222100",0,0,0,0,0.37755518323711,0,0.12781586872508,0.0625038509971899,0,0,0.0708519909802986,0,"SVE_scaffold0000080","Metalloendopeptidase",NA,NA,"A0A0K0FR07","",NA,"",NA,"",NA,"",NA
"1604","SVE_1222200",0,0,0,0,0,0,0,0,0,0,0,0,"SVE_scaffold0000081","",NA,NA,NA,"",NA,"",NA,"",NA,"",NA
"1605","SVE_1222400",0,0,0,0,0,0,0,0.223462202833984,0,0.0768106710956056,0.0737473760055952,0,"SVE_scaffold0000081","",NA,NA,NA,"",NA,"",NA,"",NA,"",NA
"1606","SVE_1222800",0,0,0,0,0,0,0.0656789191839106,0.128042652766745,0,0,0,0,"SVE_scaffold0000081","Secreted protein",NA,NA,"A0A0K0FR13","",NA,"",NA,"",NA,"",NA
"1607","SVE_1222900",0,0,0,0,0,0,0.0638410335040755,0.0628006322440227,0,0,0.151978643317976,0,"SVE_scaffold0000081","Transthyretin-like family protein","Transthyretin-like_sf","membrane","A0A0K0FR14","",NA,"",NA,"SPAL_0001664300",32.6241,"",NA
"1608","SVE_1223200",0,0,0,0,0,0,0,0,0,0,0,0,"SVE_scaffold0000081","CPXV160 protein",NA,NA,"A0A0K0FR17","",NA,"",NA,"",NA,"",NA
"1609","SVE_1223300",0,0,0,0.0600492716811503,0,0,0,0,0,0,0,0.0738300424541856,"SVE_scaffold0000081","Dimer_Tnp_hAT domain-containing protein",NA,NA,"A0A0K0FR18","",NA,"",NA,"SPAL_0001284400",87.6923,"",NA
"1610","SVE_1223400",0,0.0658575817407322,0.0625915461932443,0.0613392236887602,0,0,0,0.0642721262473528,0,0,0,0,"SVE_scaffold0000081","Histone-lysine N-methyltransferase SETMAR (inferred by orthology to a human protein)","RNaseH_sf, Mos1_HTH","nucleic acid binding","A0A0K0FR19","SSTP_0000968900",30.7692,"",NA,"SPAL_0000425800",55.4945,"",NA
"1611","SVE_1223500",0,0,0,0,0,0,0,0.0825455438452198,0,0,0,0,"SVE_scaffold0000081","Transposase",NA,NA,"A0A0K0FR20","",NA,"",NA,"",NA,"",NA
"1612","SVE_1223600",0,0,0,0,0,0,0,0,0,0,0,0,"SVE_contig0000017","",NA,NA,NA,"",NA,"",NA,"",NA,"",NA
"1613","SVE_1223700",0.195225980152525,0.064645867742212,0,0,0,0,0.0646616403414303,0,0,0,0,0,"SVE_contig0000017","",NA,NA,"A0A0K0FR21","",NA,"",NA,"",NA,"",NA
"1614","SVE_1223800",0,0.127157084312414,0,0,0.0885976772867275,0.0865544938121764,0.128305403317929,0,0,0,0,0,"SVE_contig0000017","G_PROTEIN_RECEP_F1_2 domain-containing protein","7TM_GPCR_serpentine_rcpt_Str","membrane","A0A0K0FR22","SSTP_0000537400 | SSTP_0000537400",45.2514,"SRAE_2000459500 | WBGene00264827",36.0335,"SPAL_0000692300",63.6871,"",NA
"1615","SVE_1224000",0,0,0,0,0,0,0.192087711279609,0.0632523947918815,0.0781179745371091,0,0.0735218057508081,0.0730733708976216,"SVE_contig0000017","",NA,"membrane","A0A0K0FR24","",NA,"",NA,"",NA,"",NA
"1616","SVE_1224100",0,0,0,0,0.0919430426614165,0.179201734813038,0,0.0607072885049616,0.0754724979749545,0,0,0,"SVE_contig0000017","",NA,NA,"A0A0K0FR25","",NA,"",NA,"",NA,"",NA
"1617","SVE_1224200",0.0665260527838866,0,0,0,0,0,0,0.125932014964017,0.0776957188006234,0.0761350339505548,0,0.0722932414979595,"SVE_contig0000017","",NA,NA,"A0A0K0FR26","",NA,"",NA,"",NA,"",NA
"1618","SVE_1224300",0,0.0656095357941668,0,0,0,0,0.127732717329288,0.0630698967355756,0.233472425525515,0.076260849249878,0.219494798318857,0.0724127081264767,"SVE_contig0000017","Reverse transcriptase domain-containing protein",NA,NA,"A0A0K0FR27","",NA,"",NA,"SPAL_0000183342",54.1667,"",NA
"1619","SVE_1224500",0.0642552623510928,0.126234953519269,0,0,0,0,0,0,0,0,0,0.0729445789624387,"SVE_contig0000017","Secreted protein",NA,NA,"A0A0K0FR29","",NA,"",NA,"",NA,"",NA
"1620","SVE_1224700",0.129689000695858,0.0636489659701526,0,0,0,0,0,0,0,0.0755788723432044,0.073969090326479,0,"SVE_contig0000017","",NA,NA,"A0A0K0FR31","",NA,"",NA,"",NA,"",NA
"1621","SVE_1224800",0,0,0,0,0,0,0,0.128398179674837,0,0,0,0,"SVE_contig0000017","",NA,NA,"A0A0K0FR32","",NA,"",NA,"",NA,"",NA
"1622","SVE_1224900",0,0,0,0,0,0,0,0.130461688003098,0,0.0769682561196912,0,0.0698670405347478,"SVE_contig0000017","DUF5320 domain-containing protein",NA,NA,"A0A0K0FR33","",NA,"",NA,"",NA,"",NA
"1623","SVE_1225500",0,0.128995279202816,0.0636343777354044,0,0,0.0920897473690152,0,0.0622463962866719,0,0.0748140823908619,0.0712513344157597,0.0703873819298436,"SVE_contig0000017","Plasmodium variant antigen protein Cir/Yir/Bir",NA,NA,"A0A0K0FR39","SSTP_0000100000",71.1111,"SRAE_2000041400 | WBGene00260608",67.7778,"SPAL_0000183900",88.8889,"",NA
"1624","SVE_1226600",0,0,0,0.0654299177769219,0,0.091254925542091,0.353184822067053,0.125318552545595,0,0,0.067445197123829,0,"SVE_contig0000017","",NA,NA,"A0A0K0FR50","",NA,"",NA,"",NA,"",NA
"1625","SVE_1227400",0,0,0,0,0.0945287652790867,0.0911195301853739,0.258466622765786,0.0625642729325844,0,0.0736823778564878,0,0.0673581095709717,"SVE_contig0000018","",NA,"membrane","A0A0K0FR58","",NA,"",NA,"",NA,"",NA
"1626","SVE_1227900",0,0,0,0,0,0,0,0,0,0,0,0,"SVE_scaffold0000082","DUF1893 domain-containing protein",NA,NA,"A0A0K0FR63","",NA,"",NA,"SPAL_0000458700",77.1429,"",NA
"1627","SVE_1228000",0,0,0,0,0,0,0,0.0613712081247677,0,0,0.0740677898538311,0.0728827585567408,"SVE_scaffold0000082","TH1 domain-containing protein",NA,NA,"A0A0K0FR64","",NA,"",NA,"SPAL_0000458700",19.8312,"",NA
"1628","SVE_1228100",0,0,0,0,0,0.0855343342805623,0,0,0,0,0,0,"SVE_scaffold0000082","",NA,"membrane","A0A0K0FR65","",NA,"",NA,"SPAL_0000458600",45.0758,"",NA
"1629","SVE_1228300",0.130600428972862,0.0640066120038415,0,0,0,0,0.0628581660394062,0,0,0.0762140872125687,0,0.148547848293311,"SVE_scaffold0000082","",NA,NA,"A0A0K0FR67","",NA,"",NA,"SPAL_0000687900",29.078,"",NA
"1630","SVE_1228800",0,0,0,0,0,0,0,0.185542067043481,0,0,0,0.0739525121583985,"SVE_scaffold0000082","",NA,NA,"A0A0K0FR72","",NA,"",NA,"SPAL_0000827700",50.3937,"",NA
"1631","SVE_1228900",0,0,0,0,0,0,0,0,0,0,0,0,"SVE_scaffold0000082","",NA,NA,"A0A0K0FR73","",NA,"",NA,"SPAL_0000827700",52.518,"",NA
"1632","SVE_1229000",0,0,0,0,0,0,0,0.0617836611637697,0,0,0,0.0883999071321158,"SVE_scaffold0000082","Peroxide stress protein YaaA",NA,NA,"A0A0K0FR74","",NA,"",NA,"SPAL_0000393700",18.617,"",NA
"1633","SVE_1229100",0,0,0,0,0,0,0,0,0,0.076705934408481,0,0,"SVE_scaffold0000083","DUF3992 domain-containing protein",NA,NA,"A0A0K0FR75","",NA,"",NA,"",NA,"",NA
"1634","SVE_1229200",0,0,0,0,0,0,0.0654972090811189,0,0,0,0,0,"SVE_scaffold0000083","CCHC-type domain-containing protein","Znf_CCHC_sf","nucleic acid binding, zinc ion binding","A0A0K0FR76","",NA,"",NA,"SPAL_0001519500",75,"",NA
"1635","SVE_1229300",0,0,0,0,0,0,0,0.0641987929959102,0,0,0,0,"SVE_scaffold0000083","",NA,NA,NA,"",NA,"",NA,"",NA,"",NA
"1636","SVE_1229500",0,0.127620506555577,0,0,0,0,0.0637886537661834,0.125729180922925,0,0,0.0758701257123798,0,"SVE_scaffold0000083","BRCT domain-containing protein",NA,NA,"A0A0K0FR78","",NA,"",NA,"SPAL_0000528600",76.7933,"",NA
"1637","SVE_1242500",0.0662115287387267,0.195047950438238,0,0,0,0,0,0.0621744127336028,0,0.0764310644961918,0,0,"SVE_contig0000019","",NA,NA,"A0A0K0FR98","",NA,"",NA,"SPAL_0001459200",17.9487,"",NA
"1638","SVE_1242600",0.0670549137976804,0,0,0,0,0,0.0645226938277741,0.190066694561882,0,0,0,0,"SVE_contig0000019","",NA,NA,"A0A0K0FR99","",NA,"",NA,"",NA,"",NA
"1639","SVE_1244100",0.0730113411294428,0.000626663669254245,0,0.0622468378852835,0,0,0,0,0,0,0,0,"SVE_contig0000019","",NA,NA,NA,"",NA,"",NA,"",NA,"",NA
"1640","SVE_1244300",0,0,0,0,0,0,0.0638038618532697,0.0628845333036687,0,0,0,0.074676500897293,"SVE_contig0000020","",NA,NA,"A0A0K0FRB4","",NA,"SRAE_0000079200 | WBGene00256551",3.82979,"SPAL_0000181100",75.7447,"",NA
"1641","SVE_1244700",0,0,0,0,0,0,0,0.0641990568386815,0,0,0,0,"SVE_contig0000020","DDE_Tnp_ISL3 domain-containing protein",NA,NA,"A0A0K0FRB8","",NA,"",NA,"",NA,"",NA
"1642","SVE_1244800",0,0,0,0,0,0,0.130698136916863,0.0643441882055132,0,0,0,0,"SVE_contig0000020","",NA,NA,"A0A0K0FRB9","",NA,"",NA,"",NA,"",NA
"1643","SVE_1244900",0,0,0,0,0,0,0,0,0,0,0,0,"SVE_contig0000020","P26",NA,NA,"A0A0K0FRC0","",NA,"",NA,"",NA,"",NA
"1644","SVE_1245000",0.0649465495763033,0,0,0,0,0,0.0643343854574163,0.0632221358872452,0.0789827544342737,0,0,0.219948573456234,"SVE_contig0000020","ZP domain-containing protein","DNA/RNA_pol_sf",NA,"A0A0K0FRC1","",NA,"",NA,"SPAL_0001348200",45.5729,"",NA
"1645","SVE_1245100",0,0.0637200006238682,0,0,0.091022980630099,0,0,0.0618140743264556,0,0,0,0,"SVE_contig0000020","Nucleosomal histone kinase 1 (inferred by orthology to a D. melanogaster protein)","Prot_kinase_dom, Ser/Thr_kinase_AS, Kinase-like_dom_sf","protein kinase activity, protein phosphorylation, ATP binding","A0A0K0FRC2","",NA,"",NA,"",NA,"",NA
"1646","SVE_1245200",0,0,0,0,0,0,0.064042932725216,0,0.0791609105232758,0.155275240011133,0,0,"SVE_contig0000020","DNA-directed DNA polymerase",NA,NA,"A0A0K0FRC3","",NA,"",NA,"",NA,"",NA
"1647","SVE_1245600",0,0,0,0,0,0,0,0,0,0,0,0.142454054678361,"SVE_contig0000020","DSHCT domain-containing protein","Ski2/MTR4_C",NA,"A0A0K0FRC7","",NA,"SRAE_X000234800 | WBGene00267932",40.2116,"",NA,"",NA
"1648","SVE_1245700",0,0,0,0,0,0,0,0,0,0,0,0,"SVE_contig0000020","Superkiller viralicidic activity 2-like 2 (inferred by orthology to a human protein)","P-loop_NTPase",NA,"A0A0K0FRC8","",NA,"",NA,"",NA,"",NA
"1649","SVE_1246400",0,0,0,0,0,0.0878675276230865,0.145629432175315,0.155146605402504,0.235582539128696,0,0.192890786219253,0,"SVE_scaffold0000084","Recep_L_domain domain-containing protein",NA,NA,"A0A0K0FRD4","",NA,"",NA,"SPAL_0000397800",19.8068,"",NA
"1650","SVE_1246500",0.0660926539486927,0,0,0,0,0,0.0654799838260885,0.0635232429331598,0.0781004487616461,0,0,0,"SVE_scaffold0000084","",NA,NA,"A0A0K0FRD5","",NA,"",NA,"SPAL_0001121300",42.8571,"",NA
"1651","SVE_1246600",0.0550526184322234,0.121668692019569,0,0,0,0,0.209208136307162,0.147436950636653,0.156680963653294,0.0758928945135965,0.14418991361857,0.0422958168705875,"SVE_scaffold0000084","",NA,NA,"A0A0K0FRD6","",NA,"",NA,"",NA,"",NA
"1652","SVE_1246700",0,0,0,0,0,0,0.066211105307893,0,0.315889271416471,0,0,0.139792549236474,"SVE_scaffold0000084","Ovule protein",NA,NA,"A0A0K0FRD7","",NA,"",NA,"SPAL_0000397800",3.8961,"",NA
"1653","SVE_1246800",0,0.073324269258186,0,0,0,0,0.0757522630882817,0.0709551863821148,0,0,0.0750934990580698,0.0738287705561587,"SVE_scaffold0000084","ATP-dependent DNA helicase","DNA_helicase_pif1-like, P-loop_NTPase","telomere maintenance, DNA helicase activity, DNA repair, cellular response to DNA damage stimulus, DNA recombination, helicase activity, ATP hydrolysis activity, DNA duplex unwinding, hydrolase activity, ATP binding, nucleotide binding","A0A0K0FRD8","",NA,"",NA,"SPAL_0000535000",82.7068,"",NA
"1654","SVE_1246900",0.0661581530656887,0,0,0,0,0,0,0.0641323905213335,0,0.0756532535977856,0,0,"SVE_scaffold0000084","",NA,NA,"A0A0K0FRD9","",NA,"",NA,"SPAL_0001297700",90.2778,"",NA
"1655","SVE_1247000",0,0,0,0,0,0,0.0629292727096223,0.0904746366765021,0.156225964923184,0,0.07499123573442,0.000730655858726925,"SVE_scaffold0000084","JmjC domain-containing protein","JmjC_dom",NA,"A0A0K0FRE0","",NA,"",NA,"",NA,"",NA
"1656","SVE_1247100",0,0,0,0,0,0,0.0635802323644344,0.125293492870891,0,0.0773853894080186,0.112217155651979,0,"SVE_scaffold0000084","DSHCT domain-containing protein","Ski2/MTR4_C",NA,"A0A0K0FRE1","",NA,"SRAE_X000234800 | WBGene00267932",44.6009,"",NA,"",NA
"1657","SVE_1247200",0,0,0,0,0,0,0,0.0639279721799616,0,0.0767137515373517,0,0.0715220686847014,"SVE_scaffold0000084","Superkiller viralicidic activity 2-like 2 (inferred by orthology to a human protein)","P-loop_NTPase",NA,"A0A0K0FRE2","",NA,"",NA,"",NA,"",NA
"1658","SVE_1247400",0.196684086210936,0.128874665273398,0,0,0.0936932257210056,0,0.234001100825746,0.1243762408028,0,0,0,0.0703215679034048,"SVE_scaffold0000084","",NA,NA,"A0A0K0FRE4","",NA,"",NA,"",NA,"",NA
"1659","SVE_1247500",0,0,0,0,0,0,0,0.0618194588251399,0,0,0,0.0739864038723821,"SVE_scaffold0000084","Helitron_like_N domain-containing protein","Helitron_helicase-like",NA,"A0A0K0FRE5","",NA,"",NA,"",NA,"",NA
"1660","SVE_1247600",0,0,0,0.0615580140870819,0,0,0,0.062627422778428,0,0,0.0750706699038849,0,"SVE_scaffold0000084","",NA,NA,"A0A0K0FRE6","",NA,"",NA,"",NA,"",NA
"1661","SVE_1247700",0,0,0,0,0,0,0,0,0,0,0,0,"SVE_scaffold0000084","Histone-lysine N-methyltransferase SETMAR","RNaseH_sf","nucleic acid binding","A0A0K0FRE7","",NA,"",NA,"",NA,"",NA
"1662","SVE_1247800",0,0,0,0,0.0902597945277561,0,0,0,0,0,0.0703124436073724,0,"SVE_scaffold0000084","HTH_48 domain-containing protein","Mos1_HTH",NA,"A0A0K0FRE8","SSTP_0000843600",45.1923,"SRAE_X000162100 | WBGene00267194",34.6154,"",NA,"",NA
"1663","SVE_1247900",0,0,0,0,0,0,0,0,0,0,0,0,"SVE_scaffold0000084","ATP-dependent DNA helicase","DNA_helicase_pif1-like, P-loop_NTPase","telomere maintenance, DNA helicase activity, DNA repair, cellular response to DNA damage stimulus, DNA recombination, helicase activity, ATP hydrolysis activity, DNA duplex unwinding, hydrolase activity, ATP binding, nucleotide binding","A0A0K0FRE9","",NA,"",NA,"SPAL_0000063200",29.1667,"",NA
"1664","SVE_1248000",0.0651794534939961,0,0,0,0,0,0,0,0,0,0,0,"SVE_scaffold0000084","ATP-dependent DNA helicase","P-loop_NTPase",NA,"A0A0K0FRF0","",NA,"",NA,"",NA,"",NA
"1665","SVE_1248100",0,0,0,0,0,0,0,0,0,0,0,0,"SVE_scaffold0000084","DUF4806 domain-containing protein",NA,NA,"A0A0K0FRF1","",NA,"",NA,"SPAL_0000848700",9.64912,"",NA
"1666","SVE_1248200",0,0,0,0,0,0,0.129351591343445,0.0635479455258186,0.0792807090697401,0.155095251857236,0,0,"SVE_scaffold0000084","Reverse transcriptase domain-containing protein","Rev_trsase/Diguanyl_cyclase, DNA/RNA_pol_sf",NA,"A0A0K0FRF2","",NA,"",NA,"SPAL_0000805800",13.217,"",NA
"1667","SVE_1248300",0,0,0,0,0,0,0.0203169118569813,0,0,0,0,0,"SVE_scaffold0000084","RT_RNaseH_2 domain-containing protein","Rev_trsase/Diguanyl_cyclase, DNA/RNA_pol_sf",NA,"A0A0K0FRF3","",NA,"",NA,"",NA,"",NA
"1668","SVE_1248400",0,0,0,0,0,0,0.0654972071380715,0,0,0,0,0,"SVE_scaffold0000084","Integrase_SAM-like_N domain-containing protein",NA,NA,"A0A0K0FRF4","",NA,"",NA,"",NA,"",NA
"1669","SVE_1248500",0,0,0,0,0,0,0,0,0,0,0,0,"SVE_scaffold0000084","Integrase catalytic domain-containing protein","RNaseH-like_sf, RNaseH_sf","nucleic acid binding","A0A0K0FRF5","",NA,"",NA,"SPAL_0001252700",86.9863,"",NA
"1670","SVE_1248600",0,0,0,0,0,0,0,0.0630682055668887,0,0.156170168916603,0,0,"SVE_scaffold0000084","RNase H domain-containing protein","RNaseH_domain, RNaseH-like_sf, RNaseH_sf, RNase_H-like_dom_plant","RNA-DNA hybrid ribonuclease activity, nucleic acid binding, RNA phosphodiester bond hydrolysis, endonucleolytic","A0A0K0FRF6","",NA,"",NA,"SPAL_0001292900",1.53061,"",NA
"1671","SVE_1248700",0,0,0,0,0,0,0,0,0,0,0.0724231616809701,0,"SVE_scaffold0000084","CCHC-type domain-containing protein","Znf_CCHC, Znf_CCHC_sf","nucleic acid binding, zinc ion binding, enzyme binding, cytoplasm","A0A0K0FRF7","",NA,"",NA,"",NA,"",NA
"1672","SVE_1248800",0,0,0,0,0.0897219569686479,0,0.0635222041189672,0,0,0.0772492986204416,0,0,"SVE_scaffold0000084","Integrase catalytic domain-containing protein","RNaseH-like_sf, RNaseH_sf","nucleic acid binding","A0A0K0FRF8","",NA,"",NA,"",NA,"",NA
"1673","SVE_1248900",0,0.127642308289498,0.123626825665906,0.120944760312126,0.177520401166741,0,0.129148082989119,0.0634479657908928,0,0.0774254603474536,0.0747188632037286,0.0733861844196442,"SVE_scaffold0000084","Reverse transcriptase Ty1/copia-type domain-containing protein","RNaseH-like_sf, RVT_2, RNaseH_sf","nucleic acid binding","A0A0K0FRF9","",NA,"SRAE_0000062600 | WBGene00256374",25.4364,"SPAL_0001491200",84.2893,"",NA
"1674","SVE_1249000",0.065687124493212,0.0643130733690654,0,0,0,0,0.063292664242769,0.0622411448447223,0,0,0,0.0748110180649343,"SVE_scaffold0000084","",NA,"membrane","A0A0K0FRG0","",NA,"",NA,"",NA,"",NA
"1675","SVE_1249100",0,0.0649038935042821,0,0,0,0,0,0.126054174236897,0,0,0,0,"SVE_scaffold0000085","Transposase",NA,NA,"A0A0K0FRG1","",NA,"",NA,"",NA,"",NA
"1676","SVE_1249200",0,0,0,0,0,0,0.062942550112294,0,0.0780913299205525,0,0,0.0743825156080383,"SVE_scaffold0000085","",NA,NA,"A0A0K0FRG2","",NA,"",NA,"SPAL_0001354100",76.0479,"",NA
"1677","SVE_1249500",0.133793976236862,0.258119782659887,0.0617847251201824,0.12137059811113,0,0,0.0634690487103788,0.0624292362722332,0,0.0780076843560084,0.0765899933049083,0.0750478460666667,"SVE_scaffold0000085","Probable cation-transporting ATPase (inferred by orthology to a C. elegans protein)","ATPase_P-typ_cyto_dom_N","nucleotide binding","A0A0K0FRG5","",NA,"",NA,"",NA,"",NA
"1678","SVE_1249600",0.0661616683756451,0.0650275123766531,0.128314151962936,0,0,0,0.127297076938019,0,0.0771939983996541,0,0,0,"SVE_scaffold0000085","Probable cation-transporting ATPase (inferred by orthology to a C. elegans protein)","ATPase_P-typ_transduc_dom_A_sf",NA,"A0A0K0FRG6","",NA,"",NA,"",NA,"catp-8 | WBGene00007514",55.5556
"1679","SVE_1249800",0.196878718233255,0.0644486277292431,0,0.120788195394562,0,0,0.126454194029801,0.0622602279846586,0.0780956972990536,0.0766627925349616,0.113076561358568,0.149129964078281,"SVE_scaffold0000085","Helicase C-terminal domain-containing protein","Helicase_C, P-loop_NTPase",NA,"A0A0K0FRG8","",NA,"",NA,"",NA,"",NA
"1680","SVE_1249900",0.0935323955685725,0,0.0666686183777223,0,0,0,0.0681782950278128,0.0808786301013754,0,0.0762974796069797,0.0730907456326941,0.0961816061866744,"SVE_scaffold0000085","Helicase ATP-binding domain-containing protein","DEAD/DEAH_box_helicase_dom, Helicase_ATP-bd, P-loop_NTPase","nucleic acid binding, ATP binding, RNA binding, helicase activity, hydrolase activity, nucleotide binding","A0A0K0FRG9","",NA,"",NA,"",NA,"",NA
"1681","SVE_1250400",0.261928671193671,0,0.122012131539187,0.11960080838343,0,0.0892855244592867,0.0634228764306829,0.0624747737254971,0.0788181035962071,0,0.0755130925846204,0.0748786011062359,"SVE_scaffold0000085","Integrase catalytic domain-containing protein","RNaseH_sf","nucleic acid binding","A0A0K0FRH4","",NA,"",NA,"SPAL_0000936300",69.4444,"",NA
"1682","SVE_1251500",0,0,0,0,0,0,0,0,0,0,0,0,"SVE_scaffold0000085","",NA,NA,"A0A0K0FRI5","",NA,"",NA,"SPAL_0001573100",79.7101,"",NA
"1683","SVE_1251700",0,0,0.127247639813775,0,0,0,0,0,0,0,0,0,"SVE_scaffold0000085","Transferred entry: 7.1.2.2",NA,NA,"A0A0K0FRI7","",NA,"",NA,"",NA,"",NA
"1684","SVE_1251800",0,0.191147428533359,0,0,0,0,0,0,0,0,0,0,"SVE_scaffold0000085","ODV-E66",NA,NA,"A0A0K0FRI8","",NA,"",NA,"SPAL_0001354100",49.6815,"",NA
"1685","SVE_1252000",0,0,0,0,0,0,0,0,0.0783360053326138,0,0,0,"SVE_scaffold0000085","",NA,NA,"A0A0K0FRI9","",NA,"",NA,"SPAL_0001354100",9.46746,"",NA
"1686","SVE_1252600",0,0.0653720420285935,0,0,0,0,0.076946803813098,0,0,0,0.0878861427025703,0,"SVE_scaffold0000086","Integrase catalytic domain-containing protein","Integrase_cat-core, RNaseH-like_sf, RNaseH_sf","DNA integration, nucleic acid binding","A0A0K0FRJ5","SSTP_0000841700",18.9802,"SRAE_0000073400 | WBGene00256491",53.5411,"SPAL_0001169700",59.2068,"",NA
"1687","SVE_1252800",0,0,0,0,0,0.093183354239383,0.0784117226622505,0,0,0,0,0,"SVE_scaffold0000086","Reverse transcriptase domain-containing protein",NA,NA,"A0A0K0FRJ7","SSTP_0001144200",4.03226,"",NA,"",NA,"",NA
"1688","SVE_1253100",0.0650160519188127,0.0322037045383498,0,0,0.283868335850418,0.304975151502405,0.0482927082658166,0,0,0.0247309219179315,0.0688191746817909,0.034024058577665,"SVE_scaffold0000086","",NA,"membrane","A0A0K0FT18","",NA,"",NA,"SPAL_0000210800",72.3684,"",NA
"1689","SVE_1253200",0.0667519637568472,0.0653997078209636,0,0.122595312305713,0,0,0.0642729623439296,0.0632104555507006,0,0,0,0,"SVE_scaffold0000086","ATP-dependent DNA helicase","DNA_helicase_pif1-like","telomere maintenance, DNA helicase activity, DNA repair, cellular response to DNA damage stimulus, DNA recombination, helicase activity, ATP hydrolysis activity, DNA duplex unwinding, hydrolase activity, ATP binding, nucleotide binding","A0A0K0FRK1","",NA,"",NA,"",NA,"",NA
"1690","SVE_1253300",0,0,0,0,0,0,0,0,0,0,0,0,"SVE_scaffold0000086","DUF3362 domain-containing protein",NA,NA,"A0A0K0FRK2","",NA,"",NA,"SPAL_0001297700",79.5181,"",NA
"1691","SVE_1253400",0,0,0,0,0,0,0.129140539845381,0.097941612719122,0,0.235608165695569,0,0,"SVE_scaffold0000086","JmjC domain-containing protein","JmjC_dom",NA,"A0A0K0FRK3","",NA,"",NA,"",NA,"",NA
"1692","SVE_1253500",0,0,0,0,0,0,0,0,0,0,0,0,"SVE_scaffold0000086","",NA,NA,"A0A0K0FRK4","",NA,"SRAE_X000234800 | WBGene00267932",38.8889,"",NA,"",NA
"1693","SVE_1253600",0,0.0649225286398807,0,0.0628014914545013,0,0.0916998736832142,0,0.0623301868157199,0.0768318269973151,0.0747964044784242,0,0.0697344800804046,"SVE_scaffold0000086","Superkiller viralicidic activity 2-like 2 (inferred by orthology to a human protein)","P-loop_NTPase",NA,"A0A0K0FRK5","",NA,"",NA,"",NA,"",NA
"1694","SVE_1265500",0,0,0,0,0,0,0,0,0,0,0,0,"SVE_scaffold0000087","Integron gene cassette protein",NA,NA,"A0A0K0FRL2","SSTP_0000141050",32.6531,"",NA,"SPAL_0001778600",35.7143,"",NA
"1695","SVE_1265700",0,0.0637156960112615,0,0,0,0,0,0,0,0,0,0,"SVE_scaffold0000087","Lipoprotein",NA,NA,"A0A0K0FRL4","",NA,"",NA,"SPAL_0001688400",57.8947,"",NA
"1696","SVE_1266000",0.127247600391189,0.0623110133289459,0,0,0.0876074682427188,0.085645221557966,0,0,0,0,0.0741022368308253,0.145749267771977,"SVE_scaffold0000087","Peptidase A2 domain-containing protein",NA,NA,"A0A0K0FRL6","",NA,"",NA,"SPAL_0001225775",25,"",NA
"1697","SVE_1266200",0,0,0,0,0.0914015715221362,0.178830345207109,0.186255246384019,0,0,0.148709514713445,0.0723900479747383,0,"SVE_scaffold0000087","Integrase_H2C2 domain-containing protein","Integrase_H2C2",NA,"A0A0K0FRL8","",NA,"",NA,"",NA,"",NA
"1698","SVE_1266300",0,0.0633836823936763,0,0,0.0901767707144724,0,0.125299864493706,0,0,0.07610568065435,0.0745917402286059,0,"SVE_scaffold0000087","",NA,NA,"A0A0K0FRL9","",NA,"",NA,"",NA,"",NA
"1699","SVE_1267200",0,0,0,0,0,0,0.0665086351767374,0.129660204305117,0,0,0.0706357694346742,0,"SVE_scaffold0000087","Secreted protein",NA,NA,"A0A0K0FRM8","",NA,"",NA,"",NA,"",NA
"1700","SVE_1273200",0,0,0,0,0,0.178909469334618,0.124980121849658,0.183812787382269,0,0,0.0740486908784499,0.0433521856640063,"SVE_scaffold0000088","Product",NA,NA,"A0A0K0FRN1","",NA,"",NA,"SPAL_0001459000",89.0625,"",NA
"1701","SVE_1273400",0,0,0,0,0,0,0,0.123526381928748,0,0,0,0.0740545084330615,"SVE_scaffold0000088","",NA,NA,"A0A0K0FRN3","SSTP_0000328200",54.386,"",NA,"SPAL_0001202700",88.3041,"",NA
"1702","SVE_1273500",0,0,0,0,0,0.180580813403288,0.0635178777655262,0.0625094018962773,0,0.0770132395672871,0,0,"SVE_scaffold0000088","",NA,NA,"A0A0K0FRN4","",NA,"",NA,"SPAL_0001202900",51.7986,"",NA
"1703","SVE_1273600",0,0,0.062224120524826,0,0,0,0.323798364362626,0.127181972655255,0,0,0.0740498112150836,0.145509614552417,"SVE_scaffold0000088","DNA-directed DNA polymerase",NA,NA,"A0A0K0FRN5","SSTP_0000700100",25.2485,"",NA,"",NA,"",NA
"1704","SVE_1273700",0,0,0,0,0,0,0.126209288702269,0,0.156039909875075,0.0762823969472693,0.222668450056275,0.0728680133205994,"SVE_scaffold0000088","Tudor domain-containing protein",NA,NA,"A0A0K0FRN6","",NA,"",NA,"",NA,"",NA
"1705","SVE_1273800",0.0648143867241061,0.063469476931465,0,0,0,0,0.0680664791085833,0.126632313017189,0.157082461937232,0.153691647618308,0.147472447376498,0.0724464782927374,"SVE_scaffold0000088","Nucleosomal histone kinase 1 (inferred by orthology to a D. melanogaster protein)","Prot_kinase_dom, Ser/Thr_kinase_AS, Kinase-like_dom_sf","protein kinase activity, protein phosphorylation, ATP binding","A0A0K0FRN7","SSTP_0000070900",13.9442,"",NA,"",NA,"K08H2.5 | WBGene00010692",9.36255
"1706","SVE_1273900",0,0,0,0,0.0883095915541363,0.0862705117356863,0,0.251677420005504,0,0.0769946174181724,0,0,"SVE_scaffold0000088","CRAL-TRIO domain-containing protein",NA,NA,"A0A0K0FRN8","",NA,"",NA,"",NA,"",NA
"1707","SVE_1274500",0.064573336892536,0.0921059672604665,0,0,0,0,0.0633949342688746,0.125724118437594,0.13665661139415,0.112095476063289,0.191125677827055,0.0739658103930643,"SVE_scaffold0000088","ODV-EC27",NA,NA,"A0A0K0FRP4","",NA,"",NA,"SPAL_0000687500",82.4219,"",NA
"1708","SVE_1274700",0.195538650087975,0,0,0,0,0,0,0,0,0,0,0,"SVE_scaffold0000088","",NA,NA,"A0A0K0FRP6","",NA,"",NA,"",NA,"",NA
"1709","SVE_1274800",0,0.0626270968110444,0,0,0,0,0,0,0,0.076008752346811,0.0802246840895018,0.0721255576210151,"SVE_scaffold0000088","CCHC-type domain-containing protein","Znf_CCHC, Peptidase_A2_cat, Znf_CCHC_sf, DNA/RNA_pol_sf","aspartic-type endopeptidase activity, nucleic acid binding, proteolysis, zinc ion binding, enzyme binding, cytoplasm","A0A0K0FRP7","",NA,"",NA,"",NA,"",NA
"1710","SVE_1274900",0,0,0,0,0,0,0,0,0,0,0,0,"SVE_scaffold0000088","",NA,NA,"A0A0K0FRP8","",NA,"",NA,"SPAL_0001688400",53.271,"",NA
"1711","SVE_1275100",0,0,0.0553288232896702,0,0.0832071809082015,0,0,0,0,0,0,0.0341277099231587,"SVE_scaffold0000088","C2H2-type domain-containing protein",NA,NA,"A0A0K0FRQ0","",NA,"",NA,"",NA,"",NA
"1712","SVE_1276300",0,0.0634525639634754,0,0,0,0.0868510425613318,0,0.0626723770827241,0.0789062226849104,0.154314105337453,0,0,"SVE_scaffold0000089","Histone-lysine N-methyltransferase SETMAR (inferred by orthology to a human protein)","Transposase_1, RNaseH_sf, Mos1_HTH","nucleic acid binding","A0A0K0FRR1","SSTP_0000266900",65.0519,"SRAE_X000208700 | WBGene00267665",33.91,"SPAL_0001603900",57.0934,"",NA
"1713","SVE_1276400",0,0,0,0,0,0,0,0,0,0,0,0,"SVE_scaffold0000089","",NA,NA,"A0A0K0FRR2","",NA,"",NA,"",NA,"",NA
"1714","SVE_1276500",0.0668217626690881,0,0,0,0,0,0,0.190202762396126,0.0780052510256563,0.076094689699391,0,0,"SVE_scaffold0000089","",NA,NA,"A0A0K0FRR3","",NA,"",NA,"",NA,"",NA
"1715","SVE_1276700",0,0,0,0,0.175417577682267,0.256330089736176,0,0,0,0,0,0,"SVE_scaffold0000089","Integrase catalytic domain-containing protein","Integrase_cat-core, RNaseH-like_sf, RNaseH_sf","DNA integration, nucleic acid binding","A0A0K0FRR5","SSTP_0001073000",57.5,"",NA,"SPAL_0000132100",0,"",NA
"1716","SVE_1277100",0,0,0,0,0,0,0,0.128397537104543,0,0,0,0,"SVE_scaffold0000089","Ovule protein",NA,NA,"A0A0K0FRR9","",NA,"",NA,"",NA,"",NA
"1717","SVE_1277200",0,0,0,0,0,0,0,0,0,0,0,0,"SVE_scaffold0000089","",NA,NA,"A0A0K0FRS0","",NA,"",NA,"SPAL_0000612900",7.20721,"",NA
"1718","SVE_1277300",0.194634680755452,0.0637066776132714,0,0,0,0,0,0,0,0.149783306743291,0.0733442441981554,0.144793170313955,"SVE_scaffold0000089","Transcriptional regulator",NA,NA,"A0A0K0FRS1","",NA,"",NA,"",NA,"",NA
"1719","SVE_1277400",0,0,0,0,0,0,0,0,0,0,0,0,"SVE_scaffold0000089","mRNA-capping enzyme (inferred by orthology to a zebrafish protein)","mRNA_cap_enzyme_adenylation","7-methylguanosine mRNA capping, mRNA guanylyltransferase activity, ATP binding","A0A0K0FRS2","",NA,"",NA,"",NA,"",NA
"1720","SVE_1277500",0,0.0637931875065782,0,0,0,0,0,0.061657713431397,0,0,0,0.148204271031215,"SVE_scaffold0000089","Ovule protein",NA,NA,"A0A0K0FRS3","",NA,"",NA,"SPAL_0001339400",50.7042,"",NA
"1721","SVE_1277600",0,0,0,0,0.0952113446159809,0,0,0.0630519906474534,0,0.075026993320017,0.0694839816963892,0,"SVE_scaffold0000089","Conserved domain protein",NA,NA,"A0A0K0FRS4","",NA,"",NA,"SPAL_0001341000",63.6364,"",NA
"1722","SVE_1277700",0.0650850568320839,0.0650867039322529,0,0,0,0,0.0652469134097508,0.000614303694487286,0,0,0,0,"SVE_scaffold0000089","Lipoprotein",NA,NA,"A0A0K0FRS5","",NA,"",NA,"SPAL_0001341100",53.7313,"",NA
"1723","SVE_1277800",0,0.0631594152987589,0,0,0.367461191693149,0.269255512878285,0.0614812565407523,0,0,0,0,0.0697085301718379,"SVE_scaffold0000090","Biogenesis of lysosome-related organelles complex 1 subunit 2",NA,NA,"A0A0K0FRS6","",NA,"",NA,"SPAL_0001777300",36.4583,"",NA
"1724","SVE_1278400",0,0,0,0,0.111846856656822,0.25836216930254,0.0630319344446397,0,0,0.0763623752502494,0,0.00126242684596306,"SVE_scaffold0000090","RNase H domain-containing protein","RNaseH_sf","nucleic acid binding","A0A0K0FRT2","SSTP_0000487500",20.438,"",NA,"SPAL_0000721600",22.2628,"",NA
"1725","SVE_1278900",0.119377891857416,0.253385189097757,0,0,0,0,0.127817765343702,0.251287991850079,0.0786937720444166,0,0.0745734499587691,0.0732244465018944,"SVE_scaffold0000090","Rab-GAP TBC domain-containing protein",NA,"membrane","A0A0K0FRT7","SSTP_0000444000",35.6742,"",NA,"",NA,"",NA
"1726","SVE_1279000",0,0.19156973049114,0.0610293452886457,0,0,0.0874760195785467,0.128216021639704,0.12614712647526,0.15880818393585,0,0,0.148869931635478,"SVE_scaffold0000090","BAG domain-containing protein",NA,NA,"A0A0K0FRT8","",NA,"",NA,"",NA,"",NA
"1727","SVE_1279100",0,0,0,0,0,0,0,0,0,0,0,0,"SVE_scaffold0000090","",NA,"membrane","A0A0K0FRT9","",NA,"",NA,"",NA,"",NA
"1728","SVE_1279200",0.0654025633021106,0,0,0,0,0,0.0648960497933241,0.0637546648494818,0,0.0776941743173148,0,0,"SVE_scaffold0000090","",NA,NA,NA,"",NA,"",NA,"",NA,"",NA
"1729","SVE_1279300",0,0.0630165827696954,0,0,0,0,0,0.187708254140115,0.0782224980950497,0.076504835936333,0.0739863052099464,0.217970801971586,"SVE_scaffold0000090","Integrase catalytic domain-containing protein","Integrase_cat-core, RNaseH-like_sf, RNaseH_sf, Integrase_H2C2","DNA integration, nucleic acid binding","A0A0K0FRU0","SSTP_0001073000",35.1064,"",NA,"SPAL_0001103800",44.1489,"",NA
"1730","SVE_1279700",0.259788616825513,0.12711287893399,0,0,0,0,0,0,0,0.0771739943719166,0,0,"SVE_scaffold0000090","RT_RNaseH_2 domain-containing protein","Rev_trsase/Diguanyl_cyclase, DNA/RNA_pol_sf",NA,"A0A0K0FRU4","",NA,"",NA,"",NA,"",NA
"1731","SVE_1279800",0.0647225062979778,0,0,0,0,0,0,0.316789257953822,0,0,0.0731889088534248,0.143854878827555,"SVE_scaffold0000090","CCHC-type domain-containing protein","Znf_CCHC, RNaseH-like_sf, RNaseH_sf, Znf_CCHC_sf","nucleic acid binding, zinc ion binding, enzyme binding, cytoplasm","A0A0K0FRU5","",NA,"",NA,"SPAL_0001252700",52.4409,"",NA
"1732","SVE_1279900",0.129572900084724,0,0.060537370414856,0,0.0903811841883102,0.0884418629601557,0,0,0.0777308567329112,0,0,0,"SVE_scaffold0000090","",NA,NA,NA,"",NA,"",NA,"",NA,"",NA
"1733","SVE_1284900",0,0.0382914623212426,0,0,0,0,0,0,0,0,0,0,"SVE_contig0000021","DUF5641 domain-containing protein",NA,NA,"A0A0K0FRU6","",NA,"",NA,"SPAL_0000611000",58.3333,"",NA
"1734","SVE_1285100",0,0,0,0,0,0,0,0.0620947219474357,0,0,0.0748914074112466,0,"SVE_contig0000021","ADF-H domain-containing protein",NA,NA,"A0A0K0FRU8","",NA,"",NA,"",NA,"",NA
"1735","SVE_1285200",0,0,0,0,0,0,0.0654970937149092,0,0,0,0,0,"SVE_contig0000021","Zinc finger, CCHC-type",NA,NA,"A0A0K0FRU9","",NA,"",NA,"",NA,"",NA
"1736","SVE_1285300",0,0,0,0,0,0,0,0,0,0,0.0724234985202148,0,"SVE_contig0000021","Peptidase A2 domain-containing protein","Aspartic_peptidase_AS, Peptidase_A2_cat, Peptidase_aspartic_dom_sf, DNA/RNA_pol_sf","aspartic-type endopeptidase activity, proteolysis, hydrolase activity","A0A0K0FRV0","",NA,"",NA,"",NA,"",NA
"1737","SVE_1285400",0,0,0.0615808273736725,0.120454571395603,0,0.0900123860520988,0.0637424692287987,0.125515831592427,0.0791176346542909,0.0774702337914772,0.151836230558933,0,"SVE_contig0000021","Late transcription factor",NA,NA,"A0A0K0FRV1","",NA,"",NA,"SPAL_0001147500",86.3095,"",NA
"1738","SVE_1285500",0.193212054819755,0,0,0,0.177005912567623,0,0,0,0.0784868279286136,0,0,0,"SVE_contig0000021","Integrase catalytic domain-containing protein",NA,NA,"A0A0K0FRV2","",NA,"",NA,"",NA,"",NA
"1739","SVE_1285600",0,0,0,0.182477958382454,0,0,0,0,0,0.0784838912435246,0,0,"SVE_contig0000021","",NA,NA,NA,"",NA,"",NA,"",NA,"",NA
"1740","SVE_1285800",0,0,0,0,0,0,0,0,0,0,0,0,"SVE_contig0000021","Transposase",NA,NA,"A0A0K0FRV5","",NA,"",NA,"",NA,"",NA
"1741","SVE_1286300",0,0,0,0,0,0,0.062362908258366,0,0,0,0.0742413227495981,0.146016829183543,"SVE_contig0000021","RT_RNaseH_2 domain-containing protein",NA,NA,"A0A0K0FRW0","",NA,"",NA,"SPAL_0000044400",71.9828,"",NA
"1742","SVE_1286400",0,0.0653597694746924,0,0,0,0,0.0649440271662652,0,0.0779816771875526,0.0757668845175318,0,0,"SVE_contig0000021","Gag-pol polyprotein",NA,NA,"A0A0K0FRW1","",NA,"",NA,"",NA,"",NA
"1743","SVE_1286500",0,0,0,0,0,0,0,0,0,0.0767056948965551,0,0,"SVE_contig0000021","",NA,NA,"A0A0K0FRW2","",NA,"",NA,"",NA,"",NA
"1744","SVE_1286600",0,0,0,0,0,0,0.129097487910712,0.190749713624552,0.240795749842152,0,0,0,"SVE_contig0000021","Integrase_H2C2 domain-containing protein",NA,NA,"A0A0K0FRW3","",NA,"",NA,"SPAL_0000547800",36.7647,"",NA
"1745","SVE_1286700",0,0,0,0,0,0,0.197082392907043,0.0639761530480613,0.0787226048810402,0,0.0721026761203396,0,"SVE_contig0000021","",NA,NA,"A0A0K0FRW4","",NA,"",NA,"SPAL_0001113400",13.253,"",NA
"1746","SVE_1286800",0.105476368127766,0,0,0,0,0,0,0,0.0791275679214002,0.12395526673571,0.219429072218799,0.124521744777307,"SVE_contig0000021","RT_RNaseH_2 domain-containing protein","Rev_trsase/Diguanyl_cyclase, DNA/RNA_pol_sf",NA,"A0A0K0FRW5","",NA,"SRAE_0000050300 | WBGene00256247",0,"SPAL_0001319300",80.2817,"",NA
"1747","SVE_1286900",0,0,0,0,0.0884104935580895,0,0,0.124007398193338,0.0781555481942229,0.0764227267443524,0.0747973234305868,0,"SVE_contig0000021","Reverse transcriptase domain-containing protein","Rev_trsase/Diguanyl_cyclase, DNA/RNA_pol_sf",NA,"A0A0K0FRW6","",NA,"SRAE_0000050300 | WBGene00256247",1.20482,"SPAL_0000535700",49.7992,"",NA
"1748","SVE_1287000",0,0,0,0,0,0,0.0644670274138765,0.0637931448930007,0.157077810593309,0,0,0.0726458149016161,"SVE_contig0000021","Reverse transcriptase domain-containing protein",NA,NA,"A0A0K0FRW7","",NA,"",NA,"",NA,"",NA
"1749","SVE_1302900",0,0,0,0,0,0,0.191045729841387,0.187076395696926,0.077747371224109,0.076512560796036,0.149333396125119,0.221904869723916,"SVE_scaffold0000091","Retrotransposon-like protein 1 (inferred by orthology to a human protein)","RT_dom, Rev_trsase/Diguanyl_cyclase, DNA/RNA_pol_sf",NA,"A0A0K0FRX1","",NA,"",NA,"",NA,"",NA
"1750","SVE_1303100",0,0,0,0,0.100435278701057,0.100710611375227,0,0.180254911123263,0,0,0,0,"SVE_scaffold0000091","",NA,NA,"A0A0K0FRX3","",NA,"",NA,"",NA,"",NA
"1751","SVE_1303200",0,0,0,0,0,0,0,0,0,0,0,0,"SVE_scaffold0000091","Decapping nuclease",NA,NA,"A0A0K0FRX4","",NA,"",NA,"SPAL_0001088375",76.2557,"",NA
"1752","SVE_1304900",0.194730049742562,0.127113226343657,0,0,0,0,0.0630917348497117,0.0620198086931219,0.0783460740256212,0.0768564055327783,0.0751343965799768,0.148513539526593,"SVE_scaffold0000092","DUF223 domain-containing protein",NA,NA,"A0A0K0FRZ1","",NA,"",NA,"SPAL_0001368100",50,"",NA
"1753","SVE_1305500",0,0.0654811851719321,0,0,0,0,0.187382666455871,0,0,0,0.105672894621437,0,"SVE_scaffold0000092","",NA,NA,"A0A0K0FRZ6","",NA,"",NA,"SPAL_0001297700",90.6977,"",NA
"1754","SVE_1305600",0,0,0,0,0,0,0.125970224569359,0.239358012911962,0.0318351688546736,0.0906069519539578,0.0947582826643496,0.0743215970326775,"SVE_scaffold0000092","ATP-dependent DNA helicase","P-loop_NTPase",NA,"A0A0K0FRZ7","",NA,"",NA,"SPAL_0000535000",80.663,"",NA
"1755","SVE_1305800",0,0,0,0,0,0,0.158316759299334,0,0.0798516090254653,0,0,0,"SVE_scaffold0000092","DUF4304 domain-containing protein",NA,NA,"A0A0K0FRZ9","SSTP_0000644600",60.4061,"SRAE_0000050400 | WBGene00256248",93.401,"",NA,"",NA
"1756","SVE_1306200",0.193249500783087,0.189426016185002,0,0,0.0885100949628025,0.0864813008059013,0.0633965465960759,0,0,0,0,0.147218466198855,"SVE_scaffold0000093","Integrase_H2C2 domain-containing protein","RT_RNaseH, Integrase_H2C2, Rev_trsase/Diguanyl_cyclase, DNA/RNA_pol_sf",NA,"A0A0K0FS03","",NA,"",NA,"SPAL_0001174200",85.3147,"",NA
"1757","SVE_1306700",0,0,0,0,0,0,0,0,0,0,0,0,"SVE_scaffold0000093","SufBD protein",NA,NA,"A0A0K0FS08","",NA,"",NA,"SPAL_0001772700",37.6068,"",NA
"1758","SVE_1306800",0.0652341458594049,0,0,0,0,0,0,0,0,0.079172577272299,0,0,"SVE_scaffold0000093","ATP-dependent DNA helicase",NA,NA,"A0A0K0FS09","",NA,"",NA,"SPAL_0000877200",46.9565,"",NA
"1759","SVE_1306900",0,0,0,0,0,0,0,0,0,0,0,0,"SVE_scaffold0000093","Crinkler (CRN) family protein",NA,NA,"A0A0K0FS10","",NA,"",NA,"",NA,"",NA
"1760","SVE_1307000",0,0,0,0,0,0,0,0,0.0773296723398847,0,0.0733675749465223,0,"SVE_scaffold0000093","Helitron_like_N domain-containing protein",NA,NA,"A0A0K0FS11","",NA,"",NA,"SPAL_0000965800",24.3478,"",NA
"1761","SVE_1307100",0,0.0706657936984627,0,0.119960103767935,0,0,0,0.139921001922379,0,0.0899381081466181,0.0924434177656211,0,"SVE_scaffold0000093","ATP-dependent DNA helicase","DNA_helicase_pif1-like, P-loop_NTPase","telomere maintenance, DNA helicase activity, DNA repair, cellular response to DNA damage stimulus, DNA recombination, helicase activity, ATP hydrolysis activity, DNA duplex unwinding, hydrolase activity, ATP binding, nucleotide binding","A0A0K0FS12","",NA,"",NA,"SPAL_0000535000",65.6805,"",NA
"1762","SVE_1307200",0,0,0.122155277370621,0,0.182868500058996,0.35745665610493,0,0.0606756527511826,0,0,0,0.0721337053753424,"SVE_scaffold0000093","Reverse transcriptase domain-containing protein",NA,NA,"A0A0K0FS13","",NA,"",NA,"",NA,"",NA
"1763","SVE_1307500",0,0,0,0,0,0,0.0633806819246764,0,0,0,0,0.132237262740558,"SVE_scaffold0000093","DrsE domain-containing protein",NA,NA,"A0A0K0FS16","",NA,"",NA,"SPAL_0000877200",86.7257,"",NA
"1764","SVE_1307600",0.0650491432934593,0,0,0,0.2761029293977,0.0897354195511042,0.0624970905260456,0,0.0382022789281197,0.0375446343045728,0,0,"SVE_scaffold0000093","",NA,NA,"A0A0K0FS17","",NA,"",NA,"SPAL_0001772700",37.6068,"",NA
"1765","SVE_1307700",0.189666845850014,0.294965419371294,0,0,0,0,0,0,0,0,0,0,"SVE_scaffold0000093","",NA,NA,"A0A0K0FS18","",NA,"",NA,"SPAL_0001178100",0,"",NA
"1766","SVE_1307800",0.0670937625725167,0,0.126834885098005,0.0618506847402717,0,0,0.0644614938940973,0.189008673700298,0.039403049792203,0.0387247341373711,0,0,"SVE_scaffold0000093","Reverse transcriptase domain-containing protein",NA,NA,"A0A0K0FS19","",NA,"",NA,"SPAL_0001772700",38.4615,"",NA
"1767","SVE_1308100",0,0,0,0,0,0,0,0,0.0267184794627492,0,0,0,"SVE_contig0000022","ATP-dependent DNA helicase","DNA_helicase_pif1-like, P-loop_NTPase","telomere maintenance, DNA helicase activity, DNA repair, cellular response to DNA damage stimulus, DNA recombination, helicase activity, ATP hydrolysis activity, DNA duplex unwinding, hydrolase activity, ATP binding, nucleotide binding","A0A0K0FS22","",NA,"",NA,"",NA,"",NA
"1768","SVE_1308200",0,0,0,0,0,0,0,0,0,0,0,0,"SVE_contig0000022","Transposase",NA,NA,"A0A0K0FS23","",NA,"",NA,"SPAL_0000063200",11.8812,"",NA
"1769","SVE_1308400",0,0,0,0,0,0,0,0.0641987209050414,0,0,0,0,"SVE_contig0000022","Peptidase A2 domain-containing protein",NA,NA,"A0A0K0FS25","",NA,"",NA,"SPAL_0001460400",19.4286,"",NA
"1770","SVE_1308500",0,0,0,0,0,0,0,0,0,0,0,0,"SVE_contig0000022","Arp2/3 complex 34 kDa subunit",NA,NA,"A0A0K0FS26","",NA,"SRAE_0000082000 | WBGene00256580",27.6995,"SPAL_0000380700",22.0657,"",NA
"1771","SVE_1308600",0,0.0637157689798893,0,0,0,0,0,0,0,0,0,0,"SVE_contig0000022","Ras-associating domain-containing protein",NA,NA,"A0A0K0FS27","",NA,"",NA,"",NA,"",NA
"1772","SVE_1308700",0,0,0,0,0,0,0,0,0,0,0,0,"SVE_contig0000022","",NA,NA,"A0A0K0FS28","",NA,"",NA,"SPAL_0001178100",39.1667,"",NA
"1773","SVE_1308900",0.0631587895326158,0,0,0,0.36767929231301,0.0888791619676544,0,0.06085150266684,0,0,0,0,"SVE_contig0000022","Cysteine protease",NA,NA,"A0A0K0FS30","",NA,"",NA,"SPAL_0001478800",80.2632,"",NA
"1774","SVE_1309100",0,0,0,0,0,0,0,0,0,0,0,0,"SVE_contig0000022","Helitron_like_N domain-containing protein",NA,NA,"A0A0K0FS31","",NA,"SRAE_0000082000 | WBGene00256580",26.3682,"SPAL_0000380700",21.393,"",NA
"1775","SVE_1309200",0,0,0,0,0,0,0,0,0,0,0.0724234590343424,0,"SVE_contig0000022","ATP-dependent DNA helicase","DNA_helicase_pif1-like, P-loop_NTPase","telomere maintenance, DNA helicase activity, DNA repair, cellular response to DNA damage stimulus, DNA recombination, helicase activity, ATP hydrolysis activity, DNA duplex unwinding, hydrolase activity, ATP binding, nucleotide binding","A0A0K0FS32","",NA,"",NA,"SPAL_0000063200",4.70588,"",NA
"1776","SVE_1309500",0.0637231664164638,0,0,0,0,0,0,0,0,0,0.148170332015129,0,"SVE_contig0000022","SCP domain-containing protein","CAP_domain, CAP_sf",NA,"A0A0K0FS35","",NA,"",NA,"SPAL_0000688600",38.7417,"",NA
"1777","SVE_1309600",0,0,0,0,0,0,0,0,0,0,0,0,"SVE_contig0000022","",NA,NA,"A0A0K0FS36","",NA,"",NA,"SPAL_0000827700",57.5,"",NA
"1778","SVE_1310000",0.058554687506599,0,0,0,0.174586025970523,0.170646778334889,0,0,0,0.067174980600168,0,0,"SVE_scaffold0000094","DUF2326 domain-containing protein",NA,NA,"A0A0K0FS40","",NA,"",NA,"SPAL_0000687600",95.9184,"",NA
"1779","SVE_1310200",0,0,0,0,0,0,0.162495744464536,0.063628028365588,0,0.0861561276473474,0,0,"SVE_scaffold0000094","ATP-dependent DNA helicase","DNA_helicase_pif1-like, P-loop_NTPase","telomere maintenance, DNA helicase activity, DNA repair, cellular response to DNA damage stimulus, DNA recombination, helicase activity, ATP hydrolysis activity, DNA duplex unwinding, hydrolase activity, ATP binding, nucleotide binding","A0A0K0FS42","",NA,"",NA,"SPAL_0000535000",87.3333,"",NA
"1780","SVE_1310300",0.0647181117104964,0.128312123023322,0,0,0,3.68356542821773e-05,0,0.0627364432302058,0,0.0740065357136347,0,0,"SVE_scaffold0000094","",NA,NA,"A0A0K0FS43","",NA,"",NA,"SPAL_0001297700",90.2778,"",NA
"1781","SVE_1310500",0,0,0,0,0,0,0.126886002903152,0.311947871109694,0.156899454488866,0.153434577809031,0.0747041013914167,0.146608705622201,"SVE_scaffold0000094","Integrase catalytic domain-containing protein","Integrase_cat-core, RNaseH-like_sf, RNaseH_sf","DNA integration, nucleic acid binding","A0A0K0FS45","",NA,"",NA,"",NA,"",NA
"1782","SVE_1310700",0,0.0637371842540718,0,0,0,0,0.257573294760542,0.379709436922755,0,0,0,0.0734875310588305,"SVE_scaffold0000094","CCHC-type domain-containing protein","Znf_CCHC, Peptidase_A2_cat, Peptidase_aspartic_dom_sf, Znf_CCHC_sf","aspartic-type endopeptidase activity, nucleic acid binding, proteolysis, zinc ion binding, enzyme binding, hydrolase activity, cytoplasm","A0A0K0FS47","",NA,"SRAE_0000049500 | WBGene00256239",25.7979,"SPAL_0001707400",86.1702,"",NA
"1783","SVE_1310900",0,0,0,0,0,0.092003508616798,0.0629449135528427,0,0.153371528978699,0,0.0717920860398869,0.0711136464304788,"SVE_scaffold0000094","Ovule protein",NA,NA,"A0A0K0FS49","",NA,"",NA,"SPAL_0001771200",41.4894,"",NA
"1784","SVE_1311000",0,0,0,0,0,0,0,0,0,0.0767060375518823,0,0,"SVE_scaffold0000094","Cystatin domain-containing protein",NA,NA,"A0A0K0FS50","",NA,"",NA,"",NA,"",NA
"1785","SVE_1311100",0.0666784640643486,0,0,0,0,0,0,0,0,0,0,0,"SVE_scaffold0000094","Helicase ATP-binding domain-containing protein","DEAD/DEAH_box_helicase_dom, Helicase_ATP-bd, P-loop_NTPase","nucleic acid binding, ATP binding","A0A0K0FS51","",NA,"",NA,"",NA,"",NA
"1786","SVE_1311200",0.0687429172786716,0.113147662449303,0.0656291926733799,0,0,0.201947550655791,0.0657609898521801,0.179550618074074,0.0880353861172953,0,0,0.121319388880093,"SVE_scaffold0000094","Helicase C-terminal domain-containing protein","Helicase_C, P-loop_NTPase",NA,"A0A0K0FS52","",NA,"",NA,"",NA,"",NA
"1787","SVE_1311400",0,0,0,0.0759498914475974,0.157927935393252,0.307981335591366,0,0,0,0,0,0,"SVE_scaffold0000094","",NA,NA,"A0A0K0FS54","",NA,"",NA,"SPAL_0000483750",0,"",NA
"1788","SVE_1317000",0.0651679452368742,0.063778374772794,0,0,0,0.0890244900351,0,0.0619085050981366,0.0780338798604806,0,0,0,"SVE_scaffold0000095","Transposase",NA,NA,"A0A0K0FS61","",NA,"",NA,"SPAL_0000126950",66.6667,"",NA
"1789","SVE_1317200",0.0664780509894252,0,0,0,0,0,0,0.0629490939114758,0,0,0,0,"SVE_scaffold0000095","HTH domain-containing protein","WH-like_DNA-bd_sf",NA,"A0A0K0FS63","",NA,"",NA,"",NA,"",NA
"1790","SVE_1317300",0.0658659956667101,0,0,0,0,0,0,0,0,0.0759079528577947,0,0,"SVE_scaffold0000095","",NA,NA,"A0A0K0FS64","",NA,"",NA,"SPAL_0001776600",54.4643,"",NA
"1791","SVE_1317400",0.065053968825962,0.12873758712077,0.129788599075103,0.127151915274364,0,0,0,0,0,0,0.068978515128705,0,"SVE_contig0000023","50S ribosomal protein L29",NA,NA,"A0A0K0FS65","",NA,"",NA,"SPAL_0000578375",83.1169,"",NA
"1792","SVE_1317500",0,0,0,0,0,0,0,0.123712595471003,0,0,0,9.55701547642161e-07,"SVE_contig0000023","DUF4194 domain-containing protein",NA,NA,"A0A0K0FS66","",NA,"",NA,"SPAL_0000693600",25,"",NA
"1793","SVE_1317700",0,0,0,0,0,0,0.127837831828877,0.0623451434153777,0.0777147782126988,0.153101613008687,0.0745280699225272,0.135347653327041,"SVE_contig0000023","Peptidase A2 domain-containing protein","Peptidase_aspartic_dom_sf",NA,"A0A0K0FS68","",NA,"SRAE_0000071800 | WBGene00256475",0,"SPAL_0000512500",94.5455,"",NA
"1794","SVE_1317800",0,0,0,0,0,0,0.243855271801857,0,0.142606928645351,0.265631597881041,0,0.0273318397592911,"SVE_contig0000023","CCHC-type domain-containing protein","Znf_CCHC, Peptidase_aspartic_dom_sf, Peptidase_A2B, Znf_CCHC_sf","nucleic acid binding, zinc ion binding, enzyme binding, cytoplasm","A0A0K0FS69","",NA,"SRAE_0000071800 | WBGene00256475",22.8889,"SPAL_0000257000",63.1111,"",NA
"1795","SVE_1318000",0,0,0,0,0,0,0,0.0631872114415487,0,0.0779371975202847,0,0,"SVE_contig0000023","CBM49 domain-containing protein",NA,NA,"A0A0K0FS70","",NA,"",NA,"SPAL_0001477900",30.6667,"",NA
"1796","SVE_1318100",0,0,0,0,0,0,0,0,0,0,0,0,"SVE_contig0000023","Biogenesis of lysosome-related organelles complex 1 subunit KXD1",NA,NA,"A0A0K0FS71","",NA,"",NA,"SPAL_0001185100",70.9924,"",NA
"1797","SVE_1318200",0,0,0,0,0,0,0,0,0,0,0,0,"SVE_contig0000023","",NA,NA,"A0A0K0FS72","",NA,"",NA,"SPAL_0000696500",87.2611,"",NA
"1798","SVE_1318600",0,0,0,0,0,0,0,0,0,0.0767058861013237,0,0,"SVE_contig0000023","RteC protein",NA,NA,"A0A0K0FS76","",NA,"",NA,"",NA,"",NA
"1799","SVE_1319000",0.0651371099819303,0.127532651459705,0,0,0,0,0.289550516172803,0.125724970894116,0,0,0,0.0745921833475528,"SVE_scaffold0000096","Alpha-1,6-mannosyl-glycoprotein 2-beta-N-acetylglucosaminyltransferase","GlcNAc_II, Nucleotide-diphossugar_trans","Golgi stack, oligosaccharide biosynthetic process, alpha-1,6-mannosylglycoprotein 2-beta-N-acetylglucosaminyltransferase activity, membrane, Golgi membrane, glycosyltransferase activity, Golgi apparatus, protein glycosylation, transferase activity, metal ion binding","A0A0K0FS80","SSTP_0000883500",64,"SRAE_X000149200 | WBGene00267064",63.2,"",NA,"gly-20 | WBGene00001645",37.2
"1800","SVE_1319300",0,0,0.0663331053896816,0,0.0907854491286674,0,0,0,0.153879504007608,0,0,0.0735712117057621,"SVE_scaffold0000096","",NA,NA,"A0A0K0FS83","",NA,"",NA,"SPAL_0001354100",88.1119,"",NA
"1801","SVE_1319400",0,0,0,0,0,0.0906267389792443,0.0635875871154521,0.0624498293268551,0,0,0,0,"SVE_scaffold0000096","",NA,NA,"A0A0K0FS84","",NA,"",NA,"SPAL_0000459400",31.3433,"",NA
"1802","SVE_1328400",0,0,0,0,0,0.0880315140830161,0.0644364112149654,0.0634143777478175,0,0,0,0,"SVE_scaffold0000097","DUF3149 domain-containing protein",NA,"membrane","A0A0K0FS91","SSTP_0000200100",46.9314,"SRAE_2000518300 | WBGene00265439",46.5704,"SPAL_0000686500",88.8087,"",NA
"1803","SVE_1328500",0,0.190737448675747,0.0609740390277555,0,0.355259757442272,0.0867325736245223,0,0,0.0790958452649009,0.0773311136279645,0,0,"SVE_scaffold0000097","Dopamine/Ecdysteroid receptor (inferred by orthology to a D. melanogaster protein)","GPCR_Rhodpsn, GPCR_Rhodpsn_7TM","G protein-coupled receptor activity, G protein-coupled receptor signaling pathway, membrane","A0A0K0FS92","SSTP_0000200000",95.0769,"SRAE_2000518400 | WBGene00265440",93.8462,"SPAL_0000686600",98.1538,"pcdr-1 | WBGene00010329",48.6154
"1804","SVE_1328700",0.0654610038165561,0.192187016307576,0,0.059689929102612,0,0.176705356054877,0,0,0,0,0,0,"SVE_scaffold0000097","DB domain-containing protein","DB",NA,"A0A0K0FS94","SSTP_0000199800",74.1525,"SRAE_2000518600 | WBGene00265442",65.2542,"SPAL_0000686800",94.9153,"",NA
"1805","SVE_1329300",0,0,0,0,0,0,0,0.0622487346433015,0,0,0.074703801437712,0,"SVE_scaffold0000097","Endoribonuclease","EndoU_C, EndoU-like, ENDOU","endoribonuclease activity, endonuclease activity, RNA binding, nuclease activity, RNA phosphodiester bond hydrolysis, endonucleolytic, hydrolase activity, metal ion binding","A0A0K0FSA0","SSTP_0000637800",52.8239,"SRAE_X000043100 | WBGene00265990",53.8206,"SPAL_0000176600",55.4817,"endu-1 | WBGene00010488",35.5482
"1806","SVE_1329900",0,0,0,0,0,0,0.128429983916948,0.126566029051501,0.079748801416727,0.0779792503236928,0,0,"SVE_scaffold0000098","Tolloid-like protein 2 (inferred by orthology to a human protein)","EGF-like_dom, Sperma_CUB_dom_sf",NA,"A0A0K0FSA6","SSTP_0000832800",29.661,"",NA,"SPAL_0000516300",27.5424,"",NA
"1807","SVE_1330000",0,0.128906199650267,0,0.0646797732390152,0,0,0,0.0945403632076601,0,0.0371747132932632,0,0,"SVE_scaffold0000098","",NA,NA,"A0A0K0FSA7","",NA,"",NA,"",NA,"",NA
"1808","SVE_1330100",0,0,0,0,0,0.188413676647617,0,0,0,0.150756112391475,0,0.0725827610877555,"SVE_scaffold0000098","","Aspartic_peptidase_AS, Peptidase_aspartic_dom_sf","aspartic-type endopeptidase activity, proteolysis",NA,"",NA,"",NA,"SPAL_0000417300",40.8163,"",NA
"1809","SVE_1330200",0,0.0805102538995056,0,0,0,0,0,0,0,0,0,0,"SVE_scaffold0000098","Reverse transcriptase domain-containing protein","Rev_trsase/Diguanyl_cyclase, DNA/RNA_pol_sf",NA,"A0A0K0FSA9","",NA,"",NA,"SPAL_0001178700",0,"",NA
"1810","SVE_1330500",0,0,0,0,0.175231638277273,0,0,0,0,0,0,0,"SVE_scaffold0000098","RNase H domain-containing protein","RNaseH_domain, RNaseH_sf","RNA-DNA hybrid ribonuclease activity, nucleic acid binding, RNA phosphodiester bond hydrolysis, endonucleolytic","A0A0K0FSB2","",NA,"",NA,"SPAL_0001121800",46.4968,"",NA
"1811","SVE_1330800",0,0,0,0,0,0,0,0.0641991892592387,0,0,0,0,"SVE_scaffold0000098","",NA,NA,"A0A0K0FSB5","",NA,"",NA,"SPAL_0001297700",75,"",NA
"1812","SVE_1330900",0.0664175008353857,0,0,0,0,0,0.0642802474431647,0,0,0,0,0,"SVE_scaffold0000098","ATP-dependent DNA helicase","DNA_helicase_dom, DNA_helicase_pif1-like, P-loop_NTPase","telomere maintenance, helicase activity, DNA helicase activity, DNA repair, ATP binding, cellular response to DNA damage stimulus, DNA recombination, ATP hydrolysis activity, DNA duplex unwinding, hydrolase activity, nucleotide binding","A0A0K0FSB6","",NA,"",NA,"SPAL_0000535000",86.0465,"",NA
"1813","SVE_1331000",0,0,0,0,0.0943317452893162,0,0.0634790568025001,0.124743207097322,0.0773749789613813,0.152171875275134,0.292206537568424,0,"SVE_scaffold0000098","",NA,NA,"A0A0K0FSB7","",NA,"",NA,"",NA,"",NA
"1814","SVE_1331100",0,0,0,0,0.0954596342655313,0,0.0649654120826676,0.0691540030680133,0.078007355170892,0.0757918332089231,0.0704878609128779,0.218016378937062,"SVE_scaffold0000098","",NA,NA,"A0A0K0FSB8","",NA,"",NA,"SPAL_0000809500",51.25,"",NA
"1815","SVE_1331200",0.0651794858511575,0,0,0,0,0,0,0,0,0,0,0,"SVE_scaffold0000098","",NA,NA,NA,"",NA,"",NA,"",NA,"",NA
"1816","SVE_1331400",0.085414641619592,0,0.198681553550876,0,0.298707523233008,0.0943282828504977,0,0.0691191174834446,0.081796839626322,0,0.076764534897417,0,"SVE_scaffold0000099","FH2 domain-containing protein",NA,NA,"A0A0K0FSC0","",NA,"",NA,"SPAL_0000578400",27.4336,"",NA
"1817","SVE_1332900",0,0.0642075281162366,0.0622017883552734,0.060556628501056,0.0924541051533693,0.0900988075596793,0,0,0.0758920094656827,0.148977513851133,0,0,"SVE_scaffold0000099","Wsv008",NA,NA,"A0A0K0FSD5","",NA,"",NA,"",NA,"",NA
"1818","SVE_1333000",0,0.0637159057864422,0,0,0,0,0,0,0,0,0,0,"SVE_scaffold0000099","Ig-like domain-containing protein",NA,NA,"A0A0K0FSD6","",NA,"",NA,"SPAL_0000493500",63.5838,"",NA
"1819","SVE_1333100",0.0656678125318872,0,0.0631514711608719,0,0,0,0,0,0,0,0,0,"SVE_scaffold0000099","",NA,NA,"A0A0K0FSD7","",NA,"",NA,"",NA,"",NA
"1820","SVE_1333400",0.0650606922138028,0,0,0,0,0,0.128959539770271,0.162764670593961,0,0,0.224082888412757,0,"SVE_scaffold0000100","Sterile alpha and TIR motif-containing protein 1",NA,NA,"A0A0K0FSE0","SSTP_0000707500",32.2335,"",NA,"",NA,"",NA
"1821","SVE_1333600",0,0,0,0,0,0,0.0642877868768194,0.190523835483321,0,0,0,0.0733686319461037,"SVE_scaffold0000100","Peptidase A2 domain-containing protein","Aspartic_peptidase_AS, Peptidase_aspartic_dom_sf","aspartic-type endopeptidase activity, proteolysis","A0A0K0FSE1","SSTP_0000067200",27.8351,"",NA,"",NA,"",NA
"1822","SVE_1333700",0.323989622803344,0.223997691285582,0,0,0,0,0,0.0720958903484382,0,0,0.0732715772545174,0.144016673764627,"SVE_scaffold0000100","Reverse transcriptase domain-containing protein",NA,NA,"A0A0K0FSE2","SSTP_0000707500",17.7673,"",NA,"",NA,"",NA
"1823","SVE_1334200",0.12981100069156,0,0,0,0.0887078767665728,0.0866642214893125,0.0641643450325922,0.252309994699181,0.0790660267344423,0.185529652412653,0,0,"SVE_scaffold0000100","",NA,NA,NA,"",NA,"",NA,"",NA,"",NA
"1824","SVE_1334300",0.131781025016261,0.129323248176627,0.124489073144226,0.121571280027709,0,0.0908931576799101,0.189963578670056,0.123769461233533,0,0,0,0.0735722100158843,"SVE_scaffold0000100","",NA,"membrane","A0A0K0FSE7","",NA,"",NA,"",NA,"",NA
"1825","SVE_1334500",0,0,0,0,0,0,0,0,0,0,0,0,"SVE_scaffold0000100","Helitron_like_N domain-containing protein",NA,NA,"A0A0K0FSE9","",NA,"",NA,"",NA,"",NA
"1826","SVE_1334600",0,0,0,0,0,0,0,0,0,0,0,0,"SVE_scaffold0000100","Helitron_like_N domain-containing protein","Helitron_helicase-like",NA,"A0A0K0FSF0","",NA,"",NA,"",NA,"",NA
"1827","SVE_1334700",0,0,0,0,0,0,0,0,0.0767089479714458,0,0,0.0727431559770504,"SVE_scaffold0000100","",NA,NA,"A0A0K0FSF1","",NA,"",NA,"SPAL_0000546100",63.0208,"",NA
"1828","SVE_1334800",0.200186921716813,0,0.0622008692020295,0,0,0,0,0.0641510851100522,0,0,0,0,"SVE_scaffold0000100","",NA,NA,"A0A0K0FSF2","",NA,"",NA,"SPAL_0001337900",41.3462,"",NA
"1829","SVE_1335000",0,0,0,0,0,0,0,0,0,0,0,0,"SVE_scaffold0000100","DbpA domain-containing protein",NA,NA,"A0A0K0FSF4","",NA,"",NA,"SPAL_0001772700",35.2459,"",NA
"1830","SVE_1335100",0,0,0,0,0,0,0.51040199562448,0.188129450354847,0,0,0.074319436994218,0.0729785874237507,"SVE_scaffold0000100","Ribonuclease H","Integrase_cat-core, RNaseH_domain, RNaseH-like_sf, RNaseH_sf","DNA integration, RNA-DNA hybrid ribonuclease activity, nucleic acid binding, RNA phosphodiester bond hydrolysis, endonucleolytic","A0A0K0FSF5","",NA,"",NA,"SPAL_0000105900",29.9451,"",NA
"1831","SVE_1335200",0,0,0,0,0,0,0,0,0.0794365184290483,0,0,0.0702420330714835,"SVE_scaffold0000100","Mitochondrial protein","Rev_trsase/Diguanyl_cyclase, DNA/RNA_pol_sf",NA,"A0A0K0FSF6","",NA,"",NA,"",NA,"",NA
"1832","SVE_1335500",0,0,0,0,0,0,0.253868582748813,0.062515564180107,0.236372969973333,0,0,0.225315231137461,"SVE_scaffold0000100","",NA,NA,"A0A0K0FSF9","",NA,"",NA,"",NA,"",NA
"1833","SVE_1335600",0,0,0,0,0,0,0,0.12687171409711,0,0.155260035851111,0,0,"SVE_scaffold0000100","",NA,NA,"A0A0K0FSG0","",NA,"",NA,"",NA,"",NA
"1834","SVE_1340500",0,0,0,0,0,0,0,0.0641990167569642,0,0,0,0,"SVE_scaffold0000101","Helitron_like_N domain-containing protein","Helitron_helicase-like",NA,"A0A0K0FSG3","",NA,"SRAE_0000082000 | WBGene00256580",19.8083,"SPAL_0000380700",22.3642,"",NA
"1835","SVE_1340600",0,0,0,0,0,0,0.0654312934708852,0,0,0,0,0,"SVE_scaffold0000101","ATP-dependent DNA helicase","DNA_helicase_pif1-like, P-loop_NTPase","telomere maintenance, DNA helicase activity, DNA repair, cellular response to DNA damage stimulus, DNA recombination, helicase activity, ATP hydrolysis activity, DNA duplex unwinding, hydrolase activity, ATP binding, nucleotide binding","A0A0K0FSG4","",NA,"",NA,"",NA,"",NA
"1836","SVE_1340700",0.0651795873253759,0,0,0,0,0,0,0,0,0,0,0,"SVE_scaffold0000101","ATP-dependent DNA helicase","P-loop_NTPase",NA,"A0A0K0FSG5","",NA,"",NA,"SPAL_0000535000",80.9524,"",NA
"1837","SVE_1340900",0.0651797333826594,0,0,0,0,0,0,0,0,0,0,0,"SVE_scaffold0000101","Sen15 domain-containing protein",NA,NA,"A0A0K0FSG7","",NA,"",NA,"SPAL_0000808050",39.0625,"",NA
"1838","SVE_1341000",0.200141291172378,0.195885038034344,0.0628749443710071,0.3069769151824,0,0,0.127889758912728,0,0,0.0768664129165128,0,0,"SVE_scaffold0000101","",NA,NA,"A0A0K0FSG8","",NA,"",NA,"SPAL_0001671000",30.8943,"",NA
"1839","SVE_1341300",0.13187247885076,0.19386621421462,0.0614744915343741,0.0602768896112393,0,0,0.127703705009085,0,0,0.0776161662904504,0,0.0753381721083344,"SVE_scaffold0000101","G_PROTEIN_RECEP_F1_2 domain-containing protein",NA,"membrane","A0A0K0FSH1","",NA,"",NA,"",NA,"Y41D4B.24 | WBGene00021524",27.6836
"1840","SVE_1342800",0,0,0,0,0,0,0.0634783061962385,0.187605289744553,0.236722387310487,0.154458859414815,0.0757013964501917,0,"SVE_scaffold0000101","",NA,NA,"A0A0K0FSI6","",NA,"",NA,"SPAL_0001563800",9.09091,"",NA
"1841","SVE_1361900",0.132380975070116,0.065605025360262,0,0,0,0,0,0.0639418416054912,0.0779911512124623,0,0.0698843476795934,0,"SVE_scaffold0000102","Secreted protein",NA,NA,"A0A0K0FSI8","",NA,"",NA,"",NA,"",NA
"1842","SVE_1362100",0,0,0,0,0,0,0,0,0,0,0,0,"SVE_scaffold0000102","",NA,NA,"A0A0K0FSJ0","",NA,"",NA,"",NA,"",NA
"1843","SVE_1362200",0,0.0659304399726058,0,0,0,0,0,0.0640761045430153,0,0,0,0.0689857816351543,"SVE_scaffold0000102","",NA,NA,"A0A0K0FSJ1","",NA,"",NA,"SPAL_0000934000",14.4928,"",NA
"1844","SVE_1363400",0.130108577864162,0.190988914508666,0,0,0,0,0.0649596434187058,0.191233854583457,0.0785902228815359,0.0769163792079884,0,0.144203778238606,"SVE_scaffold0000102","EGF-like domain-containing protein",NA,"membrane","A0A0K0FSK3","SSTP_0000806000",25.2044,"SRAE_2000132600 | WBGene00261529",25.3406,"SPAL_0001732300",84.7411,"",NA
"1845","SVE_1386300",0,0,0,0,0,0,0,0,0.0782817712544965,0,0,0,"SVE_scaffold0000103","K-box domain-containing protein",NA,NA,"A0A0K0FSK4","",NA,"",NA,"SPAL_0000562400",98.2906,"",NA
"1846","SVE_1386400",0,0.12441207581707,0,0,0.179501280562998,0,0,0,0,0,0,0,"SVE_scaffold0000103","Plasmodium yoelii subtelomeric region (PYST-C1)",NA,NA,"A0A0K0FSK5","SSTP_0000864200",68.3168,"SRAE_X000145500 | WBGene00267026",68.3168,"SPAL_0001457000",92.0792,"",NA
"1847","SVE_1387300",0.130013621874347,0.127392127837001,0,0.118994177117737,0,0.0873300662230431,0.224522357814645,0,0,0.0774504027517994,0,0.0743743914185473,"SVE_scaffold0000103","",NA,NA,NA,"",NA,"",NA,"",NA,"",NA
"1848","SVE_1387400",0.133417074200227,0,0,0,0,0,0.0642296776501027,0.0630804310861027,0,0.0778008335739003,0,0,"SVE_scaffold0000103","Integrase catalytic domain-containing protein","RNaseH-like_sf, RNaseH_sf","nucleic acid binding","A0A0K0FSL4","",NA,"",NA,"",NA,"",NA
"1849","SVE_1397400",0,0,0,0,0,0,0,0,0,0,0,0,"SVE_contig0000024","TRAF-interacting protein with FHA domain-containing protein A",NA,NA,"A0A0K0FSM1","",NA,"",NA,"",NA,"",NA
"1850","SVE_1397500",0.0649612091427957,0.254479538562332,0,0,0,0.0878633579923773,0.127165380609755,0,0.0789665848242667,0,0,0,"SVE_contig0000024","Probable cation-transporting ATPase (inferred by orthology to a C. elegans protein)",NA,NA,"A0A0K0FSM2","",NA,"",NA,"",NA,"catp-8 | WBGene00007514",52.6087
"1851","SVE_1397700",0.0647049126182776,0.126945667604005,0,0,0,0,0,0.0943989056800609,0,0,0.074194293450589,0.0736191491288828,"SVE_contig0000024","ATS domain-containing protein",NA,NA,"A0A0K0FSM4","",NA,"",NA,"SPAL_0000459400",56.4286,"",NA
"1852","SVE_1397900",0.128730937349958,0.0630770634913933,0,0,0.179859684358527,0.0879516383712716,0.0856510062668156,0,0,0,0.0740634827797354,0,"SVE_contig0000024","Alpha-1,6-mannosyl-glycoprotein 6-beta-N-acetylglucosaminyltransferase","GlcNAc_II","Golgi stack, oligosaccharide biosynthetic process, alpha-1,6-mannosylglycoprotein 2-beta-N-acetylglucosaminyltransferase activity, membrane, Golgi membrane, glycosyltransferase activity, Golgi apparatus, protein glycosylation, transferase activity, metal ion binding","A0A0K0FSM6","SSTP_0000883500",69.1358,"SRAE_X000149200 | WBGene00267064",67.284,"",NA,"gly-20 | WBGene00001645",37.6543
"1853","SVE_1398000",0,0,0,0,0.0887094368589896,0.0866219749532847,0.0634137474504722,0.062373459215383,0,0.153635351520216,0,0.0738038503733598,"SVE_contig0000024","Alpha-1,6-mannosyl-glycoprotein 2-beta-N-acetylglucosaminyltransferase","GlcNAc_II, Nucleotide-diphossugar_trans","Golgi stack, oligosaccharide biosynthetic process, alpha-1,6-mannosylglycoprotein 2-beta-N-acetylglucosaminyltransferase activity, membrane, Golgi membrane, glycosyltransferase activity, Golgi apparatus, protein glycosylation, transferase activity, metal ion binding","A0A0K0FSM7","SSTP_0000883500",59.707,"SRAE_X000149200 | WBGene00267064",46.5201,"",NA,"gly-20 | WBGene00001645",35.1648
"1854","SVE_1398100",0,0,0,0,0,0,0.0651239020797323,0.127282031177942,0.0794790007216515,0,0,0,"SVE_scaffold0000104","",NA,NA,"A0A0K0FSM8","",NA,"",NA,"",NA,"",NA
"1855","SVE_1398200",0,0,0,0,0,0,0.0656490456525903,0.0640506647227025,0,0,0,0,"SVE_scaffold0000104","FLYWCH-type domain-containing protein",NA,NA,"A0A0K0FSM9","SSTP_0000986500",34.2342,"",NA,"",NA,"",NA
"1856","SVE_1398600",0,0,0,0,0.0893141422594048,0.087234408873291,0.0641340417450964,0.0630788512828887,0,0,0,0,"SVE_scaffold0000104","Tyr recombinase domain-containing protein",NA,NA,"A0A0K0FSN3","SSTP_0000454300",39.7993,"",NA,"SPAL_0001573000",80.2676,"",NA
"1857","SVE_1398700",0,0,0,0,0,0,0,0.065564275530589,0.0787771929442,0.0766612971161568,0.0705720804720074,0,"SVE_scaffold0000104","",NA,NA,"A0A0K0FSN4","SSTP_0000492200",42.4242,"",NA,"SPAL_0000248100",50,"",NA
"1858","SVE_1398900",0,0,0,0,0.190323187692326,0,0.0645514965645284,0,0.230214954579409,0,0,0.136063775214238,"SVE_scaffold0000104","",NA,NA,"A0A0K0FSN6","SSTP_0000524100",35.2113,"",NA,"SPAL_0001655000",49.2958,"",NA
"1859","SVE_1401900",0,0,0.1231730660522,0,0.120079195000836,0.0996456362917258,0.039190077204717,0,0,0.0733740332627305,0,0.134594967006311,"SVE_scaffold0000105","",NA,NA,"A0A0K0FSP0","",NA,"",NA,"",NA,"",NA
"1860","SVE_1402700",0.0649554245264584,0.0638262623445448,0,0,0,0,0.0625685275727061,0,0.0773034597403737,0,0.297432103541023,0.0737948444437773,"SVE_scaffold0000105","DUF35_N domain-containing protein",NA,NA,"A0A0K0FSP8","",NA,"",NA,"",NA,"",NA
"1861","SVE_1402800",0.065431540903256,0.194999327096963,0,0,0,0,0,0,0,0.0749104407535505,0,0,"SVE_scaffold0000105","",NA,NA,"A0A0K0FSP9","",NA,"",NA,"",NA,"",NA
"1862","SVE_1402900",0,0,0,0,0,0,0.130993724473316,0,0,0,0,0,"SVE_scaffold0000105","Biogenesis of lysosome-related organelles complex 1 subunit 1",NA,NA,"A0A0K0FSQ0","",NA,"",NA,"SPAL_0000046900",41.3223,"",NA
"1863","SVE_1409900",0,0,0,0,0,0.088575682104183,0.0626058741957714,0.123249626833615,0.0777194314393818,0.0760708392380206,0.0745891158506386,0.074139552754852,"SVE_contig0000025","DCache_2 domain-containing protein",NA,NA,"A0A0K0FSQ1","",NA,"",NA,"SPAL_0001220300",83.125,"",NA
"1864","SVE_1410000",0,0,0,0,0,0,0.193960903155069,0.126969429698254,0,0.0770292891706272,0.147781447777444,0,"SVE_contig0000025","Merozoite surface protein 1",NA,NA,"A0A0K0FSQ2","",NA,"",NA,"SPAL_0001220400",29.8625,"",NA
"1865","SVE_1410100",0.195539250808773,0,0,0,0,0,0,0,0,0,0,0,"SVE_contig0000025","",NA,NA,"A0A0K0FSQ3","",NA,"",NA,"SPAL_0001220600",59.9156,"",NA
"1866","SVE_1410200",0,0,0,1.34876142233695e-06,0,0,0,2.03672675268583e-09,0,0,0,0,"SVE_contig0000025","DUF148 domain-containing protein",NA,NA,"A0A0K0FSQ4","",NA,"",NA,"SPAL_0000836600",60,"",NA
"1867","SVE_1410300",0.0651797270075002,0,0,0,0,0,0,0,0,0,0,0,"SVE_contig0000025","",NA,NA,"A0A0K0FSQ5","",NA,"",NA,"SPAL_0001761200",43.4783,"",NA
"1868","SVE_1410700",0,0,0,0,0,0,0,0,0,0.0767060956898764,0,0,"SVE_contig0000025","HTH luxR-type domain-containing protein",NA,NA,"A0A0K0FSQ9","",NA,"",NA,"",NA,"",NA
"1869","SVE_1411000",0.103384933464114,0.0726639642286972,0.10591743220177,0.0635603882689789,0.105655235899342,0.104947830074192,0.160528319441723,0,0,0,0.160971374434257,0,"SVE_contig0000025","Craniofacial development protein 2-like","Endo/exonu/phosph_ase_sf",NA,"A0A0K0FSR2","",NA,"",NA,"SPAL_0001077900",43.5644,"",NA
"1870","SVE_1411100",0,0,0,0,0,0,0.0653693517434645,0.1286487146496,0,0,0,0,"SVE_contig0000025","Histone-lysine N-methyltransferase SETMAR","Transposase_1, RNaseH_sf","nucleic acid binding","A0A0K0FSR3","SSTP_0000301100",70.5882,"",NA,"SPAL_0001603900",64.7059,"",NA
"1871","SVE_1417300",0,0,0,0,0,0,0,0.0659737499224554,0,0.0746513325825849,0,0,"SVE_contig0000026","",NA,NA,"A0A0K0FSR5","",NA,"",NA,"SPAL_0001369500",86.3636,"",NA
"1872","SVE_1417500",0,0.127268688664895,0,0,0,0,0.221570217241104,0.293313879295479,0.0900815283734714,0.081728521558108,0,0.0763641694268135,"SVE_contig0000026","Integrase catalytic domain-containing protein","Integrase_cat-core, RNaseH-like_sf, RVT_2, RNaseH_sf","DNA integration, nucleic acid binding","A0A0K0FSR7","",NA,"",NA,"SPAL_0000278800",92.2734,"",NA
"1873","SVE_1417800",0,0.190912076586769,0,0,0,0,0.0631472547131079,0,0.0784097204363592,0,0.0751739865427186,0,"SVE_contig0000026","PDZ domain-containing protein","PDZ, PDZ_sf","protein binding","A0A0K0FSS0","SSTP_0000694100",68.254,"SRAE_2000311300 | WBGene00263333",73.0159,"SPAL_0000296600",80.4233,"magu-1 | WBGene00021914",34.9206
"1874","SVE_1417900",0,0,0,0,0,0,0,0,0,0,0,0.0712273464873264,"SVE_contig0000026","",NA,NA,"A0A0K0FSS1","",NA,"",NA,"SPAL_0000459400",40.367,"",NA
"1875","SVE_1418100",0.130183306620989,0.0637384468691017,0,0,0,0,0.0647719289188514,0.127200173071121,0,0,0.0966237434624453,0,"SVE_contig0000026","HTH myb-type domain-containing protein",NA,NA,"A0A0K0FSS3","",NA,"",NA,"SPAL_0000597800",44.9219,"",NA
"1876","SVE_1418200",0,0,0,0,0,0,0,0,0,0,0,0,"SVE_contig0000026","DUF4968 domain-containing protein",NA,NA,"A0A0K0FSS4","",NA,"",NA,"SPAL_0000326700",19.3103,"",NA
"1877","SVE_1418300",0.0649563529759863,0.127152408727549,0,0,0,0,0,0.10270242231404,0.0785248285595849,0,0,0.0426560609327011,"SVE_contig0000026","RVP domain-containing protein","Aspartic_peptidase_AS, Retropepsins, Peptidase_aspartic_dom_sf","aspartic-type endopeptidase activity, proteolysis, hydrolase activity","A0A0K0FSS5","",NA,"",NA,"",NA,"",NA
"1878","SVE_1418400",0.129446329629227,0.126801567606731,0,0,0,0.0860106570024687,0.0642683934832197,0,0.157105948760839,0.153690757412124,0.073964019505908,0,"SVE_contig0000026","Reverse transcriptase domain-containing protein","RT_dom, RT_RNaseH_2, Rev_trsase/Diguanyl_cyclase, DNA/RNA_pol_sf",NA,"A0A0K0FSS6","",NA,"",NA,"SPAL_0001606900",36.3636,"",NA
"1879","SVE_1418500",0.0254545504332417,0.0641876233234667,0,0,0,0,0,0.0626680274198693,0,0.0776251916202328,0,0,"SVE_contig0000026","Integrase catalytic domain-containing protein",NA,NA,"A0A0K0FSS7","",NA,"",NA,"SPAL_0001760500",72.5389,"",NA
"1880","SVE_1418600",0.0646705120937383,0.063341914004734,0,0,0,0,0.0635295457698241,0,0.157530951656159,0,0.0753262045665567,0,"SVE_contig0000026","Scm-like with four mbt domains 1",NA,NA,"A0A0K0FSS8","",NA,"",NA,"SPAL_0000446300",9.84848,"",NA
"1881","SVE_1418700",0,0,0,0,0,0,0,0,0.0783356285792714,0,0,0,"SVE_contig0000026","",NA,NA,"A0A0K0FSS9","",NA,"",NA,"",NA,"",NA
"1882","SVE_1419000",0,0.0641129957568434,0.0666834792962832,0,0.284102504473265,0.181546089256946,0,0.12453417538313,0.0755441091423177,0.0731952425579853,0.067547469959059,0,"SVE_contig0000026","",NA,NA,"A0A0K0FST2","",NA,"",NA,"",NA,"",NA
"1883","SVE_1419200",0,0.128308728933243,0,0.0600562966292281,0,0.0876785176202135,0,0.13202613233921,0,0.0780072351815354,0,0,"SVE_contig0000027","Histone-lysine N-methyltransferase SETMAR (inferred by orthology to a human protein)","Transposase_1, RNaseH_sf, Mos1_HTH","nucleic acid binding","A0A0K0FST4","SSTP_0000301100",64.3333,"",NA,"SPAL_0001603900",59,"",NA
"1884","SVE_1419300",0,0,0,0,0,0,0,0.126000351928676,0.0791395938124504,0.0773768256724627,0,0,"SVE_contig0000027","RNase H domain-containing protein",NA,NA,"A0A0K0FST5","",NA,"",NA,"SPAL_0000935000",23.5474,"",NA
"1885","SVE_1419400",0,0,0,0,0,0,0,0.0651768335237942,0,0,0,0.0701609970935165,"SVE_contig0000027","DNA-directed RNA polymerase",NA,NA,"A0A0K0FST6","",NA,"",NA,"",NA,"",NA
"1886","SVE_1420200",0.129256496276073,0.19212619005541,0,0,0.279575379031584,0.0905624562491028,0.0635093860883516,0.0617394305885652,0,0,0.0694277439738034,0,"SVE_contig0000027","Ovule protein",NA,"membrane","A0A0K0FSU4","",NA,"",NA,"",NA,"",NA
"1887","SVE_1420600",0,0,0,0,0,0,0.129367822808356,0.0638272588662015,0.156919861532694,0.153630057409862,0,0.0723309131448338,"SVE_contig0000027","RNA-directed DNA polymerase-like protein",NA,NA,"A0A0K0FSU8","",NA,"",NA,"SPAL_0000793800",50.5494,"",NA
"1888","SVE_1431100",0,0,0,0,0,0,0.135350167565839,0.071584187995453,0,0.0972877935847727,0.081419631258875,0.090809419788893,"SVE_scaffold0000107","Astacin domain-containing protein","EGF-like_dom, Peptidase_M12A, MetalloPept_cat_dom_sf, Sperma_CUB_dom_sf","metalloendopeptidase activity, metallopeptidase activity, proteolysis, membrane","A0A0K0FSU9","SSTP_0000303400",27.8571,"",NA,"SPAL_0000521300",20.9524,"",NA
"1889","SVE_1431300",0,0,0,0,0,0,0,0,0,0,0,0,"SVE_scaffold0000107","",NA,NA,NA,"",NA,"",NA,"",NA,"",NA
"1890","SVE_1431400",0,0,0,0,0,0,0,0,0.0782057097246849,0.0768331991703502,0,0,"SVE_scaffold0000107","",NA,NA,"A0A0K0FSV1","SSTP_0000700000",16.3462,"",NA,"",NA,"",NA
"1891","SVE_1431500",0,0.0776719057434474,0,0,0,0,0,0,0,0,0,0.0728965523743113,"SVE_scaffold0000107","Reverse transcriptase domain-containing protein","Rev_trsase/Diguanyl_cyclase, DNA/RNA_pol_sf",NA,"A0A0K0FSV2","SSTP_0000700000",23.7668,"",NA,"SPAL_0001092800",87.4439,"",NA
"1892","SVE_1431600",0,0,0,0,0,0,0,0.0641988721242209,0,0,0,0,"SVE_scaffold0000107","RT_RNaseH_2 domain-containing protein","Rev_trsase/Diguanyl_cyclase, DNA/RNA_pol_sf",NA,"A0A0K0FSV3","SSTP_0000700000",17.033,"",NA,"SPAL_0001092800",89.5604,"",NA
"1893","SVE_1432200",0.0664965391714253,0,0.0641000221503857,0,0,0,0.19119811469777,0,0,0,0,0,"SVE_scaffold0000107","",NA,NA,"A0A0K0FSV9","",NA,"",NA,"SPAL_0000344600",79.1667,"",NA
"1894","SVE_1438300",0.0667133326698692,0,0.124910434691901,0.183492397699815,0,0,0.128513631733763,0,0.159202672659769,0.0779560950741678,0,0,"SVE_contig0000028","Reverse transcriptase domain-containing protein",NA,NA,"A0A0K0FSW3","",NA,"",NA,"SPAL_0001476200",23.1293,"",NA
"1895","SVE_1438400",0,0,0,0,0,0,0.0654973487114524,0,0,0,0,0,"SVE_contig0000028","",NA,NA,"A0A0K0FSW4","SSTP_0000958100",68.254,"SRAE_0000002200 | WBGene00255759",66.6667,"SPAL_0001751000",77.7778,"",NA
"1896","SVE_1438600",0.192262324321892,0.0628099641651417,0,0,0,0,0,0,0,0.0754397793284269,0.0739301642933797,0.0732256609736606,"SVE_contig0000028","HEPN domain-containing protein",NA,NA,"A0A0K0FSW6","",NA,"",NA,"",NA,"",NA
"1897","SVE_1438700",0,0,0,0,0,0,0,0,0,0,0.0722736374708191,0.142749295212945,"SVE_contig0000028","",NA,NA,"A0A0K0FSW7","SSTP_0000067300",21.1823,"",NA,"",NA,"",NA
"1898","SVE_1439000",0,0,0,0,0,0,0.130994375422193,0,0,0,0,0,"SVE_contig0000028","",NA,NA,"A0A0K0FSX0","",NA,"",NA,"SPAL_0001169600",37.2263,"",NA
"1899","SVE_1439100",0.0667256986536674,0,0,0,0,0,0.0639858327233845,0,0,0,0,0,"SVE_contig0000028","Transposase",NA,NA,"A0A0K0FSX1","SSTP_0000094500",80.3279,"SRAE_2000194200 | WBGene00262149",79.5082,"SPAL_0001072000",84.4262,"",NA
"1900","SVE_1439300",0,0.127216707659614,0,0,0,0,0,0.122983524355309,0.154443669249172,0,0.148737537538628,0.220937874001062,"SVE_scaffold0000108","Restriction endonuclease",NA,NA,"A0A0K0FSX3","",NA,"SRAE_0000073600 | WBGene00256493",61.8705,"SPAL_0001133900",68.3453,"",NA
"1901","SVE_1439400",0,0,0,0,0,0,0.192389546271341,0.0633301009067603,0,0,0.0734669286735186,0.0727114574455106,"SVE_scaffold0000108","",NA,NA,"A0A0K0FSX4","",NA,"SRAE_0000073600 | WBGene00256493",13.5417,"SPAL_0000457800",0,"",NA
"1902","SVE_1439600",0.0656696706952892,0.12913395093028,0,0,0.27947097663848,0,0,0.0615074865930997,0.0764425187852841,0.0750363889288527,0,0.0001071584162403,"SVE_scaffold0000108","Transcriptional regulator",NA,NA,"A0A0K0FSX6","",NA,"",NA,"",NA,"",NA
"1903","SVE_1439700",0,0.130222358317901,0,0,0,0,0.190143728540744,0,0,0,0.145218656763376,0.0717555584677032,"SVE_scaffold0000108","",NA,NA,"A0A0K0FSX7","",NA,"",NA,"",NA,"",NA
"1904","SVE_1440000",0,0,0,0,0,0,0,0,3.5801605354133e-08,0.0767880256573364,0,0,"SVE_scaffold0000108","","AB_hydrolase",NA,"A0A0K0FSY0","",NA,"SRAE_0000076600 | WBGene00256525",39.2593,"",NA,"",NA
"1905","SVE_1440100",0,0,0,0,0,0,0.0633347732289799,0,0,0.0765826795880523,0.0750389066343493,0,"SVE_scaffold0000108","",NA,NA,"A0A0K0FSY1","",NA,"",NA,"SPAL_0000827700",55.0388,"",NA
"1906","SVE_1440200",0,0,0,0,0,0,0.0704266998732784,0.130906011558933,0.172534702086749,0.0773233403224079,0.283756361989023,0,"SVE_scaffold0000108","Astacin domain-containing protein","Peptidase_M12A, MetalloPept_cat_dom_sf","metalloendopeptidase activity, metallopeptidase activity, proteolysis","A0A0K0FSY2","SSTP_0000303400",34.8259,"",NA,"SPAL_0000521300",6.46766,"",NA
"1907","SVE_1443200",0,0,0,0,0,0,0.0654971452303344,0,0,0,0,0,"SVE_contig0000029","",NA,NA,"A0A0K0FSY4","SSTP_0001156900",30.4348,"SRAE_1000037700 | WBGene00256973",36.2319,"SPAL_0000082000",71.0145,"",NA
"1908","SVE_1443300",0.1931692898435,0,0,0,0,0.0866757763803638,0.126471118114547,0,0,0,0.0749682153118774,0,"SVE_contig0000029","Serpentine receptor class gamma","7TM_GPCR_serpentine_rcpt_Srv","membrane","A0A0K0FSY5","",NA,"",NA,"SPAL_0000181600",61.6279,"",NA
"1909","SVE_1450000",0,0,0,0,0,0,0.131051871558257,0.128341070368091,0,0,0,0,"SVE_contig0000031","",NA,NA,"A0A0K0FSZ0","",NA,"",NA,"",NA,"",NA
"1910","SVE_1450300",0,0,0,0,0.111379354831288,0.119352224815953,0.0751132372497536,0.091716502110964,0,0.144887675062429,0,0,"SVE_contig0000031","RNase H domain-containing protein","RNaseH-like_sf, RNaseH_sf","nucleic acid binding","A0A0K0FSZ3","",NA,"",NA,"",NA,"",NA
"1911","SVE_1450500",0,0,0,0,0,0,0,0,0,0,0,0.0859669617760602,"SVE_contig0000031","Reverse transcriptase domain-containing protein","Rev_trsase/Diguanyl_cyclase, DNA/RNA_pol_sf",NA,"A0A0K0FSZ5","SSTP_0000688850",6.58683,"",NA,"SPAL_0001493800",0.399202,"",NA
"1912","SVE_1450600",0,0,0,0,0,0,0,0,0,0,0,0,"SVE_contig0000031","30S ribosomal protein S18",NA,NA,"A0A0K0FSZ6","",NA,"",NA,"SPAL_0000829350",55.4545,"",NA
"1913","SVE_1453100",0,0,0,0,0,0,0.0650278265132834,0.156749857224391,0.0785535163030979,0,0,0.143640286297832,"SVE_scaffold0000109","",NA,NA,"A0A0K0FSZ7","",NA,"",NA,"",NA,"",NA
"1914","SVE_1453300",0.0861673254452422,0,0,0,0,0,0,0,0,0,0,0,"SVE_scaffold0000109","LRRNT_2 domain-containing protein",NA,NA,"A0A0K0FSZ9","",NA,"",NA,"",NA,"",NA
"1915","SVE_1453400",0,0,0,0,0.264334734223414,0.0863420107280721,0.0622185105318112,0,0,0.0757380657908482,0.148444124594413,0.0730689351162011,"SVE_scaffold0000109","",NA,NA,"A0A0K0FT00","",NA,"",NA,"SPAL_0000001100",49.537,"",NA
"1916","SVE_1453500",0,0,0,0,0.0937349963972329,0,0.0630990737281468,0,0,0,0.0712164484152029,0.0703529189367595,"SVE_scaffold0000109","",NA,NA,"A0A0K0FT01","",NA,"",NA,"SPAL_0000550500",74.4444,"",NA
"1917","SVE_1453700",0.0503307587051651,0,0,0,0,0,0,0,0,0,0,0,"SVE_scaffold0000109","Biogenesis of lysosome-related organelles complex 1 subunit KXD1",NA,NA,"A0A0K0FT03","",NA,"",NA,"SPAL_0001185100",73.1092,"",NA
"1918","SVE_1453800",0,0,0,0,0.0880448975066717,0,0.130141088818762,0.407752337530889,0.0786814317166869,0.0769647132219477,0,0,"SVE_scaffold0000109","ATP-dependent RNA helicase DHX36","Helicase_C, DNA/RNA_helicase_DEAH_CS, Helicase-assoc_dom, DEAD/DEAH_box_helicase_dom, Helicase_ATP-bd, P-loop_NTPase","helicase activity, nucleic acid binding, ATP binding, RNA helicase activity, hydrolase activity, nucleotide binding","A0A0K0FT04","",NA,"",NA,"SPAL_0001339800",88.1546,"rha-1 | WBGene00004355",30.798
"1919","SVE_1453900",0,0,0,0,0,0,0,0,0,0,0,0,"SVE_scaffold0000109","",NA,NA,"A0A0K0FT05","",NA,"",NA,"SPAL_0001339900",32.9897,"",NA
"1920","SVE_1454000",0,0,0,0,0,0,0,0,0.0783359754122654,0,0,0,"SVE_scaffold0000109","HTH cro/C1-type domain-containing protein",NA,NA,"A0A0K0FT06","",NA,"",NA,"SPAL_0000627700",66.2338,"",NA
"1921","SVE_1454100",0,0,0,0,0,0,0,0,0,0,0,0,"SVE_scaffold0000109","",NA,NA,"A0A0K0FT07","",NA,"",NA,"SPAL_0001341100",36.3636,"",NA
"1922","SVE_1461200",0,0,0,0,0,0,0,0,0,0,0,0,"SVE_scaffold0000110","Lipoprotein",NA,NA,"A0A0K0FT10","",NA,"",NA,"",NA,"",NA
"1923","SVE_1461300",0,0,0,0,0,0,0,0,0,0,0.072423310865529,0,"SVE_scaffold0000110","DUF1758 domain-containing protein",NA,NA,"A0A0K0FT11","",NA,"",NA,"",NA,"",NA
"1924","SVE_1461400",0,0.0640389200727429,0,0.0596460581035218,0,0.0888258454513586,0,0,0,0,0,0,"SVE_scaffold0000110","CCHC-type domain-containing protein",NA,NA,"A0A0K0FT12","",NA,"",NA,"SPAL_0000688000",53.886,"",NA
"1925","SVE_1461500",0,0,0,0.0627862083855365,0,0,0.192193137039557,0,0.0781608489447236,0,0.073562157588999,0,"SVE_scaffold0000110","DUF2767 domain-containing protein",NA,NA,"A0A0K0FT13","",NA,"",NA,"",NA,"",NA
"1926","SVE_1463900",0.0650160519188127,0.0322037045383498,0,0,0.283868335850418,0.304975151502405,0.0482927082658166,0,0,0.0247309219179315,0.0688191746817909,0.034024058577665,"SVE_scaffold0000111","",NA,"membrane","A0A0K0FT18","",NA,"",NA,"SPAL_0000210800",72.3684,"",NA
"1927","SVE_1470000",0.0662615993002822,0,0,0,0,0,0,0,0,0.0754567918644993,0,0,"SVE_contig0000032","ATP-dependent DNA helicase","DNA_helicase_pif1-like","telomere maintenance, DNA helicase activity, DNA repair, cellular response to DNA damage stimulus, DNA recombination, helicase activity, ATP hydrolysis activity, DNA duplex unwinding, hydrolase activity, ATP binding, nucleotide binding","A0A0K0FT27","SSTP_0001237500",37.6471,"SRAE_0000067500 | WBGene00256424",50.5882,"",NA,"",NA
"1928","SVE_1470100",0.321808864879958,0.126170874270932,0,0,0,0,0,0,0,0.0766169505414631,0.148345262712338,0,"SVE_contig0000032","ATP-dependent DNA helicase","DNA_helicase_pif1-like, P-loop_NTPase","telomere maintenance, DNA helicase activity, DNA repair, cellular response to DNA damage stimulus, DNA recombination, helicase activity, ATP hydrolysis activity, DNA duplex unwinding, hydrolase activity, ATP binding, nucleotide binding","A0A0K0FT28","",NA,"",NA,"",NA,"",NA
"1929","SVE_1470200",0.129937158908468,0.318135671798503,0,0,0,0,0,0,0,0.154125374764052,0,0,"SVE_contig0000032","Helitron_like_N domain-containing protein","Helitron_helicase-like",NA,"A0A0K0FT29","",NA,"",NA,"",NA,"",NA
"1930","SVE_1474100",0,0.0622083492725834,0,0,0,0,0,0,0,0,0,0.0729601848670278,"SVE_contig0000033","",NA,NA,"A0A0K0FT39","",NA,"",NA,"",NA,"",NA
"1931","SVE_1474200",0.0637504274952036,0.124789715113611,0,0,0.0881678024880938,0.0864724787398819,0,0,0,0,0,0.0731251478592247,"SVE_contig0000033","Phage_int_SAM_5 domain-containing protein",NA,NA,"A0A0K0FT40","SSTP_0000702700",39.6226,"",NA,"SPAL_0000394100",25,"",NA
"1932","SVE_1474300",0.129919170823539,0.0639317120500221,0,0,0,0,0,0,0,0,0,0,"SVE_contig0000033","RCK N-terminal domain-containing protein",NA,NA,"A0A0K0FT41","",NA,"",NA,"SPAL_0000483700",36.9369,"",NA
"1933","SVE_1481700",0,0,0,0,0,0,0,0.000147893209429249,0,0,0,0.0736545274461792,"SVE_contig0000034","Integrase catalytic domain-containing protein","Integrase_cat-core, RNaseH-like_sf, RNaseH_sf","DNA integration, nucleic acid binding","A0A0K0FT51","SSTP_0001073000",53.4979,"",NA,"SPAL_0000826500",63.786,"",NA
"1934","SVE_1489300",0,0,0,0,0,0,0.0650460076435014,0.0646446728128719,0,0,0,0,"SVE_scaffold0000113","Transposase",NA,NA,"A0A0K0FT56","",NA,"",NA,"",NA,"",NA
"1935","SVE_1489500",0.0644373696111759,0,0,0,0,0,0,0,0,0,0,0.14409837624778,"SVE_scaffold0000113","",NA,NA,"A0A0K0FT58","",NA,"",NA,"SPAL_0000459400",34.1667,"",NA
"1936","SVE_1489800",0,0.130858237357368,0,0,0,0,0.25651353456547,0.0630570375145449,0,0.310774472368041,0,0,"SVE_scaffold0000114","M protein",NA,NA,"A0A0K0FT60","",NA,"",NA,"SPAL_0001202900",67.9389,"",NA
"1937","SVE_1490000",0.13308007244724,0.195839655455794,0,0,0,0,0,0.25284909419163,0.0775885384022299,0.151599373875967,0.0718767529122462,0,"SVE_scaffold0000114","Retrovirus-related Pol polyprotein from transposon TNT 1-94",NA,NA,"A0A0K0FT62","",NA,"",NA,"SPAL_0001685700",87.6404,"",NA
"1938","SVE_1490400",0,0,0,0,0,0,0.126015740768685,0.123935421719056,0,0.076378391279476,0.224891816275418,0.149036568301403,"SVE_scaffold0000115","Secreted protein",NA,NA,"A0A0K0FT66","",NA,"",NA,"SPAL_0000387200",37.7622,"",NA
"1939","SVE_1492200",0.000778406137997012,0,0,0,0,0,0,0,0.122340406176437,0,0,0,"SVE_scaffold0000116","Herpes_Helicase domain-containing protein","DNA_helicase_dom, P-loop_NTPase","helicase activity, ATP binding, hydrolase activity, nucleotide binding","A0A0K0FT69","",NA,"",NA,"",NA,"",NA
"1940","SVE_1494700",0,0,0,0,0,0.0887828510200199,0.0629938921555904,0.186356107720281,0,0,0.075041090290321,0,"SVE_scaffold0000117","",NA,NA,"A0A0K0FT70","SSTP_0000064800",35.9551,"",NA,"",NA,"",NA
"1941","SVE_1494800",0,0,0.0734772192154046,0,0,0,0.128760496876138,0,0,0,0,0,"SVE_scaffold0000117","START domain-containing protein",NA,NA,"A0A0K0FT71","",NA,"SRAE_0000050800 | WBGene00256253",27.8351,"SPAL_0000212500",4.12371,"",NA
"1942","SVE_1494900",0,0,0,0,0,0,0,0,0,0,0,0,"SVE_scaffold0000117","",NA,NA,"A0A0K0FT72","",NA,"",NA,"",NA,"",NA
"1943","SVE_1495000",0,0,0,0,0,0,0,0,0,0,0,0.0712272017206622,"SVE_scaffold0000117","SVM_signal domain-containing protein",NA,"membrane","A0A0K0FT73","",NA,"SRAE_0000050750 | WBGene00256252",31.2102,"",NA,"",NA
"1944","SVE_1495100",0.0975436063966806,0,0,0,0,0,0,0,0,0,0,0,"SVE_scaffold0000117","DDE_Tnp_1_7 domain-containing protein",NA,"membrane","A0A0K0FT74","",NA,"SRAE_0000050900 | WBGene00256254",16.129,"",NA,"",NA
"1945","SVE_1495200",0.0667061928274818,0.130575544766054,0.0621290678127271,0.0608538269618403,0,0,0,0.0641395513607327,0,0,0,0,"SVE_scaffold0000117","DUF4238 domain-containing protein",NA,NA,"A0A0K0FT75","",NA,"SRAE_0000050700 | WBGene00256251",12.7358,"",NA,"",NA
"1946","SVE_1495300",0,0,0,0,0,0,0,0,0.0783356398316904,0,0,0,"SVE_scaffold0000117","Reverse transcriptase domain-containing protein","RT_dom",NA,"A0A0K0FT76","",NA,"",NA,"",NA,"",NA
"1947","SVE_1495500",0,0.0659115593022028,0.125408812060166,0.061451906358943,0,0,0.0651075281238348,0.12833936603081,0,0,0,0,"SVE_scaffold0000117","HTH_48 domain-containing protein","Mos1_HTH",NA,"A0A0K0FT78","SSTP_0000704900",41.1429,"",NA,"",NA,"",NA
"1948","SVE_1495700",0.0656116408790228,0.0641694960336778,0,0,0,0,0.0628513439271445,0,0,0,0.0744775297514996,0,"SVE_scaffold0000117","","Transposase_1, RNaseH_sf","nucleic acid binding","A0A0K0FT80","",NA,"SRAE_X000169800 | WBGene00267273",67.1875,"",NA,"",NA
"1949","SVE_1495800",0.0649341143452692,0.0635613324597262,0,0,0,0,0.0647454938321719,0.168064380714636,0,0,0.0734742925863814,0.144411629935154,"SVE_scaffold0000117","C2H2-type domain-containing protein",NA,NA,"A0A0K0FT81","SSTP_0000986500",23.825,"",NA,"",NA,"",NA
"1950","SVE_1496100",0,0,0,0,0,0,0.254036320657045,0.0624925965310645,0,0.231294558548989,0,0.0751351193991579,"SVE_scaffold0000118","SCP domain-containing protein",NA,"membrane","A0A0K0FT84","",NA,"",NA,"SPAL_0001777400",17.4497,"",NA
"1951","SVE_1496200",0,0,0,0,0,0,0,0,0,0,0,0,"SVE_scaffold0000118","Hva1_TUDOR domain-containing protein",NA,NA,"A0A0K0FT85","",NA,"",NA,"SPAL_0000835500",64.7059,"",NA
"1952","SVE_1496300",0,0,0,0,0,0,0,0.0629889724029033,0.078405891711672,0.0767002644827579,0,0.0725441351362137,"SVE_scaffold0000118","",NA,NA,NA,"",NA,"",NA,"",NA,"",NA
"1953","SVE_1498700",0.138030185209304,0.0285677683895163,0,0,0.0213445825503733,0,0.0756269274604267,0.0628632114574572,0.212792063810142,0,0.192333867831,0,"SVE_scaffold0000119","Glycoprotein",NA,NA,"A0A0K0FT86","",NA,"",NA,"SPAL_0001779600",67.5676,"",NA
"1954","SVE_1498800",0,0,0.148113400521007,0.193081439995429,0,0,0.130980715414612,0,0,0,0,0,"SVE_scaffold0000119","Histone-lysine N-methyltransferase SETMAR (inferred by orthology to a human protein)","HTH_ArsR_DNA-bd_dom, WH-like_DNA-bd_sf, RNaseH_sf, Mos1_HTH","nucleic acid binding, DNA-binding transcription factor activity, regulation of transcription, DNA-templated","A0A0K0FT87","",NA,"SRAE_X000158000 | WBGene00267153",62.987,"SPAL_0000331400",45.4545,"",NA
"1955","SVE_1499100",0,0,0,0,0.087582000706923,0.0855670961483105,0,0,0,0,0,0,"SVE_scaffold0000119","","ABCA","membrane, transmembrane transport, ABC-type transporter activity","A0A0K0FT90","",NA,"",NA,"",NA,"",NA
"1956","SVE_1499900",0,0,0,0,0,0,0,0,0,0,0,0,"SVE_contig0000035","",NA,NA,"A0A0K0FT98","",NA,"",NA,"SPAL_0001202900",82.7957,"",NA
"1957","SVE_1500000",0,0,0,0,0,0,0,0,0,0,0,0,"SVE_contig0000035","",NA,"membrane","A0A0K0FT99","",NA,"",NA,"SPAL_0000449200",64.7059,"",NA
"1958","SVE_1500200",0,0,0,0,0,0,0,1.60699483378203e-07,0,0,0,0.0737379842407955,"SVE_contig0000035","",NA,"membrane","A0A0K0FTA1","",NA,"",NA,"",NA,"",NA
"1959","SVE_1504900",0.128882866411867,0.0631424627810619,0,0,0,0,0,0,0,0,0.0739240842957654,0,"SVE_scaffold0000120","Metalloendopeptidase","EGF-like_dom, Peptidase_M12A, Peptidase_Metallo, MetalloPept_cat_dom_sf","metalloendopeptidase activity, metallopeptidase activity, proteolysis, zinc ion binding, peptidase activity, hydrolase activity, metal ion binding","A0A0K0FTA7","SSTP_0000503500",42.394,"SRAE_X000143100 | WBGene00267000",43.3915,"",NA,"",NA
"1960","SVE_1505100",0.192975052095469,0.252976857700759,0,0,0.0920497962319205,0.270607247408012,0,0.0609615576586415,0,0,0.0704297400276748,0,"SVE_scaffold0000120","Transposase","RNaseH_sf","nucleic acid binding","A0A0K0FTA9","",NA,"",NA,"SPAL_0000577025",29.4737,"",NA
"1961","SVE_1505300",0.193564868682346,0.0632144132212571,0,0,0,0,0,0.125766656385293,0.235115119494164,0.0766620265425525,0.147813010444191,0.0725928101537242,"SVE_scaffold0000120","Metalloendopeptidase","EGF-like_dom, Peptidase_M12A, Peptidase_Metallo, MetalloPept_cat_dom_sf","metalloendopeptidase activity, metallopeptidase activity, proteolysis, zinc ion binding, peptidase activity, hydrolase activity, metal ion binding","A0A0K0FTB1","SSTP_0000503500",39.5181,"SRAE_X000143100 | WBGene00267000",41.9277,"",NA,"",NA
"1962","SVE_1508900",0,0,0,0,0,0,0,0.123640566953784,0,0,0,0.0739852763546525,"SVE_scaffold0000121","Reverse transcriptase domain-containing protein",NA,NA,"A0A0K0FTB2","",NA,"",NA,"",NA,"",NA
"1963","SVE_1509300",0,0,0,0,0,0,0.166486085523679,0,0,0,0,0,"SVE_scaffold0000121","",NA,NA,"A0A0K0FTB6","",NA,"",NA,"",NA,"",NA
"1964","SVE_1509400",0,0,0,0,0,0,0,0,0,0,0.0724233058998246,0,"SVE_scaffold0000121","Reverse transcriptase domain-containing protein","Rev_trsase/Diguanyl_cyclase, DNA/RNA_pol_sf",NA,"A0A0K0FTB7","SSTP_0000454500",17.7034,"",NA,"",NA,"",NA
"1965","SVE_1513400",0,0,0,0,0,0.268654419054501,0,0,0,0,0,0,"SVE_contig0000036","Histone-lysine N-methyltransferase SETMAR (inferred by orthology to a human protein)","Transposase_14, WH-like_DNA-bd_sf, WH_DNA-bd_sf",NA,"A0A0K0FTB8","SSTP_0000843600",22,"SRAE_X000162100 | WBGene00267194",41,"",NA,"",NA
"1966","SVE_1517100",0.0670021968381045,0,0,0,0,9.70750927089515e-07,0.000444314103210418,0,0.073642522868743,0,0,0,"SVE_scaffold0000122","",NA,NA,"A0A0K0FTC0","",NA,"",NA,"",NA,"",NA
"1967","SVE_1517600",0.066489847029333,0,0,0,0,0,0.127741520628316,0.0623636765890684,0,0.0766614739335793,0.0750392337592491,0,"SVE_scaffold0000122","Four helix bundle protein",NA,NA,"A0A0K0FTC5","",NA,"SRAE_X000180800 | WBGene00267385",56.8966,"",NA,"",NA
"1968","SVE_1517900",0,0.130995662047623,0,0,0,0,0.0636442393865009,0.250108591677998,0,0.0761781825194455,0.219668468123502,0.21891253945793,"SVE_scaffold0000122","",NA,NA,"A0A0K0FTC8","",NA,"",NA,"",NA,"",NA
"1969","SVE_1524100",0.0652027854468362,0,0,0,0.273328234851642,0,0.0629872170620916,0,0,0,0,0,"SVE_contig0000038","Transmembrane protein",NA,"membrane","A0A0K0FTD7","",NA,"",NA,"",NA,"",NA
"1970","SVE_1525600",0.0651798072908696,0,0,0,0,0,0,0,0,0,0,0,"SVE_scaffold0000123","Helitron_like_N domain-containing protein",NA,NA,"A0A0K0FTD8","",NA,"",NA,"SPAL_0000253000",60,"",NA
"1971","SVE_1525800",0,0,0.162794503675329,0.117955519052905,0.186680168131943,0,3.00679382239355e-07,0,0.220477935248017,0.0546175687744135,0,0,"SVE_scaffold0000123","",NA,NA,"A0A0K0FTE0","",NA,"SRAE_0000076000 | WBGene00256519",36.2963,"",NA,"",NA
"1972","SVE_1528100",0,0,0,0,0,0,0,0,0,0,0,0,"SVE_scaffold0000124","DIOX_N domain-containing protein",NA,NA,"A0A0K0FTE5","",NA,"",NA,"",NA,"",NA
"1973","SVE_1528200",0,0,0,0,0,0,0,0.0618369399284904,0,0.076402241686173,0,0.148541687014852,"SVE_scaffold0000124","RNA-directed DNA polymerase",NA,NA,"A0A0K0FTE6","",NA,"",NA,"",NA,"",NA
"1974","SVE_1528300",0,0,0,0,0,0,0,0.0623191385347972,0,0,0.0746192005985301,0,"SVE_scaffold0000124","DDE_Tnp_1_7 domain-containing protein",NA,NA,"A0A0K0FTE7","",NA,"",NA,"",NA,"",NA
"1975","SVE_1534100",0,0,0,0,0,0,0.216223055434803,0.125569406233733,0,0.100923343457481,0,0.0742411535764001,"SVE_scaffold0000125","Protein kinase domain-containing protein","Prot_kinase_dom, Ser/Thr_kinase_AS, Kinase-like_dom_sf","protein kinase activity, protein phosphorylation, ATP binding","A0A0K0FTE8","",NA,"",NA,"",NA,"vrk-1 | WBGene00017895",21.7391
"1976","SVE_1534200",0,0,0,0,0,0,0.243511364902899,0,0,0,0,0,"SVE_scaffold0000125","",NA,NA,"A0A0K0FTE9","",NA,"",NA,"",NA,"",NA
"1977","SVE_1534300",0,0.0170628433686028,0,0,0,0,0.193637060443608,0,0.168139776116379,0,0,0.208595269061671,"SVE_scaffold0000125","RteC protein",NA,NA,"A0A0K0FTF0","",NA,"",NA,"",NA,"",NA
"1978","SVE_1535600",0,0,0,0,0,0,0,0,7.62773474589483e-06,0,0,0.0872526740724953,"SVE_scaffold0000126","Integrase catalytic domain-containing protein","RT_dom, Integrase_cat-core, RNaseH-like_sf, RNaseH_sf, RT_RNaseH, Integrase_H2C2, Rev_trsase/Diguanyl_cyclase, DNA/RNA_pol_sf","DNA integration, nucleic acid binding, DNA-directed DNA polymerase activity, DNA biosynthetic process, DNA polymerase complex","A0A0K0FTF2","",NA,"",NA,"SPAL_0001120800",15.0266,"",NA
"1979","SVE_1535700",0,0,0,0,0,0,0,0.0615991018343731,0.0777398562970571,0.0434580624666205,0.0618284945702813,0.046391686169797,"SVE_scaffold0000126","Reverse transcriptase domain-containing protein","RT_dom, Rev_trsase/Diguanyl_cyclase, DNA/RNA_pol_sf",NA,"A0A0K0FTF3","",NA,"",NA,"SPAL_0001120800",47.2973,"",NA
"1980","SVE_1535800",0,0.116052978526872,0,0,0,0,0,0.160756894544405,0.0429628854107873,0.12415039446574,0.074175987484244,0,"SVE_scaffold0000126","Peptidase A2 domain-containing protein","Peptidase_aspartic_dom_sf",NA,"A0A0K0FTF4","SSTP_0000067200",47.5703,"",NA,"SPAL_0000329800",20.9719,"",NA
"1981","SVE_1540000",0.0319915448681356,0,0,0.0311086544802984,0.0462556165358531,0,0.0316259455398627,0,0,0,0,0,"SVE_contig0000039","",NA,NA,"A0A0K0FTF6","",NA,"",NA,"",NA,"",NA
"1982","SVE_1542000",0,0,0,0,0,0,0.0657097062747143,0.0319956605207022,0,0,0,0,"SVE_contig0000040","Ovule protein",NA,NA,"A0A0K0FTF7","",NA,"",NA,"",NA,"",NA
"1983","SVE_1542300",0,0,0,0,0,0,0,0,0.0783398246042391,0.0767019440002655,0,0,"SVE_contig0000041","Alpha-1,6-mannosyl-glycoprotein 2-beta-N-acetylglucosaminyltransferase","GlcNAc_II, Nucleotide-diphossugar_trans","Golgi stack, oligosaccharide biosynthetic process, alpha-1,6-mannosylglycoprotein 2-beta-N-acetylglucosaminyltransferase activity, membrane, Golgi membrane, glycosyltransferase activity, Golgi apparatus, protein glycosylation, transferase activity, metal ion binding","A0A0K0FTG0","SSTP_0000883500",72.2222,"SRAE_X000149200 | WBGene00267064",71.1111,"",NA,"gly-20 | WBGene00001645",42.2222
"1984","SVE_1545100",0,0.0637155230804219,0,0,0,0,0,0,0,0,0,0,"SVE_contig0000042","C2H2-type domain-containing protein",NA,NA,"A0A0K0FTG2","",NA,"",NA,"",NA,"",NA
"1985","SVE_1546800",0.158511786296732,0,0.0649695571265775,0.0680191940319984,0,0,0,0,0,0,0,0.068190951231289,"SVE_contig0000043","",NA,NA,"A0A0K0FTG4","",NA,"",NA,"",NA,"",NA
"1986","SVE_1546900",0,0.0643761443256321,0,0,0,0,0,0,0,0,0.071681673362288,0,"SVE_contig0000043","Transposase, MuDR, MULE transposase domain protein",NA,NA,"A0A0K0FTG5","",NA,"",NA,"",NA,"",NA
"1987","SVE_1547000",0,0,0,0,0.0875292793966887,0.170987593747126,0,0.0627999095087103,0,0.0763938228519397,0.0734788311954144,0.0721831329402559,"SVE_contig0000043","",NA,NA,"A0A0K0FTG6","SSTP_0000702700",21.0177,"",NA,"SPAL_0000137000",17.4779,"",NA
"1988","SVE_1547100",0,0,0,0,0,0,0.452590862856671,0.227597240052439,0.0783961386247639,0.0862183980358381,0.0733140185242636,0.0720501104699635,"SVE_scaffold0000127","Integrase catalytic domain-containing protein","Integrase_cat-core, RNaseH_domain, RNaseH-like_sf, RNaseH_sf, Integrase_H2C2","DNA integration, RNA-DNA hybrid ribonuclease activity, nucleic acid binding, RNA phosphodiester bond hydrolysis, endonucleolytic","A0A0K0FTG7","SSTP_0000688850",26.2243,"",NA,"SPAL_0001493800",18.7994,"",NA
"1989","SVE_1547300",0,0,0,0,0,0,0,0,0,0,0,0,"SVE_scaffold0000128","",NA,NA,NA,"",NA,"",NA,"",NA,"",NA
"1990","SVE_1547400",0,0,0,0.321726293161551,1.61636436440812e-08,0,0.179121194889844,0,0,0,0,0,"SVE_scaffold0000128","Ovule protein",NA,NA,"A0A0K0FTH0","",NA,"",NA,"SPAL_0000409300",79.5455,"",NA
"1991","SVE_1547500",0,0,0,0,0.0876529998934654,0.0854984198977537,0,0,0,0,0,0,"SVE_scaffold0000128","RGS domain-containing protein",NA,NA,"A0A0K0FTH1","",NA,"",NA,"",NA,"",NA
"1992","SVE_1547600",0,0,0,0,0,0,0,0,0,0,0,0,"SVE_scaffold0000128","RNase H domain-containing protein","RNaseH_domain, RNaseH-like_sf, RNaseH_sf","RNA-DNA hybrid ribonuclease activity, nucleic acid binding, RNA phosphodiester bond hydrolysis, endonucleolytic","A0A0K0FTH2","",NA,"",NA,"",NA,"",NA
"1993","SVE_1547800",0,0,0,0,0,0,0,0,0.0767544592323514,0,0.0732443579914061,0.143771116730212,"SVE_scaffold0000129","ZP domain-containing protein",NA,NA,"A0A0K0FTH4","SSTP_0000444000",2.0202,"",NA,"SPAL_0001563900",34.3434,"",NA
"1994","SVE_1547900",0.00995011778389513,0,0,0,0,0,0,0,0,0,0,0,"SVE_scaffold0000129","",NA,NA,"A0A0K0FTH5","SSTP_0000444000",49.0654,"",NA,"",NA,"",NA
"1995","SVE_1553700",0.129854762296344,0.0635372552799084,0,0,0,0.0880300824709361,0,0.0624461865926065,0.0788030472362889,0,0,0,"SVE_contig0000047","Copia protein",NA,NA,"A0A0K0FTH7","",NA,"",NA,"",NA,"",NA
"1996","SVE_1553800",0.197289330828056,0.129021763570805,0,0,0,0,0.0633618994493549,0.124722673819723,0,0.0768166813257476,0.0754076824247825,0,"SVE_contig0000047","Secreted protein",NA,NA,"A0A0K0FTH8","",NA,"",NA,"",NA,"",NA
"1997","SVE_1553900",0,0.0633622571820529,0,0,0,0,0.0626161292341098,0,0.0778106597915644,0.0760606600140436,0.0745911439492058,0.0739367237508504,"SVE_contig0000047","Ras-GEF domain-containing protein",NA,NA,"A0A0K0FTH9","SSTP_0000443700",40.5714,"",NA,"",NA,"",NA
"1998","SVE_1557700",0,0,0,0,0,0,0,0,0.0783360925648292,0,0,0,"SVE_contig0000049","DUF4806 domain-containing protein",NA,NA,"A0A0K0FTI5","SSTP_0000700100",22.0736,"",NA,"SPAL_0001340300",88.1271,"",NA
"1999","SVE_1557800",0,0.0633812131629675,0,0,0,0,0.256971262530479,0.252422447496626,0,0.0768245854531845,0.0739528441810884,0.217935108032673,"SVE_contig0000049","DNA-directed RNA polymerase",NA,NA,"A0A0K0FTI6","",NA,"",NA,"SPAL_0001340400",91.0959,"",NA
"2000","SVE_1557900",0.0649053151706423,0.0635992422809856,0,0,0,0,0.12867037642927,0.252861872622817,0.0788901154246857,0.077164403713805,0,0.146320023842554,"SVE_contig0000049","",NA,NA,"A0A0K0FTI7","",NA,"",NA,"SPAL_0001340500",34.5088,"",NA
"2001","SVE_1564300",0,0,0,0,0,0,0,0,0,0,0,0,"SVE_contig0000051","Astacin domain-containing protein","Peptidase_M12A, MetalloPept_cat_dom_sf","metalloendopeptidase activity, metallopeptidase activity, proteolysis, peptidase activity, hydrolase activity, zinc ion binding, metal ion binding","A0A0K0FTJ1","",NA,"",NA,"",NA,"",NA
"2002","SVE_1565600",0,0,0,0,0,0,0,0,0,0,0,0.0712268372300345,"SVE_scaffold0000002","HTH lysR-type domain-containing protein",NA,NA,"A0A0K0FTJ5","",NA,"SRAE_0000060600 | WBGene00256352",65.493,"",NA,"",NA
"2003","SVE_1566400",0,0.0637134001597233,0,0,0,0,0.128615040077357,0.252839838890625,0,0,0.0749418348610013,0,"SVE_scaffold0000002","DUF362 domain-containing protein","DUF1647, Nucleotide-diphossugar_trans",NA,"A0A0K0FTK3","SSTP_0001112500",79.558,"SRAE_2000478100 | WBGene00265025",80.663,"SPAL_0000605900",95.5801,"C16D9.5 | WBGene00015860",24.5856
"2004","SVE_1567100",0,0,0,0,0,0,0,0.0641990056552156,0,0,0,0,"SVE_scaffold0000002","ShKT domain-containing protein","ShKT_dom",NA,"A0A0K0FTL0","SSTP_0001111900",65.1042,"SRAE_2000477500 | WBGene00265019",67.1875,"SPAL_0000605300",86.4583,"",NA
"2005","SVE_1568700",0,0,0,0,0,0,0,0,0,0,0,0,"SVE_scaffold0000002","Fucosyltransferase","Glyco_trans_10, Glyco_tran_10_N, GT10-like_C_sf","protein glycosylation, fucosyltransferase activity, membrane, Golgi cisterna membrane, glycosyltransferase activity, Golgi apparatus, transferase activity, fucosylation","A0A0K0FTM5","SSTP_0000422900",65.3646,"SRAE_2000454600 | WBGene00264778",58.5938,"SPAL_0000412000",86.9792,"fut-3 | WBGene00006402",25.7812
"2006","SVE_1569400",0.0648271307607547,0.127057895209276,0,0,0.0890844284384376,0,0.127562714472493,0.188293117169915,0,0,0.0755071388143175,0,"SVE_scaffold0000002","Sulfotransfer_1 domain-containing protein","Sulfotransferase, Chst-1","positive regulation of response to oxidative stress, chondroitin sulfate biosynthetic process, chondroitin 4-sulfotransferase activity, sulfotransferase activity, membrane","A0A0K0FTN2","SSTP_0000380700",59.1549,"SRAE_2000453400 | WBGene00264766",39.0845,"SPAL_0000411400",87.6761,"K07H8.8 | WBGene00019508",22.5352
"2007","SVE_1569600",0.0639206374672725,0,0,0,0.0897769791038428,0.262470129100057,0,0,0,0.0746547263436815,0,0,"SVE_scaffold0000002","",NA,NA,"A0A0K0FTN4","",NA,"",NA,"",NA,"",NA
"2008","SVE_1571100",0.065316724447773,0.0639909658710184,0,0,0,0,0.0648081739242179,0.191006430353222,0.0793235774328081,0,0,0,"SVE_scaffold0000002","",NA,NA,"A0A0K0FTP9","SSTP_0000942300",90,"SRAE_2000512400 | WBGene00265378",92.1429,"SPAL_0000984300",96.9048,"",NA
"2009","SVE_1571200",0,0.0630838535386181,0,0,0,0,0.127676252814592,0,0.0782343828217372,0,0.14766556629582,0.0725170736076134,"SVE_scaffold0000002","FMRFamide receptor (inferred by orthology to a D. melanogaster protein)","GPCR_Rhodpsn, GPCR_Rhodpsn_7TM, 7TM_GPCR_serpentine_rcpt_Srw","G protein-coupled peptide receptor activity, G protein-coupled receptor activity, G protein-coupled receptor signaling pathway, membrane, plasma membrane","A0A0K0FTQ0","SSTP_0000942400",79.4554,"SRAE_2000512500 | WBGene00265379",80.4455,"SPAL_0000984200",93.8119,"",NA
"2010","SVE_1571600",0.0648303993451158,0.127468882506468,0,0.0616414594158311,0.278673820280391,0,0,0.0615109741462798,0,0,0,0,"SVE_scaffold0000002","Guanine nucleotide-binding protein subunit gamma","Gprotein-gamma, G-protein_gamma-like_dom, GGL_sf, GNG13","phospholipase C-activating G protein-coupled receptor signaling pathway, sensory perception of taste, heterotrimeric G-protein complex, G-protein beta-subunit binding, G protein-coupled receptor signaling pathway, signal transduction, plasma membrane, membrane","A0A0K0FTQ4","SSTP_0000942650 | SSTP_0000942650",74.4186,"SRAE_2000512800 | WBGene00265382",69.7674,"SPAL_0000983850",74.4186,"gpc-2 | WBGene00001682",50
"2011","SVE_1573100",0.0655671004340878,0.256691605232323,0.305339993928011,0.0598146710984496,0,0,0,0,0.0794995004307389,0,0,0.150417937646114,"SVE_scaffold0000002","7TM_GPCR_Srx domain-containing protein",NA,"membrane","A0A0K0FTR9","SSTP_0000686100",61.7925,"SRAE_2000514400 | WBGene00265398",59.9057,"SPAL_0000982400",87.2642,"",NA
"2012","SVE_1573200",0,0.0633506508453288,0,0,0.176619663268728,0.172549228389657,0.127786722282249,0.0628100202208604,0.0787131917480614,0.076975136822923,0,0.0732710523009736,"SVE_scaffold0000002","BACK domain-containing protein","SKP1/BTB/POZ_sf, BACK",NA,"A0A0K0FTS0","SSTP_0000686000",75.5682,"SRAE_2000514500 | WBGene00265399",76.4205,"SPAL_0000982300",95.7386,"",NA
"2013","SVE_1574500",0.065974272187387,0.130146147826849,0,0,0,0,0.0633725007140391,0,0,0,0,0,"SVE_scaffold0000002","",NA,NA,"A0A0K0FTT3","",NA,"",NA,"",NA,"",NA
"2014","SVE_1574700",0.133349784036459,0.0653699404458647,0,0,0,0,0.192573325856089,0.189885487782202,0,0.0756708760015989,0,0,"SVE_scaffold0000002","",NA,NA,"A0A0K0FTT5","",NA,"",NA,"SPAL_0001448500",73.8636,"",NA
"2015","SVE_1574800",0,0,0,0,0,0,0,0,0,0,0,0.0712272789753946,"SVE_scaffold0000002","Ovule protein",NA,NA,"A0A0K0FTT6","",NA,"",NA,"",NA,"",NA
"2016","SVE_1574900",0,0,0,0,0,0,0.259064426450181,0.254429047403529,0.0799633210669196,0,0,0,"SVE_scaffold0000002","LAGLIDADG_2 domain-containing protein",NA,"membrane","A0A0K0FTT7","SSTP_0001212300",28.3582,"SRAE_2000507100 | WBGene00265324",40.2985,"",NA,"",NA
"2017","SVE_1575000",0,0,0,0,0,0,0,0.064198759709055,0,0,0,0,"SVE_scaffold0000002","","Transthyretin-like, Transthyretin-like_sf","cell surface, extracellular region","A0A0K0FTT8","",NA,"",NA,"SPAL_0001448200",57.6687,"",NA
"2018","SVE_1575100",0,0,0,0,0,0,0.25230622351322,0,0.235288149336568,0,0.150278868152965,0,"SVE_scaffold0000002","Transthyretin-like family protein","Transthyretin-like, Transthyretin-like_sf","cell surface, extracellular region","A0A0K0FTT9","SSTP_0001212500",25.4237,"SRAE_2000506900 | WBGene00265321",24.2938,"SPAL_0000146900",48.0226,"",NA
"2019","SVE_1576600",0.19579347026332,0,0,0,0.0914914730809828,0,0,0.123836170592821,0.156064758840653,0.0764101455980995,0,0,"SVE_scaffold0000002","Transthyretin-like family protein","Transthyretin-like_sf",NA,"A0A0K0FTV4","",NA,"",NA,"SPAL_0001071500",80.7947,"",NA
"2020","SVE_1576700",0,0,0,0,0.280438657023269,0.0907257609007262,0,0,0,0.0742199139116893,0.0690259457684815,0.0684275233581014,"SVE_scaffold0000002","",NA,NA,"A0A0K0FTV5","",NA,"",NA,"",NA,"",NA
"2021","SVE_1576900",0,0,0.125342397847922,0,0,0,0.127510098921316,0.0623087033757453,0,0.0765844853784766,0.150072731691858,0.444459348710751,"SVE_scaffold0000002","ShKT domain-containing protein","ShKT_dom, CC_domain",NA,"A0A0K0FTV7","SSTP_0000385600",43.2203,"SRAE_2000496000 | WBGene00265207",43.2203,"",NA,"",NA
"2022","SVE_1578400",0.063768138730515,0.127563270290498,0,0.064790120034492,0.0943151896617544,0.180724564872738,0.0637791125582902,0.124093141759101,0,0,0.0667856932405338,0,"SVE_scaffold0000002","IMV membrane protein",NA,"membrane","A0A0K0FTX2","SSTP_0000477600",83.3333,"SRAE_2000423500 | WBGene00264464",89.3939,"SPAL_0000321800",95.4545,"",NA
"2023","SVE_1579100",0.131640308857592,0.128886464033221,0,0,0,0,0.0634208449039277,0.18710253545908,0,0,0.150880040644358,0,"SVE_scaffold0000002","PIR Superfamily Protein",NA,NA,"A0A0K0FTX9","SSTP_0000641700",26.7123,"",NA,"SPAL_0000585500",55.4795,"",NA
"2024","SVE_1579200",0.129441957236399,0.0634158665266005,0,0,0.177564824398488,0.173406802858457,0.0637439128222796,0,0.157789210058888,0.077118458252146,0,0,"SVE_scaffold0000002","G_PROTEIN_RECEP_F1_2 domain-containing protein",NA,"membrane","A0A0K0FTY0","SSTP_0000477000",45.4545,"",NA,"",NA,"",NA
"2025","SVE_1579400",0.130731261879832,0.128089943737127,0,0,0,0,0,0.0636877126189817,0,0,0,0,"SVE_scaffold0000002","Glycogen synthase kinase 3 alpha (inferred by orthology to a zebrafish protein)","Prot_kinase_dom, Ser/Thr_kinase_AS, Kinase-like_dom_sf","protein kinase activity, protein phosphorylation, ATP binding","A0A0K0FTY2","",NA,"SRAE_2000424200 | WBGene00264471",66.8305,"SPAL_0000321000",94.3489,"Y106G6D.4 | WBGene00013701",31.941
"2026","SVE_1579900",0,0,0,0,0,0,0.130077799934291,0.127742280264871,0.0792959116762139,0,0,0,"SVE_scaffold0000002","Acid-sensing ion channel 1","ENaC","sodium channel activity, sodium ion transport, membrane, sodium ion transmembrane transport, ion transport","A0A0K0FTY7","SSTP_0000419400",61.2836,"SRAE_2000379500 | WBGene00264021",60.6625,"SPAL_0000320400",88.1988,"del-7 | WBGene00016699",26.294
"2027","SVE_1580400",0,0,0,0,0.0895655103350733,0.525196084647943,0,0.060894958184725,0.0768208494162714,0,0,0.073272590858814,"SVE_scaffold0000002","",NA,"membrane","A0A0K0FTZ2","",NA,"",NA,"SPAL_0000319900",81.9876,"",NA
"2028","SVE_1584300",0,0,0,0,0,0,0,0,0.079411716055805,0.230656118598149,0.0712793455155109,0,"SVE_scaffold0000002","Exported protein",NA,"membrane","A0A0K0FU31","",NA,"",NA,"",NA,"",NA
"2029","SVE_1592100",0.0641933007399609,0.0628821435512375,0,0,0.268549105661301,0.175153345715908,0,0,0.0770698173571972,0,0,0,"SVE_scaffold0000002","",NA,NA,"A0A0K0FUA9","SSTP_0000746300",56.7251,"SRAE_2000300800 | WBGene00263227",40.9357,"SPAL_0000308200",88.8889,"",NA
"2030","SVE_1598800",0,0,0,0,0,0,0,0,0,0,0,0,"SVE_scaffold0000002","",NA,NA,"A0A0K0FUH6","",NA,"",NA,"",NA,"",NA
"2031","SVE_1602000",0,0,0,0,0,0,0.0629589673771585,0,0,0,0,0.0741181352700926,"SVE_scaffold0000002","Transthyretin-like family-containing protein","Transthyretin-like, Transthyretin-like_sf","cell surface, extracellular region","A0A0K0FUK7","",NA,"SRAE_2000309600 | WBGene00263316",48.1203,"SPAL_0000298300",73.6842,"",NA
"2032","SVE_1602100",0,0,0,0,0,0,0,0,0,0,0,0,"SVE_scaffold0000002","Carboxypeptidase regulatory-like domain-containing protein","Transthyretin-like, Transthyretin-like_sf","cell surface, extracellular region","A0A0K0FUK8","SSTP_0000692500",65.1852,"SRAE_2000309700 | WBGene00263317",66.6667,"SPAL_0000298200",93.3333,"",NA
"2033","SVE_1608700",0.262204500959237,0.192828218603038,0.123372251657912,0.181055381249206,0.0897054454611802,0.0876439457418396,0,0,0,0,0,0,"SVE_scaffold0000002","Protein kinase domain-containing protein","Prot_kinase_dom, Kinase-like_dom_sf","protein kinase activity, protein phosphorylation, ATP binding","A0A0K0FUS4","SSTP_0000461300",65.1652,"SRAE_2000315200 | WBGene00263372",67.2673,"SPAL_0000292100",91.8919,"",NA
"2034","SVE_1616500",0.064638645535483,0,0,0.119261298864805,0.0913952680500233,0.178332702606147,0.0621179517289887,0,0,0,0.146218918774404,0.144348977423607,"SVE_scaffold0000002","Fam-c protein",NA,NA,"A0A0K0FV01","SSTP_0000332700",41.5254,"SRAE_2000322500 | WBGene00263446",52.5424,"SPAL_0000284100",50,"",NA
"2035","SVE_1617700",0,0,0,0,0.0893035891049632,0,0.128085240271081,0.188946211567338,0.0792935509924646,0.310115514991194,0,0,"SVE_scaffold0000002","Serpentine receptor class gamma",NA,"membrane","A0A0K0FV13","SSTP_0001109400",55.5172,"SRAE_2000462000 | WBGene00264852",52.4138,"SPAL_0001741000",79.3103,"",NA
"2036","SVE_1618300",0,0.0653652320672641,0.125434200111233,0.245147783841751,0,0,0.0640730082451919,0.0629329568668342,0,0,0.151818419102545,0,"SVE_scaffold0000002","Borrelia family protein",NA,NA,"A0A0K0FV19","",NA,"",NA,"",NA,"",NA
"2037","SVE_1618700",0.129268885386785,0.126497233520473,0,0,0.271342858876548,0.176528209090022,0,0.122555581978852,0,0,0,0,"SVE_scaffold0000002","VHL domain-containing protein","VHL_sf, VHL_beta_dom_sf",NA,"A0A0K0FV23","SSTP_0001042800",55.8442,"",NA,"SPAL_0001739850",62.3377,"",NA
"2038","SVE_1618900",0,0,0,0,0.0878177640704739,0.085337769453843,0,0,0,0,0,0,"SVE_scaffold0000002","",NA,NA,"A0A0K0FV25","SSTP_0001042950",59.3985,"SRAE_1000000500 | WBGene00256597",36.0902,"SPAL_0001739750",82.7068,"",NA
"2039","SVE_1620700",0.0640567376041283,0.125527532447766,0,0,0.0878778653809317,0.0858149817068315,0,0,0,0,0,0.0731342213976022,"SVE_scaffold0000002","",NA,"membrane","A0A0K0FV43","SSTP_0000208400",40.2027,"SRAE_2000413700 | WBGene00264365",52.7027,"SPAL_0001738000",68.5811,"",NA
"2040","SVE_1620800",0.129221652137676,0,0.120403990210059,0.117949620234087,0.267808254699271,0.0875163753679395,0,0,0.0784896407295557,0,0.0752413113154229,0.0740868629481353,"SVE_scaffold0000002","",NA,NA,"A0A0K0FV44","SSTP_0000208300",61.6438,"SRAE_2000413600 | WBGene00264364",63.0137,"SPAL_0001737900",90.411,"",NA
"2041","SVE_1624100",0.0654478036002053,0.130406263602523,0,0.330494992667155,0,0,0.0655060783664713,0.0633261150269977,0.153656641483775,0,0,0.135191082928313,"SVE_scaffold0000002","polo kinase","POLO_box_dom, POLO_box_dom_sf","protein binding, protein serine/threonine kinase activity, kinase activity, phosphorylation, ATP binding, nucleotide binding","A0A0K0FV76","",NA,"",NA,"SPAL_0001166500",49.2537,"",NA
"2042","SVE_1624200",0.264779009751856,0.19513199033777,0,0,0,0,0.255047803271212,0.125485720925679,0.0787781963491929,0.0773660617413977,0,0,"SVE_scaffold0000002","Serine/threonine-protein kinase polo (inferred by orthology to a D. melanogaster protein)","Prot_kinase_dom, Kinase-like_dom_sf","protein kinase activity, protein phosphorylation, ATP binding","A0A0K0FV77","",NA,"",NA,"",NA,"",NA
"2043","SVE_1624300",0.0660593287302336,0.393739850483861,0,0,0,0,0.0656393870151932,0.127955197561609,0.156748561943316,0.0756291745961194,0,0.069302745699789,"SVE_scaffold0000002","NUMOD4 domain-containing protein",NA,NA,"A0A0K0FV78","",NA,"",NA,"",NA,"",NA
"2044","SVE_1625500",0.130466681268182,0.191784522358628,0.0618009429219186,0,0.0889711715211088,0,0.129236977683379,0.190504550684903,0,0,0.149967583989851,0,"SVE_scaffold0000002","Peptidase_M14 domain-containing protein","Peptidase_M14, M14A-like_propep","metallocarboxypeptidase activity, proteolysis, zinc ion binding, metal ion binding","A0A0K0FV90","SSTP_0000698200",39.5833,"SRAE_2000373500 | WBGene00263960",38.0208,"SPAL_0001734000",84.6354,"",NA
"2045","SVE_1625600",0,0,0,0,0,0,0,0,0,0,0,0,"SVE_scaffold0000002","Peptidase_M14 domain-containing protein","Peptidase_M14","metallocarboxypeptidase activity, proteolysis, zinc ion binding","A0A0K0FV91","SSTP_0000698200",51.7588,"SRAE_2000373500 | WBGene00263960",41.7085,"SPAL_0001733900",77.8895,"",NA
"2046","SVE_1627200",0,0,0,0,0.0915151777954748,0.0924352074524555,0,0,0,0,0,0,"SVE_scaffold0000002","glucuronosyltransferase","UDP_glucos_trans","UDP-glycosyltransferase activity, glycosyltransferase activity, glucuronosyltransferase activity, transferase activity, membrane","A0A0K0FVA7","",NA,"SRAE_X000025300 | WBGene00265809",77.2881,"SPAL_0001203900",83.3898,"",NA
"2047","SVE_1627500",0.0659443246232365,0.188875210439835,0,0,0,0,0,0,0,0,0,0.0731733194976833,"SVE_scaffold0000002","glucuronosyltransferase","UDP_glucos_trans","UDP-glycosyltransferase activity, glycosyltransferase activity, glucuronosyltransferase activity, transferase activity, membrane","A0A0K0FVB0","",NA,"SRAE_X000025300 | WBGene00265809",73.4375,"SPAL_0001203900",81.875,"",NA
"2048","SVE_1633400",0.12903600497648,0,0,0,0,0,0,0.0624625757908033,0.0786539504114423,0,0,0.0736828358818944,"SVE_scaffold0000002","Carbohydrate sulfotransferase","Sulfotransferase, Chst-1","positive regulation of response to oxidative stress, chondroitin sulfate biosynthetic process, chondroitin 4-sulfotransferase activity, sulfotransferase activity, membrane","A0A0K0FVG8","SSTP_0000217600",64.9485,"SRAE_2000489400 | WBGene00265141",53.6082,"SPAL_0001157700",89.6907,"K07H8.8 | WBGene00019508",20.2749
"2049","SVE_1634600",0.0649386152563733,0.190670997715233,0,0,0,0,0.0648022913093464,0.254391167314453,0.15698378142037,0,0.0733391073577724,0.144157415239574,"SVE_scaffold0000002","Serine beta-lactamase-like protein LACTB, mitochondrial (inferred by orthology to a human protein)","Beta-lactam-related, Beta-lactam/transpept-like",NA,"A0A0K0FVI0","SSTP_0000218500",89.2012,"SRAE_2000488300 | WBGene00265130",88.3136,"SPAL_0001156600",97.0414,"lact-7 | WBGene00008047",57.1006
"2050","SVE_1636500",0,0,0,0,0.179974136682602,0.176112346415195,0.0627179695043084,0,0.0778327636664052,0.0763055869009668,0,0,"SVE_scaffold0000002","",NA,NA,"A0A0K0FVJ9","",NA,"",NA,"",NA,"",NA
"2051","SVE_1637400",0.327288113841579,0.128353933214093,0,0,0,0,0.0633986192259634,0.249803963910599,0,0,0,0.0748499624562981,"SVE_scaffold0000002","DUF4371 domain-containing protein",NA,NA,"A0A0K0FVK7","",NA,"",NA,"SPAL_0000456200",48.8889,"",NA
"2052","SVE_1637500",0.192463156613522,0.062792969960712,0,0,0,0,0,0,0,0,0.0746750507428587,0,"SVE_scaffold0000002","F-box/LRR-repeat protein",NA,NA,"A0A0K0FVK8","",NA,"",NA,"SPAL_0000456300",78.2051,"",NA
"2053","SVE_1637600",0,0,0,0,0,0,0,0,0,0,0.0724230488187318,0,"SVE_scaffold0000002","F-box domain-containing protein","F-box_dom, F-box-like_dom_sf","protein binding","A0A0K0FVK9","",NA,"",NA,"SPAL_0000363200",48.5714,"",NA
"2054","SVE_1639400",0.0989460467114835,0,0,0,0.0921305046805353,0.0901228712690228,0,0.0608640403132757,0.0757363164670228,0,0.143539456272014,0,"SVE_scaffold0000002","Actin-related protein 2/3 complex subunit 5",NA,NA,"A0A0K0FVM7","",NA,"",NA,"",NA,"",NA
"2055","SVE_1639500",0,0,0,0.0780263290555182,0,0,0,0,0.089792151524935,0.135881541430204,0.0938130609400761,0.0804853228610542,"SVE_scaffold0000002","",NA,NA,"A0A0K0FVM8","",NA,"",NA,"",NA,"",NA
"2056","SVE_1639700",0,0,0,0,0,0,0,0,0,0.0767058366380027,0,0,"SVE_scaffold0000002","",NA,NA,"A0A0K0FVN0","",NA,"",NA,"SPAL_0000232900",59.5745,"",NA
"2057","SVE_1641100",0.125484137544254,0.124446522926089,0.192447976557416,0.12522874767934,0.0919580066471183,0,0,0,0,0,0,0,"SVE_scaffold0000002","Venom protein",NA,NA,"A0A0K0FVP4","",NA,"",NA,"SPAL_0001098900",53.5211,"",NA
"2058","SVE_1643000",0,0.129569142018794,0.0621598930742767,0,0,0,0.0635037547644348,0,0,0,0.0752347979239422,0,"SVE_scaffold0000002","Intraflagellar transport protein 20 homolog (inferred by orthology to a human protein)","FT20","cilium, cell projection","A0A0K0FVR3","",NA,"",NA,"SPAL_0000422400",98.4615,"ift-20 | WBGene00022465",31.5385
"2059","SVE_1643100",0,0,0,0,0,0.0855339770026888,0,0,0,0,0,0,"SVE_scaffold0000002","",NA,NA,"A0A0K0FVR4","SSTP_0000743300",81.8182,"SRAE_2000384800 | WBGene00264075",81.8182,"SPAL_0000422300",97.2028,"",NA
"2060","SVE_1646400",0,0.129842257511537,0,0.0610783993075504,0,0,0,0,0,0,0,0,"SVE_scaffold0000002","CUB domain-containing protein",NA,NA,"A0A0K0FVU7","SSTP_0000417200",35,"SRAE_2000381700 | WBGene00264043",36.6667,"SPAL_0001113500",83.3333,"",NA
"2061","SVE_1647000",0,0,0,0,0,0.171068019769012,0,0,0,0,0,0,"SVE_scaffold0000002","",NA,NA,"A0A0K0FVV3","SSTP_0000417800",68.9873,"",NA,"",NA,"",NA
"2062","SVE_1647100",0.0662859344697467,0.130647603100096,0,0,0,0,0,0.0621350339281499,0,0.0760379142262821,0,0,"SVE_scaffold0000002","",NA,"membrane","A0A0K0FVV4","",NA,"SRAE_2000381000 | WBGene00264036",72.6415,"SPAL_0000586800",92.4528,"",NA
"2063","SVE_1648400",0,0,0,0,0.181862287127342,0.0881155906238565,0,0,0,0,0,0.0666756450335873,"SVE_scaffold0000002","Plasmodium variant antigen protein Cir/Yir/Bir",NA,"membrane","A0A0K0FVW7","",NA,"",NA,"",NA,"",NA
"2064","SVE_1648500",0,0,0,0,0,0,0.128515382039085,0,0.0798518445276178,0,0,0,"SVE_scaffold0000002","Lipoprotein","DUF236",NA,"A0A0K0FVW8","SSTP_0000419000",51.1364,"SRAE_2000379800 | WBGene00264024",50.5682,"SPAL_0000585600",90.9091,"",NA
"2065","SVE_1648800",0,0,0,0,0,0,0,0.0637470620069017,0.0788917542378818,0,0,0,"SVE_scaffold0000002","Transposase",NA,NA,"A0A0K0FVX0","",NA,"",NA,"SPAL_0000161050",73.4694,"",NA
"2066","SVE_1648900",0,0,0,0,0,0,0.0654970452480705,0,0,0,0,0,"SVE_scaffold0000002","",NA,NA,"A0A0K0FVX1","",NA,"",NA,"SPAL_0000827700",59.5092,"",NA
"2067","SVE_1649100",0.0655381393480605,0.129084103131351,0,0,0.0929356529461475,0,0.0626323114067361,0,0.0762872934780808,0,0.0720976065579862,0,"SVE_scaffold0000002","STPPase_N domain-containing protein","Metallo-depent_PP-like",NA,"A0A0K0FVX3","",NA,"",NA,"",NA,"",NA
"2068","SVE_1649400",0.266248566691624,0.130367755266932,0,0,0,0,0.0638104026025641,0.313028521094172,0.0785049236922567,0.0771577976482082,0,0,"SVE_scaffold0000002","DDE Tnp4 domain-containing protein",NA,NA,"A0A0K0FVX6","",NA,"SRAE_1000030100 | WBGene00256895",24.031,"SPAL_0001071300",68.2171,"",NA
"2069","SVE_1649500",0,0,0,0,0,0,0,0.0638128816177006,0.0788101869937565,0,0,0,"SVE_scaffold0000002","RING-type domain-containing protein","Znf_RING, Znf_RING/FYVE/PHD, RFWD3","interstrand cross-link repair, protein ubiquitination, ubiquitin-protein transferase activity, nucleus, metal ion binding","A0A0K0FVX7","",NA,"SRAE_1000030100 | WBGene00256895",35.0515,"SPAL_0001071400",49.4845,"",NA
"2070","SVE_1654700",0,0,0,0,0,0,0,0.064179914100761,0,0.0767284701016781,0,0,"SVE_scaffold0000002","",NA,NA,"A0A0K0FW29","SSTP_0001111000",43.1818,"",NA,"SPAL_0000126300",87.5,"",NA
"2071","SVE_1654800",0,0.125064527080163,0,0,0.273424124425173,0.536585509625647,0.0614418953683089,0,0,0,0,0,"SVE_scaffold0000002","",NA,NA,"A0A0K0FW30","SSTP_0000508600",22.4719,"SRAE_0000044600 | WBGene00256190",21.3483,"SPAL_0000355000",51.6854,"",NA
"2072","SVE_1654900",0,0,0.0668283168061403,0,0,0,0.0645507787203009,0,0.075708192072123,0,0,0,"SVE_scaffold0000002","THAP-type domain-containing protein","RNaseH_sf","nucleic acid binding","A0A0K0FW31","SSTP_0001270000",55.2239,"",NA,"SPAL_0001486600",46.2687,"",NA
"2073","SVE_1655800",0,0,0,0,0.267514556734027,0,0.128715281674324,0,0,0,0,0,"SVE_scaffold0000002","G_PROTEIN_RECEP_F1_2 domain-containing protein","GPCR_Rhodpsn, GPCR_Rhodpsn_7TM, 7TM_GPCR_Srsx","G protein-coupled receptor activity, G protein-coupled receptor signaling pathway, membrane","A0A0K0FW40","SSTP_0000363000",77.9104,"SRAE_2000474200 | WBGene00264982",78.209,"SPAL_0001079400",95.5224,"",NA
"2074","SVE_1655900",0,0,0,0,0,0,0,0,0,0,0,0,"SVE_scaffold0000002","",NA,"membrane","A0A0K0FW41","SSTP_0000363200",68.0412,"SRAE_2000474150 | WBGene00264981",63.2302,"",NA,"",NA
"2075","SVE_1657000",0,0,0,0,0,0,0,0,0,0,0,0,"SVE_contig0000053","",NA,NA,NA,"",NA,"",NA,"",NA,"",NA
"2076","SVE_1660400",0.131769357134875,0.194166821037463,0,0,0,0,0.19018954680455,0.186749670805156,0,0,0.0752123026399802,0,"SVE_contig0000059","ATP-dependent DNA helicase PIF1",NA,NA,"A0A0K0FW55","",NA,"",NA,"",NA,"",NA
"2077","SVE_1660500",0.073727296820167,0,0,0,0,0,0,0.0305436169753049,0.0457460000057749,0,0,0,"SVE_contig0000059","RNase H domain-containing protein","RNaseH_domain, RNaseH-like_sf, RNaseH_sf","RNA-DNA hybrid ribonuclease activity, nucleic acid binding, RNA phosphodiester bond hydrolysis, endonucleolytic","A0A0K0FW56","",NA,"",NA,"SPAL_0000044400",86.8217,"",NA
"2078","SVE_1661400",0.132489415622377,0.129527421487622,0,0,0,0,0.0634239014410404,0.248630238433742,0.15564844126194,0.076496333505299,0,0.148647636729439,"SVE_contig0000060","MSP domain-containing protein","DNA/RNA_pol_sf",NA,"A0A0K0FW59","",NA,"",NA,"SPAL_0001226500",42.5197,"",NA
"2079","SVE_1661600",0,0.0725371895689357,0.0771633175623577,0.0716239593016247,0.201526916710798,0,0,0.0612564566585858,0,0.0670615137270194,0.0604187621836723,0.0594557099641209,"SVE_contig0000061","Transposase",NA,NA,"A0A0K0FW61","",NA,"",NA,"",NA,"",NA
"2080","SVE_1662300",0,0,0,0,0,0,0.0632953231636899,0,0,0.0762472729104445,0,0.074174475211494,"SVE_contig0000063","",NA,NA,"A0A0K0FW68","",NA,"",NA,"",NA,"",NA
"2081","SVE_1662500",0.131457195829965,0,0.0634582590979535,0.123745049218393,0,0,0,0,0,0,0,0,"SVE_contig0000064","","SUP-1-like","membrane","A0A0K0FW70","SSTP_0000835600",88.0435,"SRAE_1000323700 | WBGene00259854",90.2174,"SPAL_0001502000",98.913,"",NA
"2082","SVE_1663300",0,0,0,0,0,0,0,0,0,0,0,0,"SVE_contig0000066","TIGR04139 family peptide modification target",NA,NA,"A0A0K0FW74","",NA,"",NA,"",NA,"",NA
"2083","SVE_1663400",0,0,0,0,0,0,0,0,0,0,0,0,"SVE_contig0000068","",NA,NA,NA,"",NA,"",NA,"",NA,"",NA
"2084","SVE_1663600",0,0.15674791288087,0,0,0,0,0,0,0.0751448683773021,0,0.0673586868917298,0.0654951572481532,"SVE_contig0000069","ABC transporter permease",NA,NA,"A0A0K0FW76","",NA,"",NA,"",NA,"",NA
"2085","SVE_1664200",0,0,0,0,0,0,0,0,0,0,0,0,"SVE_contig0000073","ABC transporter ATP-binding protein",NA,NA,"A0A0K0FW82","",NA,"",NA,"",NA,"",NA
"2086","SVE_1664300",0,0,0,0,0,0,0,0,0,0,0,0,"SVE_contig0000073","OmpA-like domain-containing protein","OmpA-like, T6SS_TssK, T4/T6SS_DotU, OmpA/MotB_dom, OmpA-like_sf, T4/T6SS_DotU_sf","membrane","A0A0K0FW83","",NA,"",NA,"",NA,"",NA
"2087","SVE_1664400",0,0,0,0,0,0,0,0,0,0,0,0,"SVE_contig0000073","HTH araC/xylS-type domain-containing protein",NA,NA,"A0A0K0FW84","",NA,"",NA,"",NA,"",NA
"2088","SVE_1664500",0,0,0,0,0,0,0,0,0,0,0,0,"SVE_contig0000073","IcmF-related protein",NA,"membrane","A0A0K0FW85","",NA,"",NA,"",NA,"",NA
"2089","SVE_1664600",0,0,0,0,0,0,0,0,0,0,0,0,"SVE_contig0000074","PIPO",NA,NA,"A0A0K0FW86","",NA,"",NA,"",NA,"",NA
"2090","SVE_1664700",0,0,0,0,0,0,0,0,0,0,0,0,"SVE_contig0000074","Clp R domain-containing protein","Clp_R_dom, P-loop_NTPase, Clp_N_dom_sf",NA,"A0A0K0FW87","",NA,"",NA,"",NA,"",NA
"2091","SVE_1664800",0,0,0,0,0,0,0,0,0,0,0,0,"SVE_contig0000074","Type VI secretion system-associated protein TagK",NA,NA,"A0A0K0FW88","",NA,"",NA,"",NA,"",NA
"2092","SVE_1664900",0,0,0,0,0,0,0,0,0,0,0,0,"SVE_contig0000074","GPW_gp25 domain-containing protein","IraD/Gp25-like, TagJ, T6SS_TssF, TPR-like_helical_dom_sf, TssE1-like","protein binding","A0A0K0FW89","",NA,"",NA,"",NA,"",NA
"2093","SVE_1666500",0.00325442238537033,0.116357638141757,0,0,0,0,0.099470939955037,0.204924118946058,0.107073412554878,0.0772672160308544,0,0.148983243168564,"SVE_contig0000078","BTB domain-containing protein",NA,NA,"A0A0K0FW97","",NA,"",NA,"SPAL_0000878100",12.0536,"",NA
"2094","SVE_1666600",0,0,0,0,0,0,0.0633729877044303,0.0624455828580585,0.0787001686438962,0.0770270098237362,0,0.0335124491856907,"SVE_contig0000078","DUF3800 domain-containing protein",NA,NA,"A0A0K0FW98","",NA,"",NA,"",NA,"",NA
"2095","SVE_1667400",0,0.0641877333803634,0.12219810940542,0,0,0.0890573931198129,0.213606383120508,0.187907652616065,0,0,0.0758806472255132,0,"SVE_contig0000080","DUF4942 domain-containing protein",NA,NA,"A0A0K0FWA3","",NA,"SRAE_2000510400 | WBGene00265358",35.7895,"SPAL_0000725900",72.6316,"",NA
"2096","SVE_1667600",0.0644489934928167,0.126324093797876,0,0,0,0.0863971651846369,0.126884169885994,0.124786662049318,0.0785653299508833,0.0768025284144847,0.0750093801085962,0.0735989611634887,"SVE_contig0000081","RT_RNaseH_2 domain-containing protein","RT_RNaseH_2, Rev_trsase/Diguanyl_cyclase, DNA/RNA_pol_sf",NA,"A0A0K0FWA5","",NA,"",NA,"SPAL_0001110700",24.6575,"",NA
"2097","SVE_1669300",0,0,0,0,0,0,0,0,0,0,0,0,"SVE_contig0000086","Conjugative transfer ATPase","P-loop_NTPase",NA,"A0A0K0FWB1","",NA,"",NA,"",NA,"",NA
"2098","SVE_1669400",0,0,0,0,0,0,0,0,0,0,0,0,"SVE_contig0000086","RES domain-containing protein","RES_dom",NA,"A0A0K0FWB2","",NA,"",NA,"",NA,"",NA
"2099","SVE_1669500",0,0,0,0,0,0,0,0,0,0,0,0,"SVE_contig0000086","HTH cro/C1-type domain-containing protein","Cro/C1-type_HTH, Lambda_DNA-bd_dom_sf","DNA binding, nucleus","A0A0K0FWB3","",NA,"",NA,"",NA,"",NA
"2100","SVE_1669600",0,0,0,0,0,0,0,0,0,0,0,0,"SVE_contig0000086","HTH cro/C1-type domain-containing protein","Cro/C1-type_HTH, Lambda_DNA-bd_dom_sf","DNA binding, nucleus","A0A0K0FWB4","",NA,"",NA,"",NA,"",NA
"2101","SVE_1669700",0,0,0,0,0,0,0,0,0,0,0,0,"SVE_contig0000086","",NA,NA,"A0A0K0FWB5","",NA,"",NA,"",NA,"",NA
"2102","SVE_1669800",0,0,0,0,0,0,0,0,0,0,0,0,"SVE_contig0000086","Reverse transcriptase domain-containing protein",NA,NA,"A0A0K0FWB6","",NA,"",NA,"",NA,"",NA
"2103","SVE_1670000",0,0,0,0,0,0,0.0648284659034533,0.12726364983517,0.157259763439948,0,0.0735520639364884,0,"SVE_contig0000087","6-cysteine protein",NA,"membrane","A0A0K0FWB8","SSTP_0000524500",35.0482,"SRAE_1000104400 | WBGene00257645",28.9389,"SPAL_0000250600",78.2958,"",NA
"2104","SVE_1670500",0,0,0,0,0,0,0,0,0,0,0,0,"SVE_contig0000090","TetR family transcriptional regulator",NA,NA,"A0A0K0FWC0","",NA,"",NA,"",NA,"",NA
"2105","SVE_1670600",0,0,0,0,0,0,0,0,0,0,0,0,"SVE_contig0000090","Phage major capsid protein, P2 family","Phage_P2_GpN",NA,"A0A0K0FWC1","",NA,"",NA,"",NA,"",NA
"2106","SVE_1670700",0,0,0,0,0,0,0,0,0,0,0,0,"SVE_contig0000090","GPO family capsid scaffolding protein","Capsid_scaffold_GpO","viral capsid assembly","A0A0K0FWC2","",NA,"",NA,"",NA,"",NA
"2107","SVE_1670800",0,0,0,0,0,0,0,0,0,0,0,0,"SVE_contig0000090","Terminase_6C domain-containing protein","ATPase_terminase-su_put, P-loop_NTPase, Terminase_6C","viral capsid assembly, ATP binding","A0A0K0FWC3","",NA,"",NA,"",NA,"",NA
"2108","SVE_1671100",0.0666596989941465,0.130515997155185,0.373042281435533,0.304089560013844,0,0,0,0,0,0,0,0,"SVE_contig0000092","",NA,NA,"A0A0K0FWC6","",NA,"SRAE_0000047600 | WBGene00256220",43.9394,"",NA,"",NA
"2109","SVE_1671300",0,0,0,0,0,0,0.0621775427559985,0,0,0,0.0742074033218916,0.146528241886,"SVE_contig0000093","DUF1768 domain-containing protein","NADAR, YbiA-like_sf",NA,"A0A0K0FWC8","",NA,"",NA,"SPAL_0001529700",60.804,"",NA
"2110","SVE_1671400",0,0,0,0,0,0,0.0634958614403446,0.0625862751117854,0.157917775490254,0.15439078382363,0.0756000521089804,0,"SVE_contig0000093","Transferred entry: 5.6.2.2",NA,NA,"A0A0K0FWC9","",NA,"",NA,"SPAL_0001529600",69.1011,"",NA
"2111","SVE_1671900",0,0,0,0,0,0,0,0,0,0,0,0,"SVE_contig0000098","DUF4097 domain-containing protein","DcrB/EagT6, Mog1/PsbP_a/b/a-sand",NA,"A0A0K0FWD3","",NA,"",NA,"",NA,"",NA
"2112","SVE_1672000",0,0,0,0,0,0,0,0,0,0,0,0,"SVE_contig0000098","DUF6531 domain-containing protein","YD, PAAR_motif, DUF6531","membrane","A0A0K0FWD4","",NA,"",NA,"",NA,"",NA
"2113","SVE_1672800",0.20589680579611,0,0,0,0.298115071566775,0,0,0,0,0,0.0610155844841934,0,"SVE_contig0000105","",NA,NA,"A0A0K0FWE2","",NA,"",NA,"",NA,"",NA
"2114","SVE_1673100",0.133316222655027,0,0.12900449274644,0,0,0,0.127956917005491,0.126262449909196,0,0,0,0.143083802970511,"SVE_contig0000106","Cell division protein ZapB",NA,NA,"A0A0K0FWE5","SSTP_0000318300",56.044,"SRAE_1000121550 | WBGene00257819",46.1538,"SPAL_0000166800",95.6044,"",NA
"2115","SVE_1674000",0,0,0.190014047679919,0.0616629383258155,0,0.091744823833532,0.0634460825858429,0.186479864903721,0,0.303397442023554,0,0.0727444279110368,"SVE_contig0000112","Clan AA aspartic protease",NA,NA,"A0A0K0FWF4","",NA,"",NA,"SPAL_0000099000",72.549,"",NA
"2116","SVE_1674100",0,0,0.18347042144672,0.179816653053978,0.0913534648435281,0.178920479678467,0,0.187811415949067,0.0790278091244177,0.077397159312867,0,0,"SVE_contig0000112","CCHC-type domain-containing protein","Znf_CCHC, Znf_CCHC_sf","nucleic acid binding, zinc ion binding, enzyme binding, cytoplasm","A0A0K0FWF5","",NA,"",NA,"SPAL_0000099100",77.9006,"",NA
"2117","SVE_1674200",0,0,0.379968272921447,0.371286201782178,0,0,0,0.0636603489806956,0.0798219011958968,0,0,0,"SVE_contig0000112","Transcriptional regulator",NA,NA,"A0A0K0FWF6","",NA,"",NA,"",NA,"",NA
"2118","SVE_1674300",0.0660015084615572,0,0.061809656624417,0.0604721628759853,0,0,0.194810837928428,0.252261479820387,0,0,0.108162261119677,0,"SVE_contig0000113","Reverse transcriptase domain-containing protein",NA,NA,"A0A0K0FWF7","",NA,"SRAE_X000234300 | WBGene00267927",14.0845,"",NA,"",NA
"2119","SVE_1674800",0,0,0,0,0,0,0,0.0636488932793124,0,0.0767152827931156,0,0.0718355567268583,"SVE_contig0000114","CCHC-type domain-containing protein","Znf_CCHC","nucleic acid binding, zinc ion binding, membrane","A0A0K0FWF8","SSTP_0000636200",6.01966,"",NA,"SPAL_0001164300",66.4619,"",NA
"2120","SVE_1675300",0,0,0,0,0,0,0,0,0,0,0,0,"SVE_contig0000118","Secreted protein",NA,NA,"A0A0K0FWG3","",NA,"",NA,"",NA,"",NA
"2121","SVE_1675400",0,0,0,0,0,0,0,0,0,0,0,0,"SVE_contig0000118","",NA,NA,"A0A0K0FWG4","",NA,"",NA,"",NA,"",NA
"2122","SVE_1675500",0,0,0,0,0,0,0,0,0,0,0,0,"SVE_contig0000118","Sulfatase domain-containing protein","Sulfatase_N, EptA-like_N, Alkaline_phosphatase_core_sf, PEA_transferase","sulfuric ester hydrolase activity, transferase activity, transferring phosphorus-containing groups, membrane, plasma membrane","A0A0K0FWG5","",NA,"",NA,"",NA,"",NA
"2123","SVE_1676100",0,0,0,0.509513456312701,0,0.0720268588940911,0,0,1.2517059788802e-06,2.76676898916311e-06,0.0404167791250908,0.000131677803161909,"SVE_contig0000123","PITH domain-containing protein",NA,NA,"A0A0K0FWH1","",NA,"",NA,"",NA,"",NA
"2124","SVE_1677100",0,0,0,0,0,0,0,0,0,0,0,0,"SVE_contig0000129","Integrating conjugative element protein",NA,NA,"A0A0K0FWH9","",NA,"",NA,"",NA,"",NA
"2125","SVE_1677200",0,0,0,0,0,0,0,0,0,0,0,0,"SVE_contig0000129","Jacalin-type lectin domain-containing protein","TraU, Integr_conj_element_PFL4709",NA,"A0A0K0FWI0","",NA,"",NA,"",NA,"",NA
"2126","SVE_1677700",0,0,0,0,0.0898768294978418,0,0,0,0,0.0747844183572556,0,0,"SVE_scaffold0000132","LAGLIDADG_2 domain-containing protein","Transthyretin-like_sf",NA,"A0A0K0FWI5","",NA,"",NA,"SPAL_0000849733",38.7755,"",NA
"2127","SVE_1678200",0,0,0,0,0,0,0,0.0641988378356949,0,0,0,0,"SVE_contig0000135","Apple domain-containing protein",NA,NA,"A0A0K0FWI8","",NA,"",NA,"",NA,"",NA
"2128","SVE_1679100",0,0,0,0,0,0,0.0654972793322729,0,0,0,0,0,"SVE_contig0000142","Reverse transcriptase domain-containing protein",NA,NA,"A0A0K0FWJ7","",NA,"",NA,"SPAL_0001354800",86.8932,"",NA
"2129","SVE_1679200",0,0,0,0,0,0,0,0,0,0,0,0.0712270796426368,"SVE_contig0000143","DUF4806 domain-containing protein",NA,NA,"A0A0K0FWJ8","",NA,"",NA,"SPAL_0001354100",9.70874,"",NA
"2130","SVE_1681100",0,0,0,0,0,0,0,0,0,0,0,0,"SVE_contig0000154","",NA,NA,"A0A0K0FWL4","",NA,"",NA,"SPAL_0001229400",41.2371,"",NA
"2131","SVE_1681200",0.0653250804407015,0.0640079190134648,0,0,0,0,0.0647661286062315,0.0636364676190395,0.0793849944265132,0,0,0,"SVE_contig0000154","",NA,NA,"A0A0K0FWL5","",NA,"",NA,"SPAL_0000046000",10.9453,"",NA
"2132","SVE_1681300",0,0,0,0,0,0,0,0,0,0,0,0,"SVE_contig0000154","CCHC-type domain-containing protein","Znf_CCHC, Znf_CCHC_sf","nucleic acid binding, zinc ion binding, enzyme binding, cytoplasm","A0A0K0FWL6","",NA,"",NA,"",NA,"",NA
"2133","SVE_1681900",0.0646185675727386,0,0,0,0,0,0,0.0627759570799667,0,0,0.224166422523325,0,"SVE_contig0000160","CAP domain-containing protein (inferred by orthology to a human protein)","CRISP-related, CAP_domain, Allrgn_V5/Tpx1_CS, SCP_GAPR1-like, CAP_sf","extracellular region","A0A0K0FWM2","SSTP_0000770200",21.2209,"SRAE_2000080100 | WBGene00261001",22.6744,"",NA,"F09B9.5 | WBGene00008604",12.2093
"2134","SVE_1683400",0,0.255918265512315,0,0,0,0,0,0.0639345254898452,0,0,0,0,"SVE_contig0000172","NPAS4 protein (inferred by orthology to a human protein)",NA,NA,"A0A0K0FWN3","",NA,"",NA,"",NA,"",NA
"2135","SVE_1683500",0.0660640777304588,0,0.126221003893995,0.183782534706159,0,0,0,0,0.077080848210184,0,0.072940716682113,0.0726407586583389,"SVE_contig0000172","Matrilin-2 (inferred by orthology to a human protein)",NA,NA,"A0A0K0FWN4","",NA,"",NA,"SPAL_0000143200",90.3846,"",NA
"2136","SVE_1683600",0,0,0,0,0,0,0,0.0641987876442666,0,0,0,0,"SVE_contig0000175","Integrase catalytic domain-containing protein","Integrase_cat-core, RNaseH-like_sf, RNaseH_sf","DNA integration, nucleic acid binding","A0A0K0FWN5","",NA,"SRAE_0000058200 | WBGene00256328",24.7664,"",NA,"",NA
"2137","SVE_1683700",0,0,0,0,0.213165580106426,0.571166797281294,0.0601393451606619,0,0,0,0.0592194098359658,0,"SVE_contig0000174","Transcriptional regulator",NA,NA,"A0A0K0FWN6","",NA,"",NA,"",NA,"",NA
"2138","SVE_1684600",0,0,0,0,0,0,0,0,0,0,0,0,"SVE_contig0000185","Cytochrome P450",NA,NA,"A0A0K0FWP5","",NA,"",NA,"SPAL_0001230900",49.6,"",NA
"2139","SVE_1685100",0.0651550507208753,0,0.0635394615154531,0.37401910372184,0,0,0,0,0,0,0,0,"SVE_contig0000190","",NA,NA,"A0A0K0FWQ0","",NA,"SRAE_1000291600 | WBGene00259533",36.9048,"SPAL_0000673600",76.1905,"",NA
"2140","SVE_1685500",0,0,0,0,0,0.164437703841749,0,0,0,0,0,0,"SVE_contig0000194","",NA,NA,NA,"",NA,"",NA,"",NA,"",NA
"2141","SVE_1686800",0.0651797149125044,0,0,0,0,0,0,0,0,0,0,0,"SVE_contig0000201","Transposase",NA,NA,"A0A0K0FWR2","",NA,"",NA,"",NA,"",NA
"2142","SVE_1686900",0.000777384511569355,0,0,0,0,0,0.0633214558879131,0,0,0,0,0.0363487414699691,"SVE_contig0000201","ATP-dependent DNA helicase","P-loop_NTPase",NA,"A0A0K0FWR3","",NA,"",NA,"",NA,"",NA
"2143","SVE_1687000",0,0.0651034896374816,0,0,0,0,0,0.0632738971704239,0.0777938835570487,0,0,0,"SVE_contig0000201","ATP-dependent DNA helicase",NA,NA,"A0A0K0FWR4","",NA,"",NA,"",NA,"",NA
"2144","SVE_1687500",0,0,0,0,0.0911640241496668,0.177258268236958,0.123806991614725,0,0,0.0745706397094786,0.0732146940411678,0,"SVE_contig0000205","Ras-GEF domain-containing protein",NA,NA,"A0A0K0FWR9","SSTP_0000944100",49.2063,"",NA,"",NA,"",NA
"2145","SVE_1687900",0,0,0,0,0,0,0,0.31299417498566,0.155965022376994,0.0768391199847037,0.0745009547439312,0,"SVE_contig0000212","GIY-YIG domain-containing protein","Transthyretin-like_sf",NA,"A0A0K0FWS3","",NA,"",NA,"SPAL_0001707900",41.6667,"",NA
"2146","SVE_1688600",0,0,0,0,0,0,0.0666219444330333,0,0,0,0.0712040244084157,0,"SVE_contig0000222","",NA,NA,"A0A0K0FWT0","",NA,"",NA,"SPAL_0000339100",81.5789,"",NA
"2147","SVE_1688700",0.0653225151343782,0.319948701017426,0,0,0,0,0.129708213379196,0.0637068289756097,0,0.155130943736291,0,0,"SVE_contig0000223","Nucleoprotein",NA,NA,"A0A0K0FWT1","",NA,"",NA,"",NA,"",NA
"2148","SVE_1689400",0.0649865433912708,0.127293314899769,0,0,0,0,0.0638201567858835,0.313875560637818,0,0.0774014026550859,0,0.0744457231642244,"SVE_contig0000229","CCHC-type domain-containing protein",NA,NA,"A0A0K0FWT8","",NA,"",NA,"",NA,"",NA
"2149","SVE_1689500",0,0,0,0,0,0,0,0.130110995248641,0,0,0.142943776230559,0,"SVE_contig0000229","Ovule protein",NA,"membrane","A0A0K0FWT9","",NA,"",NA,"",NA,"",NA
"2150","SVE_1689700",0.0651796359726539,0,0,0,0,0,0,0,0,0,0,0,"SVE_contig0000231","",NA,NA,NA,"",NA,"",NA,"",NA,"",NA
"2151","SVE_1693900",0,0,0,0,0,0,0.125911227562051,0.0619835250502892,0.312582395657808,0.153128741114835,0.225068600627542,0.0745226850739018,"SVE_contig0000282","Secreted protein","Transthyretin-like_sf",NA,"A0A0K0FWX7","",NA,"",NA,"SPAL_0000618800",50.6173,"",NA
"2152","SVE_1695700",0,0,0,0,0,0,0.128938798611655,0.0633263380570454,0.0787880044920176,0,0.0741770655387096,0,"SVE_contig0000298","DC_STAMP domain-containing protein","DC_STAMP-like","membrane","A0A0K0FWZ1","",NA,"",NA,"",NA,"",NA
"2153","SVE_1696000",0,0.0617431572935038,0.065667461224192,0,0,0,0,0,0,0,0,0,"SVE_contig0000302","DDE transposase family protein",NA,NA,"A0A0K0FWZ4","",NA,"",NA,"",NA,"",NA
"2154","SVE_1696200",0,0,0,0,0,0,0,0.0641987488498862,0,0,0,0,"SVE_contig0000303","",NA,NA,"A0A0K0FWZ6","",NA,"",NA,"",NA,"",NA
"2155","SVE_1696900",0,0,0,0,0,0,0,0,0,0,0,0,"SVE_contig0000313","",NA,NA,NA,"",NA,"",NA,"",NA,"",NA
"2156","SVE_1697100",0.19517943681839,0.191109508244479,0,0,0,0,0.0629530270242799,0.0620240521590868,0,0,0.224978292567733,0.223003591501396,"SVE_contig0000314","","Transthyretin-like_sf","membrane","A0A0K0FX05","",NA,"",NA,"SPAL_0000399100",48.2759,"",NA
"2157","SVE_1697800",0,0,0,0.060494302729277,0,0,0.0635260096723375,0,0,0.0771377669682166,0,0.0751802103624423,"SVE_contig0000321","Adenylate kinase isoenzyme 1 (inferred by orthology to a human protein)","Adenylat/UMP-CMP_kin, P-loop_NTPase, Adenylat_kinase_CS","nucleobase-containing compound metabolic process, nucleobase-containing compound kinase activity, ATP binding, kinase activity, phosphorylation, transferase activity","A0A0K0FX12","",NA,"",NA,"",NA,"",NA
"2158","SVE_1698100",0.0652388517505079,0,0,0,0.091242227039522,0,0.251448045353738,0.185739484449822,0.156179759366014,0.0763954548389171,0,0.149010902000903,"SVE_contig0000323","Transthyretin-like family-containing protein","Transthyretin-like_sf",NA,"A0A0K0FX15","",NA,"",NA,"SPAL_0000846300",57.9618,"",NA
"2159","SVE_1698700",0,0,0,0,0,0,0,0,0,0,0,0,"SVE_contig0000329","",NA,NA,NA,"",NA,"",NA,"",NA,"",NA
"2160","SVE_1699000",0,0,0,0,0,0,0,0,0,0,0,0,"SVE_contig0000333","",NA,NA,NA,"",NA,"",NA,"",NA,"",NA
"2161","SVE_1700100",0,0.126337085964528,0,0,0,0,0.126684416711639,0.062305798943205,0,0,0.0750922517551567,0.221694112441901,"SVE_contig0000351","",NA,NA,"A0A0K0FX33","",NA,"",NA,"SPAL_0000393600",26.8482,"",NA
"2162","SVE_1701300",0,0,0,0,0,0.0890094158412675,0,0.0619265752546556,0,0.0764433397776952,0,0,"SVE_contig0000370","RT_RNaseH domain-containing protein","RT_RNaseH, DNA/RNA_pol_sf",NA,"A0A0K0FX43","SSTP_0001281200",32.9193,"",NA,"SPAL_0001174600",88.8199,"",NA
"2163","SVE_1702600",0,0,0,0,0,0,0,0,0.0760241595243245,0,0.073130612407238,0.145391713555378,"SVE_contig0000384","Guanylate cyclase (inferred by orthology to a zebrafish protein)",NA,"membrane","A0A0K0FX55","",NA,"",NA,"",NA,"",NA
"2164","SVE_1703100",0.0652236867989615,0.127688294427888,0,0,0,0,0.127397130205109,0.376431590770111,0,0,0,0.0747993878085058,"SVE_contig0000394","Nucleosomal histone kinase 1 (inferred by orthology to a D. melanogaster protein)",NA,NA,"A0A0K0FX59","",NA,"",NA,"SPAL_0001284100",11.0599,"",NA
"2165","SVE_1703400",0,0,0,0,0,0,0,0,0,0,0,0,"SVE_contig0000397","",NA,NA,"A0A0K0FX62","",NA,"",NA,"",NA,"",NA
"2166","SVE_1703700",0,0.0637159362571453,0,0,0,0,0,0,0,0,0,0,"SVE_contig0000401","D4 dopamine receptor",NA,NA,"A0A0K0FX65","",NA,"",NA,"",NA,"",NA
"2167","SVE_1704000",0,0,0,0,0,0,0.0625576771706552,0,0,0.0759983646642812,0.0744828628364009,0.0732329594326952,"SVE_scaffold0000133","Reverse transcriptase domain-containing protein","RT_dom, RT_RNaseH_2, Rev_trsase/Diguanyl_cyclase, DNA/RNA_pol_sf",NA,"A0A0K0FX68","",NA,"",NA,"SPAL_0001162000",86.6953,"",NA
"2168","SVE_1704600",0,0,0,0,0,0,0,0,0,0,0,0,"SVE_contig0000417","N-acetyltransferase domain-containing protein","Acyl_CoA_acyltransferase",NA,"A0A0K0FX74","",NA,"",NA,"",NA,"",NA
"2169","SVE_1704700",0.0651797774843589,0,0,0,0,0,0,0,0,0,0,0,"SVE_contig0000417","RNA-binding protein S1",NA,NA,"A0A0K0FX75","",NA,"",NA,"",NA,"",NA
"2170","SVE_1704900",0.129906919113139,0.0635683880781493,0,0,0,0,0.127382709394291,0.125373825192361,0.157998589063116,0.154508169266507,0.075604904726685,0,"SVE_contig0000420","C2H2-type domain-containing protein",NA,NA,"A0A0K0FX77","SSTP_0001072100",3.62903,"SRAE_X000234600 | WBGene00267930",59.6774,"",NA,"",NA
"2171","SVE_1705200",0,0,0,0,0,0,0,0,0,0,0,0,"SVE_contig0000429","Restriction endonuclease",NA,NA,"A0A0K0FX80","",NA,"",NA,"",NA,"",NA
"2172","SVE_1705300",0,0,0,0,0,0,0,0,0,0,0,0,"SVE_contig0000429","",NA,NA,"A0A0K0FX81","",NA,"",NA,"",NA,"",NA
"2173","SVE_1705500",0,0,0,0,0,0,0,0.0627992099451266,0.079233700486906,0.0775340518739316,0,0,"SVE_contig0000433","Reverse transcriptase domain-containing protein",NA,NA,"A0A0K0FX83","",NA,"",NA,"",NA,"",NA
"2174","SVE_1705800",0,0,0,0,0,0,0,0,0,0,0.07205671616445,0.0715896075008076,"SVE_contig0000437","Integrase_H2C2 domain-containing protein",NA,NA,"A0A0K0FX86","",NA,"SRAE_0000051400 | WBGene00256259",4.86111,"SPAL_0001605900",30.5556,"",NA
"2175","SVE_1705900",0,0.131415491263013,0,0,0,0,0,0.126832432732558,0.07792190120236,0.0759248792760602,0,0.0710324009606948,"SVE_contig0000436","COesterase domain-containing protein",NA,NA,"A0A0K0FX87","",NA,"",NA,"SPAL_0000971400",72.4138,"",NA
"2176","SVE_1706100",0,0,0,0,0,0,0.0666742196139257,0,0,0.0753558048671798,0,0,"SVE_contig0000442","",NA,NA,"A0A0K0FX89","",NA,"",NA,"",NA,"",NA
"2177","SVE_1706200",0.0659353975545869,0,0.429949451013018,0.240693149576198,0,0,0,0,0,0,0.0767708295884688,0,"SVE_contig0000443","A2M domain-containing protein",NA,NA,"A0A0K0FX90","",NA,"",NA,"SPAL_0000092000",71.9457,"",NA
"2178","SVE_1706600",0,0,0,0,0,0,0.125202383810935,0,0.232979595385378,0.0761614303802625,0.0745260535703684,0.0736348290689816,"SVE_contig0000446","",NA,NA,"A0A0K0FX92","",NA,"",NA,"SPAL_0000393600",42.4731,"",NA
"2179","SVE_1706700",0,0,0,0,0,0,0.0642249242800603,0,0,0.156460687481242,0,0,"SVE_contig0000447","THAP-type domain-containing protein",NA,NA,"A0A0K0FX93","SSTP_0000700100",30.5,"",NA,"SPAL_0000393900",37,"",NA
"2180","SVE_1707000",0,0,0.16230761580348,0.199396907880789,0,0,0.0966700048474215,0,0.122663599525662,0,0,0,"SVE_scaffold0000003","",NA,NA,"A0A0K0FX94","",NA,"",NA,"SPAL_0001088375",83.1461,"",NA
"2181","SVE_1707100",0.0653239253298524,0.0639405840163727,0,0,0,0,0.0629138141486989,0.185656396549923,0.0779573074216444,0,0.224718779782538,0.0744402362589455,"SVE_scaffold0000003","",NA,NA,NA,"SSTP_0000004500",41.8919,"SRAE_0000062100 | WBGene00256368",22.2973,"",NA,"",NA
"2182","SVE_1707300",0,0.0658607285186253,0,0,0,0,0.0653128992804537,0.126985092692136,0,0.0763468870633282,0.071399324237238,0,"SVE_scaffold0000003","Lipoprotein",NA,"membrane","A0A0K0FX97","SSTP_0000524100",37.8049,"",NA,"SPAL_0000248100",54.878,"",NA
"2183","SVE_1707400",0,0,0,0,0.0906243088105017,0.0887461949619375,0.0631059062894044,0.0621041204667987,0.0783970327888005,0,0,0,"SVE_scaffold0000003","Metalloendopeptidase","Peptidase_M12A, MetalloPept_cat_dom_sf","metalloendopeptidase activity, metallopeptidase activity, proteolysis, peptidase activity, hydrolase activity, metal ion binding","A0A0K0FX98","",NA,"",NA,"",NA,"",NA
"2184","SVE_1707500",0,0,0,0,0,0,0.126112748237825,0,0,0,0.0376224149823604,0,"SVE_scaffold0000003","CAP domain-containing protein (inferred by orthology to a human protein)","CRISP-related, CAP_domain, SCP_GAPR1-like, CAP_sf",NA,"A0A0K0FX99","SSTP_0000513100",37.5,"",NA,"SPAL_0000606700",72.5,"scl-12 | WBGene00019178",19.5
"2185","SVE_1708200",0.0659551642443001,0.193916422151831,0,0.0606280709202604,0,0,0,0,0,0,0,0,"SVE_scaffold0000003","Transmembrane protein",NA,"membrane","A0A0K0FXA6","",NA,"",NA,"",NA,"",NA
"2186","SVE_1708300",0.0653261732023935,0,0,0,0,0,0.0642822580454835,0.063247661509041,0.159240498032677,0.155787562300328,0,0,"SVE_scaffold0000003","CAP domain-containing protein (inferred by orthology to a human protein)","CRISP-related, V5_allergen-like, CAP_domain, Allrgn_V5/Tpx1_CS, SCP_GAPR1-like, CAP_sf","extracellular region","A0A0K0FXA7","SSTP_0000511800",45.2297,"SRAE_0000045600 | WBGene00256200",26.5018,"SPAL_0000627800",77.3852,"F09B9.5 | WBGene00008604",16.2544
"2187","SVE_1708400",0.130085310266171,0.318735885531689,0,0,0,0,0.0640332553559932,0.188908922635339,0,0,0.151382134328963,0,"SVE_scaffold0000003","CAP domain-containing protein (inferred by orthology to a human protein)","CRISP-related, CAP_domain, Allrgn_V5/Tpx1_CS, SCP_GAPR1-like, CAP_sf","extracellular region","A0A0K0FXA8","SSTP_0000512900",30.7167,"SRAE_0000044800 | WBGene00256192",53.9249,"",NA,"scl-12 | WBGene00019178",15.0171
"2188","SVE_1708700",0,0.126475544936726,0,0,0.185153356086261,0,0,0.0612581943312663,0,0,0,0,"SVE_scaffold0000003","Lipoprotein",NA,"membrane","A0A0K0FXB1","",NA,"",NA,"",NA,"",NA
"2189","SVE_1708800",0.131712538476917,0.387164085644152,0,0,0,0,0,0.0627464634937447,0,0,0,0,"SVE_scaffold0000003","",NA,NA,"A0A0K0FXB2","SSTP_0000680300",32.3529,"",NA,"SPAL_0001018300",32.3529,"",NA
"2190","SVE_1708900",0.131102128834615,0.129125508901069,0,0,0,0,0,0,0,0.075167239465885,0.145061235425323,0,"SVE_scaffold0000003","C2H2-type domain-containing protein","Znf_C2H2_type",NA,"A0A0K0FXB3","SSTP_0000680300",51.4286,"",NA,"SPAL_0000598300",88.5714,"",NA
"2191","SVE_1709000",0.129389498930717,0.126715468455553,0,0,0,0,0.0631051030899703,0.0621326817660133,0.0784667260047254,0.0768829361550421,0.075273719353096,0.148621619982647,"SVE_scaffold0000003","",NA,NA,"A0A0K0FXB4","",NA,"",NA,"",NA,"",NA
"2192","SVE_1709900",0.0652052161854802,0.192255420768278,0.0616679382020573,0,0.276644883705685,0,0,0,0.0763845394222314,0,0,0,"SVE_scaffold0000003","",NA,NA,"A0A0K0FXC3","",NA,"",NA,"",NA,"",NA
"2193","SVE_1710300",0,0,0,0,0,0,0.0630586599900374,0,0.0783663023953442,0,0.150443779590924,0,"SVE_scaffold0000003","",NA,NA,"A0A0K0FXC7","",NA,"",NA,"",NA,"",NA
"2194","SVE_1711200",0,0,0,0,0,0,0.200035202221114,0.19497151893535,0,0,0.213331565494058,0.0703999621376447,"SVE_scaffold0000003","",NA,NA,"A0A0K0FXD6","",NA,"",NA,"",NA,"",NA
"2195","SVE_1711400",0,0,0,0,0,0,0.065497186572141,0,0,0,0,0,"SVE_scaffold0000003","Conserved domain protein",NA,NA,"A0A0K0FXD8","SSTP_0000384500",26.087,"SRAE_2000455500 | WBGene00264787",39.1304,"SPAL_0000370100",27.1739,"",NA
"2196","SVE_1715100",0.0637410477514986,0.186947727401303,0,0,0.0898945301467309,0.174849213214276,0,0,0,0,0.072238010484926,0,"SVE_scaffold0000003","",NA,NA,"A0A0K0FXH5","",NA,"",NA,"",NA,"",NA
"2197","SVE_1719000",0.133323653965125,0.261340257658927,0.0620926003422452,0.0608183915226764,0,0,0.0646476899340188,0.127098163924212,0.0802275394433468,0,0,0,"SVE_scaffold0000003","",NA,NA,"A0A0K0FXL4","SSTP_0000762800",39.8907,"SRAE_2000282600 | WBGene00263040",29.5082,"SPAL_0000890400",76.5027,"",NA
"2198","SVE_1723600",0,0.0619288235862164,0,0.124636170470792,0,0.0878955906578474,0,0,0,0,0,0,"SVE_scaffold0000003","",NA,NA,"A0A0K0FXR0","",NA,"",NA,"",NA,"",NA
"2199","SVE_1724300",0.260216381336166,0.191254578588134,0.0608458114435482,0,0,0,0,0.0629332437286476,0.158544793521244,0.154989919001154,0.0757690991232942,0,"SVE_scaffold0000003","Homeobox protein 2-like",NA,NA,"A0A0K0FXR7","",NA,"",NA,"SPAL_0001408700",83.5766,"",NA
"2200","SVE_1729400",0,0.0651862896654005,0,0,0,0,0.0640251959894714,0,0,0,0,0,"SVE_scaffold0000003","","Sulfotransferase, Chst-1","positive regulation of response to oxidative stress, chondroitin sulfate biosynthetic process, chondroitin 4-sulfotransferase activity, sulfotransferase activity, membrane","A0A0K0FXW8","SSTP_0000048700",74.2857,"SRAE_2000327500 | WBGene00263497",75.7143,"SPAL_0000212600",92.1429,"B0273.115 | WBGene00206473",11.4286
"2201","SVE_1737900",0.192650843043517,0.125740456701733,0,0,0.177966721356007,0.261728087286597,0,0,0.0778046921616242,0,0,0,"SVE_scaffold0000003","GLOBIN domain-containing protein","Globin, Globin-like_sf, Globin/Proto, Mb-like_M","oxygen binding, heme binding, oxygen carrier activity, oxygen transport","A0A0K0FY53","SSTP_0000426900",78.1095,"SRAE_2000335800 | WBGene00263580",78.607,"SPAL_0000220700",96.0199,"",NA
"2202","SVE_1740200",0,0,0,0,0,0.0855342170003119,0,0,0,0,0,0,"SVE_scaffold0000003","Similarity",NA,NA,"A0A0K0FY76","SSTP_0000129300",62.5,"SRAE_2000338000 | WBGene00263602",55.7692,"SPAL_0000222800",84.6154,"",NA
"2203","SVE_1742600",0,0.0637158191305007,0,0,0,0,0,0,0,0,0,0,"SVE_scaffold0000003","",NA,NA,"A0A0K0FYA0","SSTP_0000131600",82.5503,"SRAE_2000340200 | WBGene00263624",85.2349,"SPAL_0000225200",96.6443,"F46F3.3 | WBGene00009791",47.651
"2204","SVE_1743000",0.065102465268955,0.0638301882736174,0,0,0.17808479977874,0.0869935739403267,0.128627439215079,0.0632324320119913,0,0,0,0,"SVE_scaffold0000003","Ras-GEF domain-containing protein",NA,NA,"A0A0K0FYA4","SSTP_0000132000",69.4118,"SRAE_2000340600 | WBGene00263628",70.2941,"SPAL_0000225600",89.4118,"",NA
"2205","SVE_1743400",0,0,0,0,0,0,0.0654487887214092,0.128493246241346,0,0,0,0,"SVE_scaffold0000003","EGF-like domain-containing protein",NA,"membrane","A0A0K0FYA8","SSTP_0000132500",45.7627,"SRAE_2000340900 | WBGene00263631",41.6949,"SPAL_0000226000",82.3729,"",NA
"2206","SVE_1747800",0,0,0,0,0,0,0,0.0641988347511655,0,0,0,0,"SVE_scaffold0000003","PDZ domain-containing protein","PDZ, PDZ_sf, T15H9.4-like","protein binding","A0A0K0FYF2","SSTP_0000135900",67.907,"SRAE_2000344200 | WBGene00263664",68.3721,"SPAL_0000229900",94.8837,"",NA
"2207","SVE_1750700",0,0.127514387532506,0.0622760730871911,0,0,0,0,0,0,0,0,0.0727295528653953,"SVE_scaffold0000003","Ground-like domain-containing protein","Ground-like_dom",NA,"A0A0K0FYI1","",NA,"SRAE_2000347300 | WBGene00263695",75.2918,"SPAL_0000211700",94.5525,"grl-14 | WBGene00001723",22.3735
"2208","SVE_1750800",0.066165349837584,0,0.186731879815221,0.304511801646894,0,0,0,0.0642416319216631,0,0.0789018896570476,0,0,"SVE_scaffold0000003","TGF_BETA_2 domain-containing protein","TGF-b_C, TGF-beta-rel, Cystine-knot_cytokine","growth factor activity, extracellular region, signal transduction","A0A0K0FYI2","tgh-2 | SSTP_0000410100",62.5378,"SRAE_2000347400 | WBGene00263696",59.5166,"SPAL_0000211600",87.6133,"",NA
"2209","SVE_1752000",0,0,0,0,0.09223306192288,0,0.06238308968657,0,0,0,0.0722771278212135,0,"SVE_scaffold0000003","",NA,NA,"A0A0K0FYJ3","SSTP_0000411200",41.5094,"SRAE_2000348500 | WBGene00263707",70.7547,"SPAL_0000460600",94.3396,"",NA
"2210","SVE_1752300",0,0.0646446086667932,0.124017758844043,0,0,0,0.0633482971726975,0,0,0,0,0.0745250208048321,"SVE_scaffold0000003","",NA,NA,"A0A0K0FYJ6","SSTP_0000411500",56.8182,"SRAE_2000348800 | WBGene00263710",67.4242,"SPAL_0000460900",90.9091,"",NA
"2211","SVE_1752400",0.0648138984976987,0.190422815637839,0,0,0,0,0.193345087073615,0.0632907126723343,0.0785718509394968,0,0.0738202727912236,0.145051604867456,"SVE_scaffold0000003","Apple domain-containing protein","Pan_app",NA,"A0A0K0FYJ7","SSTP_0000411600",48.9669,"SRAE_2000348900 | WBGene00263711",51.8595,"SPAL_0000461000",71.9008,"",NA
"2212","SVE_1752500",0,0,0,0,0,0,0,0,0,0,0.0722694217024611,0.0713789414757281,"SVE_scaffold0000003","ShKT domain-containing protein","ShKT_dom",NA,"A0A0K0FYJ8","",NA,"",NA,"",NA,"",NA
"2213","SVE_1753500",0.0646902087460379,0.0633346366614938,0,0.177092079837922,0.0893554787465326,0,0.126525482766023,0,0.0786085685150212,0,0.0753960018406425,0.0741522432003001,"SVE_scaffold0000003","GLOBIN domain-containing protein","Globin, Globin-like_sf, Globin/Proto, Mb-like_M","oxygen binding, heme binding, oxygen carrier activity, oxygen transport","A0A0K0FYK8","SSTP_0000412800",79.7357,"SRAE_2000350300 | WBGene00263725",84.5815,"SPAL_0000462200",97.3568,"glb-17 | WBGene00009887",57.2687
"2214","SVE_1754000",0.395149409037688,0.0645130680071158,0.0614632743358478,0.120332750468401,0.0917835619841686,0,0,0,0,0,0,0,"SVE_scaffold0000003","NGF domain-containing protein","Cystine-knot_cytokine","membrane","A0A0K0FYL3","SSTP_0000413300",70.5202,"SRAE_2000350800 | WBGene00263730",52.0231,"SPAL_0000462700",56.6474,"",NA
"2215","SVE_1755800",0.39196553055716,0.12784298806507,0,0,0,0,0.130570791423749,0.192164528572331,0,0,0,0,"SVE_scaffold0000003","glucuronosyltransferase","UDP_glucos_trans, 7TM_GPCR_serpentine_rcpt_Str","UDP-glycosyltransferase activity, glycosyltransferase activity, glucuronosyltransferase activity, transferase activity, membrane","A0A0K0FYN1","SSTP_0001286300 | SSTP_0001286300",28.3293,"",NA,"SPAL_0000464600",53.753,"ugt-65 | WBGene00008583",14.0436
"2216","SVE_1758000",0.0657283533188282,0.197011819298775,0,0,0,0.0926125509725446,0.0656877491557883,0.190844614556884,0,0.0750615111461138,0.0694440609002624,0.136272429862245,"SVE_scaffold0000003","Globin (inferred by orthology to a C. elegans protein)",NA,NA,"A0A0K0FYQ3","",NA,"",NA,"",NA,"",NA
"2217","SVE_1759200",0,0,0.122709296648181,0.179194798415774,0.182389105156898,0.177743087875762,0,0,0,0,0,0,"SVE_scaffold0000003","Plasmodium yoelii subtelomeric region (PYST-C1)",NA,NA,"A0A0K0FYR5","SSTP_0000113200",50,"SRAE_2000366900 | WBGene00263894",48.0392,"SPAL_0000467900",80.3922,"",NA
"2218","SVE_1763000",0.129857936463609,0.127003796810385,0,0,0.0916201492501324,0,0,0.0609572658919841,0.229261098292106,0,0.0737026097569293,0.072912998735132,"SVE_scaffold0000003","",NA,"membrane","A0A0K0FYV3","",NA,"",NA,"SPAL_0000471300",85.9375,"",NA
"2219","SVE_1763200",0.0650326779400917,0,0.0656429414107233,0.0639203099443753,0.0945100038117144,0,0.192795354015563,0.251294317817905,0,0.0738806361207214,0,0.0677977432281558,"SVE_scaffold0000003","Glutamine amidotransferase type-2 domain-containing protein",NA,NA,"A0A0K0FYV5","",NA,"",NA,"",NA,"",NA
"2220","SVE_1766900",0,0,0,0,0,0,0,0.0641989515222594,0,0,0,0,"SVE_scaffold0000003","Glycosyl transferase family 2",NA,NA,"A0A0K0FYZ2","SSTP_0000231400",53.913,"SRAE_2000360450 | WBGene00263828",58.2609,"",NA,"",NA
"2221","SVE_1767700",0,0.19041840484536,0,0,0,0,0.0630654838967088,0.185995388870508,0.0782984793953621,0,0.075143509432879,0.0742505098824045,"SVE_scaffold0000003","7TM_GPCR_Srx domain-containing protein","7TM_GPCR_serpentine_rcpt_Sre","sensory perception of chemical stimulus, membrane","A0A0K0FZ00","SSTP_0000230800",66.6667,"SRAE_2000360000 | WBGene00263823",59.375,"SPAL_0001056800",89.5833,"",NA
"2222","SVE_1771200",0,0.0651347891444963,0,0,0,0,0,0,0,0.0750409470569502,0,0,"SVE_scaffold0000003","",NA,"membrane","A0A0K0FZ35","",NA,"",NA,"SPAL_0001053266",65.4762,"",NA
"2223","SVE_1771400",0.33270626288531,0.32746219721255,0.0632204064102001,0.061420296615061,0,0,0,0.0624099220870544,0,0,0,0,"SVE_scaffold0000003","Membrane protein insertase YidC",NA,"membrane","A0A0K0FZ37","SSTP_0000227100",42.9907,"SRAE_2000355200 | WBGene00263775",42.9907,"SPAL_0001053200",80.3738,"",NA
"2224","SVE_1771500",0,0,0,0,0,0,0,0,0.0783359323504596,0,0,0,"SVE_scaffold0000003","Enoyl-CoA delta isomerase 2, mitochondrial (inferred by orthology to a human protein)","Enoyl-CoA_hydra/iso, ClpP/crotonase-like_dom_sf","catalytic activity","A0A0K0FZ38","",NA,"",NA,"",NA,"Y25C1A.13 | WBGene00021296",15.9722
"2225","SVE_1775300",0,0.0632140841125467,0,0,0,0,0.06349411479614,0,0.157260114884865,0.076865803589578,0,0.220978292648484,"SVE_scaffold0000003","Glycoprotein-N-acetylgalactosamine 3-beta-galactosyltransferase 1","Fringe-like","glycosyltransferase activity, membrane","A0A0K0FZ76","",NA,"SRAE_2000351100 | WBGene00263733",88.6986,"SPAL_0001049200",96.5753,"",NA
"2226","SVE_1776100",0.06624412892931,0.0649896387002243,0.064288815433906,0,0,0,0,0.188793628635435,0.0772434019350733,0,0.0715570241342376,0,"SVE_scaffold0000003","Flagellar biosynthesis protein FlgM",NA,NA,"A0A0K0FZ84","",NA,"",NA,"SPAL_0000833800",57.3034,"",NA
"2227","SVE_1776200",0,0,0,0,0,0,0,0,0,0,0,0,"SVE_scaffold0000003","ATP-dependent DNA helicase","DNA_helicase_pif1-like, P-loop_NTPase","telomere maintenance, DNA helicase activity, DNA repair, cellular response to DNA damage stimulus, DNA recombination, helicase activity, ATP hydrolysis activity, DNA duplex unwinding, hydrolase activity, ATP binding, nucleotide binding","A0A0K0FZ85","",NA,"",NA,"",NA,"",NA
"2228","SVE_1776300",0,0,0,0,0,0,0,0,0,0,0,0,"SVE_scaffold0000003","ATP-dependent DNA helicase","DNA_helicase_pif1-like, P-loop_NTPase","telomere maintenance, DNA helicase activity, DNA repair, cellular response to DNA damage stimulus, DNA recombination, helicase activity, ATP hydrolysis activity, DNA duplex unwinding, hydrolase activity, ATP binding, nucleotide binding","A0A0K0FZ86","",NA,"",NA,"SPAL_0000063200",45.122,"",NA
"2229","SVE_1776400",0,0,0,0,0,0,0,0.0641988664364686,0,0,0,0,"SVE_scaffold0000003","Helitron_like_N domain-containing protein","Helitron_helicase-like",NA,"A0A0K0FZ87","",NA,"",NA,"SPAL_0000063200",4.85437,"",NA
"2230","SVE_1776500",0.076234685406686,0,0,0,0.289256152637864,0,0,0,0.0768501892388067,0,0,0,"SVE_scaffold0000003","DDE_Tnp_1_7 domain-containing protein","RNaseH_sf","nucleic acid binding","A0A0K0FZ88","",NA,"",NA,"SPAL_0000728100",64.1892,"",NA
"2231","SVE_1776600",0,0,0,0,0,0,0.0654972848048574,0,0,0,0,0,"SVE_scaffold0000003","",NA,NA,"A0A0K0FZ89","",NA,"",NA,"",NA,"",NA
"2232","SVE_1776800",0,0,0,0,0,0,0,0,0,0,0,0,"SVE_scaffold0000003","Transposase",NA,NA,"A0A0K0FZ91","",NA,"",NA,"",NA,"",NA
"2233","SVE_1776900",0,0,0.06255750761908,0.0610493631963022,0,0.0912576027213184,0.0637024416829919,0,0,0,0,0,"SVE_scaffold0000003","Recep_L_domain domain-containing protein",NA,NA,"A0A0K0FZ92","",NA,"",NA,"",NA,"",NA
"2234","SVE_1777000",0,0.0634394856284476,0,0,0,0,0,0,0,0.0770403538784243,0,0,"SVE_scaffold0000003","DUF1376 domain-containing protein",NA,NA,"A0A0K0FZ93","SSTP_0000444000",40.8072,"",NA,"",NA,"",NA
"2235","SVE_1777100",0.0668974051253392,0,0.0627819026196693,0.122907297002868,0,0,0,0,0,0,0,0,"SVE_scaffold0000003","Phosphoenolpyruvate carboxylase",NA,NA,"A0A0K0FZ94","SSTP_0000444000",52.4476,"",NA,"",NA,"",NA
"2236","SVE_1777300",0.0673686714934813,0,0.127180846878505,0.186209078198051,0,0,0.0646024040505362,0.0631899220715968,0,0,0,0,"SVE_scaffold0000003","V-type ATP synthase subunit D",NA,NA,"A0A0K0FZ96","",NA,"",NA,"",NA,"",NA
"2237","SVE_1777700",0,0,0,0,0,0,0.0631982483776503,0,0,0.0766848090283212,0.0751028088290631,0,"SVE_scaffold0000003","Integrase catalytic domain-containing protein","Integrase_cat-core, RNaseH-like_sf, RNaseH_sf","DNA integration, nucleic acid binding","A0A0K0FZA0","SSTP_0001073000",50.6224,"",NA,"SPAL_0001103800",65.9751,"",NA
"2238","SVE_1777800",0,0,0,0,0,0,0.190507448705791,0.062454696433308,0.0784543730514297,0.153413735259475,0.0746110946955396,0.0732527650726622,"SVE_scaffold0000003","Reverse transcriptase domain-containing protein","RT_dom, RT_RNaseH_2, Integrase_H2C2, Rev_trsase/Diguanyl_cyclase, DNA/RNA_pol_sf",NA,"A0A0K0FZA1","SSTP_0000067100",66.3609,"",NA,"SPAL_0001210500",77.6758,"",NA
"2239","SVE_1777900",0.0661277742519454,0,0,0,0,0,0.064275290762878,0.063183256036693,0,0.156596094273231,0,0,"SVE_scaffold0000003","Peptidase A2 domain-containing protein","Aspartic_peptidase_AS, Peptidase_aspartic_dom_sf","aspartic-type endopeptidase activity, proteolysis","A0A0K0FZA2","SSTP_0000067200",42.6316,"",NA,"",NA,"",NA
"2240","SVE_1778000",0,0,0,0,0,0,0,0.0615384831841692,0.0770621639629523,0,0.074327783010992,0.0644675225037197,"SVE_scaffold0000003","DUF4368 domain-containing protein",NA,NA,"A0A0K0FZA3","SSTP_0000067200",35.7143,"",NA,"",NA,"",NA
"2241","SVE_1778100",0,0.127432214545627,0,0,0,0,0.0640893674971795,0.18907070843921,0,0,0,0.0741788020634073,"SVE_scaffold0000003","Endoplasmic reticulum transmembrane protein",NA,NA,"A0A0K0FZA4","",NA,"",NA,"",NA,"",NA
"2242","SVE_1778200",0,0,0,0,0.0902037313258933,0.088445389217418,0.0633782079929303,0.0623612284368984,0,0,0,0,"SVE_scaffold0000003","Reverse transcriptase domain-containing protein",NA,"membrane","A0A0K0FZA5","SSTP_0000707500",13.198,"",NA,"",NA,"",NA
"2243","SVE_1778300",0,0,0,0,0,0,0.126799558214137,0.124914960725221,0.0788175302941831,0.0771363705005863,0,0.0748200457741702,"SVE_scaffold0000003","V-type proton ATPase subunit C",NA,NA,"A0A0K0FZA6","SSTP_0000707500",44.6927,"",NA,"",NA,"",NA
"2244","SVE_1778400",0.0253256777669335,0.13057273276789,0,0,0,0,0,0.086024411639215,0,0.0759322355669992,0,0,"SVE_scaffold0000003","",NA,NA,"A0A0K0FZA7","",NA,"",NA,"",NA,"",NA
"2245","SVE_1778500",0,0,0,0,0,0,0,0,0,0.0767058787454214,0,0,"SVE_scaffold0000003","RRM domain-containing protein",NA,NA,"A0A0K0FZA8","SSTP_0001128700",15.0327,"",NA,"SPAL_0001287000",3.26797,"",NA
"2246","SVE_1778600",0,0,0,0,0,0,0,0.0621018724272341,0,0,0.149765340248241,0,"SVE_scaffold0000003","",NA,NA,"A0A0K0FZA9","SSTP_0000665500",45.4545,"",NA,"SPAL_0000713200",83.4711,"",NA
"2247","SVE_1778700",0.134305944440701,0,0,0,0,0,0.0644535793792445,0.063599825946896,0.0781805190416006,0.0765414780912517,0,0,"SVE_scaffold0000003","Integrase catalytic domain-containing protein","RNaseH-like_sf, RNaseH_sf","nucleic acid binding","A0A0K0FZB0","SSTP_0000665500",18.6813,"",NA,"SPAL_0001459300",85.7143,"",NA
"2248","SVE_1779300",0,0,0,0,0.174893261640238,0.085699689332103,0,0,0,0,0,0,"SVE_scaffold0000003","PGG domain-containing protein",NA,NA,"A0A0K0FZB6","SSTP_0000707500",17.2093,"",NA,"",NA,"",NA
"2249","SVE_1779400",0.129244975738001,0,0,0,0.0895119219926872,0.0967908344115894,0.126147717200444,0,0,0,0,0,"SVE_scaffold0000003","Conjugal transfer protein",NA,NA,"A0A0K0FZB7","",NA,"",NA,"",NA,"",NA
"2250","SVE_1779500",0,0,0,0,0,0,0,0,0,0,0.0724232510131727,0,"SVE_scaffold0000003","",NA,NA,"A0A0K0FZB8","",NA,"",NA,"",NA,"",NA
"2251","SVE_1779600",0.197611499389337,0.0645460655186714,0.185134139962054,0.0603953127342227,0,0,0.194599690991906,0.127590678643598,0,0,0,0.0752128418573799,"SVE_scaffold0000003","Peptidase A2 domain-containing protein","Aspartic_peptidase_AS, Peptidase_aspartic_dom_sf","aspartic-type endopeptidase activity, proteolysis","A0A0K0FZB9","SSTP_0000067200",34.5763,"",NA,"SPAL_0000329800",28.1356,"",NA
"2252","SVE_1779700",0.260311493509955,0.127371261066973,0,0,0,0,0.0649866056720958,0.0637705566919534,0.273236186294428,0,0.0733759139228972,0,"SVE_scaffold0000003","Reverse transcriptase domain-containing protein","RT_dom, Integrase_cat-core, RNaseH-like_sf, RNaseH_sf, RT_RNaseH, Rev_trsase/Diguanyl_cyclase, DNA/RNA_pol_sf","DNA integration, nucleic acid binding, DNA-directed DNA polymerase activity, DNA biosynthetic process, DNA polymerase complex","A0A0K0FZC0","SSTP_0000067100",45.3315,"",NA,"SPAL_0001225800",50.6089,"",NA
"2253","SVE_1779800",0.0651794858511575,0,0,0,0,0,0,0,0,0,0,0,"SVE_scaffold0000003","FLYWCH-type domain-containing protein",NA,NA,"A0A0K0FZC1","",NA,"",NA,"SPAL_0001354100",43.6364,"",NA
"2254","SVE_1780200",0.0643831645623161,0.0632770209600386,0,0,0.182103988203412,0.0890941362107031,0.0617767564707134,0,0,0,0.144866068055049,0,"SVE_scaffold0000003","",NA,NA,"A0A0K0FZC5","",NA,"",NA,"",NA,"",NA
"2255","SVE_1780300",0.0648114712341611,0,0,0,0.183279266980026,0.178809514483465,0,0.0608709565959507,0.0761220518903071,0,0,0,"SVE_scaffold0000003","",NA,NA,"A0A0K0FZC6","",NA,"",NA,"",NA,"",NA
"2256","SVE_1780700",0,0.06264499146986,0,0,0,0.0870000496056316,0,0,0,0,0,0,"SVE_scaffold0000003","",NA,NA,"A0A0K0FZD0","",NA,"",NA,"SPAL_0000459400",44.3243,"",NA
"2257","SVE_1780800",0,0,0,0,0,0,0,0,0,0,0,0,"SVE_scaffold0000003","LITAF domain-containing protein",NA,"membrane","A0A0K0FZD1","",NA,"",NA,"",NA,"",NA
"2258","SVE_1781100",0.129651773412992,0.0634777904054644,0,0,0,0.171900315657219,0,0,0.190902354547138,0.0768436619929535,0,0,"SVE_scaffold0000003","HTH OST-type domain-containing protein",NA,NA,"A0A0K0FZD4","",NA,"",NA,"SPAL_0000597800",48.538,"",NA
"2259","SVE_1781200",0.0639881824246025,0.12655807544421,0,0,0.185737303337215,0.179423747880747,0,0.0615005846211714,0.122491770789722,0,0,0,"SVE_scaffold0000003","DUF2294 domain-containing protein",NA,NA,"A0A0K0FZD5","",NA,"",NA,"SPAL_0001111100",79.2208,"",NA
"2260","SVE_1781400",0,0.233835767824062,0,0,0,0.264245357233113,0.0904148071219679,0,0,0,0,0,"SVE_scaffold0000003","ATP-dependent DNA helicase","DNA_helicase_pif1-like, P-loop_NTPase","telomere maintenance, DNA helicase activity, DNA repair, cellular response to DNA damage stimulus, DNA recombination, helicase activity, ATP hydrolysis activity, DNA duplex unwinding, hydrolase activity, ATP binding, nucleotide binding","A0A0K0FZD7","",NA,"",NA,"SPAL_0000535000",76.2332,"",NA
"2261","SVE_1781600",0.0647336307103473,0,0,0,0,0.0875830717941057,0.126587804232368,0.062366353946195,0.157274944258725,0.0769579009952581,0,0.074171587457856,"SVE_scaffold0000003","RNA-binding protein",NA,NA,"A0A0K0FZD8","",NA,"",NA,"SPAL_0001561200",28.7611,"",NA
"2262","SVE_1781700",0.0666251186606584,0.196001319725854,0,0,0,0,0.0637677055936658,0.189303086430533,0.0776867710171962,0.0761131746009034,0.0727895433630646,0.0718577716871907,"SVE_scaffold0000003","",NA,NA,"A0A0K0FZD9","",NA,"",NA,"",NA,"",NA
"2263","SVE_1781800",0,0.191348467109739,0,0,0,0,0.188989847115323,0.0620270466895391,0.156347206093414,0.0765530222949908,0.149983886540803,0.14874196027325,"SVE_scaffold0000003","NTR domain-containing protein",NA,NA,"A0A0K0FZE0","",NA,"",NA,"SPAL_0001356100",45.0292,"",NA
"2264","SVE_1782000",0,0,0,0,0.0896061456080557,0,0,0.122812762589883,0.0775162429100781,0,0,0.0736276594392639,"SVE_scaffold0000003","Elongation of very long chain fatty acids protein","ELO_fam","membrane, fatty acid elongase activity, very-long-chain 3-ketoacyl-CoA synthase activity, fatty acid metabolic process, fatty acid biosynthetic process, lipid metabolic process, transferase activity","A0A0K0FZE2","",NA,"",NA,"SPAL_0000206900",88.9503,"elo-2 | WBGene00001240",42.5414
"2265","SVE_1782100",0,0.0637156960112615,0,0,0,0,0,0,0,0,0,0,"SVE_scaffold0000003","",NA,NA,"A0A0K0FZE3","",NA,"",NA,"",NA,"",NA
"2266","SVE_1782200",0,0,0,0,0,0.0909939964728872,0.0635554523496777,0.0622345421757531,0,0,0,0,"SVE_scaffold0000003","Biogenesis of lysosome-related organelles complex 1 subunit 1",NA,NA,"A0A0K0FZE4","",NA,"",NA,"",NA,"",NA
"2267","SVE_1782500",0,0,0,0,0,0,0,0,0,0,0,0,"SVE_scaffold0000003","DNA-directed DNA polymerase",NA,NA,"A0A0K0FZE6","",NA,"",NA,"SPAL_0001337800",89.781,"",NA
"2268","SVE_1782600",0,0,0,0,0.179784028809732,0,0.246605085960404,0,0,0,0.146672200596179,0.109347323206505,"SVE_scaffold0000003","DUF4268 domain-containing protein",NA,NA,"A0A0K0FZE7","",NA,"",NA,"",NA,"",NA
"2269","SVE_1782700",0.0640231454008216,0.0456755958149542,0,0,0,0,0,0,0,0,0.126916853442461,0.0728760806002246,"SVE_scaffold0000003","SIS domain-containing protein",NA,NA,"A0A0K0FZE8","",NA,"",NA,"SPAL_0001459000",91.2752,"",NA
"2270","SVE_1783000",0.0640386968869214,0.125554727454113,0,0,0.0875054003038064,0,0,0,0,0.228825915575104,0.147872291547831,0.217792041525294,"SVE_scaffold0000003","USP domain-containing protein","Papain-like_cys_pep_sf",NA,"A0A0K0FZF1","",NA,"",NA,"SPAL_0001341200",81.5864,"",NA
"2271","SVE_1783200",0.06520136519941,0,0,0,0,0,0.0639683338212004,0,0.15162119445682,0.0775679209319682,0,0,"SVE_scaffold0000003","ATP-dependent DNA helicase","DNA_helicase_pif1-like, P-loop_NTPase","telomere maintenance, DNA helicase activity, DNA repair, cellular response to DNA damage stimulus, DNA recombination, helicase activity, ATP hydrolysis activity, DNA duplex unwinding, hydrolase activity, ATP binding, nucleotide binding","A0A0K0FZF3","",NA,"",NA,"SPAL_0000535000",48.8,"",NA
"2272","SVE_1783300",0.140176582624007,0,0.0620985717500875,0,0,0,0,0,0.0882734784588091,0,0,0,"SVE_scaffold0000003","ATP-dependent DNA helicase","DNA_helicase_pif1-like, P-loop_NTPase","telomere maintenance, DNA helicase activity, DNA repair, cellular response to DNA damage stimulus, DNA recombination, helicase activity, ATP hydrolysis activity, DNA duplex unwinding, hydrolase activity, ATP binding, nucleotide binding","A0A0K0FZF4","",NA,"",NA,"",NA,"",NA
"2273","SVE_1784700",0,0.0632065800804349,0,0,0,0,0,0.0622528301927034,0.0784618827007296,0,0,0.0739560251903692,"SVE_scaffold0000003","Transmembrane protein",NA,"membrane","A0A0K0FZG8","",NA,"",NA,"SPAL_0001246400",90.5172,"",NA
"2274","SVE_1784900",0.132914190237999,0,0,0,0,0,0,0.125937177333532,0,0,0,0,"SVE_scaffold0000003","",NA,"membrane","A0A0K0FZH0","",NA,"",NA,"",NA,"",NA
"2275","SVE_1785000",0,0.0628694550593132,0,0,0,0.0872387898633081,0,0.0616539899549601,0,0,0,0.0737382936407573,"SVE_scaffold0000003","",NA,NA,"A0A0K0FZH1","",NA,"",NA,"SPAL_0000877100",47.0297,"",NA
"2276","SVE_1785300",0,0,0,0,0,0,0,0,0,0,0,0,"SVE_scaffold0000003","",NA,NA,"A0A0K0FZH4","",NA,"",NA,"",NA,"",NA
"2277","SVE_1785400",0,0.0651816317806456,0,0,0,0,0.0653441351152469,0,0,0.0751651657334518,0,0,"SVE_scaffold0000003","Insulin-like growth factor 1 receptor (inferred by orthology to a human protein)","Ser-Thr/Tyr_kinase_cat_dom, Kinase-like_dom_sf","protein kinase activity, protein phosphorylation","A0A0K0FZH5","",NA,"",NA,"SPAL_0000439900",54.9296,"",NA
"2278","SVE_1785700",0.198184791010333,0,0,0,0,0,0.0632486100806369,0.247943072684832,0.0776091295817472,0.0762849124785037,0.0795365097424685,0.148236803496682,"SVE_scaffold0000003","",NA,NA,"A0A0K0FZH8","",NA,"",NA,"",NA,"",NA
"2279","SVE_1786000",0.200090249005637,0.262352539711756,0,0,0,0,0.0639815105218513,0.25032458887156,0.0781391915580161,0,0,0,"SVE_scaffold0000003","",NA,NA,"A0A0K0FZI1","",NA,"",NA,"",NA,"",NA
"2280","SVE_1786200",0,0,0,0,0,0,0.0654969662096394,0,0,0,0,0,"SVE_scaffold0000003","ORF3",NA,NA,"A0A0K0FZI3","",NA,"",NA,"SPAL_0001759400",53.271,"",NA
"2281","SVE_1786400",0,0,0,0,0.0894715660397493,0,0.0627357435364147,0.123296619394159,0,0.152723883109835,0.0747557328083322,0.0739151427046313,"SVE_scaffold0000003","Major sperm protein","MSP_dom, PapD-like_sf, Ig-like_fold","cytoskeleton","A0A0K0FZI5","SSTP_0000125700",59.5855,"SRAE_2000177100 | WBGene00261977",64.2487,"SPAL_0001759200",80.3109,"T22B3.3 | WBGene00011911",31.6062
"2282","SVE_1787000",0,0.0633290120073271,0,0,0,0,0.06338977570617,0,0,0,0.075312867858266,0,"SVE_scaffold0000003","Speckle-type POZ protein (inferred by orthology to a human protein)","BTB/POZ_dom, SKP1/BTB/POZ_sf","protein binding","A0A0K0FZJ1","",NA,"",NA,"SPAL_0000445700",15.9184,"",NA
"2283","SVE_1787100",0.0655279066340175,0,0,0,0,0,0.190303238340592,0.437618301372427,0,0.0770558667144861,0,0.224535659286467,"SVE_scaffold0000003","",NA,NA,"A0A0K0FZJ2","",NA,"",NA,"SPAL_0000363900",39.7727,"",NA
"2284","SVE_1787200",0,0,0,0,0,0,0,0,0,0,0.0724233283292558,0,"SVE_scaffold0000003","",NA,NA,"A0A0K0FZJ3","",NA,"",NA,"SPAL_0000100850",46,"",NA
"2285","SVE_1787300",0.126766217205778,0,0,0,0.177151957290743,0,0,0,0,0,0,0.0724630655139563,"SVE_scaffold0000003","Cystatin domain-containing protein",NA,"membrane","A0A0K0FZJ4","",NA,"",NA,"SPAL_0000363700",66.4596,"",NA
"2286","SVE_1787600",0,0.0651851039689019,0,0,0,0,0.0641437019638943,0.1262337968497,0.0795459428191073,0,0,0,"SVE_scaffold0000003","",NA,NA,"A0A0K0FZJ7","",NA,"",NA,"SPAL_0000818900",44.9664,"",NA
"2287","SVE_1787700",0,0,0,0,0,0,0.19396611868259,0.190809781677661,0,0.0784394582479718,0,0,"SVE_scaffold0000003","",NA,NA,"A0A0K0FZJ8","",NA,"",NA,"SPAL_0000818900",50.3401,"",NA
"2288","SVE_1787800",0,0,0,0,0,0,0.130994450491775,0,0,0,0,0,"SVE_scaffold0000003","Cystatin domain-containing protein",NA,NA,"A0A0K0FZJ9","",NA,"",NA,"SPAL_0000818900",49.6732,"",NA
"2289","SVE_1787900",0,0,0,0,0,0,0,0,0,0,0,0,"SVE_scaffold0000003","Peptidase M12A domain-containing protein",NA,NA,"A0A0K0FZK0","",NA,"",NA,"SPAL_0000818900",50,"",NA
"2290","SVE_1788200",0,0,0,0,0,0,0.0458398389367089,0,0,0,0,0,"SVE_scaffold0000004","",NA,NA,NA,"",NA,"",NA,"",NA,"",NA
"2291","SVE_1788400",0,0,0,0,0,0,0,0,0,0.0767059135029094,0,0,"SVE_scaffold0000004","",NA,NA,"A0A0K0FZK5","",NA,"",NA,"SPAL_0000362200",16.9643,"",NA
"2292","SVE_1788500",0,0,0,0,0.0880094989193973,0,0,0,0,0.076363279716039,0,0,"SVE_scaffold0000004","Transmembrane protein",NA,"membrane","A0A0K0FZK6","SSTP_0000894600",44.9123,"SRAE_1000321600 | WBGene00259833",47.7193,"SPAL_0001449700",68.7719,"",NA
"2293","SVE_1790300",0,0.0640351940450029,0,0,0,0,0.062989969945062,0,0,0,0.149911997293423,0,"SVE_scaffold0000004","E3 ubiquitin-protein ligase E3D",NA,NA,"A0A0K0FZM4","",NA,"",NA,"SPAL_0001571700",61.2245,"",NA
"2294","SVE_1791200",0,0.0637840562310723,0,0,0.0919729629736876,0.0892938938446445,0.0625230911228116,0.122821234856202,0,0,0,0,"SVE_scaffold0000004","F-box domain-containing protein","F-box-like_dom_sf","protein binding, membrane","A0A0K0FZN3","",NA,"",NA,"SPAL_0000978500",36.9231,"",NA
"2295","SVE_1791300",0,0.0635589109901038,0,0,0.091545672172457,0.177835571211141,0.0622843708765831,0.0612236930120205,0,0,0.0738644337173409,0,"SVE_scaffold0000004","",NA,NA,"A0A0K0FZN4","",NA,"",NA,"",NA,"",NA
"2296","SVE_1792300",0.261550492095165,0.0640220880638319,0,0,0,0,0.128322727687844,0.126273201297559,0.0795336246773802,0.0778214672857821,0,0,"SVE_scaffold0000004","",NA,NA,"A0A0K0FZP3","SSTP_0000401100",79.6813,"",NA,"",NA,"ZC434.10 | WBGene00220261",50.996
"2297","SVE_1793000",0,0,0,0,0,0,0.107984051725424,0,0,0.0554820279144417,0,0.0398897371111218,"SVE_scaffold0000004","Toxin",NA,NA,"A0A0K0FZQ0","",NA,"",NA,"",NA,"",NA
"2298","SVE_1793100",0,0,0,0,0,0,0,0,0,0.0791644326892233,0,0.0725051700408091,"SVE_scaffold0000004","",NA,NA,"A0A0K0FZQ1","SSTP_0000985900",12.8405,"SRAE_0000050500 | WBGene00256249",54.4747,"",NA,"",NA
"2299","SVE_1793200",0,0,0,0,0,0,0,0,0,0,0,0,"SVE_scaffold0000004","",NA,NA,"A0A0K0FZQ2","SSTP_0000441200",0,"SRAE_0000066900 | WBGene00256418",4.7619,"",NA,"",NA
"2300","SVE_1793700",0,0.0633758459737948,0,0,0.0890895810559676,0,0.1271271565047,0.125076706179315,0.15761534025511,0,0,0.074112205313465,"SVE_scaffold0000004","",NA,NA,"A0A0K0FZQ7","SSTP_0000510600",86.3636,"SRAE_2000127100 | WBGene00261474",90.1515,"SPAL_0000563300",98.4848,"ZC434.3 | WBGene00013891",61.7424
"2301","SVE_1794100",0.129171526241961,0.0639053518295782,0.0649472273104044,0,0.0939457357838732,0.0907657166059929,0,0,0.076079891497778,0.0733219623934766,0.135879903479155,0,"SVE_scaffold0000004","",NA,NA,"A0A0K0FZR1","SSTP_0000510950",78.6667,"SRAE_2000127500 | WBGene00261478",76,"SPAL_0000563700",89.3333,"",NA
"2302","SVE_1794700",0.132110974447482,0,0,0,0,0,0.0646307683150937,0,0,0,0,0,"SVE_scaffold0000004","CAP domain-containing protein (inferred by orthology to a human protein)","CRISP-related, CAP_domain, CAP_sf","membrane","A0A0K0FZR7","SSTP_0000060800",39.6552,"SRAE_2000052500 | WBGene00260720",50,"SPAL_0000643800",84.9138,"",NA
"2303","SVE_1795300",0.257570265988587,0,0,0,0.275194797330511,0.180360522694938,0,0.0609854766823167,0,0,0.140078994365613,0,"SVE_scaffold0000004","Calpain inhibitor",NA,NA,"A0A0K0FZS3","SSTP_0000518300",74.7253,"SRAE_2000067700 | WBGene00260874",64.8352,"SPAL_0000643100",94.5055,"",NA
"2304","SVE_1796100",0,0.0641104789568275,0,0,0,0,0,0.0629532855285515,0,0.0777475561380502,0,0,"SVE_scaffold0000004","LRAT domain-containing protein","LRAT_dom","membrane","A0A0K0FZT1","",NA,"",NA,"SPAL_0001573800",75.7143,"",NA
"2305","SVE_1796200",0.133151590343026,0.130900506527406,0.0647772034283686,0,0,0,0.128567782539383,0.189500428199362,0,0.075668902600856,0.0717429381216482,0.0707123450652518,"SVE_scaffold0000004","",NA,NA,"A0A0K0FZT2","",NA,"SRAE_2000155100 | WBGene00261756",53.4884,"",NA,"",NA
"2306","SVE_1800800",0,0,0,0,0.0904272680575525,0.0883401716878874,0.0622883500446324,0,0,0.0757272938789031,0,0,"SVE_scaffold0000004","Integrase catalytic domain-containing protein","RNaseH_sf","nucleic acid binding","A0A0K0FZX8","",NA,"",NA,"",NA,"",NA
"2307","SVE_1800900",0,0.124531089653895,0,0,0,0.260059934574906,0,0,0,0,0.146264370303102,0,"SVE_scaffold0000004","",NA,NA,NA,"",NA,"",NA,"",NA,"",NA
"2308","SVE_1801000",0.0658386573677803,0.0645920189857096,0,0.12395209415995,0,0.0919641723809566,0.0630409045173459,0.124505065104762,0.306932464951364,0,0,0,"SVE_scaffold0000004","KTSC domain-containing protein",NA,NA,"A0A0K0FZX9","",NA,"SRAE_0000060100 | WBGene00256347",25,"SPAL_0000425900",81.5217,"",NA
"2309","SVE_1801100",0.0646530709922145,0.0633325229314771,0,0,0.0901579113449064,0.088203921317019,0.0625519343344752,0.123178285653602,0.0776218127984504,0.152025133408282,0.0744626146192305,0.0738458234692437,"SVE_scaffold0000004","",NA,NA,NA,"",NA,"",NA,"",NA,"",NA
"2310","SVE_1802900",0,0,0,0,0,0,0,0,0.0783357989503257,0,0,0,"SVE_scaffold0000004","Nuclear receptor subfamily 2 group F member 6 (inferred by orthology to a human protein)",NA,NA,"A0A0K0FZZ7","",NA,"",NA,"SPAL_0000150200",41.7323,"",NA
"2311","SVE_1803000",0.065648974945171,0.0647528077481555,0,0,0,0,0,0,0.0765380100383039,0,0,0,"SVE_scaffold0000004","",NA,NA,"A0A0K0FZZ8","",NA,"",NA,"",NA,"",NA
"2312","SVE_1803100",0,0,0,0,0,0,0,0,0,0,0,0,"SVE_scaffold0000004","",NA,NA,"A0A0K0FZZ9","",NA,"",NA,"SPAL_0001225300",13.9535,"",NA
"2313","SVE_1803800",0,0,0,0,0,0,0,0,0.0769708265967605,0,0.0737115680689484,0,"SVE_scaffold0000004","Putative transporter (inferred by orthology to a C. elegans protein)","MFS_dom, MFS_trans_sf","transmembrane transporter activity, transmembrane transport, membrane","A0A0K0G006","SSTP_0000138900",59.7765,"SRAE_2000153000 | WBGene00261735",59.7765,"SPAL_0001225200",77.6536,"svop-1 | WBGene00014021",48.0447
"2314","SVE_1809000",0,0.0645319124540033,0.132525607045252,0,0,0.0913757668601898,0,0.0631038490201793,0,0,0.0687549268292177,0.0679294885671023,"SVE_scaffold0000004","Secreted protein",NA,NA,"A0A0K0G058","",NA,"",NA,"SPAL_0001679100",65.2778,"",NA
"2315","SVE_1814700",0,0,0,0,0,0,0,0.0641988420863589,0,0,0,0,"SVE_scaffold0000004","Secreted protein",NA,NA,"A0A0K0G0B2","SSTP_0000714350",37.1901,"SRAE_2000054300 | WBGene00260738",39.6694,"SPAL_0001350800",77.686,"",NA
"2316","SVE_1815000",0,0.0650984089217496,0,0,0,0,0.0641567239758525,0.126243021941365,0.079629594973045,0,0,0,"SVE_scaffold0000004","",NA,NA,"A0A0K0G0B5","",NA,"",NA,"SPAL_0001350500",91.3043,"",NA
"2317","SVE_1817300",0,0.0658525172826941,0,0,0,0,0,0.0640018750171551,0,0.0761572822693205,0,0.0696452963564953,"SVE_scaffold0000004","",NA,NA,"A0A0K0G0D8","SSTP_0000718450",55.8442,"",NA,"",NA,"",NA
"2318","SVE_1817400",0,0,0,0,0,0,0.125436490010311,0,0.0774593350634702,0.0760102897677642,0.148884599738875,0.0739191980627823,"SVE_scaffold0000004","",NA,NA,"A0A0K0G0D9","",NA,"SRAE_2000058200 | WBGene00260778",64.4444,"SPAL_0000024600",94.8148,"",NA
"2319","SVE_1818800",0.0647315226467899,0.191478472683205,0,0,0.184225613229045,0.089730278372315,0.186060372388817,0,0.0755691931718242,0,0,0,"SVE_scaffold0000004","",NA,NA,"A0A0K0G0F3","SSTP_0000717200",63,"SRAE_2000056900 | WBGene00260764",65,"SPAL_0000025900",84,"",NA
"2320","SVE_1818900",0.0667764922146676,0,0,0,0,0,0,0.0626696675406106,0,0,0,0,"SVE_scaffold0000004","",NA,NA,"A0A0K0G0F4","SSTP_0000717100",69.0476,"SRAE_2000056800 | WBGene00260763",66.6667,"SPAL_0000026000",90.4762,"",NA
"2321","SVE_1819900",0.0641382000406146,0.0629126273927419,0,0,0.358185037993225,0.0876380187119573,0,0,0,0.0754181355446104,0,0,"SVE_scaffold0000004","Secreted protein",NA,NA,"A0A0K0G0G4","",NA,"",NA,"SPAL_0000027000",41.5663,"",NA
"2322","SVE_1822100",0,0.0647860854289865,0,0,0,0,0,0,0,0.0754420468630722,0,0,"SVE_scaffold0000004","Coiled-coil domain containing 69",NA,NA,"A0A0K0G0I6","SSTP_0000102700",89.6907,"SRAE_2000213700 | WBGene00262345",91.7526,"SPAL_0000029500",98.9691,"",NA
"2323","SVE_1824500",0,0,0,0,0,0,0.0643980287130296,0.127190366332877,0.0784720782842327,0,0,0.146031235538381,"SVE_scaffold0000004","Phospholipase C",NA,NA,"A0A0K0G0L0","SSTP_0000104300",68.75,"",NA,"SPAL_0000032100",89.5833,"",NA
"2324","SVE_1828200",0.0634880962686582,0.126566624207606,0,0,0.185990152071766,0.358278918289176,0.0634951303191394,0.0617240584207518,0,0,0,0,"SVE_scaffold0000004","",NA,NA,"A0A0K0G0P6","",NA,"",NA,"",NA,"",NA
"2325","SVE_1833300",0.155222058452473,0.194079121866274,0,0,0,0.091818844403116,0,0,0.0770981161061984,0.111902609385217,0,0.0388535948205693,"SVE_scaffold0000004","Venom protein",NA,NA,"A0A0K0G0U7","",NA,"",NA,"SPAL_0001098900",56.338,"",NA
"2326","SVE_1833500",0,0.0645071661921265,0,0,0,0.0915550327906251,0,0,0,0.0743873957335666,0.0690052224576547,0,"SVE_scaffold0000004","Toxin",NA,NA,"A0A0K0G0U9","",NA,"",NA,"",NA,"",NA
"2327","SVE_1842600",0.0652155957536426,0.191775346329172,0,0,0,0,0.257362691518209,0,0,0.0777934611847975,0,0,"SVE_scaffold0000005","Cuticle collagen 14 (projected from Caenorhabditis elegans ortholog col-14)","Col_cuticle_N, Collagen","structural constituent of cuticle, anatomical structure development, membrane","A0A0K0G139","SSTP_0000343600",89.2405,"SRAE_1000214900 | WBGene00258763",90.1899,"SPAL_0000701700",96.519,"col-14 | WBGene00000603",64.557
"2328","SVE_1849500",0.131179894071311,0.0646940004752059,0,0,0,0,0,0.0615065530931993,0,0,0,0.072794923720867,"SVE_scaffold0000005","",NA,NA,"A0A0K0G1A7","",NA,"",NA,"",NA,"",NA
"2329","SVE_1849900",0,0.0629686157557141,0,0,0.0924006277747962,0,0,0,0.0752036894555249,0,0,0,"SVE_scaffold0000005","RNase H type-1 domain-containing protein","RNaseH_domain, RNaseH-like_sf, RNaseH_sf","RNA-DNA hybrid ribonuclease activity, nucleic acid binding, RNA phosphodiester bond hydrolysis, endonucleolytic","A0A0K0G1B1","",NA,"SRAE_0000051700 | WBGene00256263",80.8219,"",NA,"",NA
"2330","SVE_1850200",0,0.0637158947627002,0,0,0,0,0,0,0,0,0,0,"SVE_scaffold0000005","",NA,NA,NA,"",NA,"",NA,"",NA,"",NA
"2331","SVE_1850300",0,0.0653879621256861,0,0,0,0,0.0638376483448199,0,0,0.0766998025810551,0,0,"SVE_scaffold0000005","",NA,NA,"A0A0K0G1B4","",NA,"",NA,"SPAL_0001354000",76.9911,"",NA
"2332","SVE_1850400",0.0665179217391252,0,0.192660437938554,0.187845933199767,0,0,0,0.0628947984958161,0.232574339670803,0.151755535544215,0,0.0716786730511237,"SVE_scaffold0000005","",NA,NA,"A0A0K0G1B5","",NA,"",NA,"SPAL_0000799100",51.087,"",NA
"2333","SVE_1850500",0,0,0,0,0,0,0,0,0,0.0753399706921418,0.0737402747983236,0,"SVE_scaffold0000005","Reverse transcriptase domain-containing protein","Rev_trsase/Diguanyl_cyclase, DNA/RNA_pol_sf",NA,"A0A0K0G1B6","",NA,"",NA,"",NA,"",NA
"2334","SVE_1850600",0,0,0,0,0,0,0,0,0,0,0.072423311594876,0,"SVE_scaffold0000005","CCHC-type domain-containing protein","Znf_CCHC, Znf_CCHC_sf","nucleic acid binding, zinc ion binding, enzyme binding, cytoplasm","A0A0K0G1B7","",NA,"",NA,"",NA,"",NA
"2335","SVE_1850800",0,0.0637597092902765,0,0,0,0.266301640584992,0.063007801914277,0.124210414201585,0.0783520865904285,0,0.0750189539906776,0,"SVE_scaffold0000005","",NA,NA,"A0A0K0G1B9","",NA,"",NA,"SPAL_0000437200",2.24719,"",NA
"2336","SVE_1851100",0,0,0,0,0,0,0,4.79740348850853e-06,0,0,0,0.000150145491195691,"SVE_scaffold0000005","Mariner Mos1 transposase","RNaseH_sf","nucleic acid binding","A0A0K0G1C1","SSTP_0001073500",24.6575,"",NA,"SPAL_0000447000",14.3836,"",NA
"2337","SVE_1851200",0,0,0,0,0,0,0.19065766103052,0.0625120246290149,0,0.0770559560187645,0,0.0749423870875547,"SVE_scaffold0000005","Ovule protein",NA,NA,"A0A0K0G1C2","",NA,"",NA,"",NA,"",NA
"2338","SVE_1851400",0,0.0657522134853401,0,0,0,0,0,0.0640852982954059,0,0,0,0.0691595253052938,"SVE_scaffold0000005","DUF5615 domain-containing protein",NA,NA,"A0A0K0G1C4","",NA,"SRAE_0000062500 | WBGene00256373",56.7568,"",NA,"",NA
"2339","SVE_1851500",0.0653095277295301,0,0,0,0,0,0.125725458270037,0,0.0780403087552568,0,0,0.0743896749466122,"SVE_scaffold0000005","Reverse transcriptase domain-containing protein","RT_dom, Rev_trsase/Diguanyl_cyclase, DNA/RNA_pol_sf",NA,"A0A0K0G1C5","",NA,"",NA,"",NA,"",NA
"2340","SVE_1854700",0.0640412750951711,0,0,0,0.0912775673231772,0.268250234711986,0.122589656061285,0,0,0,0,0,"SVE_scaffold0000005","",NA,NA,"A0A0K0G1F6","SSTP_0000392300",81.7204,"SRAE_2000044200 | WBGene00260636",82.7957,"SPAL_0001000700",92.4731,"",NA
"2341","SVE_1857300",0,0,0,0,0,0,0.190566637110888,0.0621631623848579,0.0777307809117799,0,0.074879450512958,0.0740008789713226,"SVE_scaffold0000005","Restriction endonuclease subunit S",NA,NA,"A0A0K0G1I2","",NA,"",NA,"SPAL_0000619200",49.1667,"",NA
"2342","SVE_1857400",0,0,0,0,0.0938559033930503,0,0,0,0,0.0747682658110263,0,0,"SVE_scaffold0000005","Secreted protein",NA,NA,"A0A0K0G1I3","",NA,"",NA,"SPAL_0001108000",68.9189,"",NA
"2343","SVE_1858300",0,0,0,0,0,0,0,0,0,0,0,0,"SVE_scaffold0000005","Pv-fam-d protein",NA,"membrane","A0A0K0G1J2","",NA,"",NA,"SPAL_0001107200",79.8913,"",NA
"2344","SVE_1858600",0.066712677432559,0,0.125840975773329,0,0,0,0.0648618883899616,0,0,0,0,0.146461004008667,"SVE_scaffold0000005","39S ribosomal protein L55, mitochondrial (inferred by orthology to a human protein)","Ribosomal_L55_mit, Ribosomal_L55_sf","mitochondrial large ribosomal subunit, structural constituent of ribosome","A0A0K0G1J5","",NA,"",NA,"",NA,"",NA
"2345","SVE_1858700",0,0,0,0.0645565287120979,0,0,0,0,0.0781242125330095,0,0.0700246068960609,0,"SVE_scaffold0000005","CUB domain-containing protein",NA,NA,"A0A0K0G1J6","",NA,"",NA,"",NA,"",NA
"2346","SVE_1858800",0,0.0643218605255333,0,0.124007983217254,0.187362722547163,0,0.0631313250622572,0.0620215711916895,0,0,0,0,"SVE_scaffold0000005","C2H2-type domain-containing protein",NA,NA,"A0A0K0G1J7","",NA,"",NA,"",NA,"",NA
"2347","SVE_1859000",0.0646796589684277,0,0,0,0,0.0906997379222748,0,0,0.0755977440622406,0,0,0.0701991868777997,"SVE_scaffold0000005","Dynein light chain",NA,NA,"A0A0K0G1J9","",NA,"",NA,"SPAL_0000364700",71.5789,"",NA
"2348","SVE_1859600",0,0,0,0,0,0,0.131138253318342,0.128257092444,0,0,0,0,"SVE_scaffold0000005","PIR Superfamily Protein",NA,NA,"A0A0K0G1K5","SSTP_0001009300",58.8235,"SRAE_2000070400 | WBGene00260902",52.9412,"SPAL_0001547900",92.9412,"",NA
"2349","SVE_1860800",0.264006588060314,0.129503250867213,0.063721670713072,0.124258707861742,0,0,0,0.124813046661365,0,0,0,0,"SVE_scaffold0000005","TLDc domain-containing protein",NA,NA,"A0A0K0G1L7","",NA,"",NA,"",NA,"",NA
"2350","SVE_1861600",0,0.129380158015104,0,0,0,0,0.129762937889937,0.127669974706186,0,0,0,0,"SVE_scaffold0000005","CAP domain-containing protein (inferred by orthology to a zebrafish protein)","CRISP-related, CAP_domain, CAP_sf",NA,"A0A0K0G1M5","",NA,"SRAE_2000072500 | WBGene00260925",27.6515,"SPAL_0001549800",51.1364,"",NA
"2351","SVE_1866600",0.0961662337454532,0,0,0,0,0,0.0675550528839042,0.130652282938416,0.0822373829073297,0,0,0,"SVE_scaffold0000005","Conserved oligomeric Golgi complex subunit 2 (inferred by orthology to a C. elegans protein)","COG2, COG_complex_COG2_C","Golgi organization, protein transport, membrane","A0A0K0G1S4","",NA,"",NA,"",NA,"",NA
"2352","SVE_1866700",0,0.0623720307126608,0,0,0,0,0,0,0,0,0.0741070383299524,0,"SVE_scaffold0000005","Conserved oligomeric Golgi complex subunit 2 (inferred by orthology to a C. elegans protein)",NA,NA,"A0A0K0G1S5","",NA,"",NA,"",NA,"",NA
"2353","SVE_1866800",0,0,0,0,0,0,0,0.127824625534371,0,0,0,0.214640303996555,"SVE_scaffold0000005","Ovule protein",NA,NA,"A0A0K0G1S6","",NA,"",NA,"",NA,"",NA
"2354","SVE_1869100",0.131506871986045,0,0,0,0,0,0.0634909534810322,0.0625105060340956,0.236430461473491,0,0.0756605766201896,0,"SVE_scaffold0000005","GIY-YIG domain-containing protein",NA,NA,"A0A0K0G1U8","",NA,"",NA,"SPAL_0000052900",44.4444,"",NA
"2355","SVE_1869200",0.132823822541292,0,0,0,0,0,0,0.126022870032844,0,0,0,0,"SVE_scaffold0000005","Calcium-transporting ATPase","HAD_sf, ATPase_P-typ_cyto_dom_N","nucleotide binding","A0A0K0G1U9","",NA,"",NA,"",NA,"",NA
"2356","SVE_1873100",0.0651798811540741,0,0,0,0,0,0,0,0,0,0,0,"SVE_scaffold0000005","",NA,"membrane","A0A0K0G1Y8","SSTP_0000575000",25.2336,"SRAE_1000210300 | WBGene00258715",26.6355,"SPAL_0000455900",77.5701,"",NA
"2357","SVE_1873300",0,0,0,0,0,0,0,0,0,0,0,0.0712270622374529,"SVE_scaffold0000005","SCP domain-containing protein",NA,NA,"A0A0K0G1Z0","",NA,"",NA,"",NA,"",NA
"2358","SVE_1873400",0,0,0,0,0,0,0,0.0637707400019365,0.0784016093268541,0,0,0.0716461358441769,"SVE_scaffold0000005","Secreted protein",NA,NA,"A0A0K0G1Z1","",NA,"",NA,"",NA,"",NA
"2359","SVE_1874900",0.132104328616381,0.130069229939135,0,0,0,0,0,0.250068758245644,0,0.302370544337185,0,0.0717781727138476,"SVE_scaffold0000005","",NA,NA,"A0A0K0G205","",NA,"SRAE_2000124300 | WBGene00261445",26.0417,"",NA,"",NA
"2360","SVE_1875700",0.0644700156141118,0.0631789837982242,0,0,0.08859368639337,0,0.190290465412003,0.249674177023416,0,0,0.075091190389116,0.0736656964965121,"SVE_scaffold0000005","",NA,NA,NA,"",NA,"",NA,"",NA,"",NA
"2361","SVE_1876400",0,0,0,0,0,0,0.383015395359941,0.125554105030543,0.0789293797391507,0.154365835712197,0,0.0737536271875665,"SVE_scaffold0000005","SCP domain-containing protein","CAP_domain, CAP_sf",NA,"A0A0K0G219","",NA,"",NA,"",NA,"",NA
"2362","SVE_1876600",0,0,0,0,0,0,0.130675899849773,0.12871070722981,0,0,0,0,"SVE_scaffold0000005","",NA,NA,NA,"",NA,"",NA,"",NA,"",NA
"2363","SVE_1876700",0,0,0,0,0.181235007296587,0.0884772590135651,0,0.060059224849095,0,0,0,0,"SVE_scaffold0000005","SCP domain-containing protein","CAP_domain, CAP_sf",NA,"A0A0K0G221","",NA,"",NA,"",NA,"",NA
"2364","SVE_1877700",0.0644947397088067,0,0,0,0.180722278120052,0.176176215248483,0,0.122259742781774,0,0,0,0,"SVE_scaffold0000005","SCP domain-containing protein","CAP_domain, CAP_sf",NA,"A0A0K0G231","",NA,"",NA,"",NA,"",NA
"2365","SVE_1879900",0,0.124270765606789,0,0,0,0,0,0,0.0770929324308309,0,0.0739478452255459,0.0727071968405902,"SVE_scaffold0000005","",NA,NA,"A0A0K0G253","SSTP_0000806400",48.6842,"SRAE_2000132200 | WBGene00261525",48.2456,"SPAL_0000811600",91.2281,"",NA
"2366","SVE_1880300",0,0,0,0,0,0,0,0,0,0.0767056089095763,0,0,"SVE_scaffold0000005","",NA,NA,"A0A0K0G257","",NA,"",NA,"SPAL_0001734700",37.4046,"",NA
"2367","SVE_1880400",0,0,0,0,0,0,0,0.130753676630738,0,0,0.0715330197845554,0.0708184503133561,"SVE_scaffold0000005","",NA,NA,"A0A0K0G258","",NA,"",NA,"",NA,"",NA
"2368","SVE_1880600",0.12953900965459,0.063590810575027,0,0,0,0,0,0,0.0770562118587997,0,0.0742486962925672,0,"SVE_scaffold0000005","GIY-YIG domain-containing protein",NA,NA,"A0A0K0G260","",NA,"",NA,"SPAL_0001734700",35.5072,"",NA
"2369","SVE_1881400",0.19886523426126,0,0.123495375542664,0.0605180382937501,0,0.0898242338965296,0,0.063747093997786,0,0,0,0,"SVE_scaffold0000005","Conserved domain protein",NA,NA,"A0A0K0G268","SSTP_0000244200",71.2963,"SRAE_2000065700 | WBGene00260853",71.2963,"SPAL_0000590400",94.4444,"",NA
"2370","SVE_1888300",0,0,0.127218192166363,0.123880970316111,0,0,0.0644400909438143,0.125707163986084,0,0.0771754306298986,0.0751359834632551,0,"SVE_scaffold0000005","Integrase_H2C2 domain-containing protein","Integrase_H2C2",NA,"A0A0K0G2D7","",NA,"",NA,"",NA,"",NA
"2371","SVE_1888400",0,0,0,0,0,0,0.190548250168055,0.0625972660947389,0,0.154310375972424,0,0.149883087855272,"SVE_scaffold0000005","Reverse transcriptase domain-containing protein","Rev_trsase/Diguanyl_cyclase, DNA/RNA_pol_sf","membrane","A0A0K0G2D8","",NA,"",NA,"",NA,"",NA
"2372","SVE_1888500",0,0,0,0,0,0,0.130657691567223,0.0643643211950234,0,0,0,0,"SVE_scaffold0000005","CCHC-type domain-containing protein","Znf_CCHC, Znf_CCHC_sf","nucleic acid binding, zinc ion binding, enzyme binding, cytoplasm","A0A0K0G2D9","",NA,"",NA,"",NA,"",NA
"2373","SVE_1888600",0,0,0,0.0614021626454982,0,0,0.0650499692583631,0.141401555699202,0,0,0.0733975983445962,0.0721428113605169,"SVE_scaffold0000005","","Integrase_cat-core, RNaseH-like_sf, RNaseH_sf","DNA integration, nucleic acid binding",NA,"",NA,"",NA,"",NA,"",NA
"2374","SVE_1889100",0.129461108824523,0,0,0,0,0,0.128560530092543,0.189422017934965,0,0.0768497333011182,0.147919265307596,0.0726527022595915,"SVE_scaffold0000006","",NA,NA,"A0A0K0G2E5","SSTP_0000465700",11.086,"",NA,"",NA,"",NA
"2375","SVE_1889200",0.0651796481613789,0,0,0,0,0,0,0,0,0,0,0,"SVE_scaffold0000006","BESS domain-containing protein",NA,NA,"A0A0K0G2E6","",NA,"",NA,"",NA,"",NA
"2376","SVE_1889300",0.0656582622612894,0,0,0,0,0.0918655329764012,0.188787809337375,0.124289311023166,0,0,0.0720915496284675,0,"SVE_scaffold0000006","BTB_2 domain-containing protein",NA,NA,"A0A0K0G2E7","",NA,"",NA,"SPAL_0000256700",43.75,"",NA
"2377","SVE_1889600",0,0,0,0,0,0,0.196016789639401,0.1278070446376,0.235870570872688,0,0.217315741673323,0.0714526405827359,"SVE_scaffold0000006","Secreted protein",NA,"membrane","A0A0K0G2F0","",NA,"",NA,"",NA,"",NA
"2378","SVE_1889900",0.0656208595064932,0.257983564873068,0,0,0,0.0920872510270911,0.126256544105105,0.062244708929576,0.0765630106993016,0,0,0,"SVE_scaffold0000006","",NA,NA,"A0A0K0G2F3","",NA,"",NA,"",NA,"",NA
"2379","SVE_1897800",0.065114726984038,0,0,0,0,0.178249227705537,0,0.0616987755972918,0,0,0,0,"SVE_scaffold0000006","Envelope glycoprotein",NA,"membrane","A0A0K0G2M9","SSTP_0000600600",58.2192,"SRAE_1000342600 | WBGene00260043",58.2192,"SPAL_0000268600",89.726,"",NA
"2380","SVE_1898400",0.0646706067176387,0,0,0.0630247520490452,0.188103482334358,0.181924715084835,0,0,0.0767637639534551,0.14891441151799,0.0691181136074539,0.0687114603185062,"SVE_scaffold0000006","",NA,NA,"A0A0K0G2N5","SSTP_0000600100",88.6076,"SRAE_1000267300 | WBGene00259289",86.076,"SPAL_0000268200",97.4684,"",NA
"2381","SVE_1900100",0,0,0,0,0,0,0,0,0,0,0,0,"SVE_scaffold0000006","",NA,"membrane","A0A0K0G2Q2","SSTP_0000598500",50.2825,"SRAE_1000265600 | WBGene00259272",51.9774,"SPAL_0000266500",94.9153,"",NA
"2382","SVE_1900500",0.189054300441509,0,0,0,0.0890231064679905,0.435443113196355,0,0,0,0,0,0,"SVE_scaffold0000006","",NA,NA,"A0A0K0G2Q5","SSTP_0000598000",70,"SRAE_1000265100 | WBGene00259267",75.4545,"SPAL_0000266100",96.3636,"",NA
"2383","SVE_1903100",0.0654587059991969,0,0,0,0,0.0915571167368205,0.0630204299560723,0.0621408960081912,0,0,0,0,"SVE_scaffold0000006","",NA,NA,"A0A0K0G2T1","",NA,"",NA,"",NA,"",NA
"2384","SVE_1903200",0,0,0,0,0,0,0,0.0639672826226178,0,0.0769837069287604,0,0,"SVE_scaffold0000006","","DUF1459",NA,"A0A0K0G2T2","",NA,"",NA,"SPAL_0001236000",92.3077,"",NA
"2385","SVE_1905100",0,0,0,0,0,0,0.0650326406500693,0.0638665031524589,0.0793090304046528,0,0,0,"SVE_scaffold0000006","Amino_oxidase domain-containing protein","Amino_oxidase, FAD/NAD-bd_sf","oxidoreductase activity","A0A0K0G2V0","SSTP_0000288700",66.5272,"SRAE_X000144300 | WBGene00267014",91.2134,"SPAL_0000385400",98.7448,"glf-1 | WBGene00019154",63.1799
"2386","SVE_1905800",0,0,0,0,0,0,0,0,0,0,0,0,"SVE_scaffold0000006","DUF223 domain-containing protein",NA,NA,"A0A0K0G2V7","",NA,"",NA,"SPAL_0001699900",37.4233,"",NA
"2387","SVE_1907000",0.0650045303678175,0.127775422613799,0,0,0,0,0,0,0,0,0,0,"SVE_scaffold0000006","Activin_recp domain-containing protein",NA,NA,"A0A0K0G2W9","SSTP_0000156250",46.0177,"",NA,"SPAL_0001701200",92.0354,"",NA
"2388","SVE_1912600",0.130271685819077,0.127782409013689,0,0,0,0,0,0.06200122033769,0.0781540525508874,0,0.0750477056974227,0,"SVE_scaffold0000006","Ubiquitin-like domain-containing protein",NA,NA,"A0A0K0G325","",NA,"",NA,"SPAL_0001706800",68.6747,"",NA
"2389","SVE_1913400",0.0665316690578806,0,0,0,0,0,0.0320853610446289,0,0,0,0,0,"SVE_scaffold0000006","Ig-like domain-containing protein",NA,NA,"A0A0K0G333","",NA,"",NA,"SPAL_0000564600",2.08333,"",NA
"2390","SVE_1913700",0.200554425160577,0,0.188486810196116,0,0,0,0,0.126786806196859,0,0,0,0,"SVE_scaffold0000006","Protein kinase domain-containing protein",NA,NA,"A0A0K0G336","",NA,"",NA,"SPAL_0001502800",30,"",NA
"2391","SVE_1916400",0,0,0,0,0,0,0,0,0.0783358727836964,0,0,0,"SVE_scaffold0000006","",NA,NA,"A0A0K0G363","",NA,"",NA,"SPAL_0000541000",71.2707,"",NA
"2392","SVE_1916700",0,0.194100912861084,0,0,0,0,0.126805849664008,0.124646396884077,0,0.153654650471685,0,0.0745892865803624,"SVE_scaffold0000006","DUF4817 domain-containing protein","DUF4817",NA,"A0A0K0G366","",NA,"",NA,"SPAL_0001219400",40.1515,"",NA
"2393","SVE_1916800",0,0,0,0,0,0,0,0.123025999102462,0.077117328146593,0,0.148749756871923,0.147155873567804,"SVE_scaffold0000006","",NA,"membrane","A0A0K0G367","",NA,"",NA,"SPAL_0000540400",74.2188,"",NA
"2394","SVE_1916900",0,0.0658091048956522,0,0,0,0,0.128914544791294,0.0631720880701967,0,0,0,0,"SVE_scaffold0000006","",NA,"membrane","A0A0K0G368","",NA,"",NA,"SPAL_0000045300",24.2188,"",NA
"2395","SVE_1917000",0.0647579231253999,0.0634248235914347,0,0,0,0,0.126693756325225,0,0,0.0770082538894407,0,0.14843205031933,"SVE_scaffold0000006","GH13992p (inferred by orthology to a D. melanogaster protein)","Snf7_fam","vacuolar transport","A0A0K0G369","",NA,"",NA,"SPAL_0000045100",83.7719,"vps-32.1 | WBGene00016961",32.4561
"2396","SVE_1917100",0.127253042930993,0.187066393840392,0,0,0,0,0,0,0,0,0.222391954040504,0.0728658327356163,"SVE_scaffold0000006","Phosphate-regulating neutral endopeptidase (inferred by orthology to a human protein)","Peptidase_M13, Peptidase_M13_C, MetalloPept_cat_dom_sf","metalloendopeptidase activity, metallopeptidase activity, proteolysis","A0A0K0G370","",NA,"",NA,"SPAL_0001402300",59.0406,"",NA
"2397","SVE_1917200",0.129492454856245,0,0,0,0,0.0859008953476248,0.0643901297224539,0,0.0784811268342625,0,0.073719084374471,0,"SVE_scaffold0000006","Phosphate-regulating neutral endopeptidase (inferred by orthology to a human protein)","Peptidase_M13, Peptidase_M13_C, MetalloPept_cat_dom_sf, Peptidase_M13_dom_2","metalloendopeptidase activity, metallopeptidase activity, proteolysis","A0A0K0G371","",NA,"",NA,"SPAL_0000696900",70.7566,"",NA
"2398","SVE_1917300",0.0648136439331708,0,0,0,0,0,0,0.0632961819750637,0,0.0768659659989527,0,0.0725069437152996,"SVE_scaffold0000006","Phosphate-regulating neutral endopeptidase (inferred by orthology to a human protein)","Peptidase_M13, Peptidase_M13_C, MetalloPept_cat_dom_sf, Peptidase_M13_dom_2","metalloendopeptidase activity, metallopeptidase activity, proteolysis","A0A0K0G372","",NA,"",NA,"SPAL_0000696900",60.4508,"",NA
"2399","SVE_1917500",0,0,0,0,0,0,0.0638019685497895,0,0,0,0,0.0731283447550806,"SVE_scaffold0000006","",NA,NA,"A0A0K0G374","",NA,"",NA,"SPAL_0000161050",68.6869,"",NA
"2400","SVE_1917600",0,0,0,0,0,0,0,0.129910675466299,0,0,0.0715814909535333,0,"SVE_scaffold0000006","Mobile element protein",NA,NA,"A0A0K0G375","",NA,"",NA,"SPAL_0000161050",63.6364,"",NA
"2401","SVE_1917700",0,0,0,0,0,0,0,0,0,0,0.072423337205233,0,"SVE_scaffold0000006","",NA,NA,"A0A0K0G376","",NA,"",NA,"",NA,"",NA
"2402","SVE_1917800",0,0,0,0,0,0,0,0,0,0,0,0,"SVE_scaffold0000006","RNA polymerase beta subunit",NA,NA,"A0A0K0G377","",NA,"",NA,"",NA,"",NA
"2403","SVE_1917900",0,0,0.0631009524277424,0,0,0,0.196235561734679,0.192566950176135,0,0.154912607094524,0,0,"SVE_scaffold0000006","Dynein heavy chain",NA,NA,"A0A0K0G378","",NA,"",NA,"",NA,"",NA
"2404","SVE_1918000",0,0,0,0,0,0,0,0,0,0,0,0,"SVE_scaffold0000006","Maturase K",NA,NA,"A0A0K0G379","",NA,"",NA,"",NA,"",NA
"2405","SVE_1918100",0,0.0849166043789734,0,0,0,0,0,0.17461251929818,0.0789255396882858,0.103310505241631,0,0,"SVE_scaffold0000006","Plus3 domain-containing protein",NA,NA,"A0A0K0G380","",NA,"SRAE_X000234300 | WBGene00267927",19.0024,"",NA,"",NA
"2406","SVE_1918500",0,0.0635779968420829,0,0,0.0908201305461018,0,0.187777250648945,0.061676318013901,0.0777306641538088,0.0760781169157677,0.2984544878633,0.0741649091680294,"SVE_scaffold0000006","Cowpox A-type inclusion protein",NA,NA,"A0A0K0G384","",NA,"SRAE_X000235100 | WBGene00267935",37.9747,"",NA,"",NA
"2407","SVE_1918900",0,0,0,0,0,0,0.239350638090186,0,0,0,0.0748898105809339,0,"SVE_scaffold0000006","Csm1 domain-containing protein",NA,NA,"A0A0K0G388","",NA,"",NA,"SPAL_0001179800",44.6735,"",NA
"2408","SVE_1919000",0.0647461759443628,0.126884486203365,0,0,0,0,0.128366519792459,0.126130720009256,0,0,0.148580754627321,0.145929809058531,"SVE_scaffold0000006","",NA,NA,"A0A0K0G389","",NA,"",NA,"SPAL_0001179825",54.8872,"",NA
"2409","SVE_1919100",0.0656934205149824,0.0650975255945368,0,0,0,0.184109126689351,0.0567500472243959,0.0627569196421924,0,0.150923638511202,0.141143878651503,0.0516982918452044,"SVE_scaffold0000006","Lipoprotein",NA,NA,"A0A0K0G390","",NA,"",NA,"SPAL_0000046900",64.6341,"",NA
"2410","SVE_1919200",0,0.254863712384556,0,0,0,0,0,0,0,0,0,0,"SVE_scaffold0000006","Ig-like domain-containing protein",NA,NA,"A0A0K0G391","",NA,"",NA,"SPAL_0000494000",37.5758,"",NA
"2411","SVE_1919300",0.130733332899443,0.0648411686616668,0,0,0,0,0,0,0,0.0751657078575312,0,0,"SVE_scaffold0000006","",NA,NA,"A0A0K0G392","",NA,"",NA,"",NA,"",NA
"2412","SVE_1919800",0.0653521941750322,0,0,0,0,0,0.125821489464671,0.0620014683900576,0.15627492623099,0.0765130446831647,0.299944900684076,0.148937652360405,"SVE_scaffold0000006","AAA_12 domain-containing protein","P-loop_NTPase, DNA2/NAM7-like_C",NA,"A0A0K0G397","",NA,"",NA,"",NA,"",NA
"2413","SVE_1919900",0,0,0,0,0,0,0,0,0,0,0,0.142454193220254,"SVE_scaffold0000006","Nucleosomal histone kinase 1 (inferred by orthology to a D. melanogaster protein)","Prot_kinase_dom, Kinase-like_dom_sf","protein kinase activity, protein phosphorylation, ATP binding","A0A0K0G398","",NA,"",NA,"SPAL_0000393800",87.0968,"",NA
"2414","SVE_1920600",0,0,0,0,0,0,0,0,0,0.0767058168176724,0,0,"SVE_scaffold0000006","Transposase",NA,NA,"A0A0K0G3A5","",NA,"",NA,"",NA,"",NA
"2415","SVE_1920800",0.0662301578177202,0.130258597273022,0,0,0,0,0.12706741851446,0.0621434493209527,0.232778084454917,0,0,0.147615359710488,"SVE_scaffold0000006","",NA,NA,"A0A0K0G3A7","",NA,"",NA,"SPAL_0001121100",41.0714,"",NA
"2416","SVE_1920900",0.0647176201634659,0,0,0,0,0,0.126430616975922,0,0,0.0768916303218279,0,0.148364396713415,"SVE_scaffold0000006","Piwi domain-containing protein",NA,NA,"A0A0K0G3A8","",NA,"",NA,"SPAL_0001121300",43.4389,"",NA
"2417","SVE_1921600",0.117745611515082,0.226778152140931,0,0.119133979772833,0.091557186794963,0.0890417264612618,0.0621556475088775,0,0,0,0,0.115528102071289,"SVE_scaffold0000006","DrsE domain-containing protein",NA,NA,"A0A0K0G3B5","",NA,"",NA,"SPAL_0000877200",85.8268,"",NA
"2418","SVE_1921700",0,0.255434462694097,0.0632881668950838,0,0,0,0,0.0641317499141109,0,0.0770214403706969,0,0,"SVE_scaffold0000006","ATP-dependent DNA helicase","DNA_helicase_pif1-like, Helitron_helicase-like, P-loop_NTPase","telomere maintenance, DNA helicase activity, DNA repair, cellular response to DNA damage stimulus, DNA recombination, helicase activity, ATP hydrolysis activity, DNA duplex unwinding, hydrolase activity, ATP binding, nucleotide binding","A0A0K0G3B6","",NA,"",NA,"SPAL_0001088500",18.063,"",NA
"2419","SVE_1922900",0,0.127016411706315,0,0,0,0.0905790280754554,0,0,0,0.0738931685953711,0,0.0701057606641305,"SVE_scaffold0000006","39S ribosomal protein L41, mitochondrial",NA,NA,"A0A0K0G3C8","SSTP_0001241200",68.4211,"SRAE_X000124000 | WBGene00266806",78.9474,"SPAL_0001279800",97.8947,"",NA
"2420","SVE_1923500",0,0.0637157788021662,0,0,0,0,0,0,0,0,0,0,"SVE_scaffold0000006","Ovule protein",NA,NA,"A0A0K0G3D4","",NA,"",NA,"",NA,"",NA
"2421","SVE_1923700",0,0,0.0728562674406,0.0638708661318683,0.092306164175679,0.181069014884002,0.0626595501633887,0,0,0.0750947877174836,0,0.079760507268441,"SVE_scaffold0000006","Histone-lysine N-methyltransferase SETMAR (inferred by orthology to a human protein)","HTH_ArsR_DNA-bd_dom, WH-like_DNA-bd_sf, Mos1_HTH","DNA-binding transcription factor activity, regulation of transcription, DNA-templated","A0A0K0G3D6","SSTP_0001073400",41.4414,"",NA,"SPAL_0000087900",55.8559,"",NA
"2422","SVE_1923800",0,0,0,0,0,0,0,0,0.156456943584311,0.0768113150130484,0,0,"SVE_scaffold0000006","",NA,NA,"A0A0K0G3D7","",NA,"",NA,"",NA,"",NA
"2423","SVE_1924000",0,0,0,0,0,0.0860153940932638,0,0,0,0,0,0.0708293248920282,"SVE_scaffold0000006","DNA-directed RNA polymerase",NA,NA,"A0A0K0G3D9","",NA,"",NA,"SPAL_0000063200",6.92308,"",NA
"2424","SVE_1924100",0,0,0.0622511358448385,0,0,0,0.000112614288470125,0,0,0.0786954054818163,0,0,"SVE_scaffold0000006","ATP-dependent DNA helicase","DNA_helicase_pif1-like, P-loop_NTPase","telomere maintenance, DNA helicase activity, DNA repair, cellular response to DNA damage stimulus, DNA recombination, helicase activity, ATP hydrolysis activity, DNA duplex unwinding, hydrolase activity, ATP binding, nucleotide binding","A0A0K0G3E0","",NA,"",NA,"SPAL_0000535000",71.2209,"",NA
"2425","SVE_1926000",0,0,0,0,0,0,0.127221269834043,0.124343365493987,0.0777662827961411,0,0.149696601102465,0.147761963097192,"SVE_scaffold0000007","40S ribosomal protein S25",NA,NA,"A0A0K0G3F8","",NA,"",NA,"",NA,"",NA
"2426","SVE_1926100",0,0,0,0,0,0,0.192485361324467,0.0633616409623425,0.156368558390978,0,0.147007034271774,0.218243439294292,"SVE_scaffold0000007","Type II toxin-antitoxin system ParD family antitoxin",NA,NA,"A0A0K0G3F9","",NA,"",NA,"",NA,"",NA
"2427","SVE_1926500",0,0,0,0,0,0,0,0,0,0,0,0,"SVE_scaffold0000007","",NA,NA,"A0A0K0G3G3","",NA,"",NA,"",NA,"",NA
"2428","SVE_1926800",0.0648197266182637,0,0,0,0,0,0,0,0.0787713121305838,0,0,0,"SVE_scaffold0000007","C2H2-type domain-containing protein",NA,NA,"A0A0K0G3G5","",NA,"",NA,"SPAL_0001122200",11.6379,"",NA
"2429","SVE_1926900",0,0.12681015669869,0,0,0,0,0,0,0,0.0770820374797234,0,0,"SVE_scaffold0000007","SAM-dependent methyltransferase",NA,NA,"A0A0K0G3G6","SSTP_0000644600",65.942,"SRAE_0000050400 | WBGene00256248",93.1159,"",NA,"",NA
"2430","SVE_1927000",0.0651796839996356,0,0,0,0,0,0,0,0,0,0,0,"SVE_scaffold0000007","C2H2-type domain-containing protein",NA,NA,"A0A0K0G3G7","SSTP_0000441200",9.72222,"SRAE_0000066900 | WBGene00256418",44.9074,"",NA,"",NA
"2431","SVE_1927100",0.0646251073717365,0.0632341838191388,0,0,0.00277690803418187,0,0,0,0,0.076823608056838,0,0,"SVE_scaffold0000007","RE_BsaWI domain-containing protein",NA,NA,"A0A0K0G3G8","SSTP_0000985900",14.2276,"SRAE_0000050500 | WBGene00256249",81.3008,"",NA,"",NA
"2432","SVE_1927300",0,0.0652947635973007,0,0,0,0,0.0639197592455065,0,0,0,0,0,"SVE_scaffold0000007","Transmembrane protein",NA,"membrane","A0A0K0G3G9","",NA,"",NA,"",NA,"",NA
"2433","SVE_1927400",0.0649967115286837,0.0637013453068068,0,0.0594666742959626,0.178929133483896,0.0873445951238261,0.191774437046059,0.0628524255379438,0,0.0774553942641162,0.0757336499999104,0,"SVE_scaffold0000007","",NA,NA,NA,"",NA,"",NA,"",NA,"",NA
"2434","SVE_1927800",0,0.06472624059125,0,0,0,0.183731930250847,0,0,0,0,0.0692395728180669,0.0683864254003973,"SVE_scaffold0000007","",NA,NA,"A0A0K0G3H3","SSTP_0000443300",56.338,"",NA,"SPAL_0000392600",80.2817,"",NA
"2435","SVE_1928000",0.0646393825843305,0.0633841501854617,0,0,0.359725868750683,0.35199875329756,0,0.061663642062399,0,0,0,0,"SVE_scaffold0000007","Reverse transcriptase domain-containing protein","RT_dom",NA,"A0A0K0G3H5","",NA,"",NA,"SPAL_0000141600",73.3696,"",NA
"2436","SVE_1928100",0,0,0,0,0,0,0.131050722686704,0.192514302395018,0,0,0,0,"SVE_scaffold0000007","",NA,NA,"A0A0K0G3H6","",NA,"",NA,"",NA,"",NA
"2437","SVE_1928200",0,0,0,0,0,0,0,0,0,0.076705678448438,0,0,"SVE_scaffold0000007","",NA,NA,"A0A0K0G3H7","",NA,"",NA,"",NA,"",NA
"2438","SVE_1928300",0,0,0,0,0,0,0,0.0620474327669523,0,0,0.0749491664431512,0,"SVE_scaffold0000007","","Peptidase_aspartic_dom_sf",NA,"A0A0K0G3H8","",NA,"",NA,"SPAL_0000134500",0,"",NA
"2439","SVE_1928500",0,0.0634899297943006,0,0,0,0.17848381857409,0.0622084027641409,0,0,0,0.0734007710836214,0,"SVE_scaffold0000007","Reverse transcriptase domain-containing protein",NA,NA,"A0A0K0G3I0","",NA,"",NA,"",NA,"",NA
"2440","SVE_1929500",0.0636756740582703,0.0626523135911129,0,0,0.0912359398258207,0,0,0,0,0,0,0,"SVE_scaffold0000007","Lipoprotein",NA,NA,"A0A0K0G3J0","SSTP_0000635600",41.1765,"",NA,"SPAL_0000114500",62.3529,"",NA
"2441","SVE_1931600",0,0,0,0,0,0,0.0646724984019612,0,0.0784358739136392,0.0766420861565605,0,0.0721072239049573,"SVE_scaffold0000007","",NA,NA,"A0A0K0G3K9","",NA,"",NA,"SPAL_0000540600",57.7778,"",NA
"2442","SVE_1931800",0,0,0.18993750746236,0.0616312469705599,0,0.183248292148513,0,0.247726431761773,0,0,0,0.140063013483613,"SVE_scaffold0000007","Secreted protein",NA,NA,"A0A0K0G3L1","",NA,"",NA,"SPAL_0000540600",58.8889,"",NA
"2443","SVE_1936000",0,0,0,0,0,0,0.0635342111356609,0.0624820553488469,0,0,0.0746184925971361,0.21979949744273,"SVE_scaffold0000007","KH domain-containing protein","KH_dom, KH_dom_type_1, KH_dom_type_1_sf, BBP-like","nucleic acid binding, RNA binding","A0A0K0G3Q3","",NA,"SRAE_1000280200 | WBGene00259418",35.5623,"SPAL_0000891800",97.2644,"",NA
"2444","SVE_1938400",0,0.0633952798998906,0,0,0.0882749919731462,0.0862357058483382,0.192105751811453,0.251739608032412,0.0787014300102547,0,0.223376157476927,0,"SVE_scaffold0000007","",NA,"membrane","A0A0K0G3S7","SSTP_0000029200",31.6354,"SRAE_1000339300 | WBGene00260010",33.244,"SPAL_0001761500",89.8123,"",NA
"2445","SVE_1939700",0.130238636014901,0.127613023966836,0,0,0.266219056813384,0.173368204181163,0.19367729852785,0.0634334092482594,0,0,0,0,"SVE_scaffold0000007","Gustatory receptor",NA,"membrane","A0A0K0G3U0","SSTP_0001207500",88.0299,"SRAE_1000272800 | WBGene00259344",88.5287,"SPAL_0001659900",97.2569,"",NA
"2446","SVE_1942700",0.0644328162984909,0.189301244536628,0,0,0,0,0,0,0,0.0764175502249956,0.146752711703659,0.28836049877379,"SVE_scaffold0000007","Kinetochore protein NDC80 homolog (inferred by orthology to a human protein)",NA,NA,"A0A0K0G3W8","SSTP_0000011900",40.535,"SRAE_2000027300 | WBGene00260466",39.9177,"SPAL_0001656700",93.2099,"",NA
"2447","SVE_1943700",0,0,0,0,0,0,0,0,0,0,0,0,"SVE_scaffold0000007","",NA,NA,"A0A0K0G3X8","",NA,"",NA,"",NA,"",NA
"2448","SVE_1946100",0,0.064168856737253,0.0634906727610054,0,0,0.183088960519526,0.0630117320389068,0.0621323194820322,0,0,0,0,"SVE_scaffold0000007","Transposase",NA,NA,"A0A0K0G402","",NA,"",NA,"",NA,"",NA
"2449","SVE_1946900",0,0.12773372339742,0,0,0.0893015702135339,0,0.0642758016963749,0.12641645497816,0,0.11923123976499,0,0,"SVE_scaffold0000007","",NA,NA,NA,"",NA,"",NA,"",NA,"",NA
"2450","SVE_1948800",0,0.0631137982884578,0,0,0.0910603009669026,0.0884186617138329,0.0618173320341244,0,0.0759535699652925,0,0.0732522472561073,0.0724674611814269,"SVE_scaffold0000007","CUB domain-containing protein","CUB_dom, Sperma_CUB_dom_sf",NA,"A0A0K0G428","",NA,"",NA,"SPAL_0000063500",33.5938,"",NA
"2451","SVE_1949000",0,0.065818565519267,0.062784849059747,0.0614246578939667,0,0,0,0.0638197027726934,0,0,0,0,"SVE_scaffold0000007","",NA,NA,"A0A0K0G430","",NA,"",NA,"",NA,"",NA
"2452","SVE_1950300",0,0.127431036099531,0,0,0,0,0,0,0,0,0,0,"SVE_scaffold0000007","Protein kinase domain-containing protein","Prot_kinase_dom, Kinase-like_dom_sf, Protein_kinase_ATP_BS","protein kinase activity, protein phosphorylation, ATP binding, nucleotide binding","A0A0K0G443","SSTP_0000545700",74.7368,"SRAE_1000352400 | WBGene00260141",78.9474,"SPAL_0000491400",97.3684,"T05A7.6 | WBGene00020223",27.1053
"2453","SVE_1950400",0,0,0,0,0,0,0,0,0.0783357588365231,0,0,0,"SVE_scaffold0000007","Protein kinase domain-containing protein","Prot_kinase_dom, Ser/Thr_kinase_AS, Kinase-like_dom_sf, Protein_kinase_ATP_BS","protein kinase activity, protein phosphorylation, ATP binding, protein serine/threonine kinase activity, nucleotide binding","A0A0K0G444","SSTP_0000545800",81.9355,"SRAE_1000352500 | WBGene00260142",82.9032,"SPAL_0000491300",93.2258,"",NA
"2454","SVE_1950700",0.0660447227135163,0,0,0,0,0,0.0649359404595528,0.0639075069455389,0,0,0,0,"SVE_scaffold0000007","Mab-21 domain-containing protein","Peptidase_aspartic_dom_sf",NA,"A0A0K0G447","",NA,"",NA,"SPAL_0000582700",69.1756,"",NA
"2455","SVE_1950800",0,0,0,0,0.0891928265250014,0.0869342631386836,0,0,0,0.0741522167532659,0,0,"SVE_scaffold0000007","ALOG domain-containing protein",NA,NA,"A0A0K0G448","",NA,"",NA,"SPAL_0000582700",40,"",NA
"2456","SVE_1952900",0,0.16810089804938,0.0145933077881501,0,0,0,0.0647361916179682,0.0629873341801741,0,0.075584983216668,0,0,"SVE_scaffold0000007","",NA,NA,"A0A0K0G469","",NA,"",NA,"SPAL_0000644200",44.0476,"",NA
"2457","SVE_1953100",0.0647272932728532,0,0,0.0593717096358142,0.272641256238174,0.0885790624508171,0.062328960709236,0,0,0,0,0.147399538636448,"SVE_scaffold0000007","",NA,NA,"A0A0K0G471","",NA,"",NA,"SPAL_0000488800",77.931,"",NA
"2458","SVE_1953200",0.19699242715629,0.285497761639989,0.109273790816919,0.0602986539894511,0,0,0,0,0,0,0,0.0747299842836036,"SVE_scaffold0000007","F-box domain-containing protein",NA,NA,"A0A0K0G472","",NA,"",NA,"SPAL_0000644200",34.507,"",NA
"2459","SVE_1954800",0.065052760773176,0.192325064894943,0,0,0.092061666715803,0.270002893561422,0.186801860869546,0.12195798160165,0,0,0,0,"SVE_scaffold0000007","WH2 domain-containing protein",NA,NA,"A0A0K0G488","SSTP_0000040300",53.7736,"SRAE_2000133500 | WBGene00261539",54.717,"SPAL_0000094100",94.3396,"",NA
"2460","SVE_1956400",0,0,0,0.0609584134131316,0,0,0,0,0.0776171410029921,0.0762048773585983,0,0.0738926920595499,"SVE_scaffold0000007","",NA,NA,"A0A0K0G4A4","",NA,"",NA,"SPAL_0000092300",92.5,"",NA
"2461","SVE_1957600",0.0662219125086616,0.0648135322605522,0,0,0,0,0,0.0621303355621431,0,0,0,0,"SVE_scaffold0000007","",NA,NA,"A0A0K0G4B6","",NA,"",NA,"SPAL_0000182800",44.7154,"",NA
"2462","SVE_1958600",0.257851096222543,0,0,0,0,0,0.25434398345132,0.0625302767204339,0.0786263805750098,0,0.0748723203104884,0.073469698776637,"SVE_scaffold0000007","G_PROTEIN_RECEP_F1_2 domain-containing protein",NA,"membrane","A0A0K0G4C6","SSTP_0000628800",54.6032,"SRAE_1000223600 | WBGene00258850",58.0952,"",NA,"",NA
"2463","SVE_1959500",0,0,0,0,0,0,0,0,0,0,0,0,"SVE_scaffold0000007","",NA,NA,"A0A0K0G4D5","",NA,"",NA,"SPAL_0001771200",69.7248,"",NA
"2464","SVE_1959700",0,0,0,0,0,0,0,0,0,0,0,0,"SVE_scaffold0000007","",NA,NA,"A0A0K0G4D7","",NA,"",NA,"SPAL_0001088375",84.6154,"",NA
"2465","SVE_1959800",0.131001048520962,0,0,0,0,0,0,0,0.0779521830094572,0,0,0,"SVE_scaffold0000007","",NA,NA,"A0A0K0G4D8","",NA,"",NA,"",NA,"",NA
"2466","SVE_1960000",0.0663860001496929,0,0,0,0,0,0,0,0.0774942833381473,0.0761347027726839,0,0,"SVE_scaffold0000007","Hemagglutinin",NA,NA,"A0A0K0G4E0","",NA,"",NA,"SPAL_0001688400",82.4742,"",NA
"2467","SVE_1960900",0,0,0,0,0,0,0,0.125592005707337,0,0,0.0740476444347295,0,"SVE_scaffold0000007","Cystatin domain-containing protein",NA,"membrane","A0A0K0G4E9","",NA,"",NA,"SPAL_0000808700",64.4231,"",NA
"2468","SVE_1961000",0,0,0.0620233735325121,0,0.0929074616887151,0,0.0630789357568112,0.123488596187373,0.154330562805449,0,0.148936716027512,0.0736383637625349,"SVE_scaffold0000007","Cystatin domain-containing protein","Cystatin_dom, Cystatin_sf","cysteine-type endopeptidase inhibitor activity","A0A0K0G4F0","",NA,"",NA,"SPAL_0000185900",44.7154,"",NA
"2469","SVE_1961100",0.0654664970097235,0.0641413694108305,0.123085639133161,0.180419080197395,0,0,0,0,0,0.0761110003032479,0.0744879272592797,0.147882084303937,"SVE_scaffold0000007","Cystatin domain-containing protein","Cystatin_dom, Cystatin_sf","cysteine-type endopeptidase inhibitor activity, membrane","A0A0K0G4F1","",NA,"",NA,"SPAL_0000185800",44.6154,"",NA
"2470","SVE_1961300",0.0656714668964147,0.129059871642789,0,0,0,0,0.126516375600149,0.186740823754368,0,0,0,0.298433023136043,"SVE_scaffold0000007","Cystatin domain-containing protein","Cystatin_sf",NA,"A0A0K0G4F3","",NA,"",NA,"SPAL_0000652300",41.1765,"",NA
"2471","SVE_1961600",0.199389196397807,0,0.124797916802478,0,0,0,0,0,0,0,0,0,"SVE_scaffold0000007","Transthyretin-like family-containing protein","Transthyretin-like, CarboxyPept-like_regulatory, Transthyretin-like_sf","cell surface, extracellular region","A0A0K0G4F6","SSTP_0000804600",62.4113,"SRAE_2000046500 | WBGene00260659",42.5532,"SPAL_0000809300",57.4468,"",NA
"2472","SVE_1961800",0,0,0,0,0.0876158228497989,0,0,0,0,0,0,0,"SVE_scaffold0000007","",NA,NA,"A0A0K0G4F8","",NA,"",NA,"",NA,"",NA
"2473","SVE_1962000",0,0,0,0,0,0,0.0631060304355054,0,0,0,0.0751850058080615,0,"SVE_scaffold0000007","",NA,NA,"A0A0K0G4G0","SSTP_0000004900",59.375,"SRAE_0000075800 | WBGene00256517",54.375,"SPAL_0000211000",54.375,"",NA
"2474","SVE_1962100",0,0,0,0,0,0,0,0.0641986922490962,0,0,0,0,"SVE_scaffold0000007","Secreted protein",NA,NA,"A0A0K0G4G1","",NA,"",NA,"",NA,"",NA
"2475","SVE_1962200",0,0,0,0.0603924630421974,0,0,0.127465079323048,0,0,0,0,0.150947341320345,"SVE_scaffold0000007","Late transcription unit B protein",NA,NA,"A0A0K0G4G2","",NA,"SRAE_0000075700 | WBGene00256516",41.25,"",NA,"",NA
"2476","SVE_1962300",0,0,0,0,0,0,0.126280148535951,0.0621926122749452,0.0783873199843852,0.0766084654235467,0.0750161996462514,0.147535097326871,"SVE_scaffold0000007","",NA,NA,NA,"",NA,"",NA,"",NA,"",NA
"2477","SVE_1962600",0,0,0,0,0,0,0.190846823821267,0.187815581431454,0.0786204576642223,0,0,0.149958932342744,"SVE_scaffold0000007","Putative ATP-dependent RNA helicase DHX30 (inferred by orthology to a human protein)","P-loop_NTPase",NA,"A0A0K0G4G5","",NA,"",NA,"",NA,"",NA
"2478","SVE_1962700",0.0647998924110513,0.063404408578987,0,0,0,0,0.126885501084844,0,0,0.0769578788768943,0,0.148251965332024,"SVE_scaffold0000007","HA2 domain-containing protein","Helicase-assoc_dom","helicase activity","A0A0K0G4G6","",NA,"",NA,"",NA,"",NA
"2479","SVE_1963000",0,0,0,0,0,0,0,0.0641987295573468,0,0,0,0,"SVE_scaffold0000007","Arp2/3 complex 34 kDa subunit",NA,NA,"A0A0K0G4G9","",NA,"",NA,"",NA,"",NA
"2480","SVE_1963200",0,0,0,0.0624181227311382,0,0,0.12774393782938,0.189039547174102,0,0.0767403004748638,0.073459641774388,0.100093371752297,"SVE_scaffold0000007","Ovule protein",NA,NA,"A0A0K0G4H1","",NA,"",NA,"",NA,"",NA
"2481","SVE_1963500",0.0653374798230657,0,0,0,0.288446152593851,0.0921608752828751,0.130791867008365,0,0.153397626205362,0.0743143258915248,0.0896334464308468,0.067481597297326,"SVE_scaffold0000007","Lipoprotein",NA,NA,"A0A0K0G4H4","",NA,"",NA,"",NA,"",NA
"2482","SVE_1963600",0,0,0,0,0,0,0,0.0631864230234108,0,0,0.0728662737653208,0.0719319290579831,"SVE_scaffold0000007","RNP4F protein",NA,NA,"A0A0K0G4H5","",NA,"",NA,"",NA,"",NA
"2483","SVE_1963700",0,0,0,0.0625634017959263,0,0,0.0646432329540643,0,0,0.0773080238464236,0,0,"SVE_scaffold0000008","",NA,NA,NA,"",NA,"",NA,"",NA,"",NA
"2484","SVE_1963900",0,0,0,0,0,0,0,0,0.078336112512341,0,0,0,"SVE_scaffold0000008","DUF1524 domain-containing protein",NA,NA,"A0A0K0G4H7","",NA,"",NA,"",NA,"",NA
"2485","SVE_1964000",0,0,0,0.0624460703313282,0,0.11668752063054,0.0636412194120789,0.310589570151989,0.077185121726559,0.0754199380233191,0,0,"SVE_scaffold0000008","Phage protein",NA,NA,"A0A0K0G4H8","",NA,"",NA,"",NA,"",NA
"2486","SVE_1964100",0.393514980835817,0.194005642917784,0,0,0,0.181828909454397,0.0628387346385756,0.123471136415972,0,0,0,0,"SVE_scaffold0000008","RT_RNaseH_2 domain-containing protein","RT_RNaseH_2, DNA/RNA_pol_sf",NA,"A0A0K0G4H9","",NA,"",NA,"",NA,"",NA
"2487","SVE_1964200",0.065261510871981,0.0643581071654581,0,0,0,0.0911391661875822,0,0.250760135617716,0.0770816353186604,0,0,0.137784585509691,"SVE_scaffold0000008","Integrase catalytic domain-containing protein","Integrase_cat-core, RNaseH-like_sf, RNaseH_sf","DNA integration, nucleic acid binding","A0A0K0G4I0","",NA,"SRAE_0000079100 | WBGene00256550",55.1282,"SPAL_0000448925",0,"",NA
"2488","SVE_1964300",0.131654051838015,0.0646614847097672,0,0,0,0,0.443837465360446,0.124631358402369,0,0,0.0752576695775803,0,"SVE_scaffold0000008","Transposase",NA,NA,"A0A0K0G4I1","",NA,"SRAE_0000079000 | WBGene00256549",0.740741,"SPAL_0001312400",28.1481,"",NA
"2489","SVE_1967600",0.0651796931262101,0,0,0,0,0,0,0,0,0,0,0,"SVE_scaffold0000008","",NA,NA,"A0A0K0G4L5","",NA,"",NA,"SPAL_0001236000",78.5714,"",NA
"2490","SVE_1968800",0.195241205303675,0.255072167332747,0.0609848178071332,0.0596907049280984,0,0,0,0,0,0,0.0757047302992413,0.148600573687307,"SVE_scaffold0000008","DUF4200 domain-containing protein",NA,NA,"A0A0K0G4M7","SSTP_0000488800",56.229,"SRAE_X000047500 | WBGene00266034",52.5253,"SPAL_0001499300",89.2256,"",NA
"2491","SVE_1968900",0,0,0,0,0.267363819838373,0.524002412688975,0.126181903425953,0,0,0.0767005392291148,0,0,"SVE_scaffold0000008","Clc-like protein","Clc_prot-like","membrane","A0A0K0G4M8","",NA,"SRAE_X000047600 | WBGene00266035",85.2018,"SPAL_0001499400",96.861,"",NA
"2492","SVE_1970200",0,0,0.06159125463028,0.0603301500992672,0,0,0.0639395685812913,0.0629960356820647,0,0,0.152335591405543,0.0754994324428509,"SVE_scaffold0000008","Major sperm protein","MSP_dom, PapD-like_sf, Ig-like_fold","cytoskeleton","A0A0K0G4P1","SSTP_0000490100",79.8851,"SRAE_X000048800 | WBGene00266047",82.1839,"SPAL_0000054900",94.8276,"F58A3.4 | WBGene00010224",36.2069
"2493","SVE_1973300",0,0.0631691405613953,0.0625733932148537,0.0615213602387206,0.0919215107835613,0.267983273194835,0,0.121795481919136,0,0,0,0,"SVE_scaffold0000008","Secreted protein",NA,NA,"A0A0K0G4S2","",NA,"",NA,"",NA,"",NA
"2494","SVE_1973800",0.131643015122496,0.0644825762996228,0.0613909794832329,0.0600490771875899,0,0,0.256274113213616,0,0,0.0779686924134157,0,0.0754317447307622,"SVE_scaffold0000008","PSP domain-containing protein",NA,NA,"A0A0K0G4S7","SSTP_0001051800",70.3125,"SRAE_X000061000 | WBGene00266169",71.3542,"SPAL_0001366700",81.7708,"F28C6.5 | WBGene00009205",40.625
"2495","SVE_1974000",0.131532426559229,0.128847759807308,0,0.0612452021790142,0,0,0.0652969801883771,0.064141525456533,0,0,0,0,"SVE_scaffold0000008","ShKT domain-containing protein","ShKT_dom, Neur_channel, Neur_chan_lig-bd, Neur_chan_lig-bd_sf, Neuro_actylchol_rec","extracellular ligand-gated ion channel activity, ion transmembrane transport, ion channel activity, transmembrane signaling receptor activity, membrane, ion transport","A0A0K0G4S9","SSTP_0001052000",84.4394,"SRAE_X000060800 | WBGene00266167",83.2952,"SPAL_0001366500",96.5675,"lgc-22 | WBGene00017483",48.5126
"2496","SVE_1974100",0.129902441590902,0.254533382391236,0,0,0,0,0.127675514339966,0.125558294561429,0.158233480111043,0,0.0756584532302558,0,"SVE_scaffold0000008","Recep_L_domain domain-containing protein",NA,"membrane","A0A0K0G4T0","SSTP_0001052100",68.3019,"SRAE_X000060700 | WBGene00266166",56.2264,"SPAL_0001366400",89.8113,"",NA
"2497","SVE_1977900",0,0.0654033763100392,0,0,0,0,0.131132864945107,0.127746037169964,0.077944660693022,0.0754208737273611,0,0,"SVE_scaffold0000008","TLDc domain-containing protein",NA,NA,"A0A0K0G4W7","SSTP_0001087400",69.0141,"SRAE_X000036700 | WBGene00265926",64.7887,"SPAL_0001074500",97.1831,"",NA
"2498","SVE_1979200",0,0.192969388763634,0.0636364612723458,0.0620053285729171,0.0936831326281329,0,0.126265037535595,0.0620227439136794,0,0,0,0,"SVE_scaffold0000008","CAP domain-containing protein",NA,NA,"A0A0K0G4Y0","SSTP_0001088800",58.6207,"SRAE_X000035400 | WBGene00265913",63.2184,"",NA,"",NA
"2499","SVE_1980700",0.0651095158010512,0.077129484767792,0,0,0.0905960012869764,0,0,0.0620693696062614,0.0783593322222092,0,0,0,"SVE_scaffold0000008","",NA,NA,"A0A0K0G4Z5","",NA,"",NA,"SPAL_0001088375",77.5956,"",NA
"2500","SVE_1981700",0,0.0640340089178215,0.0614855729868631,0,0,0,0.257984874303242,0.380492883727263,0.0796221592683126,0,0,0.0742436673930888,"SVE_scaffold0000008","DUF1758 domain-containing protein",NA,NA,"A0A0K0G504","",NA,"",NA,"SPAL_0001300300",62.5,"",NA
"2501","SVE_1981800",0,0,0,0,0,0,0,0.0639299155645018,0.0786657096947008,0,0,0,"SVE_scaffold0000008","",NA,NA,"A0A0K0G505","",NA,"",NA,"SPAL_0001300200",65.0602,"",NA
"2502","SVE_1983400",0,0,0,0,0,0,0.12887384229925,0.0636551325732111,0.0786153637640397,0,0.221969703662393,0,"SVE_scaffold0000008","HTH psq-type domain-containing protein",NA,NA,"A0A0K0G521","",NA,"",NA,"SPAL_0001151100",58.7629,"",NA
"2503","SVE_1983500",0,0,0,0,0,0,0.0639014839796758,0.249533686633997,0.0777921912993913,0.153232593140269,0.223087147114386,0.0738327833369474,"SVE_scaffold0000008","DDE_3 domain-containing protein","RNaseH_sf","nucleic acid binding","A0A0K0G522","",NA,"",NA,"",NA,"",NA
"2504","SVE_1987300",0,0.125975054782923,0,0,0,0.435219986785461,0.0629158461009973,0,0,0,0,0.0737456363610354,"SVE_scaffold0000009","Fam-e protein",NA,NA,"A0A0K0G559","",NA,"",NA,"",NA,"",NA
"2505","SVE_1987600",0,0,0,0,0,0,0,0,0,0,0,0,"SVE_scaffold0000009","Integrase",NA,NA,"A0A0K0G562","",NA,"",NA,"",NA,"",NA
"2506","SVE_1987700",0.0651797407549889,0,0,0,0,0,0,0,0,0,0,0,"SVE_scaffold0000009","",NA,NA,"A0A0K0G563","SSTP_0000945500",26.6667,"SRAE_1000306600 | WBGene00259683",26.6667,"SPAL_0000631300",40,"",NA
"2507","SVE_1987800",0.0644835645700877,0,0,0,0,0,0,0.187280636542096,0.0786074731705886,0,0.075049615881651,0,"SVE_scaffold0000009","G_PROTEIN_RECEP_F1_2 domain-containing protein","7TM_GPCR_serpentine_rcpt_Sre","sensory perception of chemical stimulus, membrane","A0A0K0G564","",NA,"SRAE_1000107950 | WBGene00257681",45.8904,"SPAL_0000635875",75,"",NA
"2508","SVE_1987900",0,0,0,0,0,0,0,0.258891523336794,0,0.0771581418568269,0.0715207222845285,0.426756881889316,"SVE_scaffold0000009","Non-structural protein 3b",NA,NA,"A0A0K0G565","",NA,"",NA,"",NA,"",NA
"2509","SVE_1988000",0.0669250547266637,0,0,0.18899567260805,0,0,0.192243409275829,0.253119022441084,0.0779992820157064,0.0763421891110961,0.0729404553970982,0,"SVE_scaffold0000009","",NA,NA,"A0A0K0G566","",NA,"",NA,"",NA,"",NA
"2510","SVE_1988500",0,0,0.0628007282213246,0.0306876516778656,0.0450064385766937,0,0,0,0,0,0,0,"SVE_scaffold0000010","DUF659 domain-containing protein",NA,NA,"A0A0K0G571","",NA,"",NA,"SPAL_0001100200",25,"",NA
"2511","SVE_1988700",0.0649370844388382,0.0639539268801829,0,0,0,0,0,0,0,0,0,0,"SVE_scaffold0000011","",NA,NA,"A0A0K0G573","",NA,"",NA,"",NA,"",NA
"2512","SVE_1988800",0,0,0,0,0,0.0897454094026453,0,0,0.0746888796193225,0,0,0,"SVE_scaffold0000011","Ankyrin repeat domain-containing protein",NA,NA,"A0A0K0G574","",NA,"",NA,"",NA,"",NA
"2513","SVE_1989100",0,0,0,0,0,0,0.0654971705182935,0,0,0,0,0,"SVE_scaffold0000012","Ovule protein",NA,NA,"A0A0K0G577","",NA,"",NA,"",NA,"",NA
"2514","SVE_1989600",0,0.0648398808021074,0,0,0,0,0.126290396116286,0,0.0768716247104187,0,0.0734823690880685,0.119835043544828,"SVE_scaffold0000013","LAGLIDADG_2 domain-containing protein",NA,NA,"A0A0K0G581","",NA,"",NA,"SPAL_0000393700",13.7615,"",NA
"2515","SVE_1990100",0,0,0,0,0,0,0,0,0,0,0,0,"SVE_scaffold0000013","Secreted protein",NA,NA,"A0A0K0G586","",NA,"",NA,"",NA,"",NA
"2516","SVE_1990200",0.0651796567193159,0,0,0,0,0,0,0,0,0,0,0,"SVE_scaffold0000013","Transposase",NA,NA,"A0A0K0G587","",NA,"",NA,"",NA,"",NA
"2517","SVE_1990300",0,0,0,0,0,0,0.0654974513696492,0,0,0,0,0,"SVE_scaffold0000013","",NA,NA,"A0A0K0G588","",NA,"",NA,"",NA,"",NA
"2518","SVE_1990500",0,0,0,0,0,0,0,0.0638883723586305,0.157433562765422,0,0,0,"SVE_scaffold0000014","",NA,NA,NA,"",NA,"",NA,"",NA,"",NA
"2519","SVE_1990600",0.195274620247382,0.255207410160429,0,0,0,0,0,0,0,0,0,0,"SVE_scaffold0000015","Reverse transcriptase",NA,NA,"A0A0K0G590","",NA,"",NA,"SPAL_0000339700",20.5674,"",NA
"2520","SVE_1990700",0,0.065799081481009,0,0,0,0,0.192656941744973,0.063415875926088,0,0,0,0,"SVE_scaffold0000015","S1 motif domain-containing protein",NA,NA,"A0A0K0G591","",NA,"",NA,"",NA,"",NA
"2521","SVE_1991100",0.131890633199672,0.129660867343607,0.064163757676958,0.188104054165535,0,0,0,0.125137462604681,0.0768699255359197,0,0,0,"SVE_scaffold0000016","Ovule protein",NA,NA,"A0A0K0G595","",NA,"",NA,"",NA,"",NA
"2522","SVE_1991200",0.0658263867703013,0.260917292843382,0,0,0,0,0.129373150604197,0.251535902862033,0,0,0,0,"SVE_scaffold0000016","DDE_Tnp_1_7 domain-containing protein",NA,NA,"A0A0K0G596","",NA,"",NA,"",NA,"",NA
"2523","SVE_1991700",0,0,0,0,0,0,0,0,0,0,0,0,"SVE_scaffold0000017","SCP domain-containing protein","CAP_domain, CAP_sf",NA,"A0A0K0G5A1","",NA,"",NA,"SPAL_0001506100",27.0161,"",NA
"2524","SVE_1991900",0,0.0624930413936213,0.185711384102444,0.243451589039972,0.090937675062686,0.176743112277476,0,0,0,0,0,0,"SVE_scaffold0000017","",NA,NA,"A0A0K0G5A3","",NA,"",NA,"",NA,"",NA
"2525","SVE_1992200",0,0,0,0,0,0,0,0,0,0,0,0,"SVE_scaffold0000019","7TM_GPCR_Srx domain-containing protein",NA,"membrane","A0A0K0G5A6","SSTP_0000382000 | SSTP_0000382000",26.6667,"SRAE_2000482800 | WBGene00265074",26.6667,"SPAL_0001168600",51.1111,"",NA
"2526","SVE_1992300",0,0.0643052616173224,0.184851163237978,0.301465711827171,0.0899145610521675,0,0.129433474822164,0.0636423779404888,0,0,0.0762039248248569,0,"SVE_scaffold0000019","G_PROTEIN_RECEP_F1_2 domain-containing protein",NA,"membrane","A0A0K0G5A7","",NA,"SRAE_2000467200 | WBGene00264908",9.52381,"SPAL_0000501300",68.254,"",NA
"2527","SVE_1992600",0,0.127066208649328,0,0,0.0880147029113478,0.171915823861201,0.0646317391559232,0.0634522195891228,0,0.0768720180164244,0.073622473087515,0,"SVE_scaffold0000020","Serpentine receptor class gamma","7TM_GPCR_serpentine_rcpt_Srg, GPCR_Rhodpsn_7TM","sensory perception of chemical stimulus, transmembrane signaling receptor activity, membrane","A0A0K0G5B0","",NA,"",NA,"SPAL_0000255020",43.2188,"",NA
"2528","SVE_1992900",0,0,0,0,0.0876160220652857,0,0,0,0,0,0,0,"SVE_scaffold0000020","ATP-dependent DNA helicase","P-loop_NTPase",NA,"A0A0K0G5B3","",NA,"",NA,"",NA,"",NA
"2529","SVE_1993000",0,0,0,0,0,0,0,0,0,0,0,0.0712272789753946,"SVE_scaffold0000020","Secreted protein",NA,NA,"A0A0K0G5B4","",NA,"",NA,"",NA,"",NA
"2530","SVE_1993200",0,0,0,0,0,0,0.0648998274951295,0.0641916604598371,0.0790674354094201,0,0,0,"SVE_scaffold0000021","",NA,"membrane","A0A0K0G5B6","",NA,"",NA,"",NA,"",NA
"2531","SVE_1993300",0.0558230490789937,0,0,0,0,0.179142733924642,0,0,0,0.0740075978640735,0,0,"SVE_scaffold0000022","Phosphoribosylpyrophosphate synthetase",NA,NA,"A0A0K0G5B7","",NA,"",NA,"SPAL_0000528600",75.2381,"",NA
"2532","SVE_1993400",0,0.0311334626561272,0,0,0.0896628103400498,0,0,0,0,0,0,0,"SVE_scaffold0000023","Probable cation-transporting ATPase (inferred by orthology to a C. elegans protein)","ATPase_P-typ_transduc_dom_A_sf",NA,"A0A0K0G5B8","",NA,"",NA,"",NA,"",NA
"2533","SVE_1993600",0.0664150304298137,0,0,0,0,0,0,0,0,0,0.0710803996356793,0,"SVE_scaffold0000024","Ovule protein",NA,NA,"A0A0K0G5C0","",NA,"",NA,"",NA,"",NA
"2534","SVE_1994000",0.131190491776153,0.0643368574709764,0,0.0599836152185945,0,0,0.0633747615055741,0,0,0.122762700713377,0,0.106392760852017,"SVE_scaffold0000025","Sensor histidine kinase",NA,"membrane","A0A0K0G5C3","",NA,"",NA,"",NA,"",NA
"2535","SVE_1994200",0.0658062194671471,0,0,0,0,0,0.129749393025002,0,0,0,0,0,"SVE_scaffold0000026","",NA,NA,"A0A0K0G5C5","",NA,"",NA,"",NA,"",NA
"2536","SVE_1994400",0.130398403660855,0.0636963965314519,0,0,0,0,0,0,0,0,0,0,"SVE_scaffold0000026","DOMINA protein (inferred by orthology to a D. melanogaster protein)",NA,NA,"A0A0K0G5C7","",NA,"",NA,"SPAL_0001309550",38.0952,"",NA
"2537","SVE_1994500",0,0,0,0,0,0,0.0645274573474906,0.127706203122567,0.157225051780737,0,0.0736567845898791,0,"SVE_scaffold0000026","Ovule protein",NA,NA,"A0A0K0G5C8","",NA,"",NA,"",NA,"",NA
"2538","SVE_1994600",0,0,0,0,0,0,0.0654969840270308,0,0,0,0,0,"SVE_scaffold0000027","",NA,NA,"A0A0K0G5C9","",NA,"",NA,"",NA,"",NA
"2539","SVE_1994700",0,0,0,0,0.0899601942700134,0.176000123792909,0,0,0,0.0726543410602118,0,0,"SVE_scaffold0000027","VWFA domain-containing protein",NA,NA,"A0A0K0G5D0","",NA,"",NA,"",NA,"",NA
"2540","SVE_1995100",0.0645498251349711,0.126354012299214,0,0,0.364512514604107,0.115461598130005,0.185612258555235,0,0,0,0,0,"SVE_scaffold0000028","Probable cation-transporting ATPase (inferred by orthology to a C. elegans protein)","ATPase_P-typ_transduc_dom_A_sf","membrane","A0A0K0G5D4","",NA,"",NA,"",NA,"catp-8 | WBGene00007514",58.5366
"2541","SVE_1995400",0,0,0,0,0,0,0,0.0641988900292387,0,0,0,0,"SVE_scaffold0000028","",NA,NA,"A0A0K0G5D7","",NA,"",NA,"SPAL_0000459400",26.3736,"",NA
"2542","SVE_1995500",0,0,0,0,0,0,0,0,0,0,0,0,"SVE_scaffold0000028","ATP-dependent DNA helicase","P-loop_NTPase",NA,"A0A0K0G5D8","",NA,"",NA,"",NA,"",NA
"2543","SVE_1995700",0,0,0.0677419561819485,0,0,0,0,0.074332020696833,0,0,0,0,"SVE_scaffold0000028","",NA,NA,"A0A0K0G5E0","",NA,"SRAE_2000453100 | WBGene00264763",20,"SPAL_0001715200",28,"",NA
"2544","SVE_1995800",0,0.0645355646756014,0,0,0,0,0,0.0616504816096697,0,0,0,0.0732530457105806,"SVE_scaffold0000028","Astacin domain-containing protein","MetalloPept_cat_dom_sf","metallopeptidase activity","A0A0K0G5E1","",NA,"",NA,"SPAL_0001455900",48.2456,"",NA
"2545","SVE_1996200",0.127311410698678,0.188025222096945,0,0,0,0.178127451928448,0,0,0,0,0,0,"SVE_scaffold0000001","",NA,NA,"A0A0K0G5E5","",NA,"",NA,"",NA,"",NA
"2546","SVE_1996400",0.064192646832586,0,0,0,0.273292184465305,0.178179486642361,0.122972890657516,0,0,0,0,0,"SVE_scaffold0000001","Exported protein",NA,"membrane","A0A0K0G5E7","",NA,"",NA,"",NA,"",NA
"2547","SVE_1997200",0,0,0,0,0,0,0,0,0,0,0,0,"SVE_scaffold0000001","",NA,NA,"A0A0K0G5F5","",NA,"",NA,"",NA,"",NA
"2548","SVE_1997300",0.193383223617824,0.0632590890667493,0,0,0.273433737527555,0.266763411030534,0,0.0605419777079707,0,0,0,0,"SVE_scaffold0000001","PINc domain-containing protein",NA,NA,"A0A0K0G5F6","",NA,"",NA,"",NA,"",NA
"2549","SVE_1997700",0.193573963072649,0.0634877490275794,0,0,0.184904239079799,0.180359127007485,0,0.183664516500785,0,0.0734789243639321,0,0,"SVE_scaffold0000001","Type II restriction endonuclease",NA,NA,"A0A0K0G5G0","",NA,"",NA,"",NA,"",NA
"2550","SVE_1998000",0.265634831865188,0.392049085798738,0,0,0,0,0,0.189027146545727,0,0,0.07142453209422,0.0704523700479215,"SVE_scaffold0000001","",NA,NA,"A0A0K0G5G3","",NA,"",NA,"",NA,"",NA
"2551","SVE_1998100",0.130253902729571,0.256032564526474,0,0,0,0.0982713053376495,0.124981288302137,0,0.152585765362708,0,0,0.0725846375037583,"SVE_scaffold0000001","",NA,NA,"A0A0K0G5G4","",NA,"",NA,"",NA,"",NA
"2552","SVE_1998200",0,0,0.0639269361366492,0.0626270377840493,0.372140468128615,0.179914409695969,0,0,0,0.0729475337420244,0.0676644245811909,0,"SVE_scaffold0000029","DUF1989 domain-containing protein",NA,NA,"A0A0K0G5G5","",NA,"",NA,"",NA,"",NA
"2553","SVE_1998300",0.0632980712343485,0.0624339959746518,0,0,0.0897846907213221,0.0877504694457711,0,0,0,0,0,0,"SVE_scaffold0000030","F-type ATPase subunit delta",NA,NA,"A0A0K0G5G6","",NA,"",NA,"",NA,"",NA
"2554","SVE_1998400",0.0664439173466251,0,0,0,0,0,0.195880913153243,0,0.0782060725848886,0.0763242664080713,0,0.141129316168422,"SVE_scaffold0000030","Ovule protein",NA,NA,"A0A0K0G5G7","",NA,"",NA,"",NA,"",NA
"2555","SVE_1998900",0,0,0.0642308162025028,0,0.0911365496011314,0.174633728986139,0,0.0599554579153575,0,0,0,0,"SVE_scaffold0000032","",NA,NA,"A0A0K0G5H1","",NA,"",NA,"",NA,"",NA
"2556","SVE_1999100",0,0.064450474443997,0,0,0,0,0,0,0,0,0.0715991654538613,0,"SVE_scaffold0000033","Ovule protein",NA,NA,"A0A0K0G5H3","",NA,"",NA,"",NA,"",NA
"2557","SVE_1999200",0.0670323658102959,0,0,0,0,0,0.0645899979691679,0,0.0780129410466435,0.0760448509727829,0.0723461317861764,0,"SVE_scaffold0000033","Ovule protein",NA,NA,"A0A0K0G5H4","",NA,"",NA,"",NA,"",NA
"2558","SVE_1999400",0,0.0637457522691167,0,0.0742147739656306,0.0947937260079278,0,0,0.062843041206711,0,0,0.123530694982843,0,"SVE_scaffold0000033","Serpentine receptor class gamma","7TM_GPCR_serpentine_rcpt_Srg","sensory perception of chemical stimulus, transmembrane signaling receptor activity, membrane","A0A0K0G5H6","",NA,"",NA,"",NA,"",NA
"2559","SVE_1999800",0,0,0,0,0,0,0,0,0,0,0,0,"SVE_scaffold0000035","",NA,NA,NA,"",NA,"",NA,"",NA,"",NA
"2560","SVE_2000010633",0,0.1264516468121,0,0,0.0887580408934362,0.173366560737387,0.0634577135771201,0.0624519472044852,0.0970660130323182,0.189573636689631,0,0.14761674154895,"SVE_scaffold0000067","Serpentine receptor class gamma","7TM_GPCR_serpentine_rcpt_Srg, GPCR_Rhodpsn_7TM","sensory perception of chemical stimulus, transmembrane signaling receptor activity, membrane","A0A0K0G5I1","",NA,"",NA,"",NA,"",NA
"2561","SVE_2000029750",0.0672953901729855,0,0,0,0,0,0.0644971344313386,0.0631566527274148,0,0,0,0,"SVE_scaffold0000008","Reverse transcriptase domain-containing protein",NA,NA,"A0A0K0G5I4","",NA,"",NA,"SPAL_0001654800",39.6825,"",NA
"2562","SVE_2000100",0,0,0,0,0,0,0.0655950618636433,0,0.0782193355835623,0,0,0,"SVE_scaffold0000036","Glycosyltransferase",NA,NA,"A0A0K0G5I5","",NA,"",NA,"",NA,"",NA
"2563","SVE_2000200",0,0,0,0,0,0,0,0.126258371214148,0,0.0780094020715411,0,0,"SVE_scaffold0000036","CRAL-TRIO domain-containing protein",NA,NA,"A0A0K0G5I6","",NA,"",NA,"",NA,"",NA
"2564","SVE_2000300",0.064707935395569,0.0635064225537041,0,0,0.183145514671604,0.0894099510932475,0,0.121384267180256,0,0.0746069651872517,0.0730282006527154,0,"SVE_scaffold0000036","Nucleosomal histone kinase 1 (inferred by orthology to a D. melanogaster protein)",NA,NA,"A0A0K0G5I7","",NA,"",NA,"",NA,"",NA
"2565","SVE_2000500",0,0,0,0,0,0,0,0,0,0,0,0,"SVE_contig0000002","",NA,NA,NA,"",NA,"",NA,"",NA,"",NA
"2566","SVE_2000600",0,0,0,0,0,0,0,0,0,0,0,0,"SVE_contig0000002","C2H2-type domain-containing protein",NA,NA,"A0A0K0G5I9","",NA,"",NA,"",NA,"",NA
"2567","SVE_2000900",0.130935269947759,0.128614312897869,0,0,0,0,0,0,0,0,0,0.0702643598975661,"SVE_scaffold0000038","Ovule protein",NA,NA,"A0A0K0G5J2","",NA,"",NA,"",NA,"",NA
"2568","SVE_2001100",0,0,0,0,0,0,0,0,0,0,0,0,"SVE_scaffold0000039","",NA,NA,"A0A0K0G5J4","",NA,"",NA,"SPAL_0001190550",73.6842,"",NA
"2569","SVE_2001400",0,0,0,0,0.090221053303858,0.177188165763408,0,0,0,0.0719741904546126,0,0,"SVE_scaffold0000039","",NA,NA,"A0A0K0G5J7","",NA,"",NA,"SPAL_0001297700",60,"",NA
"2570","SVE_2001500",0,0,0,0,0,0,0,0,0,0,0,0,"SVE_scaffold0000040","Ovule protein",NA,NA,"A0A0K0G5J8","",NA,"",NA,"",NA,"",NA
"2571","SVE_2001600",0,0,0,0,0,0,0,0,0,0,0,0,"SVE_scaffold0000040","ATP-dependent DNA helicase","DNA_helicase_pif1-like, P-loop_NTPase","telomere maintenance, DNA helicase activity, DNA repair, cellular response to DNA damage stimulus, DNA recombination, helicase activity, ATP hydrolysis activity, DNA duplex unwinding, hydrolase activity, ATP binding, nucleotide binding","A0A0K0G5J9","",NA,"",NA,"SPAL_0000535000",82.1782,"",NA
"2572","SVE_2001700",0,0.0655266813491597,0,0.0631655637935361,0,0,0.064313845817047,0.252733508066172,0.0776793995968729,0,0,0,"SVE_scaffold0000040","Transposase",NA,NA,"A0A0K0G5K0","",NA,"",NA,"",NA,"",NA
"2573","SVE_2002100",0,0.0638278717396509,0,0,0,0,0,0.123867973846001,0,0,0.0749633316444518,0,"SVE_scaffold0000041","",NA,NA,NA,"",NA,"",NA,"",NA,"",NA
"2574","SVE_2002400",0.0657440189111374,0,0.0350106257971027,0,0.0913847052791592,0,0.127722466830353,0,0,0.155389075717983,0,0,"SVE_scaffold0000041","ORFan",NA,NA,"A0A0K0G5K6","",NA,"",NA,"SPAL_0001354100",82.2581,"",NA
"2575","SVE_2002600",0.061880899951926,0.123787993871764,0.0645038120081396,0,0.0915239009887096,0.175375962673247,0,0,0,0,0,0,"SVE_scaffold0000042","",NA,NA,"A0A0K0G5K8","",NA,"",NA,"",NA,"",NA
"2576","SVE_2002800",0,0,0,0,0,0,0,0,0.156942904330478,0,0.0722982685080154,0,"SVE_contig0000003","",NA,NA,"A0A0K0G5L0","",NA,"",NA,"",NA,"",NA
"2577","SVE_2003200",0,0,0,0,0,0,0.132835825417448,0.129473422204553,0,0,0.212498481826435,0,"SVE_scaffold0000043","",NA,NA,"A0A0K0G5L4","",NA,"",NA,"",NA,"",NA
"2578","SVE_2003400",0,0,0,0,0,0,0,0.1283972114118,0,0,0,0,"SVE_scaffold0000043","","P-loop_NTPase",NA,"A0A0K0G5L6","",NA,"",NA,"",NA,"",NA
"2579","SVE_2003500",0,0,0,0,0,0,0.0654972413500348,0,0,0,0,0,"SVE_scaffold0000043","Transposase",NA,NA,"A0A0K0G5L7","",NA,"",NA,"",NA,"",NA
"2580","SVE_2003700",0,0,0,0,0,0,0.130994176473277,0,0,0,0,0,"SVE_contig0000004","",NA,NA,"A0A0K0G5L8","SSTP_0000576700",51.4286,"SRAE_1000327300 | WBGene00259890",50.7143,"SPAL_0000035100",75,"",NA
"2581","SVE_2004000",0,0,0,0,0,0,0.131051871558257,0.128341070368091,0,0,0,0,"SVE_scaffold0000046","",NA,NA,NA,"",NA,"",NA,"",NA,"",NA
"2582","SVE_2004100",0,0,0,0,0,0,0,0,0,0,0,0,"SVE_scaffold0000046","",NA,"membrane","A0A0K0G5M1","",NA,"",NA,"",NA,"",NA
"2583","SVE_2004400",0.126787367657666,0.0628000956098974,0,0,0.276784579547905,0.178418528918046,0,0.122156100419793,0,0,0,0,"SVE_scaffold0000047","Ovule protein",NA,NA,"A0A0K0G5M3","",NA,"",NA,"SPAL_0001133700",25,"",NA
"2584","SVE_2004500",0,0,0,0,0,0,0,0.0641990565023977,0,0,0,0,"SVE_scaffold0000047","Reverse transcriptase",NA,NA,"A0A0K0G5M4","",NA,"",NA,"",NA,"",NA
"2585","SVE_2004600",0,0.0851116718703285,0,0,0,1.38507015546215e-06,0,0,0,0,0,0,"SVE_scaffold0000047","PIR Superfamily Protein",NA,NA,"A0A0K0G5M5","",NA,"",NA,"SPAL_0001088375",59.2357,"",NA
"2586","SVE_2004700",0,0,0,0,0.0876157690028257,0,0,0,0,0,0,0,"SVE_scaffold0000047","Histone-lysine N-methyltransferase SETMAR (inferred by orthology to a human protein)","Transposase_1, RNaseH_sf","nucleic acid binding","A0A0K0G5M6","",NA,"SRAE_X000158000 | WBGene00267153",43.4109,"SPAL_0000331400",2.32558,"",NA
"2587","SVE_2004800",0.0647254179065716,0.0641634348946788,0,0,0,0,0,0,0,0,0,0,"SVE_scaffold0000048","SAP domain-containing protein",NA,NA,"A0A0K0G5M7","",NA,"",NA,"",NA,"",NA
"2588","SVE_2004900",0,0,0,0,0,0,0,0,0,0,0,0,"SVE_scaffold0000048","G_PROTEIN_RECEP_F1_2 domain-containing protein",NA,"membrane","A0A0K0G5M8","",NA,"",NA,"",NA,"",NA
"2589","SVE_2005100",0.0638262833377595,0,0.0681362314745157,0.0664743904772425,0,0,0,0,0,0.0687241571521212,0,0,"SVE_scaffold0000048","AGC-kinase C-terminal domain-containing protein",NA,NA,"A0A0K0G5N0","",NA,"",NA,"",NA,"",NA
"2590","SVE_2006000",0,0,0,0,0,0,0.126248952066215,0,0.077996476098477,0.076421194310226,0,0.0745450374723761,"SVE_scaffold0000055","",NA,NA,"A0A0K0G5N9","",NA,"",NA,"",NA,"",NA
"2591","SVE_2006100",0,0,0,0,0,0,0,0,0,0,0,0,"SVE_scaffold0000056","Ovule protein",NA,NA,"A0A0K0G5P0","",NA,"",NA,"",NA,"",NA
"2592","SVE_2006200",0,0,0,0,0,0,0,0,0,0,0,0,"SVE_scaffold0000056","",NA,NA,"A0A0K0G5P1","",NA,"",NA,"",NA,"",NA
"2593","SVE_2006400",0,0,0,0,0,0,0.0669501097553578,0,0,0,0.0713998596511906,0.0706866203652172,"SVE_contig0000005","",NA,NA,"A0A0K0G5P3","",NA,"",NA,"",NA,"",NA
"2594","SVE_2006600",0,0,0,0,0,0,0,0,0,0,0.0724233003350791,0,"SVE_scaffold0000060","",NA,NA,NA,"",NA,"",NA,"",NA,"",NA
"2595","SVE_2006700",0.128081015958769,0.0628856194893152,0.123801407924454,0.120563252367193,0.0915387950171655,0.269171595580521,0,0,0,0,0,0,"SVE_scaffold0000060","",NA,NA,"A0A0K0G5P5","",NA,"",NA,"",NA,"",NA
"2596","SVE_2006800",0.128135792524358,0,0,0,0.54213235064879,0.100714263342005,0,0,0.0752669044639933,0,0,0,"SVE_scaffold0000060","RNA-directed DNA polymerase",NA,NA,"A0A0K0G5P6","SSTP_0000700300",48.8189,"",NA,"SPAL_0001287275",70.8661,"",NA
"2597","SVE_2006900",0,0,0,0,0,0,0.130194213309326,0.0635121639821022,0,0.156031972655642,0,0,"SVE_scaffold0000060","MULE domain-containing protein",NA,NA,"A0A0K0G5P7","",NA,"",NA,"",NA,"",NA
"2598","SVE_2007000",0,0,0,0,0.277257978954567,0.138475359235324,0.0629965688371433,0,0,0.0725841407147508,0,0,"SVE_scaffold0000060","DUF2642 domain-containing protein",NA,NA,"A0A0K0G5P8","",NA,"",NA,"",NA,"",NA
"2599","SVE_2007100",0,0,0,0,0,0,0,0,0,0,0,0,"SVE_contig0000008","FLYWCH-type domain-containing protein",NA,NA,"A0A0K0G5P9","",NA,"",NA,"",NA,"",NA
"2600","SVE_2007400",0.197145806981346,0.0675726331973714,0,0,0,0,0.0753004775139441,0.0759550605401934,0,0,0,0,"SVE_contig0000009","Transposase",NA,NA,"A0A0K0G5Q2","",NA,"",NA,"",NA,"",NA
"2601","SVE_2007500",0.0659964969655933,0,0,0,0,0,0,0,0,0.151516649517182,0,0,"SVE_scaffold0000062","",NA,NA,"A0A0K0G5Q3","",NA,"",NA,"",NA,"",NA
"2602","SVE_2007800",0,0,0,0,0,0,0,0.129224635916605,0,0.228647458679496,0,0,"SVE_scaffold0000062","",NA,NA,"A0A0K0G5Q6","",NA,"",NA,"",NA,"",NA
"2603","SVE_2008100",0,0.128321424910648,0,0,0,0,0.0646077830016162,0.127064608355137,0,0.0780410618399538,0,0,"SVE_contig0000001","Serpentine receptor class gamma","7TM_GPCR_serpentine_rcpt_Srab","membrane","A0A0K0G5Q9","SSTP_0001208800",56.3636,"SRAE_1000170900 | WBGene00258317",53.3333,"",NA,"",NA
"2604","SVE_2008400",0,0,0,0.0621523635290432,0.0921026253275596,0,0.0624222874367384,0,0,0,0,0,"SVE_contig0000001","",NA,NA,"A0A0K0G5R2","",NA,"",NA,"",NA,"",NA
"2605","SVE_2008600",0,0,0,0,0,0,0.130684042172682,0.0643514554686411,0,0,0,0,"SVE_contig0000001","",NA,NA,NA,"",NA,"",NA,"",NA,"",NA
"2606","SVE_2008700",0,0.0637158079049432,0,0,0,0,0,0,0,0,0,0,"SVE_contig0000001","",NA,"membrane","A0A0K0G5R4","",NA,"",NA,"",NA,"",NA
"2607","SVE_2008800",0,0.0662519610608862,0,0,0,0,0.264037259926928,0.0645292570105968,0.157747101446809,0.0760143502590343,0.070434711777076,0.139488849552608,"SVE_contig0000001","OMP_b-brl_3 domain-containing protein",NA,NA,"A0A0K0G5R5","",NA,"",NA,"",NA,"",NA
"2608","SVE_2009300",0.0651803163790792,0,0,0,0.205426757005102,0,0.125059425079263,0,0.0765718831342465,0,0.147639917913505,0,"SVE_scaffold0000065","",NA,"membrane","A0A0K0G5S0","",NA,"",NA,"",NA,"",NA
"2609","SVE_2009400",0,0,0,0,0.185258833685208,0.443936051585394,0.0630018560961915,0.121809925917476,0,0,0,0,"SVE_scaffold0000065","",NA,NA,"A0A0K0G5S1","",NA,"",NA,"",NA,"",NA
"2610","SVE_2009600",0,0,0,0,0,0,0.0638550344695854,0.0628008128121878,0,0,0.0759718565982142,0,"SVE_contig0000011","Serpentine receptor class gamma",NA,"membrane","A0A0K0G5S3","",NA,"",NA,"SPAL_0000673200",92.3077,"",NA
"2611","SVE_2009700",0,0,0,0,0.28332463739441,0,0.192072691518717,0,0,0,0.068246705560535,0,"SVE_contig0000011","Lipoprotein",NA,NA,"A0A0K0G5S4","",NA,"",NA,"SPAL_0001459000",73.913,"",NA
"2612","SVE_2009900",0,0.0594280280258974,0,0,0,0,0,0.103198742225609,0,0,0,0.0606700848263122,"SVE_contig0000012","",NA,NA,"A0A0K0G5S6","",NA,"",NA,"",NA,"",NA
"2613","SVE_2010000",0.065047452217464,0,0,0,0,0,0.0641823147125575,0.126244498061658,0,0,0,0.0741038382157407,"SVE_contig0000012","",NA,"membrane","A0A0K0G5S7","",NA,"SRAE_0000000700 | WBGene00255744",45.0311,"SPAL_0001749150",57.764,"",NA
"2614","SVE_2010300",0,0,0,0.119148704192394,0,0.177437821603764,0,0,0.078923327334357,0,0,0,"SVE_scaffold0000067","Serpentine receptor class gamma",NA,"membrane","A0A0K0G5T0","",NA,"",NA,"SPAL_0001732200",50.7772,"",NA
"2615","SVE_2010400",0.0645647257376396,0.0643233552603195,0,0,0,0,0,0,0,0,0,0,"SVE_scaffold0000067","",NA,NA,"A0A0K0G5T1","",NA,"",NA,"",NA,"",NA
"2616","SVE_2010500",0,0,0,0,0.176257897630601,0.0939420509554194,0.125497872229578,0,0,0,0,0.0733103870890712,"SVE_scaffold0000067","Serpentine receptor class gamma","7TM_GPCR_serpentine_rcpt_Srg, GPCR_Rhodpsn_7TM","sensory perception of chemical stimulus, transmembrane signaling receptor activity, membrane","A0A0K0G5T2","",NA,"",NA,"",NA,"",NA
"2617","SVE_2010700",0.0658255049919905,0.193259030171857,0,0,0,0,0.0641512623157143,0,0,0,0,0,"SVE_scaffold0000067","",NA,NA,"A0A0K0G5T4","",NA,"",NA,"SPAL_0001145400",9.5,"",NA
"2618","SVE_2010900",0,0,0,0,0,0,0,0,0,0,0,0,"SVE_scaffold0000068","",NA,NA,NA,"",NA,"",NA,"",NA,"",NA
"2619","SVE_2011000",0,0,0,0,0,0,0.125245171935959,0,0.155069430664275,0.0759057405321496,0.223470902798747,0.148038337548141,"SVE_scaffold0000068","",NA,NA,"A0A0K0G5T6","",NA,"",NA,"",NA,"",NA
"2620","SVE_2011100",0,0,0,0,0,0,0,0.23860866162019,0,0,0.114313424905013,0.0733760001337303,"SVE_scaffold0000068","",NA,NA,"A0A0K0G5T7","",NA,"",NA,"SPAL_0001142800",51.3333,"",NA
"2621","SVE_2011200",0,0.065469882456632,0,0,0,0,0.318329432251416,0.186842333564196,0,0.0761390880390447,0.0734402823683525,0.219278808182871,"SVE_scaffold0000069","Integrase catalytic domain-containing protein","RNaseH-like_sf, RNaseH_sf","nucleic acid binding","A0A0K0G5T8","",NA,"",NA,"",NA,"",NA
"2622","SVE_2011500",0,0,0,0,0,0,0,0,0,0.076705926656626,0,0,"SVE_contig0000013","",NA,NA,"A0A0K0G5U0","",NA,"",NA,"",NA,"",NA
"2623","SVE_2011600",0,0,0,0,0,0,0,0,0.0783358263951603,0,0,0,"SVE_contig0000013","HMA domain-containing protein",NA,NA,"A0A0K0G5U1","",NA,"",NA,"",NA,"",NA
"2624","SVE_2011700",0,0,0,0,0,0,0,0,0,0,0,0,"SVE_contig0000013","Secreted protein",NA,NA,"A0A0K0G5U2","",NA,"",NA,"",NA,"",NA
"2625","SVE_2011800",0,0,0,0,0.540039580229656,0.26371608742516,0.0620713947258054,0,0,0,0,0,"SVE_scaffold0000070","",NA,NA,NA,"",NA,"",NA,"",NA,"",NA
"2626","SVE_2012100",0.131742997990068,0,0,0,0,0,0,0,0.0775142156832972,0,0,0,"SVE_scaffold0000071","Ovule protein",NA,NA,"A0A0K0G5U5","",NA,"",NA,"",NA,"",NA
"2627","SVE_2012200",0,0.064642969143081,0,0,0,0,0,0,0.077214919594172,0,0,0,"SVE_scaffold0000072","Integrase",NA,NA,"A0A0K0G5U6","",NA,"",NA,"",NA,"",NA
"2628","SVE_2012300",0.0646468260625041,0.0642416379912656,0,0,0,0,0,0,0,0,0,0,"SVE_scaffold0000073","ABC transporter permease",NA,"membrane","A0A0K0G5U7","",NA,"",NA,"",NA,"",NA
"2629","SVE_2012400",0.0640142849355883,0.064479913078292,0.0688729528243807,0.199294448051356,0.0967320541467212,0.273517644339898,0,0,0.0730681912567466,0,0.0659011947802778,0.0633290311257898,"SVE_scaffold0000074","PH domain-containing protein",NA,NA,"A0A0K0G5U8","",NA,"",NA,"",NA,"",NA
"2630","SVE_2012600",0.128571680886315,0,0,0,0.186984540721883,0.361684307536256,0.0637188851876093,0.0620246795366758,0,0,0,0.0683027272570539,"SVE_scaffold0000075","Fimbrial protein",NA,"membrane","A0A0K0G5V0","",NA,"",NA,"",NA,"",NA
"2631","SVE_2012800",0.193406002039737,0.126770901536728,0,0,0.0922553609104907,0.271211564789574,0,0.0610976963956971,0.226054023763065,0,0,0,"SVE_scaffold0000077","",NA,NA,"A0A0K0G5V2","",NA,"",NA,"SPAL_0001190550",74.7368,"",NA
"2632","SVE_2012900",0,0,0,0,0,0,0,0.127228098665024,0.0601582951742027,0.0412380585687122,0,0,"SVE_scaffold0000078","Secreted protein",NA,"membrane","A0A0K0G5V3","",NA,"",NA,"SPAL_0001101000",21.6495,"",NA
"2633","SVE_2013800",0.0646824139752047,0,0,0,0,0.0910450995099743,0,0,0,0,0.0686208846621526,0,"SVE_scaffold0000081","Ovule protein",NA,NA,"A0A0K0G5W2","",NA,"",NA,"",NA,"",NA
"2634","SVE_2013900",0.0660240363480244,0.194577518301708,0,0,0,0,0.0635307457915899,0,0,0,0,0,"SVE_scaffold0000081","",NA,"membrane","A0A0K0G5W3","",NA,"",NA,"SPAL_0001193525",24.0602,"",NA
"2635","SVE_2014100",0.127071045778119,0,0,0,0.278717425043763,0.358218926830647,0.0635071080759619,0,0.0747966847557375,0,0,0,"SVE_scaffold0000082","DUF1758 domain-containing protein",NA,NA,"A0A0K0G5W5","",NA,"",NA,"",NA,"",NA
"2636","SVE_2014200",0,0,0,0,0,0,0,0,0,0,0,0,"SVE_scaffold0000082","",NA,NA,"A0A0K0G5W6","",NA,"",NA,"",NA,"",NA
"2637","SVE_2014400",0,0,0,0,0,0,0.130994706144399,0,0,0,0,0,"SVE_contig0000019","Transposase",NA,NA,"A0A0K0G5W8","",NA,"",NA,"SPAL_0000483700",34.8315,"",NA
"2638","SVE_2014700",0.216597353925466,0,0,0.0643725359216259,0,0.0977016732079542,0.0667020146045903,0.124828602136318,0.0825893359323275,0,0,0,"SVE_contig0000020","",NA,NA,"A0A0K0G5X1","",NA,"",NA,"",NA,"",NA
"2639","SVE_2014900",0,0,0,0,0,0,0.0654833557430492,0.0642124468580202,0,0,0,0,"SVE_scaffold0000085","",NA,NA,"A0A0K0G5X3","",NA,"",NA,"SPAL_0001771200",53.3981,"",NA
"2640","SVE_2015100",0,0,0,0,0,0,0.0654970313767834,0,0,0,0,0,"SVE_scaffold0000085","DNA-directed RNA polymerase",NA,NA,"A0A0K0G5X5","",NA,"",NA,"",NA,"",NA
"2641","SVE_2015400",0,0,0,0,0.185976326310042,0.272595846767774,0.0629824021997435,0.0615635940676433,0.0766929789742707,0.0755684950840315,0,0,"SVE_scaffold0000087","Retrotransposon-derived protein PEG10 (inferred by orthology to a human protein)","RT_dom, Rev_trsase/Diguanyl_cyclase, DNA/RNA_pol_sf",NA,"A0A0K0G5X8","",NA,"",NA,"",NA,"",NA
"2642","SVE_2015500",0,0,0,0,0,0,0,0,0,0.0771843227823615,0.0719616505980751,0.0712407774726807,"SVE_scaffold0000087","Winged helix-turn-helix transcriptional regulator","WH-like_DNA-bd_sf",NA,"A0A0K0G5X9","",NA,"",NA,"SPAL_0000047400",39.5062,"",NA
"2643","SVE_2015800",0,0,0,0,0,0.176050517442594,0,0.124298824311935,0.0784338287981655,0.0769210624696311,0,0,"SVE_scaffold0000090","MULE domain-containing protein",NA,NA,"A0A0K0G5Y2","",NA,"",NA,"SPAL_0000041100",83.5,"",NA
"2644","SVE_2016000",0,0,0.190912413542294,0.123900983335752,0,0.0920220089475478,0.063604188920308,0.0624877572481054,0.0774992465905706,0,0,0,"SVE_contig0000021","Probable ATP-dependent RNA helicase DDX46 (inferred by orthology to a zebrafish protein)",NA,NA,"A0A0K0G5Y4","",NA,"",NA,"SPAL_0000619900",35,"",NA
"2645","SVE_2016400",0,0,0,0,0,0,0,0,0.0769690846393859,0,0,0.072495713498991,"SVE_contig0000022","",NA,NA,"A0A0K0G5Y8","",NA,"",NA,"SPAL_0000102500",12.6214,"",NA
"2646","SVE_2016500",0,0,0,0,0.0923283265791463,0.089273980742506,0,0.0611218170487369,0.0749209635213051,0,0,0,"SVE_contig0000022","",NA,NA,"A0A0K0G5Y9","",NA,"",NA,"",NA,"",NA
"2647","SVE_2016600",0,0,0,0,0,0,0,0,0.0783354604456477,0,0,0,"SVE_contig0000022","",NA,NA,"A0A0K0G5Z0","",NA,"",NA,"",NA,"",NA
"2648","SVE_2016700",0,0,0,0,0,0,0,0,0,0,0,0,"SVE_contig0000022","Ovule protein",NA,"membrane","A0A0K0G5Z1","",NA,"",NA,"",NA,"",NA
"2649","SVE_2017000",0.0659609181701461,0.065748157789312,0,0,0,0,0,0,0,0.1728256852212,0,0.0691900638871562,"SVE_scaffold0000095","RNA polymerase sigma factor",NA,NA,"A0A0K0G5Z4","",NA,"",NA,"",NA,"",NA
"2650","SVE_2017100",0,0,0,0,0,0,0,0,0.0783355696320761,0,0,0,"SVE_scaffold0000095","",NA,NA,"A0A0K0G5Z5","",NA,"",NA,"SPAL_0001354100",75,"",NA
"2651","SVE_2017400",0,0,0,0,0,0,0,0,0,0,0.0722450137298839,0.0714028476751792,"SVE_contig0000023","",NA,NA,"A0A0K0G5Z8","",NA,"",NA,"",NA,"",NA
"2652","SVE_2017500",0,0,0,0,0,0,0,0,0,0,0,0,"SVE_contig0000023","",NA,NA,"A0A0K0G5Z9","",NA,"",NA,"",NA,"",NA
"2653","SVE_2017600",0.000764280779233102,0,0,0,0,0,0,0,0,0,0,0.0357360405839937,"SVE_contig0000023","ATP-dependent DNA helicase","P-loop_NTPase",NA,"A0A0K0G600","",NA,"",NA,"",NA,"",NA
"2654","SVE_2017700",0,0,0,0,0,0.0890268840130752,0.124092809654736,0,0,0,0,0.216845981124036,"SVE_scaffold0000096","Rab-GAP TBC domain-containing protein",NA,NA,"A0A0K0G601","",NA,"",NA,"",NA,"",NA
"2655","SVE_2017900",0,0,0,0,0,0,0,0,0,0,0,0,"SVE_scaffold0000100","",NA,NA,"A0A0K0G603","",NA,"",NA,"",NA,"",NA
"2656","SVE_2018000",0,0,0,0,0,0,0,0.0641990957460324,0,0,0,0,"SVE_scaffold0000100","",NA,NA,"A0A0K0G604","",NA,"",NA,"SPAL_0001297700",65.7143,"",NA
"2657","SVE_2018300",0,0.0655821654776928,0,0,0,0,0.0636417460646268,0,0,0,0,0,"SVE_contig0000024","",NA,NA,"A0A0K0G606","",NA,"",NA,"SPAL_0000459400",36.2745,"",NA
"2658","SVE_2018400",0,0,0,0,0,0,0,0,0,0,0.0724235697220732,0,"SVE_contig0000024","DUF3800 domain-containing protein",NA,NA,"A0A0K0G607","",NA,"",NA,"",NA,"",NA
"2659","SVE_2018600",0.0100889309705788,0,0,0,0,0,0,0.0638083109513571,0,0,0,0,"SVE_scaffold0000104","Ovule protein",NA,NA,"A0A0K0G609","",NA,"",NA,"",NA,"",NA
"2660","SVE_2018700",0,0,0,0,0,0.0623062594104678,0,0,0,0,0,0,"SVE_scaffold0000105","",NA,NA,NA,"SSTP_0000064600",23.3333,"",NA,"",NA,"",NA
"2661","SVE_2018800",0.133292650456561,0.130767924372818,0,0,0,0,0.0640321518145344,0.0625855541979523,0.156397124183116,0.230650485775196,0,0,"SVE_scaffold0000105","FERM domain-containing protein",NA,NA,"A0A0K0G611","",NA,"",NA,"",NA,"",NA
"2662","SVE_2019000",0,0,0.065751477938997,0.0321295390904664,0.0471211073024383,0,0.0642381965327789,0,0,0,0.0682244407381214,0.0674053712343961,"SVE_scaffold0000106","",NA,NA,"A0A0K0G613","",NA,"",NA,"SPAL_0001100200",27.7778,"",NA
"2663","SVE_2019200",0,0,0,0,0,0,0,0.128398079015597,0,0,0,0,"SVE_contig0000028","",NA,NA,NA,"",NA,"",NA,"",NA,"",NA
"2664","SVE_2019400",0.0634979379559192,0,0,0,0.371503506543015,0.268409554719948,0.0634587116480129,0.061456174707296,0,0,0,0,"SVE_scaffold0000108","",NA,NA,"A0A0K0G616","",NA,"",NA,"",NA,"",NA
"2665","SVE_2019500",0,0.126516359365731,0,0,0,0,0,0.0621727790812254,0,0,0,0.0741045881648644,"SVE_contig0000029","Serpentine receptor class gamma","7TM_GPCR_serpentine_rcpt_Srg","sensory perception of chemical stimulus, transmembrane signaling receptor activity, membrane","A0A0K0G617","",NA,"",NA,"SPAL_0000181600",60.0917,"",NA
"2666","SVE_2019600",0,0,0,0,0,0,0.0630969215887963,0,0,0,0,0.0739541069454154,"SVE_contig0000029","Serpentine receptor class gamma",NA,"membrane","A0A0K0G618","",NA,"",NA,"SPAL_0000972500",61.8834,"",NA
"2667","SVE_2019700",0,0,0,0,0,0,0.195835461249731,0.322069800898518,0,0,0,0,"SVE_contig0000029","ATS domain-containing protein",NA,NA,"A0A0K0G619","",NA,"",NA,"",NA,"",NA
"2668","SVE_2020000",0,0,0,0,0,0,0.0663590351918643,0.129368555490627,0.209728563983061,0.228913478569358,0,0.139261549772231,"SVE_scaffold0000109","DUF3596 domain-containing protein","Cyclin-like_sf",NA,"A0A0K0G622","",NA,"",NA,"",NA,"",NA
"2669","SVE_2020100",0,0.0660150444807333,0,0,0,0,0,0.128316083456502,0.104784022231382,0,0,0.0690743068766886,"SVE_scaffold0000109","MATH domain-containing protein",NA,NA,"A0A0K0G623","",NA,"",NA,"",NA,"",NA
"2670","SVE_2020300",0,0.063715776847453,0,0,0,0,0,0,0,0,0,0,"SVE_scaffold0000110","WD_REPEATS_REGION domain-containing protein",NA,NA,"A0A0K0G625","",NA,"",NA,"",NA,"",NA
"2671","SVE_2020400",0,0,0,0,0.227350630229212,0.180666757793887,0.0638342078153028,0.0619266477106507,0,0,0,0.0673870840661545,"SVE_scaffold0000111","DUF3953 domain-containing protein",NA,"membrane","A0A0K0G626","",NA,"",NA,"SPAL_0000210800",35.0649,"",NA
"2672","SVE_2020700",0,0,0,0,0,0,0.0670667255643553,0,0,0,0,0.0695665917390753,"SVE_scaffold0000118","Transcriptional regulator",NA,NA,"A0A0K0G628","",NA,"",NA,"",NA,"",NA
"2673","SVE_2020800",0,0,0,0,0,0,0,0,0,0.153411848499348,0,0,"SVE_contig0000035","",NA,NA,"A0A0K0G629","SSTP_0000328400",38.4,"",NA,"",NA,"",NA
"2674","SVE_2020900",0.0739075987663219,0.0641596362460602,0.0615603463602072,0,0.277544197493168,0.102568883767178,0.251564984759605,0.0617722219101132,0,0,0,0,"SVE_contig0000036","Leucine-rich repeat-containing protein","LRR_dom_sf, LRMDA",NA,"A0A0K0G630","",NA,"",NA,"",NA,"",NA
"2675","SVE_2021200",0,0.0650809461178597,0,0,0,0,0,0.120375396777971,0,0,0,0,"SVE_scaffold0000125","",NA,NA,"A0A0K0G632","",NA,"",NA,"",NA,"",NA
"2676","SVE_2021300",0,0,0,0,0,0,0.0655971331578969,0.0641012168190987,0,0,0,0,"SVE_contig0000039","Reverse transcriptase",NA,NA,"A0A0K0G633","",NA,"",NA,"",NA,"",NA
"2677","SVE_2021500",0,0,0,0,0.0875173813879122,0.0856302873825876,0,0,0,0,0,0,"SVE_contig0000042","Serpentine receptor class gamma",NA,"membrane","A0A0K0G635","SSTP_0000498700",37.2,"SRAE_X000094550 | WBGene00266508",32.8,"SPAL_0001309500",80.4,"",NA
"2678","SVE_2021700",0,0,0,0,0,0,0,0.194548243715853,0,0,0.0716606057224209,0.142530743972676,"SVE_scaffold0000002","Retrovirus-related Pol polyprotein from transposon TNT 1-94",NA,NA,"A0A0K0G636","",NA,"SRAE_0000060600 | WBGene00256352",56.4103,"",NA,"",NA
"2679","SVE_2023000",0,0,0,0,0,0,0.0655139953228858,0.0641823158770429,0,0,0,0,"SVE_contig0000060","",NA,NA,"A0A0K0G648","",NA,"",NA,"",NA,"",NA
"2680","SVE_2023100",0,0.0637157449014835,0,0,0,0,0,0,0,0,0,0,"SVE_contig0000088","C2H2-type domain-containing protein",NA,NA,"A0A0K0G649","",NA,"",NA,"",NA,"",NA
"2681","SVE_2023200",0,0,0.127145742970898,0.12456006662027,0,0,0,0,0,0,0,0,"SVE_contig0000092","Histone-lysine N-methyltransferase SETMAR",NA,NA,"A0A0K0G650","",NA,"",NA,"SPAL_0000959700",51.3158,"",NA
"2682","SVE_2023300",0,0,0,0,0,0,0,0,0,0,0,0,"SVE_contig0000115","",NA,NA,NA,"",NA,"",NA,"",NA,"",NA
"2683","SVE_2023400",0,0,0,0,0,0,0,0,0,0,0,0,"SVE_contig0000207","DNA-binding response regulator",NA,NA,"A0A0K0G652","",NA,"",NA,"",NA,"",NA
"2684","SVE_2023500",0,0,0,0,0,0,0.135714038489019,0,0,0.0740536738678493,0,0,"SVE_contig0000265","",NA,NA,"A0A0K0G653","",NA,"",NA,"",NA,"",NA
"2685","SVE_2023700",0,0,0,0,0.0996359830783004,0,0,0,0,0,0.0638580413479659,0,"SVE_contig0000280","",NA,NA,"A0A0K0G655","",NA,"",NA,"",NA,"",NA
"2686","SVE_2023800",0,0,0,0,0,0,0,0,0,0,0,0,"SVE_contig0000315","Transcriptional regulator",NA,NA,"A0A0K0G656","",NA,"",NA,"",NA,"",NA
"2687","SVE_2023900",0,0,0,0,0.185760926705688,0,0.0626913075974141,0,0,0.0749587272820297,0,0.0719046201339947,"SVE_contig0000331","Ovule protein",NA,NA,"A0A0K0G657","",NA,"",NA,"",NA,"",NA
"2688","SVE_2024000",0,0,0,0,0,0.171068695662976,0,0,0,0,0,0,"SVE_contig0000370","Reverse transcriptase domain-containing protein","RT_dom, Rev_trsase/Diguanyl_cyclase, DNA/RNA_pol_sf",NA,"A0A0K0G658","",NA,"SRAE_X000256700 | WBGene00268154",46.0674,"SPAL_0001610100",0,"",NA
"2689","SVE_2024100",0.266756318760339,0.130852488909009,0,0,0,0,0.128571124505495,0.0633538631367837,0.0777623294816719,0.0759695488693865,0,0,"SVE_contig0000444","LORF2 protein",NA,NA,"A0A0K0G659","",NA,"",NA,"SPAL_0000618850",82.0225,"",NA
"2690","SVE_2024200",0.0656611367037327,0.12891927689646,0,0,0,0,0.0631091115232376,0,0,0.075815211789453,0,0.0734254335724004,"SVE_scaffold0000003","HTH_11 domain-containing protein",NA,NA,"A0A0K0G660","",NA,"",NA,"",NA,"",NA
"2691","SVE_2024300",0,0,0,0,0,0,0.0646686335374658,0,0,0.0776910321064232,0,0,"SVE_scaffold0000003","AAA_13 domain-containing protein",NA,NA,"A0A0K0G661","",NA,"",NA,"",NA,"",NA
"2692","SVE_2024400",0,0,0,0,0,0.123865670505833,0,0,0,0,0,0,"SVE_scaffold0000003","CUB domain-containing protein",NA,NA,"A0A0K0G662","",NA,"",NA,"",NA,"",NA
"2693","SVE_2024800",0.0666297080353235,0,0,0,0,0,0,0.062806829290122,0,0,0,0,"SVE_scaffold0000003","MSP domain-containing protein",NA,NA,"A0A0K0G666","",NA,"",NA,"",NA,"",NA
"2694","SVE_2024900",0,0,0,0,0,0,0.0632397738760156,0,0,0,0,0.0737849616320231,"SVE_scaffold0000003","",NA,NA,"A0A0K0G667","",NA,"",NA,"SPAL_0001582350",37.7049,"",NA
"2695","SVE_2025000",0,0,0,0,0,0,0,0,0,0,0,0,"SVE_scaffold0000003","",NA,NA,"A0A0K0G668","",NA,"",NA,"",NA,"",NA
"2696","SVE_2025100",0,0,0,0,0,0,0,0,0.156671443523457,0,0,0,"SVE_scaffold0000003","",NA,NA,"A0A0K0G669","",NA,"",NA,"SPAL_0000826600",58.2418,"",NA
"2697","SVE_2025200",0,0,0,0,0.0876159167906446,0,0,0,0,0,0,0,"SVE_scaffold0000003","Probable ATP-dependent RNA helicase DDX46 (inferred by orthology to a zebrafish protein)","P-loop_NTPase",NA,"A0A0K0G670","",NA,"",NA,"SPAL_0000619900",63.8889,"",NA
"2698","SVE_2025300",0.132833730185929,0.0652393902345383,0,0,0,0,0.127493820710121,0,0,0.151404596366397,0.0722414759784454,0.0712831388215276,"SVE_scaffold0000003","",NA,NA,"A0A0K0G671","",NA,"",NA,"SPAL_0001771200",57.1429,"",NA
"2699","SVE_2025400",0.0653535954760469,0,0,0,0,0,0,0.061925112927852,0,0,0.0749052720040939,0,"SVE_scaffold0000003","Transposase",NA,NA,"A0A0K0G672","",NA,"",NA,"SPAL_0000818900",52.0548,"",NA
"2700","SVE_2025900",0.129639141644573,0.128463055411159,0,0,0.186935347967342,0,0,0.0619222013416737,0,0.148916230821908,0,0,"SVE_scaffold0000004","",NA,NA,"A0A0K0G677","",NA,"",NA,"",NA,"",NA
"2701","SVE_2026400",0.0647306745435601,0.128316514348299,0,0,0,0,0,0,0,0,0,0,"SVE_scaffold0000005","",NA,NA,NA,"",NA,"",NA,"",NA,"",NA
"2702","SVE_2026600",0,0,0,0,0,0,0,0.0641988083493736,0,0,0,0,"SVE_scaffold0000005","50S ribosomal protein L5",NA,NA,"A0A0K0G683","",NA,"",NA,"SPAL_0001145400",26.2136,"",NA
"2703","SVE_2027000",0,0,0,0,0,0,0.13182306560267,0.192360628621422,0.0788899912408408,0,0.0717500269210307,0.213093821183559,"SVE_scaffold0000005","",NA,NA,"A0A0K0G687","",NA,"",NA,"SPAL_0000488800",0,"",NA
"2704","SVE_2027100",0,0.063618579077254,0,0.128036923807269,0,0,0.0637771855889388,0,0,0,0,0,"SVE_scaffold0000005","",NA,NA,"A0A0K0G688","",NA,"",NA,"",NA,"",NA
"2705","SVE_2027800",0,0,0,0,0,0,0,0,0,0,0.0724230930705977,0,"SVE_scaffold0000006","",NA,NA,"A0A0K0G695","",NA,"",NA,"",NA,"",NA
"2706","SVE_2027900",0,0,0,0,0,0,0,0,0,0,0.0724231256754069,0,"SVE_scaffold0000006","DUF4359 domain-containing protein","P-loop_NTPase",NA,"A0A0K0G696","",NA,"",NA,"",NA,"",NA
"2707","SVE_2028100",0,0,0,0,0.185745693078776,0.0904706596128698,0.125064010126695,0.0614343099071804,0.152385100869113,0,0,0.071695554554562,"SVE_scaffold0000006","ATP-dependent DNA helicase",NA,NA,"A0A0K0G698","",NA,"",NA,"",NA,"",NA
"2708","SVE_2028200",0,0,0,0,0,0,0,0,0,0,0,0,"SVE_scaffold0000007","DUF4371 domain-containing protein",NA,NA,"A0A0K0G699","",NA,"",NA,"",NA,"",NA
"2709","SVE_2028400",0,0,0,0,0,0.08975141107431,0,0,0,0.073129735852368,0,0,"SVE_scaffold0000007","PPM-type phosphatase domain-containing protein",NA,NA,"A0A0K0G6A1","",NA,"",NA,"",NA,"",NA
"2710","SVE_2028900",0,0.128380431503862,0,0,0,0.18191894217251,0,0,0,0.0744111049215857,0,0.137208256670659,"SVE_scaffold0000007","Resolvase/invertase-type recombinase catalytic domain-containing protein",NA,NA,"A0A0K0G6A6","",NA,"",NA,"",NA,"",NA
"2711","SVE_2029000",0.0658371856777963,0.194195032836845,0,0,0.0933947267647913,0,0.125931009572541,0.123328941958429,0,0.0752277972189466,0,0.0720714493853426,"SVE_scaffold0000007","Aa_trans domain-containing protein",NA,"membrane","A0A0K0G6A7","",NA,"",NA,"",NA,"",NA
"2712","SVE_2029200",0.0661074232610784,0.0660493433361199,0,0,0,0,0.198200321087086,0.0639817525445058,0,0.0754944074725644,0,0.0685291715435268,"SVE_scaffold0000007","",NA,NA,"A0A0K0G6A9","",NA,"",NA,"",NA,"",NA
"2713","SVE_2029300",0,0.0657369018210191,0,0,0,0,0.0648141110580241,0.0633902559404006,0,0,0.0718567859495572,0,"SVE_scaffold0000008","SynN domain-containing protein",NA,NA,"A0A0K0G6B0","",NA,"",NA,"SPAL_0000956700",51.7647,"",NA
"2714","SVE_2029500",0,0.064120862901034,0,0,0,0.0895364240093134,0.125974828465506,0.247949158196065,0.0778441826920382,0.0763699833200529,0.0749680527270399,0,"SVE_scaffold0000008","Reverse transcriptase domain-containing protein",NA,NA,"A0A0K0G6B2","",NA,"",NA,"SPAL_0001654800",20.8633,"",NA
"2715","SVE_2029600",0.0651795873253759,0,0,0,0,0,0,0,0,0,0,0,"SVE_scaffold0000008","Transposase",NA,NA,"A0A0K0G6B3","",NA,"",NA,"",NA,"",NA
"2716","SVE_2029700",0.065587845147093,0.0651550038508665,0.0666003453478652,0,0,0,0,0.127041946152801,0,0.0750893883931116,0.208507817481605,0,"SVE_scaffold0000008","ANK_REP_REGION domain-containing protein",NA,NA,"A0A0K0G6B4","",NA,"",NA,"",NA,"",NA
"2717","SVE_2029800",0.262655854264074,0.064464710082509,0,0,0,0.091679285197119,0.0632715306120152,0.124318765960441,0,0,0,0.13967170425261,"SVE_scaffold0000008","",NA,NA,"A0A0K0G6B5","",NA,"",NA,"SPAL_0000129400",68.9655,"",NA
